ISO-10303-21;
HEADER;

/* File generated by Shapr3D Version 3.0 */

FILE_DESCRIPTION(('HOOPS Exchange Step'),'2;1');

FILE_NAME('C:\\Users\\Aaron\\AppData\\Local\\Packages\\Shapr3D.Shapr3D_j403pzjkqtqbj\\TempState\\export\\temp_export',
'2024-07-07T12:50:24-07:00',
('Aaron'),
('Shapr3D Limited'),
'HOOPS Exchange 2024.2',
'Shapr3D',
'Authorized');

FILE_SCHEMA( ('AUTOMOTIVE_DESIGN { 1 0 10303 214 1 1 1 1 }') );

ENDSEC;

DATA;
#3=(NAMED_UNIT(*)PLANE_ANGLE_UNIT()SI_UNIT($,.RADIAN.));
#4=PLANE_ANGLE_MEASURE_WITH_UNIT(PLANE_ANGLE_MEASURE(0.0174532925),#3);
#5=(CONVERSION_BASED_UNIT('DEGREE',#4)NAMED_UNIT(#6)PLANE_ANGLE_UNIT());
#6=DIMENSIONAL_EXPONENTS(0.,0.,0.,0.,0.,0.,0.);
#7=(NAMED_UNIT(*)SI_UNIT($,.STERADIAN.)SOLID_ANGLE_UNIT());
#8=(LENGTH_UNIT()NAMED_UNIT(*)SI_UNIT(.MILLI.,.METRE.));
#9=UNCERTAINTY_MEASURE_WITH_UNIT(LENGTH_MEASURE(1.000000E-05),#8,'DISTANCE_ACCURACY_VALUE','Maximum Tolerance applied to model');
#10=(GEOMETRIC_REPRESENTATION_CONTEXT(3)GLOBAL_UNCERTAINTY_ASSIGNED_CONTEXT((#9))GLOBAL_UNIT_ASSIGNED_CONTEXT((#8,#5,#7))REPRESENTATION_CONTEXT('','root'));
#12=CARTESIAN_POINT('',(0.,0.,0.));
#13=DIRECTION('',(0.,0.,1.));
#14=DIRECTION('',(1.,0.,0.));
#15=AXIS2_PLACEMENT_3D('',#12,#13,#14);
#27=CARTESIAN_POINT('',(0.,0.,0.));
#28=DIRECTION('',(0.,0.,1.));
#29=DIRECTION('',(1.,0.,0.));
#30=AXIS2_PLACEMENT_3D('',#27,#28,#29);
#31=PLANE('',#30);
#32=CARTESIAN_POINT('',(1.272405014,2.861611875,0.));
#33=VERTEX_POINT('',#32);
#34=CARTESIAN_POINT('',(1.294567232,3.115092734,0.));
#35=VERTEX_POINT('',#34);
#36=CARTESIAN_POINT('',(1.272405014,2.861611875,0.));
#37=DIRECTION('',(0.087099252,0.996199639,0.));
#38=VECTOR('',#37,0.254447853);
#39=LINE('',#36,#38);
#40=EDGE_CURVE('',#33,#35,#39,.T.);
#41=ORIENTED_EDGE('',*,*,#40,.T.);
#42=CARTESIAN_POINT('',(1.458013704,3.980804564,0.));
#43=VERTEX_POINT('',#42);
#44=CARTESIAN_POINT('',(1.294567232,3.115092734,0.));
#45=CARTESIAN_POINT('',(1.192990324,3.127096551,0.));
#46=CARTESIAN_POINT('',(1.109651098,3.15503064,0.));
#47=CARTESIAN_POINT('',(1.044549496,3.198893139,0.));
#48=CARTESIAN_POINT('',(0.979447952,3.242755638,0.));
#49=CARTESIAN_POINT('',(0.926812627,3.310858602,0.));
#50=CARTESIAN_POINT('',(0.886643579,3.403201098,0.));
#51=CARTESIAN_POINT('',(0.84647453,3.495543594,0.));
#52=CARTESIAN_POINT('',(0.826390035,3.599429833,0.));
#53=CARTESIAN_POINT('',(0.826390035,3.714857953,0.));
#54=CARTESIAN_POINT('',(0.826390035,3.817358384,0.));
#55=CARTESIAN_POINT('',(0.84162653,3.907854067,0.));
#56=CARTESIAN_POINT('',(0.872099609,3.986345002,0.));
#57=CARTESIAN_POINT('',(0.902572687,4.064835938,0.));
#58=CARTESIAN_POINT('',(0.944357726,4.123242902,0.));
#59=CARTESIAN_POINT('',(0.997454754,4.161565894,0.));
#60=CARTESIAN_POINT('',(1.050551753,4.199887956,0.));
#61=CARTESIAN_POINT('',(1.108496781,4.219048986,0.));
#62=CARTESIAN_POINT('',(1.171289809,4.219048986,0.));
#63=CARTESIAN_POINT('',(1.235006243,4.219048986,0.));
#64=CARTESIAN_POINT('',(1.290642639,4.200579928,0.));
#65=CARTESIAN_POINT('',(1.338199113,4.163643675,0.));
#66=CARTESIAN_POINT('',(1.385755586,4.126705559,0.));
#67=CARTESIAN_POINT('',(1.425693725,4.06575981,0.));
#68=CARTESIAN_POINT('',(1.458013704,3.980804564,0.));
#69=B_SPLINE_CURVE_WITH_KNOTS('',3,(#44,#45,#46,#47,#48,#49,#50,#51,#52,#53,#54,#55,#56,#57,#58,#59,#60,#61,#62,#63,#64,#65,#66,#67,#68),.UNSPECIFIED.,.F.,.F.,(4,3,3,3,3,3,3,3,4),(0.,0.065294949,0.130589858,0.195884767,0.253866794,0.311848821,0.369830344,0.428664518,0.487499808),.UNSPECIFIED.);
#70=EDGE_CURVE('',#35,#43,#69,.T.);
#71=ORIENTED_EDGE('',*,*,#70,.T.);
#72=CARTESIAN_POINT('',(1.683791558,3.227289164,0.));
#73=VERTEX_POINT('',#72);
#74=CARTESIAN_POINT('',(1.458013704,3.980804564,0.));
#75=CARTESIAN_POINT('',(1.479252515,3.926322194,0.));
#76=CARTESIAN_POINT('',(1.51226499,3.805815572,0.));
#77=CARTESIAN_POINT('',(1.557051186,3.619283767,0.));
#78=CARTESIAN_POINT('',(1.601837383,3.432751032,0.));
#79=CARTESIAN_POINT('',(1.644084154,3.302085543,0.));
#80=CARTESIAN_POINT('',(1.683791558,3.227289164,0.));
#81=B_SPLINE_CURVE_WITH_KNOTS('',3,(#74,#75,#76,#77,#78,#79,#80),.UNSPECIFIED.,.F.,.F.,(4,3,4),(0.487499808,0.525350334,0.56320104),.UNSPECIFIED.);
#82=EDGE_CURVE('',#43,#73,#81,.T.);
#83=ORIENTED_EDGE('',*,*,#82,.T.);
#84=CARTESIAN_POINT('',(2.07855638,4.417123603,0.));
#85=VERTEX_POINT('',#84);
#86=CARTESIAN_POINT('',(1.683791558,3.227289164,0.));
#87=CARTESIAN_POINT('',(1.734579954,3.13032824,0.));
#88=CARTESIAN_POINT('',(1.797603717,3.058070647,0.));
#89=CARTESIAN_POINT('',(1.872863079,3.010514522,0.));
#90=CARTESIAN_POINT('',(1.948122325,2.962957466,0.));
#91=CARTESIAN_POINT('',(2.032384899,2.939179869,0.));
#92=CARTESIAN_POINT('',(2.125651034,2.939179869,0.));
#93=CARTESIAN_POINT('',(2.228151465,2.939179869,0.));
#94=CARTESIAN_POINT('',(2.323956851,2.968267867,0.));
#95=CARTESIAN_POINT('',(2.413067542,3.026443863,0.));
#96=CARTESIAN_POINT('',(2.502178115,3.084618928,0.));
#97=CARTESIAN_POINT('',(2.569819143,3.169574173,0.));
#98=CARTESIAN_POINT('',(2.615990507,3.281309599,0.));
#99=CARTESIAN_POINT('',(2.662161755,3.393043162,0.));
#100=CARTESIAN_POINT('',(2.685247612,3.517244341,0.));
#101=CARTESIAN_POINT('',(2.685247612,3.653912203,0.));
#102=CARTESIAN_POINT('',(2.685247612,3.804429764,0.));
#103=CARTESIAN_POINT('',(2.661007613,3.937172102,0.));
#104=CARTESIAN_POINT('',(2.612527617,4.052139217,0.));
#105=CARTESIAN_POINT('',(2.564047853,4.167105401,0.));
#106=CARTESIAN_POINT('',(2.492713084,4.255523304,0.));
#107=CARTESIAN_POINT('',(2.398523659,4.317393856,0.));
#108=CARTESIAN_POINT('',(2.304334118,4.379263477,0.));
#109=CARTESIAN_POINT('',(2.197678358,4.412506105,0.));
#110=CARTESIAN_POINT('',(2.07855638,4.417123603,0.));
#111=B_SPLINE_CURVE_WITH_KNOTS('',3,(#86,#87,#88,#89,#90,#91,#92,#93,#94,#95,#96,#97,#98,#99,#100,#101,#102,#103,#104,#105,#106,#107,#108,#109,#110),.UNSPECIFIED.,.F.,.F.,(4,3,3,3,3,3,3,3,4),(0.56320104,0.612125177,0.661049534,0.7148179,0.768585959,0.822353233,0.881569195,0.940784706,1.),.UNSPECIFIED.);
#112=EDGE_CURVE('',#73,#85,#111,.T.);
#113=ORIENTED_EDGE('',*,*,#112,.T.);
#114=CARTESIAN_POINT('',(2.059164381,4.159488114,0.));
#115=VERTEX_POINT('',#114);
#116=CARTESIAN_POINT('',(2.07855638,4.417123603,0.));
#117=DIRECTION('',(-0.075056813,-0.997179259,0.));
#118=VECTOR('',#117,0.258364268);
#119=LINE('',#116,#118);
#120=EDGE_CURVE('',#85,#115,#119,.T.);
#121=ORIENTED_EDGE('',*,*,#120,.T.);
#122=CARTESIAN_POINT('',(1.96358973,3.277154038,0.));
#123=VERTEX_POINT('',#122);
#124=CARTESIAN_POINT('',(2.059164381,4.159488114,0.));
#125=CARTESIAN_POINT('',(2.187520539,4.145636553,0.));
#126=CARTESIAN_POINT('',(2.284480416,4.098772401,0.));
#127=CARTESIAN_POINT('',(2.350043662,4.018896589,0.));
#128=CARTESIAN_POINT('',(2.415606909,3.939018914,0.));
#129=CARTESIAN_POINT('',(2.448388649,3.821052009,0.));
#130=CARTESIAN_POINT('',(2.448388649,3.664993079,0.));
#131=CARTESIAN_POINT('',(2.448388649,3.50246984,0.));
#132=CARTESIAN_POINT('',(2.418608096,3.384040067,0.));
#133=CARTESIAN_POINT('',(2.359047107,3.309704693,0.));
#134=CARTESIAN_POINT('',(2.299486118,3.235368388,0.));
#135=CARTESIAN_POINT('',(2.227689646,3.198200235,0.));
#136=CARTESIAN_POINT('',(2.143657923,3.198201166,0.));
#137=CARTESIAN_POINT('',(2.070707077,3.198200235,0.));
#138=CARTESIAN_POINT('',(2.010684501,3.224517548,0.));
#139=CARTESIAN_POINT('',(1.96358973,3.277154038,0.));
#140=B_SPLINE_CURVE_WITH_KNOTS('',3,(#124,#125,#126,#127,#128,#129,#130,#131,#132,#133,#134,#135,#136,#137,#138,#139),.UNSPECIFIED.,.F.,.F.,(4,3,3,3,3,4),(0.,0.05496435,0.109929466,0.16717136,0.224413691,0.274107739),.UNSPECIFIED.);
#141=EDGE_CURVE('',#115,#123,#140,.T.);
#142=ORIENTED_EDGE('',*,*,#141,.T.);
#143=CARTESIAN_POINT('',(1.689332112,4.131784992,0.));
#144=VERTEX_POINT('',#143);
#145=CARTESIAN_POINT('',(1.96358973,3.277154038,0.));
#146=CARTESIAN_POINT('',(1.916494959,3.328864792,0.));
#147=CARTESIAN_POINT('',(1.868245931,3.46391681,0.));
#148=CARTESIAN_POINT('',(1.818842644,3.682307297,0.));
#149=CARTESIAN_POINT('',(1.769439241,3.900697785,0.));
#150=CARTESIAN_POINT('',(1.726269064,4.050523372,0.));
#151=CARTESIAN_POINT('',(1.689332112,4.131784992,0.));
#152=B_SPLINE_CURVE_WITH_KNOTS('',3,(#145,#146,#147,#148,#149,#150,#151),.UNSPECIFIED.,.F.,.F.,(4,3,4),(0.274107739,0.323318296,0.372528859),.UNSPECIFIED.);
#153=EDGE_CURVE('',#123,#144,#152,.T.);
#154=ORIENTED_EDGE('',*,*,#153,.T.);
#155=CARTESIAN_POINT('',(1.689332112,4.131784992,0.));
#156=CARTESIAN_POINT('',(1.634849858,4.249982866,0.));
#157=CARTESIAN_POINT('',(1.565823721,4.337246859,0.));
#158=CARTESIAN_POINT('',(1.482253644,4.393576043,0.));
#159=CARTESIAN_POINT('',(1.398683508,4.449904295,0.));
#160=CARTESIAN_POINT('',(1.30241636,4.478069352,0.));
#161=CARTESIAN_POINT('',(1.193452027,4.478070283,0.));
#162=CARTESIAN_POINT('',(1.085411128,4.478069352,0.));
#163=CARTESIAN_POINT('',(0.983603368,4.447134541,0.));
#164=CARTESIAN_POINT('',(0.888028717,4.385265851,0.));
#165=CARTESIAN_POINT('',(0.792454096,4.323395299,0.));
#166=CARTESIAN_POINT('',(0.718118256,4.234516392,0.));
#167=CARTESIAN_POINT('',(0.665021228,4.118626336,0.));
#168=CARTESIAN_POINT('',(0.611924199,4.002735348,0.));
#169=CARTESIAN_POINT('',(0.585375685,3.872301759,0.));
#170=CARTESIAN_POINT('',(0.585375685,3.727324637,0.));
#171=CARTESIAN_POINT('',(0.585375685,3.543561654,0.));
#172=CARTESIAN_POINT('',(0.612155051,3.389580505,0.));
#173=CARTESIAN_POINT('',(0.665713782,3.265380258,0.));
#174=CARTESIAN_POINT('',(0.719272514,3.141179079,0.));
#175=CARTESIAN_POINT('',(0.799841521,3.043758081,0.));
#176=CARTESIAN_POINT('',(0.907420687,2.973115401,0.));
#177=CARTESIAN_POINT('',(1.014999853,2.902473653,0.));
#178=CARTESIAN_POINT('',(1.136661315,2.8653055,0.));
#179=CARTESIAN_POINT('',(1.272405014,2.861611875,0.));
#180=B_SPLINE_CURVE_WITH_KNOTS('',3,(#155,#156,#157,#158,#159,#160,#161,#162,#163,#164,#165,#166,#167,#168,#169,#170,#171,#172,#173,#174,#175,#176,#177,#178,#179),.UNSPECIFIED.,.F.,.F.,(4,3,3,3,3,3,3,3,4),(0.372528859,0.444280855,0.516032514,0.587176102,0.658320307,0.729464985,0.819643063,0.90982171,1.),.UNSPECIFIED.);
#181=EDGE_CURVE('',#144,#33,#180,.T.);
#182=ORIENTED_EDGE('',*,*,#181,.T.);
#183=EDGE_LOOP('',(#41,#71,#83,#113,#121,#142,#154,#182));
#184=FACE_BOUND('',#183,.T.);
#185=CARTESIAN_POINT('',(1.272405014,-4.077938521,0.));
#186=VERTEX_POINT('',#185);
#187=CARTESIAN_POINT('',(1.294567232,-3.824457895,0.));
#188=VERTEX_POINT('',#187);
#189=CARTESIAN_POINT('',(1.272405014,-4.077938521,0.));
#190=DIRECTION('',(0.087099331,0.996199632,0.));
#191=VECTOR('',#190,0.254447621);
#192=LINE('',#189,#191);
#193=EDGE_CURVE('',#186,#188,#192,.T.);
#194=ORIENTED_EDGE('',*,*,#193,.T.);
#195=CARTESIAN_POINT('',(1.458013704,-2.958745599,0.));
#196=VERTEX_POINT('',#195);
#197=CARTESIAN_POINT('',(1.294567232,-3.824457895,0.));
#198=CARTESIAN_POINT('',(1.192990324,-3.81245338,0.));
#199=CARTESIAN_POINT('',(1.109651098,-3.784519756,0.));
#200=CARTESIAN_POINT('',(1.044549496,-3.740657024,0.));
#201=CARTESIAN_POINT('',(0.979447952,-3.696794292,0.));
#202=CARTESIAN_POINT('',(0.926812627,-3.628691562,0.));
#203=CARTESIAN_POINT('',(0.886643579,-3.536348833,0.));
#204=CARTESIAN_POINT('',(0.84647453,-3.444006104,0.));
#205=CARTESIAN_POINT('',(0.826390035,-3.340120796,0.));
#206=CARTESIAN_POINT('',(0.826390035,-3.224692443,0.));
#207=CARTESIAN_POINT('',(0.826390035,-3.122192012,0.));
#208=CARTESIAN_POINT('',(0.84162653,-3.031696329,0.));
#209=CARTESIAN_POINT('',(0.872099609,-2.953204928,0.));
#210=CARTESIAN_POINT('',(0.902572687,-2.874713993,0.));
#211=CARTESIAN_POINT('',(0.944357726,-2.816307029,0.));
#212=CARTESIAN_POINT('',(0.997454754,-2.777984735,0.));
#213=CARTESIAN_POINT('',(1.050551753,-2.739662906,0.));
#214=CARTESIAN_POINT('',(1.108496781,-2.72050141,0.));
#215=CARTESIAN_POINT('',(1.171289809,-2.72050141,0.));
#216=CARTESIAN_POINT('',(1.235006243,-2.72050141,0.));
#217=CARTESIAN_POINT('',(1.290642639,-2.738970235,0.));
#218=CARTESIAN_POINT('',(1.338199113,-2.775907187,0.));
#219=CARTESIAN_POINT('',(1.385755586,-2.812844139,0.));
#220=CARTESIAN_POINT('',(1.425693725,-2.873790354,0.));
#221=CARTESIAN_POINT('',(1.458013704,-2.958745599,0.));
#222=B_SPLINE_CURVE_WITH_KNOTS('',3,(#197,#198,#199,#200,#201,#202,#203,#204,#205,#206,#207,#208,#209,#210,#211,#212,#213,#214,#215,#216,#217,#218,#219,#220,#221),.UNSPECIFIED.,.F.,.F.,(4,3,3,3,3,3,3,3,4),(0.,0.065296134,0.130592227,0.19588832,0.253871282,0.311853944,0.369836345,0.428671408,0.487506472),.UNSPECIFIED.);
#223=EDGE_CURVE('',#188,#196,#222,.T.);
#224=ORIENTED_EDGE('',*,*,#223,.T.);
#225=CARTESIAN_POINT('',(1.683791558,-3.712261464,0.));
#226=VERTEX_POINT('',#225);
#227=CARTESIAN_POINT('',(1.458013704,-2.958745599,0.));
#228=CARTESIAN_POINT('',(1.479252515,-3.013227969,0.));
#229=CARTESIAN_POINT('',(1.51226499,-3.133735057,0.));
#230=CARTESIAN_POINT('',(1.557051186,-3.320267094,0.));
#231=CARTESIAN_POINT('',(1.601837383,-3.506799364,0.));
#232=CARTESIAN_POINT('',(1.644084154,-3.637464154,0.));
#233=CARTESIAN_POINT('',(1.683791558,-3.712261464,0.));
#234=B_SPLINE_CURVE_WITH_KNOTS('',3,(#227,#228,#229,#230,#231,#232,#233),.UNSPECIFIED.,.F.,.F.,(4,3,4),(0.487506472,0.525356853,0.563207279),.UNSPECIFIED.);
#235=EDGE_CURVE('',#196,#226,#234,.T.);
#236=ORIENTED_EDGE('',*,*,#235,.T.);
#237=CARTESIAN_POINT('',(2.07855638,-2.522426561,0.));
#238=VERTEX_POINT('',#237);
#239=CARTESIAN_POINT('',(1.683791558,-3.712261464,0.));
#240=CARTESIAN_POINT('',(1.734579954,-3.809221458,0.));
#241=CARTESIAN_POINT('',(1.797603717,-3.881479517,0.));
#242=CARTESIAN_POINT('',(1.872863079,-3.929035874,0.));
#243=CARTESIAN_POINT('',(1.948122325,-3.976592464,0.));
#244=CARTESIAN_POINT('',(2.032384899,-4.000370527,0.));
#245=CARTESIAN_POINT('',(2.125651034,-4.000370527,0.));
#246=CARTESIAN_POINT('',(2.228151465,-4.000370527,0.));
#247=CARTESIAN_POINT('',(2.323956851,-3.971282762,0.));
#248=CARTESIAN_POINT('',(2.413067542,-3.913106766,0.));
#249=CARTESIAN_POINT('',(2.502178115,-3.854931002,0.));
#250=CARTESIAN_POINT('',(2.569819143,-3.769975757,0.));
#251=CARTESIAN_POINT('',(2.615990507,-3.65824103,0.));
#252=CARTESIAN_POINT('',(2.662161755,-3.546506535,0.));
#253=CARTESIAN_POINT('',(2.685247612,-3.422305822,0.));
#254=CARTESIAN_POINT('',(2.685247612,-3.285638425,0.));
#255=CARTESIAN_POINT('',(2.685247612,-3.135120166,0.));
#256=CARTESIAN_POINT('',(2.661007613,-3.002377363,0.));
#257=CARTESIAN_POINT('',(2.612527617,-2.887410713,0.));
#258=CARTESIAN_POINT('',(2.564047853,-2.772444297,0.));
#259=CARTESIAN_POINT('',(2.492713084,-2.684026161,0.));
#260=CARTESIAN_POINT('',(2.398523659,-2.62215654,0.));
#261=CARTESIAN_POINT('',(2.304334118,-2.560287151,0.));
#262=CARTESIAN_POINT('',(2.197678358,-2.527043825,0.));
#263=CARTESIAN_POINT('',(2.07855638,-2.522426561,0.));
#264=B_SPLINE_CURVE_WITH_KNOTS('',3,(#239,#240,#241,#242,#243,#244,#245,#246,#247,#248,#249,#250,#251,#252,#253,#254,#255,#256,#257,#258,#259,#260,#261,#262,#263),.UNSPECIFIED.,.F.,.F.,(4,3,3,3,3,3,3,3,4),(0.563207279,0.612130211,0.661053157,0.714819973,0.768586675,0.822353262,0.881568943,0.940784479,1.),.UNSPECIFIED.);
#265=EDGE_CURVE('',#226,#238,#264,.T.);
#266=ORIENTED_EDGE('',*,*,#265,.T.);
#267=CARTESIAN_POINT('',(2.059164381,-2.780062515,0.));
#268=VERTEX_POINT('',#267);
#269=CARTESIAN_POINT('',(2.07855638,-2.522426561,0.));
#270=DIRECTION('',(-0.075056679,-0.997179269,0.));
#271=VECTOR('',#270,0.258364732);
#272=LINE('',#269,#271);
#273=EDGE_CURVE('',#238,#268,#272,.T.);
#274=ORIENTED_EDGE('',*,*,#273,.T.);
#275=CARTESIAN_POINT('',(1.96358973,-3.662396591,0.));
#276=VERTEX_POINT('',#275);
#277=CARTESIAN_POINT('',(2.059164381,-2.780062515,0.));
#278=CARTESIAN_POINT('',(2.187520539,-2.793913843,0.));
#279=CARTESIAN_POINT('',(2.284480416,-2.840777995,0.));
#280=CARTESIAN_POINT('',(2.350043662,-2.920654273,0.));
#281=CARTESIAN_POINT('',(2.415606909,-3.000530783,0.));
#282=CARTESIAN_POINT('',(2.448388649,-3.11849862,0.));
#283=CARTESIAN_POINT('',(2.448388649,-3.274557317,0.));
#284=CARTESIAN_POINT('',(2.448388649,-3.437080557,0.));
#285=CARTESIAN_POINT('',(2.418608096,-3.555509863,0.));
#286=CARTESIAN_POINT('',(2.359047107,-3.629845703,0.));
#287=CARTESIAN_POINT('',(2.299486118,-3.704181775,0.));
#288=CARTESIAN_POINT('',(2.227689646,-3.741349695,0.));
#289=CARTESIAN_POINT('',(2.143657923,-3.741349462,0.));
#290=CARTESIAN_POINT('',(2.070707077,-3.741349695,0.));
#291=CARTESIAN_POINT('',(2.010684501,-3.715031916,0.));
#292=CARTESIAN_POINT('',(1.96358973,-3.662396591,0.));
#293=B_SPLINE_CURVE_WITH_KNOTS('',3,(#277,#278,#279,#280,#281,#282,#283,#284,#285,#286,#287,#288,#289,#290,#291,#292),.UNSPECIFIED.,.F.,.F.,(4,3,3,3,3,4),(0.,0.054964398,0.109928892,0.167170224,0.224411665,0.274104941),.UNSPECIFIED.);
#294=EDGE_CURVE('',#268,#276,#293,.T.);
#295=ORIENTED_EDGE('',*,*,#294,.T.);
#296=CARTESIAN_POINT('',(1.689332112,-2.807765404,0.));
#297=VERTEX_POINT('',#296);
#298=CARTESIAN_POINT('',(1.96358973,-3.662396591,0.));
#299=CARTESIAN_POINT('',(1.916494959,-3.610684672,0.));
#300=CARTESIAN_POINT('',(1.868245931,-3.475633586,0.));
#301=CARTESIAN_POINT('',(1.818842644,-3.257243099,0.));
#302=CARTESIAN_POINT('',(1.769439241,-3.038853077,0.));
#303=CARTESIAN_POINT('',(1.726269064,-2.889027024,0.));
#304=CARTESIAN_POINT('',(1.689332112,-2.807765404,0.));
#305=B_SPLINE_CURVE_WITH_KNOTS('',3,(#298,#299,#300,#301,#302,#303,#304),.UNSPECIFIED.,.F.,.F.,(4,3,4),(0.274104941,0.323315943,0.372526851),.UNSPECIFIED.);
#306=EDGE_CURVE('',#276,#297,#305,.T.);
#307=ORIENTED_EDGE('',*,*,#306,.T.);
#308=CARTESIAN_POINT('',(1.689332112,-2.807765404,0.));
#309=CARTESIAN_POINT('',(1.634849858,-2.689566832,0.));
#310=CARTESIAN_POINT('',(1.565823721,-2.602303071,0.));
#311=CARTESIAN_POINT('',(1.482253644,-2.545973888,0.));
#312=CARTESIAN_POINT('',(1.398683508,-2.48964517,0.));
#313=CARTESIAN_POINT('',(1.30241636,-2.461480346,0.));
#314=CARTESIAN_POINT('',(1.193452027,-2.461480346,0.));
#315=CARTESIAN_POINT('',(1.085411128,-2.461480346,0.));
#316=CARTESIAN_POINT('',(0.983603368,-2.492415389,0.));
#317=CARTESIAN_POINT('',(0.888028717,-2.554284777,0.));
#318=CARTESIAN_POINT('',(0.792454096,-2.616154399,0.));
#319=CARTESIAN_POINT('',(0.718118256,-2.705034237,0.));
#320=CARTESIAN_POINT('',(0.665021228,-2.82092406,0.));
#321=CARTESIAN_POINT('',(0.611924199,-2.936814349,0.));
#322=CARTESIAN_POINT('',(0.585375685,-3.067248404,0.));
#323=CARTESIAN_POINT('',(0.585375685,-3.212225992,0.));
#324=CARTESIAN_POINT('',(0.585375685,-3.395988043,0.));
#325=CARTESIAN_POINT('',(0.612155051,-3.549969658,0.));
#326=CARTESIAN_POINT('',(0.665713782,-3.674170138,0.));
#327=CARTESIAN_POINT('',(0.719272514,-3.798371084,0.));
#328=CARTESIAN_POINT('',(0.799841521,-3.895792548,0.));
#329=CARTESIAN_POINT('',(0.907420687,-3.966434762,0.));
#330=CARTESIAN_POINT('',(1.014999853,-4.037076743,0.));
#331=CARTESIAN_POINT('',(1.136661315,-4.074244896,0.));
#332=CARTESIAN_POINT('',(1.272405014,-4.077938521,0.));
#333=B_SPLINE_CURVE_WITH_KNOTS('',3,(#308,#309,#310,#311,#312,#313,#314,#315,#316,#317,#318,#319,#320,#321,#322,#323,#324,#325,#326,#327,#328,#329,#330,#331,#332),.UNSPECIFIED.,.F.,.F.,(4,3,3,3,3,3,3,3,4),(0.372526851,0.4442797,0.516032397,0.587177015,0.658321696,0.729466614,0.819644249,0.909822169,1.),.UNSPECIFIED.);
#334=EDGE_CURVE('',#297,#186,#333,.T.);
#335=ORIENTED_EDGE('',*,*,#334,.T.);
#336=EDGE_LOOP('',(#194,#224,#236,#266,#274,#295,#307,#335));
#337=FACE_BOUND('',#336,.T.);
#338=CARTESIAN_POINT('',(-2.642000054,-0.649024868,0.));
#339=VERTEX_POINT('',#338);
#340=CARTESIAN_POINT('',(-2.642000054,-2.164368188,0.));
#341=VERTEX_POINT('',#340);
#342=CARTESIAN_POINT('',(-2.642000054,-0.649024868,0.));
#343=DIRECTION('',(0.,-1.,0.));
#344=VECTOR('',#343,1.51534332);
#345=LINE('',#342,#344);
#346=EDGE_CURVE('',#339,#341,#345,.T.);
#347=ORIENTED_EDGE('',*,*,#346,.T.);
#348=CARTESIAN_POINT('',(-0.61138529,-2.164368188,0.));
#349=VERTEX_POINT('',#348);
#350=CARTESIAN_POINT('',(-2.642000054,-2.164368188,0.));
#351=DIRECTION('',(1.,0.,-0.));
#352=VECTOR('',#351,2.030614763);
#353=LINE('',#350,#352);
#354=EDGE_CURVE('',#341,#349,#353,.T.);
#355=ORIENTED_EDGE('',*,*,#354,.T.);
#356=CARTESIAN_POINT('',(-0.61138529,-0.696119988,0.));
#357=VERTEX_POINT('',#356);
#358=CARTESIAN_POINT('',(-0.61138529,-2.164368188,0.));
#359=DIRECTION('',(-0.,1.,0.));
#360=VECTOR('',#359,1.4682482);
#361=LINE('',#358,#360);
#362=EDGE_CURVE('',#349,#357,#361,.T.);
#363=ORIENTED_EDGE('',*,*,#362,.T.);
#364=CARTESIAN_POINT('',(-0.851014356,-0.696119988,0.));
#365=VERTEX_POINT('',#364);
#366=CARTESIAN_POINT('',(-0.61138529,-0.696119988,0.));
#367=DIRECTION('',(-1.,0.,0.));
#368=VECTOR('',#367,0.239629066);
#369=LINE('',#366,#368);
#370=EDGE_CURVE('',#357,#365,#369,.T.);
#371=ORIENTED_EDGE('',*,*,#370,.T.);
#372=CARTESIAN_POINT('',(-0.851014356,-1.895650892,0.));
#373=VERTEX_POINT('',#372);
#374=CARTESIAN_POINT('',(-0.851014356,-0.696119988,0.));
#375=DIRECTION('',(0.,-1.,0.));
#376=VECTOR('',#375,1.199530903);
#377=LINE('',#374,#376);
#378=EDGE_CURVE('',#365,#373,#377,.T.);
#379=ORIENTED_EDGE('',*,*,#378,.T.);
#380=CARTESIAN_POINT('',(-1.472942025,-1.895650892,0.));
#381=VERTEX_POINT('',#380);
#382=CARTESIAN_POINT('',(-0.851014356,-1.895650892,0.));
#383=DIRECTION('',(-1.,0.,0.));
#384=VECTOR('',#383,0.621927669);
#385=LINE('',#382,#384);
#386=EDGE_CURVE('',#373,#381,#385,.T.);
#387=ORIENTED_EDGE('',*,*,#386,.T.);
#388=CARTESIAN_POINT('',(-1.472942025,-0.772302641,0.));
#389=VERTEX_POINT('',#388);
#390=CARTESIAN_POINT('',(-1.472942025,-1.895650892,0.));
#391=DIRECTION('',(0.,1.,0.));
#392=VECTOR('',#391,1.123348251);
#393=LINE('',#390,#392);
#394=EDGE_CURVE('',#381,#389,#393,.T.);
#395=ORIENTED_EDGE('',*,*,#394,.T.);
#396=CARTESIAN_POINT('',(-1.711186214,-0.772302641,0.));
#397=VERTEX_POINT('',#396);
#398=CARTESIAN_POINT('',(-1.472942025,-0.772302641,0.));
#399=DIRECTION('',(-1.,0.,0.));
#400=VECTOR('',#399,0.238244189);
#401=LINE('',#398,#400);
#402=EDGE_CURVE('',#389,#397,#401,.T.);
#403=ORIENTED_EDGE('',*,*,#402,.T.);
#404=CARTESIAN_POINT('',(-1.711186214,-1.895650892,0.));
#405=VERTEX_POINT('',#404);
#406=CARTESIAN_POINT('',(-1.711186214,-0.772302641,0.));
#407=DIRECTION('',(0.,-1.,0.));
#408=VECTOR('',#407,1.123348251);
#409=LINE('',#406,#408);
#410=EDGE_CURVE('',#397,#405,#409,.T.);
#411=ORIENTED_EDGE('',*,*,#410,.T.);
#412=CARTESIAN_POINT('',(-2.402370755,-1.895650892,0.));
#413=VERTEX_POINT('',#412);
#414=CARTESIAN_POINT('',(-1.711186214,-1.895650892,0.));
#415=DIRECTION('',(-1.,0.,0.));
#416=VECTOR('',#415,0.691184541);
#417=LINE('',#414,#416);
#418=EDGE_CURVE('',#405,#413,#417,.T.);
#419=ORIENTED_EDGE('',*,*,#418,.T.);
#420=CARTESIAN_POINT('',(-2.402370755,-0.649024868,0.));
#421=VERTEX_POINT('',#420);
#422=CARTESIAN_POINT('',(-2.402370755,-1.895650892,0.));
#423=DIRECTION('',(0.,1.,0.));
#424=VECTOR('',#423,1.246626023);
#425=LINE('',#422,#424);
#426=EDGE_CURVE('',#413,#421,#425,.T.);
#427=ORIENTED_EDGE('',*,*,#426,.T.);
#428=CARTESIAN_POINT('',(-2.402370755,-0.649024868,0.));
#429=DIRECTION('',(-1.,0.,0.));
#430=VECTOR('',#429,0.239629298);
#431=LINE('',#428,#430);
#432=EDGE_CURVE('',#421,#339,#431,.T.);
#433=ORIENTED_EDGE('',*,*,#432,.T.);
#434=EDGE_LOOP('',(#347,#355,#363,#371,#379,#387,#395,#403,#411,#419,#427,#433));
#435=FACE_BOUND('',#434,.T.);
#436=CARTESIAN_POINT('',(-2.642000054,7.307217786,0.));
#437=VERTEX_POINT('',#436);
#438=CARTESIAN_POINT('',(-2.642000054,7.031575175,0.));
#439=VERTEX_POINT('',#438);
#440=CARTESIAN_POINT('',(-2.642000054,7.307217786,0.));
#441=DIRECTION('',(0.,-1.,0.));
#442=VECTOR('',#441,0.275642611);
#443=LINE('',#440,#442);
#444=EDGE_CURVE('',#437,#439,#443,.T.);
#445=ORIENTED_EDGE('',*,*,#444,.T.);
#446=CARTESIAN_POINT('',(-1.046318986,5.965017112,0.));
#447=VERTEX_POINT('',#446);
#448=CARTESIAN_POINT('',(-2.642000054,7.031575175,0.));
#449=DIRECTION('',(0.831383424,-0.555699201,0.));
#450=VECTOR('',#449,1.919308253);
#451=LINE('',#448,#450);
#452=EDGE_CURVE('',#439,#447,#451,.T.);
#453=ORIENTED_EDGE('',*,*,#452,.T.);
#454=CARTESIAN_POINT('',(-2.642000054,5.965017112,0.));
#455=VERTEX_POINT('',#454);
#456=CARTESIAN_POINT('',(-1.046318986,5.965017112,0.));
#457=DIRECTION('',(-1.,0.,0.));
#458=VECTOR('',#457,1.595681068);
#459=LINE('',#456,#458);
#460=EDGE_CURVE('',#447,#455,#459,.T.);
#461=ORIENTED_EDGE('',*,*,#460,.T.);
#462=CARTESIAN_POINT('',(-2.642000054,5.707381623,0.));
#463=VERTEX_POINT('',#462);
#464=CARTESIAN_POINT('',(-2.642000054,5.965017112,0.));
#465=DIRECTION('',(0.,-1.,0.));
#466=VECTOR('',#465,0.257635489);
#467=LINE('',#464,#466);
#468=EDGE_CURVE('',#455,#463,#467,.T.);
#469=ORIENTED_EDGE('',*,*,#468,.T.);
#470=CARTESIAN_POINT('',(-0.61138529,5.707381623,0.));
#471=VERTEX_POINT('',#470);
#472=CARTESIAN_POINT('',(-2.642000054,5.707381623,0.));
#473=DIRECTION('',(1.,0.,-0.));
#474=VECTOR('',#473,2.030614763);
#475=LINE('',#472,#474);
#476=EDGE_CURVE('',#463,#471,#475,.T.);
#477=ORIENTED_EDGE('',*,*,#476,.T.);
#478=CARTESIAN_POINT('',(-0.61138529,5.983024234,0.));
#479=VERTEX_POINT('',#478);
#480=CARTESIAN_POINT('',(-0.61138529,5.707381623,0.));
#481=DIRECTION('',(0.,1.,0.));
#482=VECTOR('',#481,0.275642611);
#483=LINE('',#480,#482);
#484=EDGE_CURVE('',#471,#479,#483,.T.);
#485=ORIENTED_EDGE('',*,*,#484,.T.);
#486=CARTESIAN_POINT('',(-2.205681015,7.049581366,0.));
#487=VERTEX_POINT('',#486);
#488=CARTESIAN_POINT('',(-0.61138529,5.983024234,0.));
#489=DIRECTION('',(-0.831160557,0.556032489,0.));
#490=VECTOR('',#489,1.918156139);
#491=LINE('',#488,#490);
#492=EDGE_CURVE('',#479,#487,#491,.T.);
#493=ORIENTED_EDGE('',*,*,#492,.T.);
#494=CARTESIAN_POINT('',(-0.61138529,7.049581366,0.));
#495=VERTEX_POINT('',#494);
#496=CARTESIAN_POINT('',(-2.205681015,7.049581366,0.));
#497=DIRECTION('',(1.,0.,-0.));
#498=VECTOR('',#497,1.594295725);
#499=LINE('',#496,#498);
#500=EDGE_CURVE('',#487,#495,#499,.T.);
#501=ORIENTED_EDGE('',*,*,#500,.T.);
#502=CARTESIAN_POINT('',(-0.61138529,7.307217786,0.));
#503=VERTEX_POINT('',#502);
#504=CARTESIAN_POINT('',(-0.61138529,7.049581366,0.));
#505=DIRECTION('',(0.,1.,0.));
#506=VECTOR('',#505,0.25763642);
#507=LINE('',#504,#506);
#508=EDGE_CURVE('',#495,#503,#507,.T.);
#509=ORIENTED_EDGE('',*,*,#508,.T.);
#510=CARTESIAN_POINT('',(-0.61138529,7.307217786,0.));
#511=DIRECTION('',(-1.,0.,0.));
#512=VECTOR('',#511,2.030614763);
#513=LINE('',#510,#512);
#514=EDGE_CURVE('',#503,#437,#513,.T.);
#515=ORIENTED_EDGE('',*,*,#514,.T.);
#516=EDGE_LOOP('',(#445,#453,#461,#469,#477,#485,#493,#501,#509,#515));
#517=FACE_BOUND('',#516,.T.);
#518=CARTESIAN_POINT('',(-1.816456631,-3.793292349,0.));
#519=VERTEX_POINT('',#518);
#520=CARTESIAN_POINT('',(-2.642000054,-3.793292349,0.));
#521=VERTEX_POINT('',#520);
#522=CARTESIAN_POINT('',(-1.816456631,-3.793292349,0.));
#523=DIRECTION('',(-1.,0.,0.));
#524=VECTOR('',#523,0.825543422);
#525=LINE('',#522,#524);
#526=EDGE_CURVE('',#519,#521,#525,.T.);
#527=ORIENTED_EDGE('',*,*,#526,.T.);
#528=CARTESIAN_POINT('',(-2.642000054,-4.06200918,0.));
#529=VERTEX_POINT('',#528);
#530=CARTESIAN_POINT('',(-2.642000054,-3.793292349,0.));
#531=DIRECTION('',(0.,-1.,0.));
#532=VECTOR('',#531,0.268716831);
#533=LINE('',#530,#532);
#534=EDGE_CURVE('',#521,#529,#533,.T.);
#535=ORIENTED_EDGE('',*,*,#534,.T.);
#536=CARTESIAN_POINT('',(-0.61138529,-4.06200918,0.));
#537=VERTEX_POINT('',#536);
#538=CARTESIAN_POINT('',(-2.642000054,-4.06200918,0.));
#539=DIRECTION('',(1.,0.,-0.));
#540=VECTOR('',#539,2.030614763);
#541=LINE('',#538,#540);
#542=EDGE_CURVE('',#529,#537,#541,.T.);
#543=ORIENTED_EDGE('',*,*,#542,.T.);
#544=CARTESIAN_POINT('',(-0.61138529,-3.296027096,0.));
#545=VERTEX_POINT('',#544);
#546=CARTESIAN_POINT('',(-0.61138529,-4.06200918,0.));
#547=DIRECTION('',(0.,1.,0.));
#548=VECTOR('',#547,0.765982084);
#549=LINE('',#546,#548);
#550=EDGE_CURVE('',#537,#545,#549,.T.);
#551=ORIENTED_EDGE('',*,*,#550,.T.);
#552=CARTESIAN_POINT('',(-0.630777056,-2.987140926,0.));
#553=VERTEX_POINT('',#552);
#554=CARTESIAN_POINT('',(-0.61138529,-3.296027096,0.));
#555=CARTESIAN_POINT('',(-0.61138529,-3.161207443,0.));
#556=CARTESIAN_POINT('',(-0.617849367,-3.058245076,0.));
#557=CARTESIAN_POINT('',(-0.630777056,-2.987140926,0.));
#558=B_SPLINE_CURVE_WITH_KNOTS('',3,(#554,#555,#556,#557),.UNSPECIFIED.,.F.,.F.,(4,4),(0.,0.100026944),.UNSPECIFIED.);
#559=EDGE_CURVE('',#545,#553,#558,.T.);
#560=ORIENTED_EDGE('',*,*,#559,.T.);
#561=CARTESIAN_POINT('',(-1.816456631,-3.272479536,0.));
#562=VERTEX_POINT('',#561);
#563=CARTESIAN_POINT('',(-0.630777056,-2.987140926,0.));
#564=CARTESIAN_POINT('',(-0.647398836,-2.887410713,0.));
#565=CARTESIAN_POINT('',(-0.679026317,-2.80384081,0.));
#566=CARTESIAN_POINT('',(-0.725659268,-2.736430751,0.));
#567=CARTESIAN_POINT('',(-0.77229222,-2.669020692,0.));
#568=CARTESIAN_POINT('',(-0.837624731,-2.614769289,0.));
#569=CARTESIAN_POINT('',(-0.921656337,-2.573676543,0.));
#570=CARTESIAN_POINT('',(-1.005688409,-2.532584729,0.));
#571=CARTESIAN_POINT('',(-1.098031138,-2.51203789,0.));
#572=CARTESIAN_POINT('',(-1.198684291,-2.51203789,0.));
#573=CARTESIAN_POINT('',(-1.371365466,-2.51203789,0.));
#574=CARTESIAN_POINT('',(-1.517497428,-2.566982197,0.));
#575=CARTESIAN_POINT('',(-1.637081109,-2.676869879,0.));
#576=CARTESIAN_POINT('',(-1.756665024,-2.78675756,0.));
#577=CARTESIAN_POINT('',(-1.816456631,-2.985294113,0.));
#578=CARTESIAN_POINT('',(-1.816456631,-3.272479536,0.));
#579=B_SPLINE_CURVE_WITH_KNOTS('',3,(#563,#564,#565,#566,#567,#568,#569,#570,#571,#572,#573,#574,#575,#576,#577,#578),.UNSPECIFIED.,.F.,.F.,(4,3,3,3,3,4),(0.100026944,0.239965213,0.379903483,0.519841767,0.759920757,1.),.UNSPECIFIED.);
#580=EDGE_CURVE('',#553,#562,#579,.T.);
#581=ORIENTED_EDGE('',*,*,#580,.T.);
#582=CARTESIAN_POINT('',(-1.816456631,-3.272479536,0.));
#583=DIRECTION('',(0.,-1.,0.));
#584=VECTOR('',#583,0.520812813);
#585=LINE('',#582,#584);
#586=EDGE_CURVE('',#562,#519,#585,.T.);
#587=ORIENTED_EDGE('',*,*,#586,.T.);
#588=EDGE_LOOP('',(#527,#535,#543,#551,#560,#581,#587));
#589=FACE_BOUND('',#588,.T.);
#590=CARTESIAN_POINT('',(-2.642000054,8.073198939,0.));
#591=VERTEX_POINT('',#590);
#592=CARTESIAN_POINT('',(-2.642000054,7.804482574,0.));
#593=VERTEX_POINT('',#592);
#594=CARTESIAN_POINT('',(-2.642000054,8.073198939,0.));
#595=DIRECTION('',(0.,-1.,0.));
#596=VECTOR('',#595,0.268716365);
#597=LINE('',#594,#596);
#598=EDGE_CURVE('',#591,#593,#597,.T.);
#599=ORIENTED_EDGE('',*,*,#598,.T.);
#600=CARTESIAN_POINT('',(-0.61138529,7.804482574,0.));
#601=VERTEX_POINT('',#600);
#602=CARTESIAN_POINT('',(-2.642000054,7.804482574,0.));
#603=DIRECTION('',(1.,0.,-0.));
#604=VECTOR('',#603,2.030614763);
#605=LINE('',#602,#604);
#606=EDGE_CURVE('',#593,#601,#605,.T.);
#607=ORIENTED_EDGE('',*,*,#606,.T.);
#608=CARTESIAN_POINT('',(-0.61138529,8.073198939,0.));
#609=VERTEX_POINT('',#608);
#610=CARTESIAN_POINT('',(-0.61138529,7.804482574,0.));
#611=DIRECTION('',(0.,1.,0.));
#612=VECTOR('',#611,0.268716365);
#613=LINE('',#610,#612);
#614=EDGE_CURVE('',#601,#609,#613,.T.);
#615=ORIENTED_EDGE('',*,*,#614,.T.);
#616=CARTESIAN_POINT('',(-0.61138529,8.073198939,0.));
#617=DIRECTION('',(-1.,0.,0.));
#618=VECTOR('',#617,2.030614763);
#619=LINE('',#616,#618);
#620=EDGE_CURVE('',#609,#591,#619,.T.);
#621=ORIENTED_EDGE('',*,*,#620,.T.);
#622=EDGE_LOOP('',(#599,#607,#615,#621));
#623=FACE_BOUND('',#622,.T.);
#624=CARTESIAN_POINT('',(-2.642000054,4.488458255,0.));
#625=VERTEX_POINT('',#624);
#626=CARTESIAN_POINT('',(-2.642000054,4.229436958,0.));
#627=VERTEX_POINT('',#626);
#628=CARTESIAN_POINT('',(-2.642000054,4.488458255,0.));
#629=DIRECTION('',(0.,-1.,0.));
#630=VECTOR('',#629,0.259021297);
#631=LINE('',#628,#630);
#632=EDGE_CURVE('',#625,#627,#631,.T.);
#633=ORIENTED_EDGE('',*,*,#632,.T.);
#634=CARTESIAN_POINT('',(-0.942433678,4.229436958,0.));
#635=VERTEX_POINT('',#634);
#636=CARTESIAN_POINT('',(-2.642000054,4.229436958,0.));
#637=DIRECTION('',(1.,0.,-0.));
#638=VECTOR('',#637,1.699566375);
#639=LINE('',#636,#638);
#640=EDGE_CURVE('',#627,#635,#639,.T.);
#641=ORIENTED_EDGE('',*,*,#640,.T.);
#642=CARTESIAN_POINT('',(-2.642000054,3.639367739,0.));
#643=VERTEX_POINT('',#642);
#644=CARTESIAN_POINT('',(-0.942433678,4.229436958,0.));
#645=DIRECTION('',(-0.944683652,-0.327982922,0.));
#646=VECTOR('',#645,1.799085198);
#647=LINE('',#644,#646);
#648=EDGE_CURVE('',#635,#643,#647,.T.);
#649=ORIENTED_EDGE('',*,*,#648,.T.);
#650=CARTESIAN_POINT('',(-2.642000054,3.396967756,0.));
#651=VERTEX_POINT('',#650);
#652=CARTESIAN_POINT('',(-2.642000054,3.639367739,0.));
#653=DIRECTION('',(0.,-1.,0.));
#654=VECTOR('',#653,0.242399983);
#655=LINE('',#652,#654);
#656=EDGE_CURVE('',#643,#651,#655,.T.);
#657=ORIENTED_EDGE('',*,*,#656,.T.);
#658=CARTESIAN_POINT('',(-0.91334568,2.809669221,0.));
#659=VERTEX_POINT('',#658);
#660=CARTESIAN_POINT('',(-2.642000054,3.396967756,0.));
#661=DIRECTION('',(0.94684683,-0.321684753,0.));
#662=VECTOR('',#661,1.825695898);
#663=LINE('',#660,#662);
#664=EDGE_CURVE('',#651,#659,#663,.T.);
#665=ORIENTED_EDGE('',*,*,#664,.T.);
#666=CARTESIAN_POINT('',(-2.642000054,2.809669221,0.));
#667=VERTEX_POINT('',#666);
#668=CARTESIAN_POINT('',(-0.91334568,2.809669221,0.));
#669=DIRECTION('',(-1.,0.,0.));
#670=VECTOR('',#669,1.728654373);
#671=LINE('',#668,#670);
#672=EDGE_CURVE('',#659,#667,#671,.T.);
#673=ORIENTED_EDGE('',*,*,#672,.T.);
#674=CARTESIAN_POINT('',(-2.642000054,2.550647924,0.));
#675=VERTEX_POINT('',#674);
#676=CARTESIAN_POINT('',(-2.642000054,2.809669221,0.));
#677=DIRECTION('',(0.,-1.,0.));
#678=VECTOR('',#677,0.259021297);
#679=LINE('',#676,#678);
#680=EDGE_CURVE('',#667,#675,#679,.T.);
#681=ORIENTED_EDGE('',*,*,#680,.T.);
#682=CARTESIAN_POINT('',(-0.61138529,2.550647924,0.));
#683=VERTEX_POINT('',#682);
#684=CARTESIAN_POINT('',(-2.642000054,2.550647924,0.));
#685=DIRECTION('',(1.,0.,-0.));
#686=VECTOR('',#685,2.030614763);
#687=LINE('',#684,#686);
#688=EDGE_CURVE('',#675,#683,#687,.T.);
#689=ORIENTED_EDGE('',*,*,#688,.T.);
#690=CARTESIAN_POINT('',(-0.61138529,2.955108279,0.));
#691=VERTEX_POINT('',#690);
#692=CARTESIAN_POINT('',(-0.61138529,2.550647924,0.));
#693=DIRECTION('',(0.,1.,0.));
#694=VECTOR('',#693,0.404460356);
#695=LINE('',#692,#694);
#696=EDGE_CURVE('',#683,#691,#695,.T.);
#697=ORIENTED_EDGE('',*,*,#696,.T.);
#698=CARTESIAN_POINT('',(-2.049160149,3.435751753,0.));
#699=VERTEX_POINT('',#698);
#700=CARTESIAN_POINT('',(-0.61138529,2.955108279,0.));
#701=DIRECTION('',(-0.948408826,0.317049995,0.));
#702=VECTOR('',#701,1.515986377);
#703=LINE('',#700,#702);
#704=EDGE_CURVE('',#691,#699,#703,.T.);
#705=ORIENTED_EDGE('',*,*,#704,.T.);
#706=CARTESIAN_POINT('',(-2.349735663,3.532711746,0.));
#707=VERTEX_POINT('',#706);
#708=CARTESIAN_POINT('',(-2.049160149,3.435751753,0.));
#709=CARTESIAN_POINT('',(-2.183057094,3.480076188,0.));
#710=CARTESIAN_POINT('',(-2.283248777,3.512395876,0.));
#711=CARTESIAN_POINT('',(-2.349735663,3.532711746,0.));
#712=B_SPLINE_CURVE_WITH_KNOTS('',3,(#708,#709,#710,#711),.UNSPECIFIED.,.F.,.F.,(4,4),(0.,0.473197861),.UNSPECIFIED.);
#713=EDGE_CURVE('',#699,#707,#712,.T.);
#714=ORIENTED_EDGE('',*,*,#713,.T.);
#715=CARTESIAN_POINT('',(-2.024227713,3.640752615,0.));
#716=VERTEX_POINT('',#715);
#717=CARTESIAN_POINT('',(-2.349735663,3.532711746,0.));
#718=CARTESIAN_POINT('',(-2.275861526,3.555796439,0.));
#719=CARTESIAN_POINT('',(-2.167358954,3.591809751,0.));
#720=CARTESIAN_POINT('',(-2.024227713,3.640752615,0.));
#721=B_SPLINE_CURVE_WITH_KNOTS('',3,(#717,#718,#719,#720),.UNSPECIFIED.,.F.,.F.,(4,4),(0.473197861,1.),.UNSPECIFIED.);
#722=EDGE_CURVE('',#707,#716,#721,.T.);
#723=ORIENTED_EDGE('',*,*,#722,.T.);
#724=CARTESIAN_POINT('',(-0.61138529,4.126936527,0.));
#725=VERTEX_POINT('',#724);
#726=CARTESIAN_POINT('',(-2.024227713,3.640752615,0.));
#727=DIRECTION('',(0.945579696,0.325390594,0.));
#728=VECTOR('',#727,1.49415478);
#729=LINE('',#726,#728);
#730=EDGE_CURVE('',#716,#725,#729,.T.);
#731=ORIENTED_EDGE('',*,*,#730,.T.);
#732=CARTESIAN_POINT('',(-0.61138529,4.488458255,0.));
#733=VERTEX_POINT('',#732);
#734=CARTESIAN_POINT('',(-0.61138529,4.126936527,0.));
#735=DIRECTION('',(0.,1.,0.));
#736=VECTOR('',#735,0.361521728);
#737=LINE('',#734,#736);
#738=EDGE_CURVE('',#725,#733,#737,.T.);
#739=ORIENTED_EDGE('',*,*,#738,.T.);
#740=CARTESIAN_POINT('',(-0.61138529,4.488458255,0.));
#741=DIRECTION('',(-1.,0.,0.));
#742=VECTOR('',#741,2.030614763);
#743=LINE('',#740,#742);
#744=EDGE_CURVE('',#733,#625,#743,.T.);
#745=ORIENTED_EDGE('',*,*,#744,.T.);
#746=EDGE_LOOP('',(#633,#641,#649,#657,#665,#673,#681,#689,#697,#705,#714,#723,#731,#739,#745));
#747=FACE_BOUND('',#746,.T.);
#748=CARTESIAN_POINT('',(1.445547485,-1.825701581,0.));
#749=VERTEX_POINT('',#748);
#750=CARTESIAN_POINT('',(0.620004179,-1.825701581,0.));
#751=VERTEX_POINT('',#750);
#752=CARTESIAN_POINT('',(1.445547485,-1.825701581,0.));
#753=DIRECTION('',(-1.,0.,0.));
#754=VECTOR('',#753,0.825543306);
#755=LINE('',#752,#754);
#756=EDGE_CURVE('',#749,#751,#755,.T.);
#757=ORIENTED_EDGE('',*,*,#756,.T.);
#758=CARTESIAN_POINT('',(0.620004179,-2.094418179,0.));
#759=VERTEX_POINT('',#758);
#760=CARTESIAN_POINT('',(0.620004179,-1.825701581,0.));
#761=DIRECTION('',(0.,-1.,0.));
#762=VECTOR('',#761,0.268716598);
#763=LINE('',#760,#762);
#764=EDGE_CURVE('',#751,#759,#763,.T.);
#765=ORIENTED_EDGE('',*,*,#764,.T.);
#766=CARTESIAN_POINT('',(2.650618943,-2.094418179,0.));
#767=VERTEX_POINT('',#766);
#768=CARTESIAN_POINT('',(0.620004179,-2.094418179,0.));
#769=DIRECTION('',(1.,0.,-0.));
#770=VECTOR('',#769,2.030614763);
#771=LINE('',#768,#770);
#772=EDGE_CURVE('',#759,#767,#771,.T.);
#773=ORIENTED_EDGE('',*,*,#772,.T.);
#774=CARTESIAN_POINT('',(2.650618943,-1.328436328,0.));
#775=VERTEX_POINT('',#774);
#776=CARTESIAN_POINT('',(2.650618943,-2.094418179,0.));
#777=DIRECTION('',(0.,1.,0.));
#778=VECTOR('',#777,0.765981851);
#779=LINE('',#776,#778);
#780=EDGE_CURVE('',#767,#775,#779,.T.);
#781=ORIENTED_EDGE('',*,*,#780,.T.);
#782=CARTESIAN_POINT('',(2.631227177,-1.019550158,0.));
#783=VERTEX_POINT('',#782);
#784=CARTESIAN_POINT('',(2.650618943,-1.328436328,0.));
#785=CARTESIAN_POINT('',(2.650618943,-1.19361621,0.));
#786=CARTESIAN_POINT('',(2.644154866,-1.090654308,0.));
#787=CARTESIAN_POINT('',(2.631227177,-1.019550158,0.));
#788=B_SPLINE_CURVE_WITH_KNOTS('',3,(#784,#785,#786,#787),.UNSPECIFIED.,.F.,.F.,(4,4),(0.,0.100027798),.UNSPECIFIED.);
#789=EDGE_CURVE('',#775,#783,#788,.T.);
#790=ORIENTED_EDGE('',*,*,#789,.T.);
#791=CARTESIAN_POINT('',(1.445547485,-1.304888768,0.));
#792=VERTEX_POINT('',#791);
#793=CARTESIAN_POINT('',(2.631227177,-1.019550158,0.));
#794=CARTESIAN_POINT('',(2.614605397,-0.919820411,0.));
#795=CARTESIAN_POINT('',(2.582977916,-0.836250508,0.));
#796=CARTESIAN_POINT('',(2.536344964,-0.768839983,0.));
#797=CARTESIAN_POINT('',(2.489711897,-0.701429924,0.));
#798=CARTESIAN_POINT('',(2.424379502,-0.647178521,0.));
#799=CARTESIAN_POINT('',(2.340347779,-0.606085775,0.));
#800=CARTESIAN_POINT('',(2.256315824,-0.564993495,0.));
#801=CARTESIAN_POINT('',(2.163973212,-0.544447122,0.));
#802=CARTESIAN_POINT('',(2.063319826,-0.544447122,0.));
#803=CARTESIAN_POINT('',(1.890638884,-0.544447122,0.));
#804=CARTESIAN_POINT('',(1.744506688,-0.599390963,0.));
#805=CARTESIAN_POINT('',(1.624923007,-0.709278645,0.));
#806=CARTESIAN_POINT('',(1.505339268,-0.819166793,0.));
#807=CARTESIAN_POINT('',(1.445547485,-1.017703811,0.));
#808=CARTESIAN_POINT('',(1.445547485,-1.304888768,0.));
#809=B_SPLINE_CURVE_WITH_KNOTS('',3,(#793,#794,#795,#796,#797,#798,#799,#800,#801,#802,#803,#804,#805,#806,#807,#808),.UNSPECIFIED.,.F.,.F.,(4,3,3,3,3,4),(0.100027798,0.239966627,0.379904915,0.51984321,0.75992134,1.),.UNSPECIFIED.);
#810=EDGE_CURVE('',#783,#792,#809,.T.);
#811=ORIENTED_EDGE('',*,*,#810,.T.);
#812=CARTESIAN_POINT('',(1.445547485,-1.304888768,0.));
#813=DIRECTION('',(0.,-1.,0.));
#814=VECTOR('',#813,0.520812813);
#815=LINE('',#812,#814);
#816=EDGE_CURVE('',#792,#749,#815,.T.);
#817=ORIENTED_EDGE('',*,*,#816,.T.);
#818=EDGE_LOOP('',(#757,#765,#773,#781,#790,#811,#817));
#819=FACE_BOUND('',#818,.T.);
#820=CARTESIAN_POINT('',(-7.112,-9.906,0.));
#821=VERTEX_POINT('',#820);
#822=CARTESIAN_POINT('',(-7.5184,-9.906,0.));
#823=DIRECTION('',(0.,0.,1.));
#824=DIRECTION('',(1.,0.,-0.));
#825=AXIS2_PLACEMENT_3D('',#822,#823,#824);
#826=CIRCLE('',#825,0.4064);
#827=EDGE_CURVE('',#821,#821,#826,.T.);
#828=ORIENTED_EDGE('',*,*,#827,.T.);
#829=EDGE_LOOP('',(#828));
#830=FACE_BOUND('',#829,.T.);
#831=CARTESIAN_POINT('',(-7.112,-2.4003,0.));
#832=VERTEX_POINT('',#831);
#833=CARTESIAN_POINT('',(-7.5184,-2.4003,0.));
#834=DIRECTION('',(0.,0.,1.));
#835=DIRECTION('',(1.,0.,-0.));
#836=AXIS2_PLACEMENT_3D('',#833,#834,#835);
#837=CIRCLE('',#836,0.4064);
#838=EDGE_CURVE('',#832,#832,#837,.T.);
#839=ORIENTED_EDGE('',*,*,#838,.T.);
#840=EDGE_LOOP('',(#839));
#841=FACE_BOUND('',#840,.T.);
#842=CARTESIAN_POINT('',(-7.112,2.6035,0.));
#843=VERTEX_POINT('',#842);
#844=CARTESIAN_POINT('',(-7.5184,2.6035,0.));
#845=DIRECTION('',(0.,0.,1.));
#846=DIRECTION('',(1.,0.,-0.));
#847=AXIS2_PLACEMENT_3D('',#844,#845,#846);
#848=CIRCLE('',#847,0.4064);
#849=EDGE_CURVE('',#843,#843,#848,.T.);
#850=ORIENTED_EDGE('',*,*,#849,.T.);
#851=EDGE_LOOP('',(#850));
#852=FACE_BOUND('',#851,.T.);
#853=CARTESIAN_POINT('',(-7.112,5.1054,0.));
#854=VERTEX_POINT('',#853);
#855=CARTESIAN_POINT('',(-7.5184,5.1054,0.));
#856=DIRECTION('',(0.,0.,1.));
#857=DIRECTION('',(1.,0.,-0.));
#858=AXIS2_PLACEMENT_3D('',#855,#856,#857);
#859=CIRCLE('',#858,0.4064);
#860=EDGE_CURVE('',#854,#854,#859,.T.);
#861=ORIENTED_EDGE('',*,*,#860,.T.);
#862=EDGE_LOOP('',(#861));
#863=FACE_BOUND('',#862,.T.);
#864=CARTESIAN_POINT('',(-7.112,-7.4041,0.));
#865=VERTEX_POINT('',#864);
#866=CARTESIAN_POINT('',(-7.5184,-7.4041,0.));
#867=DIRECTION('',(0.,0.,1.));
#868=DIRECTION('',(1.,0.,-0.));
#869=AXIS2_PLACEMENT_3D('',#866,#867,#868);
#870=CIRCLE('',#869,0.4064);
#871=EDGE_CURVE('',#865,#865,#870,.T.);
#872=ORIENTED_EDGE('',*,*,#871,.T.);
#873=EDGE_LOOP('',(#872));
#874=FACE_BOUND('',#873,.T.);
#875=CARTESIAN_POINT('',(7.9248,10.1092,0.));
#876=VERTEX_POINT('',#875);
#877=CARTESIAN_POINT('',(7.5184,10.1092,0.));
#878=DIRECTION('',(0.,0.,1.));
#879=DIRECTION('',(1.,0.,-0.));
#880=AXIS2_PLACEMENT_3D('',#877,#878,#879);
#881=CIRCLE('',#880,0.4064);
#882=EDGE_CURVE('',#876,#876,#881,.T.);
#883=ORIENTED_EDGE('',*,*,#882,.T.);
#884=EDGE_LOOP('',(#883));
#885=FACE_BOUND('',#884,.T.);
#886=CARTESIAN_POINT('',(7.9248,5.1054,0.));
#887=VERTEX_POINT('',#886);
#888=CARTESIAN_POINT('',(7.5184,5.1054,0.));
#889=DIRECTION('',(0.,0.,1.));
#890=DIRECTION('',(1.,0.,-0.));
#891=AXIS2_PLACEMENT_3D('',#888,#889,#890);
#892=CIRCLE('',#891,0.4064);
#893=EDGE_CURVE('',#887,#887,#892,.T.);
#894=ORIENTED_EDGE('',*,*,#893,.T.);
#895=EDGE_LOOP('',(#894));
#896=FACE_BOUND('',#895,.T.);
#897=CARTESIAN_POINT('',(7.9248,-2.4003,0.));
#898=VERTEX_POINT('',#897);
#899=CARTESIAN_POINT('',(7.5184,-2.4003,0.));
#900=DIRECTION('',(0.,0.,1.));
#901=DIRECTION('',(1.,0.,-0.));
#902=AXIS2_PLACEMENT_3D('',#899,#900,#901);
#903=CIRCLE('',#902,0.4064);
#904=EDGE_CURVE('',#898,#898,#903,.T.);
#905=ORIENTED_EDGE('',*,*,#904,.T.);
#906=EDGE_LOOP('',(#905));
#907=FACE_BOUND('',#906,.T.);
#908=CARTESIAN_POINT('',(-7.112,7.6073,0.));
#909=VERTEX_POINT('',#908);
#910=CARTESIAN_POINT('',(-7.5184,7.6073,0.));
#911=DIRECTION('',(0.,0.,1.));
#912=DIRECTION('',(1.,0.,-0.));
#913=AXIS2_PLACEMENT_3D('',#910,#911,#912);
#914=CIRCLE('',#913,0.4064);
#915=EDGE_CURVE('',#909,#909,#914,.T.);
#916=ORIENTED_EDGE('',*,*,#915,.T.);
#917=EDGE_LOOP('',(#916));
#918=FACE_BOUND('',#917,.T.);
#919=CARTESIAN_POINT('',(-7.112,10.1092,0.));
#920=VERTEX_POINT('',#919);
#921=CARTESIAN_POINT('',(-7.5184,10.1092,0.));
#922=DIRECTION('',(0.,0.,1.));
#923=DIRECTION('',(1.,0.,-0.));
#924=AXIS2_PLACEMENT_3D('',#921,#922,#923);
#925=CIRCLE('',#924,0.4064);
#926=EDGE_CURVE('',#920,#920,#925,.T.);
#927=ORIENTED_EDGE('',*,*,#926,.T.);
#928=EDGE_LOOP('',(#927));
#929=FACE_BOUND('',#928,.T.);
#930=CARTESIAN_POINT('',(-7.112,-4.9022,0.));
#931=VERTEX_POINT('',#930);
#932=CARTESIAN_POINT('',(-7.5184,-4.9022,0.));
#933=DIRECTION('',(0.,0.,1.));
#934=DIRECTION('',(1.,0.,-0.));
#935=AXIS2_PLACEMENT_3D('',#932,#933,#934);
#936=CIRCLE('',#935,0.4064);
#937=EDGE_CURVE('',#931,#931,#936,.T.);
#938=ORIENTED_EDGE('',*,*,#937,.T.);
#939=EDGE_LOOP('',(#938));
#940=FACE_BOUND('',#939,.T.);
#941=CARTESIAN_POINT('',(7.9248,-7.4041,0.));
#942=VERTEX_POINT('',#941);
#943=CARTESIAN_POINT('',(7.5184,-7.4041,0.));
#944=DIRECTION('',(0.,0.,1.));
#945=DIRECTION('',(1.,0.,-0.));
#946=AXIS2_PLACEMENT_3D('',#943,#944,#945);
#947=CIRCLE('',#946,0.4064);
#948=EDGE_CURVE('',#942,#942,#947,.T.);
#949=ORIENTED_EDGE('',*,*,#948,.T.);
#950=EDGE_LOOP('',(#949));
#951=FACE_BOUND('',#950,.T.);
#952=CARTESIAN_POINT('',(7.9248,0.1016,0.));
#953=VERTEX_POINT('',#952);
#954=CARTESIAN_POINT('',(7.5184,0.1016,0.));
#955=DIRECTION('',(0.,0.,1.));
#956=DIRECTION('',(1.,0.,-0.));
#957=AXIS2_PLACEMENT_3D('',#954,#955,#956);
#958=CIRCLE('',#957,0.4064);
#959=EDGE_CURVE('',#953,#953,#958,.T.);
#960=ORIENTED_EDGE('',*,*,#959,.T.);
#961=EDGE_LOOP('',(#960));
#962=FACE_BOUND('',#961,.T.);
#963=CARTESIAN_POINT('',(-7.112,0.1016,0.));
#964=VERTEX_POINT('',#963);
#965=CARTESIAN_POINT('',(-7.5184,0.1016,0.));
#966=DIRECTION('',(0.,0.,1.));
#967=DIRECTION('',(1.,0.,-0.));
#968=AXIS2_PLACEMENT_3D('',#965,#966,#967);
#969=CIRCLE('',#968,0.4064);
#970=EDGE_CURVE('',#964,#964,#969,.T.);
#971=ORIENTED_EDGE('',*,*,#970,.T.);
#972=EDGE_LOOP('',(#971));
#973=FACE_BOUND('',#972,.T.);
#974=CARTESIAN_POINT('',(7.9248,-9.906,0.));
#975=VERTEX_POINT('',#974);
#976=CARTESIAN_POINT('',(7.5184,-9.906,0.));
#977=DIRECTION('',(0.,0.,1.));
#978=DIRECTION('',(1.,0.,-0.));
#979=AXIS2_PLACEMENT_3D('',#976,#977,#978);
#980=CIRCLE('',#979,0.4064);
#981=EDGE_CURVE('',#975,#975,#980,.T.);
#982=ORIENTED_EDGE('',*,*,#981,.T.);
#983=EDGE_LOOP('',(#982));
#984=FACE_BOUND('',#983,.T.);
#985=CARTESIAN_POINT('',(7.9248,7.6073,0.));
#986=VERTEX_POINT('',#985);
#987=CARTESIAN_POINT('',(7.5184,7.6073,0.));
#988=DIRECTION('',(0.,0.,1.));
#989=DIRECTION('',(1.,0.,-0.));
#990=AXIS2_PLACEMENT_3D('',#987,#988,#989);
#991=CIRCLE('',#990,0.4064);
#992=EDGE_CURVE('',#986,#986,#991,.T.);
#993=ORIENTED_EDGE('',*,*,#992,.T.);
#994=EDGE_LOOP('',(#993));
#995=FACE_BOUND('',#994,.T.);
#996=CARTESIAN_POINT('',(7.9248,2.6035,0.));
#997=VERTEX_POINT('',#996);
#998=CARTESIAN_POINT('',(7.5184,2.6035,0.));
#999=DIRECTION('',(0.,0.,1.));
#1000=DIRECTION('',(1.,0.,-0.));
#1001=AXIS2_PLACEMENT_3D('',#998,#999,#1000);
#1002=CIRCLE('',#1001,0.4064);
#1003=EDGE_CURVE('',#997,#997,#1002,.T.);
#1004=ORIENTED_EDGE('',*,*,#1003,.T.);
#1005=EDGE_LOOP('',(#1004));
#1006=FACE_BOUND('',#1005,.T.);
#1007=CARTESIAN_POINT('',(7.9248,-4.9022,0.));
#1008=VERTEX_POINT('',#1007);
#1009=CARTESIAN_POINT('',(7.5184,-4.9022,0.));
#1010=DIRECTION('',(0.,0.,1.));
#1011=DIRECTION('',(1.,0.,-0.));
#1012=AXIS2_PLACEMENT_3D('',#1009,#1010,#1011);
#1013=CIRCLE('',#1012,0.4064);
#1014=EDGE_CURVE('',#1008,#1008,#1013,.T.);
#1015=ORIENTED_EDGE('',*,*,#1014,.T.);
#1016=EDGE_LOOP('',(#1015));
#1017=FACE_BOUND('',#1016,.T.);
#1018=CARTESIAN_POINT('',(-9.017,9.7028,0.));
#1019=VERTEX_POINT('',#1018);
#1020=CARTESIAN_POINT('',(-9.017,8.0137,0.));
#1021=VERTEX_POINT('',#1020);
#1022=CARTESIAN_POINT('',(-9.017,9.7028,0.));
#1023=DIRECTION('',(0.,-1.,0.));
#1024=VECTOR('',#1023,1.6891);
#1025=LINE('',#1022,#1024);
#1026=EDGE_CURVE('',#1019,#1021,#1025,.T.);
#1027=ORIENTED_EDGE('',*,*,#1026,.F.);
#1028=CARTESIAN_POINT('',(-8.6106,10.1092,0.));
#1029=VERTEX_POINT('',#1028);
#1030=CARTESIAN_POINT('',(-9.017,10.1092,0.));
#1031=DIRECTION('',(0.,0.,1.));
#1032=DIRECTION('',(1.,0.,-0.));
#1033=AXIS2_PLACEMENT_3D('',#1030,#1031,#1032);
#1034=CIRCLE('',#1033,0.4064);
#1035=EDGE_CURVE('',#1019,#1029,#1034,.T.);
#1036=ORIENTED_EDGE('',*,*,#1035,.T.);
#1037=CARTESIAN_POINT('',(-9.017,10.5156,0.));
#1038=VERTEX_POINT('',#1037);
#1039=CARTESIAN_POINT('',(-9.017,10.1092,0.));
#1040=DIRECTION('',(0.,0.,1.));
#1041=DIRECTION('',(1.,0.,-0.));
#1042=AXIS2_PLACEMENT_3D('',#1039,#1040,#1041);
#1043=CIRCLE('',#1042,0.4064);
#1044=EDGE_CURVE('',#1029,#1038,#1043,.T.);
#1045=ORIENTED_EDGE('',*,*,#1044,.T.);
#1046=CARTESIAN_POINT('',(-9.017,11.8618,0.));
#1047=VERTEX_POINT('',#1046);
#1048=CARTESIAN_POINT('',(-9.017,11.8618,0.));
#1049=DIRECTION('',(0.,-1.,0.));
#1050=VECTOR('',#1049,1.3462);
#1051=LINE('',#1048,#1050);
#1052=EDGE_CURVE('',#1047,#1038,#1051,.T.);
#1053=ORIENTED_EDGE('',*,*,#1052,.F.);
#1054=CARTESIAN_POINT('',(9.017,11.8618,0.));
#1055=VERTEX_POINT('',#1054);
#1056=CARTESIAN_POINT('',(9.017,11.8618,0.));
#1057=DIRECTION('',(-1.,0.,0.));
#1058=VECTOR('',#1057,18.034);
#1059=LINE('',#1056,#1058);
#1060=EDGE_CURVE('',#1055,#1047,#1059,.T.);
#1061=ORIENTED_EDGE('',*,*,#1060,.F.);
#1062=CARTESIAN_POINT('',(9.017,10.5156,0.));
#1063=VERTEX_POINT('',#1062);
#1064=CARTESIAN_POINT('',(9.017,10.5156,0.));
#1065=DIRECTION('',(0.,1.,0.));
#1066=VECTOR('',#1065,1.3462);
#1067=LINE('',#1064,#1066);
#1068=EDGE_CURVE('',#1063,#1055,#1067,.T.);
#1069=ORIENTED_EDGE('',*,*,#1068,.F.);
#1070=CARTESIAN_POINT('',(9.017,9.7028,0.));
#1071=VERTEX_POINT('',#1070);
#1072=CARTESIAN_POINT('',(9.017,10.1092,0.));
#1073=DIRECTION('',(0.,0.,1.));
#1074=DIRECTION('',(1.,0.,-0.));
#1075=AXIS2_PLACEMENT_3D('',#1072,#1073,#1074);
#1076=CIRCLE('',#1075,0.4064);
#1077=EDGE_CURVE('',#1063,#1071,#1076,.T.);
#1078=ORIENTED_EDGE('',*,*,#1077,.T.);
#1079=CARTESIAN_POINT('',(9.017,8.0137,0.));
#1080=VERTEX_POINT('',#1079);
#1081=CARTESIAN_POINT('',(9.017,8.0137,0.));
#1082=DIRECTION('',(0.,1.,0.));
#1083=VECTOR('',#1082,1.6891);
#1084=LINE('',#1081,#1083);
#1085=EDGE_CURVE('',#1080,#1071,#1084,.T.);
#1086=ORIENTED_EDGE('',*,*,#1085,.F.);
#1087=CARTESIAN_POINT('',(9.017,7.2009,0.));
#1088=VERTEX_POINT('',#1087);
#1089=CARTESIAN_POINT('',(9.017,7.6073,0.));
#1090=DIRECTION('',(0.,0.,1.));
#1091=DIRECTION('',(1.,0.,-0.));
#1092=AXIS2_PLACEMENT_3D('',#1089,#1090,#1091);
#1093=CIRCLE('',#1092,0.4064);
#1094=EDGE_CURVE('',#1080,#1088,#1093,.T.);
#1095=ORIENTED_EDGE('',*,*,#1094,.T.);
#1096=CARTESIAN_POINT('',(9.017,5.5118,0.));
#1097=VERTEX_POINT('',#1096);
#1098=CARTESIAN_POINT('',(9.017,5.5118,0.));
#1099=DIRECTION('',(0.,1.,0.));
#1100=VECTOR('',#1099,1.6891);
#1101=LINE('',#1098,#1100);
#1102=EDGE_CURVE('',#1097,#1088,#1101,.T.);
#1103=ORIENTED_EDGE('',*,*,#1102,.F.);
#1104=CARTESIAN_POINT('',(9.017,4.699,0.));
#1105=VERTEX_POINT('',#1104);
#1106=CARTESIAN_POINT('',(9.017,5.1054,0.));
#1107=DIRECTION('',(0.,0.,1.));
#1108=DIRECTION('',(1.,0.,-0.));
#1109=AXIS2_PLACEMENT_3D('',#1106,#1107,#1108);
#1110=CIRCLE('',#1109,0.4064);
#1111=EDGE_CURVE('',#1097,#1105,#1110,.T.);
#1112=ORIENTED_EDGE('',*,*,#1111,.T.);
#1113=CARTESIAN_POINT('',(9.017,3.0099,0.));
#1114=VERTEX_POINT('',#1113);
#1115=CARTESIAN_POINT('',(9.017,3.0099,0.));
#1116=DIRECTION('',(0.,1.,0.));
#1117=VECTOR('',#1116,1.6891);
#1118=LINE('',#1115,#1117);
#1119=EDGE_CURVE('',#1114,#1105,#1118,.T.);
#1120=ORIENTED_EDGE('',*,*,#1119,.F.);
#1121=CARTESIAN_POINT('',(9.017,2.1971,0.));
#1122=VERTEX_POINT('',#1121);
#1123=CARTESIAN_POINT('',(9.017,2.6035,0.));
#1124=DIRECTION('',(0.,0.,1.));
#1125=DIRECTION('',(1.,0.,-0.));
#1126=AXIS2_PLACEMENT_3D('',#1123,#1124,#1125);
#1127=CIRCLE('',#1126,0.4064);
#1128=EDGE_CURVE('',#1114,#1122,#1127,.T.);
#1129=ORIENTED_EDGE('',*,*,#1128,.T.);
#1130=CARTESIAN_POINT('',(9.017,0.508,0.));
#1131=VERTEX_POINT('',#1130);
#1132=CARTESIAN_POINT('',(9.017,0.508,0.));
#1133=DIRECTION('',(0.,1.,0.));
#1134=VECTOR('',#1133,1.6891);
#1135=LINE('',#1132,#1134);
#1136=EDGE_CURVE('',#1131,#1122,#1135,.T.);
#1137=ORIENTED_EDGE('',*,*,#1136,.F.);
#1138=CARTESIAN_POINT('',(9.017,-0.3048,0.));
#1139=VERTEX_POINT('',#1138);
#1140=CARTESIAN_POINT('',(9.017,0.1016,0.));
#1141=DIRECTION('',(0.,0.,1.));
#1142=DIRECTION('',(1.,0.,-0.));
#1143=AXIS2_PLACEMENT_3D('',#1140,#1141,#1142);
#1144=CIRCLE('',#1143,0.4064);
#1145=EDGE_CURVE('',#1131,#1139,#1144,.T.);
#1146=ORIENTED_EDGE('',*,*,#1145,.T.);
#1147=CARTESIAN_POINT('',(9.017,-1.9939,0.));
#1148=VERTEX_POINT('',#1147);
#1149=CARTESIAN_POINT('',(9.017,-1.9939,0.));
#1150=DIRECTION('',(0.,1.,0.));
#1151=VECTOR('',#1150,1.6891);
#1152=LINE('',#1149,#1151);
#1153=EDGE_CURVE('',#1148,#1139,#1152,.T.);
#1154=ORIENTED_EDGE('',*,*,#1153,.F.);
#1155=CARTESIAN_POINT('',(9.017,-2.8067,0.));
#1156=VERTEX_POINT('',#1155);
#1157=CARTESIAN_POINT('',(9.017,-2.4003,0.));
#1158=DIRECTION('',(0.,0.,1.));
#1159=DIRECTION('',(1.,0.,-0.));
#1160=AXIS2_PLACEMENT_3D('',#1157,#1158,#1159);
#1161=CIRCLE('',#1160,0.4064);
#1162=EDGE_CURVE('',#1148,#1156,#1161,.T.);
#1163=ORIENTED_EDGE('',*,*,#1162,.T.);
#1164=CARTESIAN_POINT('',(9.017,-4.4958,0.));
#1165=VERTEX_POINT('',#1164);
#1166=CARTESIAN_POINT('',(9.017,-4.4958,0.));
#1167=DIRECTION('',(0.,1.,0.));
#1168=VECTOR('',#1167,1.6891);
#1169=LINE('',#1166,#1168);
#1170=EDGE_CURVE('',#1165,#1156,#1169,.T.);
#1171=ORIENTED_EDGE('',*,*,#1170,.F.);
#1172=CARTESIAN_POINT('',(9.017,-5.3086,0.));
#1173=VERTEX_POINT('',#1172);
#1174=CARTESIAN_POINT('',(9.017,-4.9022,0.));
#1175=DIRECTION('',(0.,0.,1.));
#1176=DIRECTION('',(1.,0.,-0.));
#1177=AXIS2_PLACEMENT_3D('',#1174,#1175,#1176);
#1178=CIRCLE('',#1177,0.4064);
#1179=EDGE_CURVE('',#1165,#1173,#1178,.T.);
#1180=ORIENTED_EDGE('',*,*,#1179,.T.);
#1181=CARTESIAN_POINT('',(9.017,-6.9977,0.));
#1182=VERTEX_POINT('',#1181);
#1183=CARTESIAN_POINT('',(9.017,-6.9977,0.));
#1184=DIRECTION('',(0.,1.,0.));
#1185=VECTOR('',#1184,1.6891);
#1186=LINE('',#1183,#1185);
#1187=EDGE_CURVE('',#1182,#1173,#1186,.T.);
#1188=ORIENTED_EDGE('',*,*,#1187,.F.);
#1189=CARTESIAN_POINT('',(9.017,-7.8105,0.));
#1190=VERTEX_POINT('',#1189);
#1191=CARTESIAN_POINT('',(9.017,-7.4041,0.));
#1192=DIRECTION('',(0.,0.,1.));
#1193=DIRECTION('',(1.,0.,-0.));
#1194=AXIS2_PLACEMENT_3D('',#1191,#1192,#1193);
#1195=CIRCLE('',#1194,0.4064);
#1196=EDGE_CURVE('',#1182,#1190,#1195,.T.);
#1197=ORIENTED_EDGE('',*,*,#1196,.T.);
#1198=CARTESIAN_POINT('',(9.017,-9.4996,0.));
#1199=VERTEX_POINT('',#1198);
#1200=CARTESIAN_POINT('',(9.017,-9.4996,0.));
#1201=DIRECTION('',(0.,1.,0.));
#1202=VECTOR('',#1201,1.6891);
#1203=LINE('',#1200,#1202);
#1204=EDGE_CURVE('',#1199,#1190,#1203,.T.);
#1205=ORIENTED_EDGE('',*,*,#1204,.F.);
#1206=CARTESIAN_POINT('',(9.017,-10.3124,0.));
#1207=VERTEX_POINT('',#1206);
#1208=CARTESIAN_POINT('',(9.017,-9.906,0.));
#1209=DIRECTION('',(0.,0.,1.));
#1210=DIRECTION('',(1.,0.,-0.));
#1211=AXIS2_PLACEMENT_3D('',#1208,#1209,#1210);
#1212=CIRCLE('',#1211,0.4064);
#1213=EDGE_CURVE('',#1199,#1207,#1212,.T.);
#1214=ORIENTED_EDGE('',*,*,#1213,.T.);
#1215=CARTESIAN_POINT('',(9.017,-11.8618,0.));
#1216=VERTEX_POINT('',#1215);
#1217=CARTESIAN_POINT('',(9.017,-11.8618,0.));
#1218=DIRECTION('',(0.,1.,0.));
#1219=VECTOR('',#1218,1.5494);
#1220=LINE('',#1217,#1219);
#1221=EDGE_CURVE('',#1216,#1207,#1220,.T.);
#1222=ORIENTED_EDGE('',*,*,#1221,.F.);
#1223=CARTESIAN_POINT('',(-9.017,-11.8618,0.));
#1224=VERTEX_POINT('',#1223);
#1225=CARTESIAN_POINT('',(-9.017,-11.8618,0.));
#1226=DIRECTION('',(1.,0.,-0.));
#1227=VECTOR('',#1226,18.034);
#1228=LINE('',#1225,#1227);
#1229=EDGE_CURVE('',#1224,#1216,#1228,.T.);
#1230=ORIENTED_EDGE('',*,*,#1229,.F.);
#1231=CARTESIAN_POINT('',(-9.017,-10.3124,0.));
#1232=VERTEX_POINT('',#1231);
#1233=CARTESIAN_POINT('',(-9.017,-10.3124,0.));
#1234=DIRECTION('',(0.,-1.,0.));
#1235=VECTOR('',#1234,1.5494);
#1236=LINE('',#1233,#1235);
#1237=EDGE_CURVE('',#1232,#1224,#1236,.T.);
#1238=ORIENTED_EDGE('',*,*,#1237,.F.);
#1239=CARTESIAN_POINT('',(-8.6106,-9.906,0.));
#1240=VERTEX_POINT('',#1239);
#1241=CARTESIAN_POINT('',(-9.017,-9.906,0.));
#1242=DIRECTION('',(0.,0.,1.));
#1243=DIRECTION('',(1.,0.,-0.));
#1244=AXIS2_PLACEMENT_3D('',#1241,#1242,#1243);
#1245=CIRCLE('',#1244,0.4064);
#1246=EDGE_CURVE('',#1232,#1240,#1245,.T.);
#1247=ORIENTED_EDGE('',*,*,#1246,.T.);
#1248=CARTESIAN_POINT('',(-9.017,-9.4996,0.));
#1249=VERTEX_POINT('',#1248);
#1250=CARTESIAN_POINT('',(-9.017,-9.906,0.));
#1251=DIRECTION('',(0.,0.,1.));
#1252=DIRECTION('',(1.,0.,-0.));
#1253=AXIS2_PLACEMENT_3D('',#1250,#1251,#1252);
#1254=CIRCLE('',#1253,0.4064);
#1255=EDGE_CURVE('',#1240,#1249,#1254,.T.);
#1256=ORIENTED_EDGE('',*,*,#1255,.T.);
#1257=CARTESIAN_POINT('',(-9.017,-7.8105,0.));
#1258=VERTEX_POINT('',#1257);
#1259=CARTESIAN_POINT('',(-9.017,-7.8105,0.));
#1260=DIRECTION('',(0.,-1.,0.));
#1261=VECTOR('',#1260,1.6891);
#1262=LINE('',#1259,#1261);
#1263=EDGE_CURVE('',#1258,#1249,#1262,.T.);
#1264=ORIENTED_EDGE('',*,*,#1263,.F.);
#1265=CARTESIAN_POINT('',(-8.6106,-7.4041,0.));
#1266=VERTEX_POINT('',#1265);
#1267=CARTESIAN_POINT('',(-9.017,-7.4041,0.));
#1268=DIRECTION('',(0.,0.,1.));
#1269=DIRECTION('',(1.,0.,-0.));
#1270=AXIS2_PLACEMENT_3D('',#1267,#1268,#1269);
#1271=CIRCLE('',#1270,0.4064);
#1272=EDGE_CURVE('',#1258,#1266,#1271,.T.);
#1273=ORIENTED_EDGE('',*,*,#1272,.T.);
#1274=CARTESIAN_POINT('',(-9.017,-6.9977,0.));
#1275=VERTEX_POINT('',#1274);
#1276=CARTESIAN_POINT('',(-9.017,-7.4041,0.));
#1277=DIRECTION('',(0.,0.,1.));
#1278=DIRECTION('',(1.,0.,-0.));
#1279=AXIS2_PLACEMENT_3D('',#1276,#1277,#1278);
#1280=CIRCLE('',#1279,0.4064);
#1281=EDGE_CURVE('',#1266,#1275,#1280,.T.);
#1282=ORIENTED_EDGE('',*,*,#1281,.T.);
#1283=CARTESIAN_POINT('',(-9.017,-5.3086,0.));
#1284=VERTEX_POINT('',#1283);
#1285=CARTESIAN_POINT('',(-9.017,-5.3086,0.));
#1286=DIRECTION('',(0.,-1.,0.));
#1287=VECTOR('',#1286,1.6891);
#1288=LINE('',#1285,#1287);
#1289=EDGE_CURVE('',#1284,#1275,#1288,.T.);
#1290=ORIENTED_EDGE('',*,*,#1289,.F.);
#1291=CARTESIAN_POINT('',(-8.6106,-4.9022,0.));
#1292=VERTEX_POINT('',#1291);
#1293=CARTESIAN_POINT('',(-9.017,-4.9022,0.));
#1294=DIRECTION('',(0.,0.,1.));
#1295=DIRECTION('',(1.,0.,-0.));
#1296=AXIS2_PLACEMENT_3D('',#1293,#1294,#1295);
#1297=CIRCLE('',#1296,0.4064);
#1298=EDGE_CURVE('',#1284,#1292,#1297,.T.);
#1299=ORIENTED_EDGE('',*,*,#1298,.T.);
#1300=CARTESIAN_POINT('',(-9.017,-4.4958,0.));
#1301=VERTEX_POINT('',#1300);
#1302=CARTESIAN_POINT('',(-9.017,-4.9022,0.));
#1303=DIRECTION('',(0.,0.,1.));
#1304=DIRECTION('',(1.,0.,-0.));
#1305=AXIS2_PLACEMENT_3D('',#1302,#1303,#1304);
#1306=CIRCLE('',#1305,0.4064);
#1307=EDGE_CURVE('',#1292,#1301,#1306,.T.);
#1308=ORIENTED_EDGE('',*,*,#1307,.T.);
#1309=CARTESIAN_POINT('',(-9.017,-2.8067,0.));
#1310=VERTEX_POINT('',#1309);
#1311=CARTESIAN_POINT('',(-9.017,-2.8067,0.));
#1312=DIRECTION('',(0.,-1.,0.));
#1313=VECTOR('',#1312,1.6891);
#1314=LINE('',#1311,#1313);
#1315=EDGE_CURVE('',#1310,#1301,#1314,.T.);
#1316=ORIENTED_EDGE('',*,*,#1315,.F.);
#1317=CARTESIAN_POINT('',(-8.6106,-2.4003,0.));
#1318=VERTEX_POINT('',#1317);
#1319=CARTESIAN_POINT('',(-9.017,-2.4003,0.));
#1320=DIRECTION('',(0.,0.,1.));
#1321=DIRECTION('',(1.,0.,-0.));
#1322=AXIS2_PLACEMENT_3D('',#1319,#1320,#1321);
#1323=CIRCLE('',#1322,0.4064);
#1324=EDGE_CURVE('',#1310,#1318,#1323,.T.);
#1325=ORIENTED_EDGE('',*,*,#1324,.T.);
#1326=CARTESIAN_POINT('',(-9.017,-1.9939,0.));
#1327=VERTEX_POINT('',#1326);
#1328=CARTESIAN_POINT('',(-9.017,-2.4003,0.));
#1329=DIRECTION('',(0.,0.,1.));
#1330=DIRECTION('',(1.,0.,-0.));
#1331=AXIS2_PLACEMENT_3D('',#1328,#1329,#1330);
#1332=CIRCLE('',#1331,0.4064);
#1333=EDGE_CURVE('',#1318,#1327,#1332,.T.);
#1334=ORIENTED_EDGE('',*,*,#1333,.T.);
#1335=CARTESIAN_POINT('',(-9.017,-0.3048,0.));
#1336=VERTEX_POINT('',#1335);
#1337=CARTESIAN_POINT('',(-9.017,-0.3048,0.));
#1338=DIRECTION('',(0.,-1.,0.));
#1339=VECTOR('',#1338,1.6891);
#1340=LINE('',#1337,#1339);
#1341=EDGE_CURVE('',#1336,#1327,#1340,.T.);
#1342=ORIENTED_EDGE('',*,*,#1341,.F.);
#1343=CARTESIAN_POINT('',(-8.6106,0.1016,0.));
#1344=VERTEX_POINT('',#1343);
#1345=CARTESIAN_POINT('',(-9.017,0.1016,0.));
#1346=DIRECTION('',(0.,0.,1.));
#1347=DIRECTION('',(1.,0.,-0.));
#1348=AXIS2_PLACEMENT_3D('',#1345,#1346,#1347);
#1349=CIRCLE('',#1348,0.4064);
#1350=EDGE_CURVE('',#1336,#1344,#1349,.T.);
#1351=ORIENTED_EDGE('',*,*,#1350,.T.);
#1352=CARTESIAN_POINT('',(-9.017,0.508,0.));
#1353=VERTEX_POINT('',#1352);
#1354=CARTESIAN_POINT('',(-9.017,0.1016,0.));
#1355=DIRECTION('',(0.,0.,1.));
#1356=DIRECTION('',(1.,0.,-0.));
#1357=AXIS2_PLACEMENT_3D('',#1354,#1355,#1356);
#1358=CIRCLE('',#1357,0.4064);
#1359=EDGE_CURVE('',#1344,#1353,#1358,.T.);
#1360=ORIENTED_EDGE('',*,*,#1359,.T.);
#1361=CARTESIAN_POINT('',(-9.017,2.1971,0.));
#1362=VERTEX_POINT('',#1361);
#1363=CARTESIAN_POINT('',(-9.017,2.1971,0.));
#1364=DIRECTION('',(0.,-1.,0.));
#1365=VECTOR('',#1364,1.6891);
#1366=LINE('',#1363,#1365);
#1367=EDGE_CURVE('',#1362,#1353,#1366,.T.);
#1368=ORIENTED_EDGE('',*,*,#1367,.F.);
#1369=CARTESIAN_POINT('',(-8.6106,2.6035,0.));
#1370=VERTEX_POINT('',#1369);
#1371=CARTESIAN_POINT('',(-9.017,2.6035,0.));
#1372=DIRECTION('',(0.,0.,1.));
#1373=DIRECTION('',(1.,0.,-0.));
#1374=AXIS2_PLACEMENT_3D('',#1371,#1372,#1373);
#1375=CIRCLE('',#1374,0.4064);
#1376=EDGE_CURVE('',#1362,#1370,#1375,.T.);
#1377=ORIENTED_EDGE('',*,*,#1376,.T.);
#1378=CARTESIAN_POINT('',(-9.017,3.0099,0.));
#1379=VERTEX_POINT('',#1378);
#1380=CARTESIAN_POINT('',(-9.017,2.6035,0.));
#1381=DIRECTION('',(0.,0.,1.));
#1382=DIRECTION('',(1.,0.,-0.));
#1383=AXIS2_PLACEMENT_3D('',#1380,#1381,#1382);
#1384=CIRCLE('',#1383,0.4064);
#1385=EDGE_CURVE('',#1370,#1379,#1384,.T.);
#1386=ORIENTED_EDGE('',*,*,#1385,.T.);
#1387=CARTESIAN_POINT('',(-9.017,4.699,0.));
#1388=VERTEX_POINT('',#1387);
#1389=CARTESIAN_POINT('',(-9.017,4.699,0.));
#1390=DIRECTION('',(0.,-1.,0.));
#1391=VECTOR('',#1390,1.6891);
#1392=LINE('',#1389,#1391);
#1393=EDGE_CURVE('',#1388,#1379,#1392,.T.);
#1394=ORIENTED_EDGE('',*,*,#1393,.F.);
#1395=CARTESIAN_POINT('',(-8.6106,5.1054,0.));
#1396=VERTEX_POINT('',#1395);
#1397=CARTESIAN_POINT('',(-9.017,5.1054,0.));
#1398=DIRECTION('',(0.,0.,1.));
#1399=DIRECTION('',(1.,0.,-0.));
#1400=AXIS2_PLACEMENT_3D('',#1397,#1398,#1399);
#1401=CIRCLE('',#1400,0.4064);
#1402=EDGE_CURVE('',#1388,#1396,#1401,.T.);
#1403=ORIENTED_EDGE('',*,*,#1402,.T.);
#1404=CARTESIAN_POINT('',(-9.017,5.5118,0.));
#1405=VERTEX_POINT('',#1404);
#1406=CARTESIAN_POINT('',(-9.017,5.1054,0.));
#1407=DIRECTION('',(0.,0.,1.));
#1408=DIRECTION('',(1.,0.,-0.));
#1409=AXIS2_PLACEMENT_3D('',#1406,#1407,#1408);
#1410=CIRCLE('',#1409,0.4064);
#1411=EDGE_CURVE('',#1396,#1405,#1410,.T.);
#1412=ORIENTED_EDGE('',*,*,#1411,.T.);
#1413=CARTESIAN_POINT('',(-9.017,7.2009,0.));
#1414=VERTEX_POINT('',#1413);
#1415=CARTESIAN_POINT('',(-9.017,7.2009,0.));
#1416=DIRECTION('',(0.,-1.,0.));
#1417=VECTOR('',#1416,1.6891);
#1418=LINE('',#1415,#1417);
#1419=EDGE_CURVE('',#1414,#1405,#1418,.T.);
#1420=ORIENTED_EDGE('',*,*,#1419,.F.);
#1421=CARTESIAN_POINT('',(-8.6106,7.6073,0.));
#1422=VERTEX_POINT('',#1421);
#1423=CARTESIAN_POINT('',(-9.017,7.6073,0.));
#1424=DIRECTION('',(0.,0.,1.));
#1425=DIRECTION('',(1.,0.,-0.));
#1426=AXIS2_PLACEMENT_3D('',#1423,#1424,#1425);
#1427=CIRCLE('',#1426,0.4064);
#1428=EDGE_CURVE('',#1414,#1422,#1427,.T.);
#1429=ORIENTED_EDGE('',*,*,#1428,.T.);
#1430=CARTESIAN_POINT('',(-9.017,7.6073,0.));
#1431=DIRECTION('',(0.,0.,1.));
#1432=DIRECTION('',(1.,0.,-0.));
#1433=AXIS2_PLACEMENT_3D('',#1430,#1431,#1432);
#1434=CIRCLE('',#1433,0.4064);
#1435=EDGE_CURVE('',#1422,#1021,#1434,.T.);
#1436=ORIENTED_EDGE('',*,*,#1435,.T.);
#1437=EDGE_LOOP('',(#1027,#1036,#1045,#1053,#1061,#1069,#1078,#1086,#1095,#1103,#1112,#1120,#1129,#1137,#1146,#1154,#1163,#1171,#1180,#1188,#1197,#1205,#1214,#1222,#1230,#1238,
#1247,#1256,#1264,#1273,#1282,#1290,#1299,#1308,#1316,#1325,#1334,#1342,#1351,#1360,#1368,#1377,#1386,#1394,#1403,#1412,#1420,#1429,#1436));
#1438=FACE_BOUND('',#1437,.T.);
#1439=CARTESIAN_POINT('',(0.620004179,1.242383247,0.));
#1440=VERTEX_POINT('',#1439);
#1441=CARTESIAN_POINT('',(0.79314665,1.27147078,0.));
#1442=VERTEX_POINT('',#1441);
#1443=CARTESIAN_POINT('',(0.620004179,1.242383247,0.));
#1444=CARTESIAN_POINT('',(0.680026872,1.240535969,0.));
#1445=CARTESIAN_POINT('',(0.737741048,1.250231968,0.));
#1446=CARTESIAN_POINT('',(0.79314665,1.27147078,0.));
#1447=B_SPLINE_CURVE_WITH_KNOTS('',3,(#1443,#1444,#1445,#1446),.UNSPECIFIED.,.F.,.F.,(4,4),(0.,0.048958765),.UNSPECIFIED.);
#1448=EDGE_CURVE('',#1440,#1442,#1447,.T.);
#1449=ORIENTED_EDGE('',*,*,#1448,.T.);
#1450=CARTESIAN_POINT('',(1.370749942,1.761810718,0.));
#1451=VERTEX_POINT('',#1450);
#1452=CARTESIAN_POINT('',(0.79314665,1.27147078,0.));
#1453=CARTESIAN_POINT('',(0.884565856,1.305637745,0.));
#1454=CARTESIAN_POINT('',(0.974599953,1.360350618,0.));
#1455=CARTESIAN_POINT('',(1.063248882,1.435609864,0.));
#1456=CARTESIAN_POINT('',(1.151897869,1.510868644,0.));
#1457=CARTESIAN_POINT('',(1.254398183,1.619602418,0.));
#1458=CARTESIAN_POINT('',(1.370749942,1.761810718,0.));
#1459=B_SPLINE_CURVE_WITH_KNOTS('',3,(#1452,#1453,#1454,#1455,#1456,#1457,#1458),.UNSPECIFIED.,.F.,.F.,(4,3,4),(0.048958765,0.129484505,0.210010067),.UNSPECIFIED.);
#1460=EDGE_CURVE('',#1442,#1451,#1459,.T.);
#1461=ORIENTED_EDGE('',*,*,#1460,.T.);
#1462=CARTESIAN_POINT('',(2.045312937,1.545728514,0.));
#1463=VERTEX_POINT('',#1462);
#1464=CARTESIAN_POINT('',(1.370749942,1.761810718,0.));
#1465=CARTESIAN_POINT('',(1.551741484,1.982509023,0.));
#1466=CARTESIAN_POINT('',(1.695103402,2.131643103,0.));
#1467=CARTESIAN_POINT('',(1.800835755,2.209211098,0.));
#1468=CARTESIAN_POINT('',(1.906568109,2.286779093,0.));
#1469=CARTESIAN_POINT('',(2.006529056,2.32556309,0.));
#1470=CARTESIAN_POINT('',(2.100718597,2.32556309,0.));
#1471=CARTESIAN_POINT('',(2.199525054,2.32556309,0.));
#1472=CARTESIAN_POINT('',(2.282864455,2.29024175,0.));
#1473=CARTESIAN_POINT('',(2.350736333,2.219600001,0.));
#1474=CARTESIAN_POINT('',(2.418608096,2.148957321,0.));
#1475=CARTESIAN_POINT('',(2.452544094,2.056845794,0.));
#1476=CARTESIAN_POINT('',(2.452544094,1.943264021,0.));
#1477=CARTESIAN_POINT('',(2.452544094,1.823217472,0.));
#1478=CARTESIAN_POINT('',(2.416530432,1.727182282,0.));
#1479=CARTESIAN_POINT('',(2.344503108,1.655154726,0.));
#1480=CARTESIAN_POINT('',(2.272475901,1.583127635,0.));
#1481=CARTESIAN_POINT('',(2.172745805,1.54665192,0.));
#1482=CARTESIAN_POINT('',(2.045312937,1.545728514,0.));
#1483=B_SPLINE_CURVE_WITH_KNOTS('',3,(#1464,#1465,#1466,#1467,#1468,#1469,#1470,#1471,#1472,#1473,#1474,#1475,#1476,#1477,#1478,#1479,#1480,#1481,#1482),.UNSPECIFIED.,.F.,.F.,(4,3,3,3,3,3,4),(0.210010067,0.33509756,0.460185053,0.591403995,0.722623729,0.861312145,1.),.UNSPECIFIED.);
#1484=EDGE_CURVE('',#1451,#1463,#1483,.T.);
#1485=ORIENTED_EDGE('',*,*,#1484,.T.);
#1486=CARTESIAN_POINT('',(2.071630599,1.289477902,0.));
#1487=VERTEX_POINT('',#1486);
#1488=CARTESIAN_POINT('',(2.045312937,1.545728514,0.));
#1489=DIRECTION('',(0.102165427,-0.994767423,0.));
#1490=VECTOR('',#1489,0.257598517);
#1491=LINE('',#1488,#1490);
#1492=EDGE_CURVE('',#1463,#1487,#1491,.T.);
#1493=ORIENTED_EDGE('',*,*,#1492,.T.);
#1494=CARTESIAN_POINT('',(1.250242738,1.982048018,0.));
#1495=VERTEX_POINT('',#1494);
#1496=CARTESIAN_POINT('',(2.071630599,1.289477902,0.));
#1497=CARTESIAN_POINT('',(2.262779901,1.307022622,0.));
#1498=CARTESIAN_POINT('',(2.408450393,1.373047339,0.));
#1499=CARTESIAN_POINT('',(2.508642192,1.487552984,0.));
#1500=CARTESIAN_POINT('',(2.608833991,1.602057697,0.));
#1501=CARTESIAN_POINT('',(2.658929833,1.755808344,0.));
#1502=CARTESIAN_POINT('',(2.658929833,1.948804459,0.));
#1503=CARTESIAN_POINT('',(2.658929833,2.143647851,0.));
#1504=CARTESIAN_POINT('',(2.604909398,2.297859969,0.));
#1505=CARTESIAN_POINT('',(2.496868529,2.411441276,0.));
#1506=CARTESIAN_POINT('',(2.38882766,2.525022583,0.));
#1507=CARTESIAN_POINT('',(2.254930715,2.581813702,0.));
#1508=CARTESIAN_POINT('',(2.095178043,2.581813702,0.));
#1509=CARTESIAN_POINT('',(2.013916423,2.581813702,0.));
#1510=CARTESIAN_POINT('',(1.934040029,2.565192388,0.));
#1511=CARTESIAN_POINT('',(1.855548861,2.531948829,0.));
#1512=CARTESIAN_POINT('',(1.77705746,2.49870527,0.));
#1513=CARTESIAN_POINT('',(1.694410847,2.443529995,0.));
#1514=CARTESIAN_POINT('',(1.607608789,2.366424868,0.));
#1515=CARTESIAN_POINT('',(1.520806673,2.289317878,0.));
#1516=CARTESIAN_POINT('',(1.401684695,2.161192106,0.));
#1517=CARTESIAN_POINT('',(1.250242738,1.982048018,0.));
#1518=B_SPLINE_CURVE_WITH_KNOTS('',3,(#1496,#1497,#1498,#1499,#1500,#1501,#1502,#1503,#1504,#1505,#1506,#1507,#1508,#1509,#1510,#1511,#1512,#1513,#1514,#1515,#1516,#1517),.UNSPECIFIED.,.F.,.F.,(4,3,3,3,3,3,3,4),(0.,0.155885645,0.311770572,0.469147564,0.626524556,0.706577736,0.786631117,0.866685381),.UNSPECIFIED.);
#1519=EDGE_CURVE('',#1487,#1495,#1518,.T.);
#1520=ORIENTED_EDGE('',*,*,#1519,.T.);
#1521=CARTESIAN_POINT('',(0.859633361,1.588668073,0.));
#1522=VERTEX_POINT('',#1521);
#1523=CARTESIAN_POINT('',(1.250242738,1.982048018,0.));
#1524=CARTESIAN_POINT('',(1.124656741,1.832452467,0.));
#1525=CARTESIAN_POINT('',(1.039470645,1.736416345,0.));
#1526=CARTESIAN_POINT('',(0.994684477,1.693938723,0.));
#1527=CARTESIAN_POINT('',(0.94989828,1.651460635,0.));
#1528=CARTESIAN_POINT('',(0.904881232,1.616370728,0.));
#1529=CARTESIAN_POINT('',(0.859633361,1.588668073,0.));
#1530=B_SPLINE_CURVE_WITH_KNOTS('',3,(#1523,#1524,#1525,#1526,#1527,#1528,#1529),.UNSPECIFIED.,.F.,.F.,(4,3,4),(0.866685381,0.933342506,1.),.UNSPECIFIED.);
#1531=EDGE_CURVE('',#1495,#1522,#1530,.T.);
#1532=ORIENTED_EDGE('',*,*,#1531,.T.);
#1533=CARTESIAN_POINT('',(0.859633361,2.584584387,0.));
#1534=VERTEX_POINT('',#1533);
#1535=CARTESIAN_POINT('',(0.859633361,1.588668073,0.));
#1536=DIRECTION('',(-0.,1.,0.));
#1537=VECTOR('',#1536,0.995916314);
#1538=LINE('',#1535,#1537);
#1539=EDGE_CURVE('',#1522,#1534,#1538,.T.);
#1540=ORIENTED_EDGE('',*,*,#1539,.T.);
#1541=CARTESIAN_POINT('',(0.620004179,2.584584387,0.));
#1542=VERTEX_POINT('',#1541);
#1543=CARTESIAN_POINT('',(0.859633361,2.584584387,0.));
#1544=DIRECTION('',(-1.,0.,0.));
#1545=VECTOR('',#1544,0.239629182);
#1546=LINE('',#1543,#1545);
#1547=EDGE_CURVE('',#1534,#1542,#1546,.T.);
#1548=ORIENTED_EDGE('',*,*,#1547,.T.);
#1549=CARTESIAN_POINT('',(0.620004179,2.584584387,0.));
#1550=DIRECTION('',(0.,-1.,0.));
#1551=VECTOR('',#1550,1.34220114);
#1552=LINE('',#1549,#1551);
#1553=EDGE_CURVE('',#1542,#1440,#1552,.T.);
#1554=ORIENTED_EDGE('',*,*,#1553,.T.);
#1555=EDGE_LOOP('',(#1449,#1461,#1485,#1493,#1520,#1532,#1540,#1548,#1554));
#1556=FACE_BOUND('',#1555,.T.);
#1557=CARTESIAN_POINT('',(0.620004179,-4.357736694,0.));
#1558=VERTEX_POINT('',#1557);
#1559=CARTESIAN_POINT('',(0.620004179,-5.873079591,0.));
#1560=VERTEX_POINT('',#1559);
#1561=CARTESIAN_POINT('',(0.620004179,-4.357736694,0.));
#1562=DIRECTION('',(0.,-1.,0.));
#1563=VECTOR('',#1562,1.515342898);
#1564=LINE('',#1561,#1563);
#1565=EDGE_CURVE('',#1558,#1560,#1564,.T.);
#1566=ORIENTED_EDGE('',*,*,#1565,.T.);
#1567=CARTESIAN_POINT('',(2.650618943,-5.873079591,0.));
#1568=VERTEX_POINT('',#1567);
#1569=CARTESIAN_POINT('',(0.620004179,-5.873079591,0.));
#1570=DIRECTION('',(1.,0.,-0.));
#1571=VECTOR('',#1570,2.030614763);
#1572=LINE('',#1569,#1571);
#1573=EDGE_CURVE('',#1560,#1568,#1572,.T.);
#1574=ORIENTED_EDGE('',*,*,#1573,.T.);
#1575=CARTESIAN_POINT('',(2.650618943,-4.404831581,0.));
#1576=VERTEX_POINT('',#1575);
#1577=CARTESIAN_POINT('',(2.650618943,-5.873079591,0.));
#1578=DIRECTION('',(0.,1.,0.));
#1579=VECTOR('',#1578,1.46824801);
#1580=LINE('',#1577,#1579);
#1581=EDGE_CURVE('',#1568,#1576,#1580,.T.);
#1582=ORIENTED_EDGE('',*,*,#1581,.T.);
#1583=CARTESIAN_POINT('',(2.410989877,-4.404831581,0.));
#1584=VERTEX_POINT('',#1583);
#1585=CARTESIAN_POINT('',(2.650618943,-4.404831581,0.));
#1586=DIRECTION('',(-1.,0.,0.));
#1587=VECTOR('',#1586,0.239629066);
#1588=LINE('',#1585,#1587);
#1589=EDGE_CURVE('',#1576,#1584,#1588,.T.);
#1590=ORIENTED_EDGE('',*,*,#1589,.T.);
#1591=CARTESIAN_POINT('',(2.410989877,-5.604362484,0.));
#1592=VERTEX_POINT('',#1591);
#1593=CARTESIAN_POINT('',(2.410989877,-4.404831581,0.));
#1594=DIRECTION('',(0.,-1.,0.));
#1595=VECTOR('',#1594,1.199530903);
#1596=LINE('',#1593,#1595);
#1597=EDGE_CURVE('',#1584,#1592,#1596,.T.);
#1598=ORIENTED_EDGE('',*,*,#1597,.T.);
#1599=CARTESIAN_POINT('',(1.789062092,-5.604362484,0.));
#1600=VERTEX_POINT('',#1599);
#1601=CARTESIAN_POINT('',(2.410989877,-5.604362484,0.));
#1602=DIRECTION('',(-1.,0.,0.));
#1603=VECTOR('',#1602,0.621927786);
#1604=LINE('',#1601,#1603);
#1605=EDGE_CURVE('',#1592,#1600,#1604,.T.);
#1606=ORIENTED_EDGE('',*,*,#1605,.T.);
#1607=CARTESIAN_POINT('',(1.789062092,-4.481014233,0.));
#1608=VERTEX_POINT('',#1607);
#1609=CARTESIAN_POINT('',(1.789062092,-5.604362484,0.));
#1610=DIRECTION('',(0.,1.,0.));
#1611=VECTOR('',#1610,1.123348251);
#1612=LINE('',#1609,#1611);
#1613=EDGE_CURVE('',#1600,#1608,#1612,.T.);
#1614=ORIENTED_EDGE('',*,*,#1613,.T.);
#1615=CARTESIAN_POINT('',(1.550818077,-4.481014233,0.));
#1616=VERTEX_POINT('',#1615);
#1617=CARTESIAN_POINT('',(1.789062092,-4.481014233,0.));
#1618=DIRECTION('',(-1.,0.,0.));
#1619=VECTOR('',#1618,0.238244014);
#1620=LINE('',#1617,#1619);
#1621=EDGE_CURVE('',#1608,#1616,#1620,.T.);
#1622=ORIENTED_EDGE('',*,*,#1621,.T.);
#1623=CARTESIAN_POINT('',(1.550818077,-5.604362484,0.));
#1624=VERTEX_POINT('',#1623);
#1625=CARTESIAN_POINT('',(1.550818077,-4.481014233,0.));
#1626=DIRECTION('',(0.,-1.,0.));
#1627=VECTOR('',#1626,1.123348251);
#1628=LINE('',#1625,#1627);
#1629=EDGE_CURVE('',#1616,#1624,#1628,.T.);
#1630=ORIENTED_EDGE('',*,*,#1629,.T.);
#1631=CARTESIAN_POINT('',(0.859633361,-5.604362484,0.));
#1632=VERTEX_POINT('',#1631);
#1633=CARTESIAN_POINT('',(1.550818077,-5.604362484,0.));
#1634=DIRECTION('',(-1.,0.,0.));
#1635=VECTOR('',#1634,0.691184716);
#1636=LINE('',#1633,#1635);
#1637=EDGE_CURVE('',#1624,#1632,#1636,.T.);
#1638=ORIENTED_EDGE('',*,*,#1637,.T.);
#1639=CARTESIAN_POINT('',(0.859633361,-4.357736694,0.));
#1640=VERTEX_POINT('',#1639);
#1641=CARTESIAN_POINT('',(0.859633361,-5.604362484,0.));
#1642=DIRECTION('',(-0.,1.,0.));
#1643=VECTOR('',#1642,1.24662579);
#1644=LINE('',#1641,#1643);
#1645=EDGE_CURVE('',#1632,#1640,#1644,.T.);
#1646=ORIENTED_EDGE('',*,*,#1645,.T.);
#1647=CARTESIAN_POINT('',(0.859633361,-4.357736694,0.));
#1648=DIRECTION('',(-1.,0.,0.));
#1649=VECTOR('',#1648,0.239629182);
#1650=LINE('',#1647,#1649);
#1651=EDGE_CURVE('',#1640,#1558,#1650,.T.);
#1652=ORIENTED_EDGE('',*,*,#1651,.T.);
#1653=EDGE_LOOP('',(#1566,#1574,#1582,#1590,#1598,#1606,#1614,#1622,#1630,#1638,#1646,#1652));
#1654=FACE_BOUND('',#1653,.T.);
#1655=CARTESIAN_POINT('',(-0.61138529,-4.778126623,0.));
#1656=VERTEX_POINT('',#1655);
#1657=CARTESIAN_POINT('',(-0.61138529,-4.50940956,0.));
#1658=VERTEX_POINT('',#1657);
#1659=CARTESIAN_POINT('',(-0.61138529,-4.778126623,0.));
#1660=DIRECTION('',(0.,1.,0.));
#1661=VECTOR('',#1660,0.268717064);
#1662=LINE('',#1659,#1661);
#1663=EDGE_CURVE('',#1656,#1658,#1662,.T.);
#1664=ORIENTED_EDGE('',*,*,#1663,.T.);
#1665=CARTESIAN_POINT('',(-1.784598414,-4.50940956,0.));
#1666=VERTEX_POINT('',#1665);
#1667=CARTESIAN_POINT('',(-0.61138529,-4.50940956,0.));
#1668=DIRECTION('',(-1.,0.,0.));
#1669=VECTOR('',#1668,1.173213124);
#1670=LINE('',#1667,#1669);
#1671=EDGE_CURVE('',#1658,#1666,#1670,.T.);
#1672=ORIENTED_EDGE('',*,*,#1671,.T.);
#1673=CARTESIAN_POINT('',(-1.784598414,-6.106475737,0.));
#1674=VERTEX_POINT('',#1673);
#1675=CARTESIAN_POINT('',(-1.784598414,-4.50940956,0.));
#1676=CARTESIAN_POINT('',(-1.98867587,-4.50940956,0.));
#1677=CARTESIAN_POINT('',(-2.150737174,-4.532495417,0.));
#1678=CARTESIAN_POINT('',(-2.270782559,-4.578666432,0.));
#1679=CARTESIAN_POINT('',(-2.390827943,-4.624838145,0.));
#1680=CARTESIAN_POINT('',(-2.488480375,-4.70817708,0.));
#1681=CARTESIAN_POINT('',(-2.563739621,-4.828684168,0.));
#1682=CARTESIAN_POINT('',(-2.638998867,-4.949191488,0.));
#1683=CARTESIAN_POINT('',(-2.67662849,-5.107328199,0.));
#1684=CARTESIAN_POINT('',(-2.67662849,-5.303094532,0.));
#1685=CARTESIAN_POINT('',(-2.67662849,-5.493320428,0.));
#1686=CARTESIAN_POINT('',(-2.643846866,-5.648917887,0.));
#1687=CARTESIAN_POINT('',(-2.57828362,-5.769886678,0.));
#1688=CARTESIAN_POINT('',(-2.512720373,-5.890855702,0.));
#1689=CARTESIAN_POINT('',(-2.41783816,-5.977196056,0.));
#1690=CARTESIAN_POINT('',(-2.293637448,-6.028907742,0.));
#1691=CARTESIAN_POINT('',(-2.169436502,-6.080619661,0.));
#1692=CARTESIAN_POINT('',(-1.999756979,-6.106475737,0.));
#1693=CARTESIAN_POINT('',(-1.784598414,-6.106475737,0.));
#1694=B_SPLINE_CURVE_WITH_KNOTS('',3,(#1675,#1676,#1677,#1678,#1679,#1680,#1681,#1682,#1683,#1684,#1685,#1686,#1687,#1688,#1689,#1690,#1691,#1692,#1693),.UNSPECIFIED.,.F.,.F.,(4,3,3,3,3,3,4),(0.,0.169058384,0.338117098,0.507176047,0.671450411,0.83572502,1.),.UNSPECIFIED.);
#1695=EDGE_CURVE('',#1666,#1674,#1694,.T.);
#1696=ORIENTED_EDGE('',*,*,#1695,.T.);
#1697=CARTESIAN_POINT('',(-0.61138529,-6.106475737,0.));
#1698=VERTEX_POINT('',#1697);
#1699=CARTESIAN_POINT('',(-1.784598414,-6.106475737,0.));
#1700=DIRECTION('',(1.,0.,-0.));
#1701=VECTOR('',#1700,1.173213124);
#1702=LINE('',#1699,#1701);
#1703=EDGE_CURVE('',#1674,#1698,#1702,.T.);
#1704=ORIENTED_EDGE('',*,*,#1703,.T.);
#1705=CARTESIAN_POINT('',(-0.61138529,-5.837758441,0.));
#1706=VERTEX_POINT('',#1705);
#1707=CARTESIAN_POINT('',(-0.61138529,-6.106475737,0.));
#1708=DIRECTION('',(0.,1.,0.));
#1709=VECTOR('',#1708,0.268717296);
#1710=LINE('',#1707,#1709);
#1711=EDGE_CURVE('',#1698,#1706,#1710,.T.);
#1712=ORIENTED_EDGE('',*,*,#1711,.T.);
#1713=CARTESIAN_POINT('',(-1.783213538,-5.837758441,0.));
#1714=VERTEX_POINT('',#1713);
#1715=CARTESIAN_POINT('',(-0.61138529,-5.837758441,0.));
#1716=DIRECTION('',(-1.,0.,0.));
#1717=VECTOR('',#1716,1.171828248);
#1718=LINE('',#1715,#1717);
#1719=EDGE_CURVE('',#1706,#1714,#1718,.T.);
#1720=ORIENTED_EDGE('',*,*,#1719,.T.);
#1721=CARTESIAN_POINT('',(-2.17313036,-5.788586006,0.));
#1722=VERTEX_POINT('',#1721);
#1723=CARTESIAN_POINT('',(-1.783213538,-5.837758441,0.));
#1724=CARTESIAN_POINT('',(-1.959587873,-5.837758441,0.));
#1725=CARTESIAN_POINT('',(-2.089560224,-5.821367862,0.));
#1726=CARTESIAN_POINT('',(-2.17313036,-5.788586006,0.));
#1727=B_SPLINE_CURVE_WITH_KNOTS('',3,(#1723,#1724,#1725,#1726),.UNSPECIFIED.,.F.,.F.,(4,4),(0.,1.),.UNSPECIFIED.);
#1728=EDGE_CURVE('',#1714,#1722,#1727,.T.);
#1729=ORIENTED_EDGE('',*,*,#1728,.T.);
#1730=CARTESIAN_POINT('',(-1.783213538,-4.778126623,0.));
#1731=VERTEX_POINT('',#1730);
#1732=CARTESIAN_POINT('',(-2.17313036,-5.788586006,0.));
#1733=CARTESIAN_POINT('',(-2.256700263,-5.755804615,0.));
#1734=CARTESIAN_POINT('',(-2.321109368,-5.699475432,0.));
#1735=CARTESIAN_POINT('',(-2.36635721,-5.619599154,0.));
#1736=CARTESIAN_POINT('',(-2.411605051,-5.539722877,0.));
#1737=CARTESIAN_POINT('',(-2.434228972,-5.442070445,0.));
#1738=CARTESIAN_POINT('',(-2.434228972,-5.326642092,0.));
#1739=CARTESIAN_POINT('',(-2.434228972,-5.129028946,0.));
#1740=CARTESIAN_POINT('',(-2.389442834,-4.988206221,0.));
#1741=CARTESIAN_POINT('',(-2.299870557,-4.904174382,0.));
#1742=CARTESIAN_POINT('',(-2.21029828,-4.820142776,0.));
#1743=CARTESIAN_POINT('',(-2.038079041,-4.778126623,0.));
#1744=CARTESIAN_POINT('',(-1.783213538,-4.778126623,0.));
#1745=B_SPLINE_CURVE_WITH_KNOTS('',3,(#1732,#1733,#1734,#1735,#1736,#1737,#1738,#1739,#1740,#1741,#1742,#1743,#1744),.UNSPECIFIED.,.F.,.F.,(4,3,3,3,4),(0.,0.184365971,0.368731943,0.684366176,1.),.UNSPECIFIED.);
#1746=EDGE_CURVE('',#1722,#1731,#1745,.T.);
#1747=ORIENTED_EDGE('',*,*,#1746,.T.);
#1748=CARTESIAN_POINT('',(-1.783213538,-4.778126623,0.));
#1749=DIRECTION('',(1.,0.,-0.));
#1750=VECTOR('',#1749,1.171828248);
#1751=LINE('',#1748,#1750);
#1752=EDGE_CURVE('',#1731,#1656,#1751,.T.);
#1753=ORIENTED_EDGE('',*,*,#1752,.T.);
#1754=EDGE_LOOP('',(#1664,#1672,#1696,#1704,#1712,#1720,#1729,#1747,#1753));
#1755=FACE_BOUND('',#1754,.T.);
#1756=CARTESIAN_POINT('',(-2.642000054,1.177974375,0.));
#1757=VERTEX_POINT('',#1756);
#1758=CARTESIAN_POINT('',(-2.219532343,0.909257079,0.));
#1759=VERTEX_POINT('',#1758);
#1760=CARTESIAN_POINT('',(-2.642000054,1.177974375,0.));
#1761=DIRECTION('',(0.843775265,-0.536696657,0.));
#1762=VECTOR('',#1761,0.500687479);
#1763=LINE('',#1760,#1762);
#1764=EDGE_CURVE('',#1757,#1759,#1763,.T.);
#1765=ORIENTED_EDGE('',*,*,#1764,.T.);
#1766=CARTESIAN_POINT('',(-1.749969978,0.456316726,0.));
#1767=VERTEX_POINT('',#1766);
#1768=CARTESIAN_POINT('',(-2.219532343,0.909257079,0.));
#1769=CARTESIAN_POINT('',(-2.097640146,0.830765212,0.));
#1770=CARTESIAN_POINT('',(-2.004374011,0.766124906,0.));
#1771=CARTESIAN_POINT('',(-1.939734171,0.715338023,0.));
#1772=CARTESIAN_POINT('',(-1.87509433,0.664548347,0.));
#1773=CARTESIAN_POINT('',(-1.829846489,0.619070003,0.));
#1774=CARTESIAN_POINT('',(-1.803990413,0.578901129,0.));
#1775=CARTESIAN_POINT('',(-1.77813457,0.538732255,0.));
#1776=CARTESIAN_POINT('',(-1.760127914,0.497870477,0.));
#1777=CARTESIAN_POINT('',(-1.749969978,0.456316726,0.));
#1778=B_SPLINE_CURVE_WITH_KNOTS('',3,(#1768,#1769,#1770,#1771,#1772,#1773,#1774,#1775,#1776,#1777),.UNSPECIFIED.,.F.,.F.,(4,3,3,4),(0.,0.268219876,0.536445384,0.804670184),.UNSPECIFIED.);
#1779=EDGE_CURVE('',#1759,#1767,#1778,.T.);
#1780=ORIENTED_EDGE('',*,*,#1779,.T.);
#1781=CARTESIAN_POINT('',(-1.740273979,0.306721175,0.));
#1782=VERTEX_POINT('',#1781);
#1783=CARTESIAN_POINT('',(-1.749969978,0.456316726,0.));
#1784=CARTESIAN_POINT('',(-1.743506134,0.42584292,0.));
#1785=CARTESIAN_POINT('',(-1.740273979,0.375978047,0.));
#1786=CARTESIAN_POINT('',(-1.740273979,0.306721175,0.));
#1787=B_SPLINE_CURVE_WITH_KNOTS('',3,(#1783,#1784,#1785,#1786),.UNSPECIFIED.,.F.,.F.,(4,4),(0.804670184,1.),.UNSPECIFIED.);
#1788=EDGE_CURVE('',#1767,#1782,#1787,.T.);
#1789=ORIENTED_EDGE('',*,*,#1788,.T.);
#1790=CARTESIAN_POINT('',(-1.740273979,-0.004934749,0.));
#1791=VERTEX_POINT('',#1790);
#1792=CARTESIAN_POINT('',(-1.740273979,0.306721175,0.));
#1793=DIRECTION('',(0.,-1.,0.));
#1794=VECTOR('',#1793,0.311655924);
#1795=LINE('',#1792,#1794);
#1796=EDGE_CURVE('',#1782,#1791,#1795,.T.);
#1797=ORIENTED_EDGE('',*,*,#1796,.T.);
#1798=CARTESIAN_POINT('',(-2.642000054,-0.004934749,0.));
#1799=VERTEX_POINT('',#1798);
#1800=CARTESIAN_POINT('',(-1.740273979,-0.004934749,0.));
#1801=DIRECTION('',(-1.,-0.,0.));
#1802=VECTOR('',#1801,0.901726075);
#1803=LINE('',#1800,#1802);
#1804=EDGE_CURVE('',#1791,#1799,#1803,.T.);
#1805=ORIENTED_EDGE('',*,*,#1804,.T.);
#1806=CARTESIAN_POINT('',(-2.642000054,-0.273652045,0.));
#1807=VERTEX_POINT('',#1806);
#1808=CARTESIAN_POINT('',(-2.642000054,-0.004934749,0.));
#1809=DIRECTION('',(0.,-1.,0.));
#1810=VECTOR('',#1809,0.268717296);
#1811=LINE('',#1808,#1810);
#1812=EDGE_CURVE('',#1799,#1807,#1811,.T.);
#1813=ORIENTED_EDGE('',*,*,#1812,.T.);
#1814=CARTESIAN_POINT('',(-0.61138529,-0.273652045,0.));
#1815=VERTEX_POINT('',#1814);
#1816=CARTESIAN_POINT('',(-2.642000054,-0.273652045,0.));
#1817=DIRECTION('',(1.,0.,0.));
#1818=VECTOR('',#1817,2.030614763);
#1819=LINE('',#1816,#1818);
#1820=EDGE_CURVE('',#1807,#1815,#1819,.T.);
#1821=ORIENTED_EDGE('',*,*,#1820,.T.);
#1822=CARTESIAN_POINT('',(-0.61138529,0.626688221,0.));
#1823=VERTEX_POINT('',#1822);
#1824=CARTESIAN_POINT('',(-0.61138529,-0.273652045,0.));
#1825=DIRECTION('',(-0.,1.,0.));
#1826=VECTOR('',#1825,0.900340267);
#1827=LINE('',#1824,#1826);
#1828=EDGE_CURVE('',#1815,#1823,#1827,.T.);
#1829=ORIENTED_EDGE('',*,*,#1828,.T.);
#1830=CARTESIAN_POINT('',(-1.718111761,0.777668649,0.));
#1831=VERTEX_POINT('',#1830);
#1832=CARTESIAN_POINT('',(-0.61138529,0.626688221,0.));
#1833=CARTESIAN_POINT('',(-0.61138529,0.807679588,0.));
#1834=CARTESIAN_POINT('',(-0.629622914,0.945270391,0.));
#1835=CARTESIAN_POINT('',(-0.666098163,1.039460631,0.));
#1836=CARTESIAN_POINT('',(-0.702573644,1.13364994,0.));
#1837=CARTESIAN_POINT('',(-0.76698275,1.208908254,0.));
#1838=CARTESIAN_POINT('',(-0.859325246,1.265238369,0.));
#1839=CARTESIAN_POINT('',(-0.951667974,1.321566621,0.));
#1840=CARTESIAN_POINT('',(-1.053706702,1.349731678,0.));
#1841=CARTESIAN_POINT('',(-1.165441197,1.349731678,0.));
#1842=CARTESIAN_POINT('',(-1.309495612,1.349731678,0.));
#1843=CARTESIAN_POINT('',(-1.430926338,1.303098494,0.));
#1844=CARTESIAN_POINT('',(-1.529732679,1.209832126,0.));
#1845=CARTESIAN_POINT('',(-1.628539484,1.116565758,0.));
#1846=CARTESIAN_POINT('',(-1.691332512,0.972510645,0.));
#1847=CARTESIAN_POINT('',(-1.718111761,0.777668649,0.));
#1848=B_SPLINE_CURVE_WITH_KNOTS('',3,(#1832,#1833,#1834,#1835,#1836,#1837,#1838,#1839,#1840,#1841,#1842,#1843,#1844,#1845,#1846,#1847),.UNSPECIFIED.,.F.,.F.,(4,3,3,3,3,4),(0.,0.138808946,0.277616815,0.416423693,0.595381353,0.774339459),.UNSPECIFIED.);
#1849=EDGE_CURVE('',#1823,#1831,#1848,.T.);
#1850=ORIENTED_EDGE('',*,*,#1849,.T.);
#1851=CARTESIAN_POINT('',(-1.819227083,0.939729953,0.));
#1852=VERTEX_POINT('',#1851);
#1853=CARTESIAN_POINT('',(-1.718111761,0.777668649,0.));
#1854=CARTESIAN_POINT('',(-1.752278727,0.848772334,0.));
#1855=CARTESIAN_POINT('',(-1.785983757,0.902792769,0.));
#1856=CARTESIAN_POINT('',(-1.819227083,0.939729953,0.));
#1857=B_SPLINE_CURVE_WITH_KNOTS('',3,(#1853,#1854,#1855,#1856),.UNSPECIFIED.,.F.,.F.,(4,4),(0.774339459,0.84612039),.UNSPECIFIED.);
#1858=EDGE_CURVE('',#1831,#1852,#1857,.T.);
#1859=ORIENTED_EDGE('',*,*,#1858,.T.);
#1860=CARTESIAN_POINT('',(-2.089329256,1.162737938,0.));
#1861=VERTEX_POINT('',#1860);
#1862=CARTESIAN_POINT('',(-1.819227083,0.939729953,0.));
#1863=CARTESIAN_POINT('',(-1.891254407,1.018220888,0.));
#1864=CARTESIAN_POINT('',(-1.981288387,1.092557194,0.));
#1865=CARTESIAN_POINT('',(-2.089329256,1.162737938,0.));
#1866=B_SPLINE_CURVE_WITH_KNOTS('',3,(#1862,#1863,#1864,#1865),.UNSPECIFIED.,.F.,.F.,(4,4),(0.84612039,1.),.UNSPECIFIED.);
#1867=EDGE_CURVE('',#1852,#1861,#1866,.T.);
#1868=ORIENTED_EDGE('',*,*,#1867,.T.);
#1869=CARTESIAN_POINT('',(-2.642000054,1.515948543,0.));
#1870=VERTEX_POINT('',#1869);
#1871=CARTESIAN_POINT('',(-2.089329256,1.162737938,0.));
#1872=DIRECTION('',(-0.842616444,0.538514186,0.));
#1873=VECTOR('',#1872,0.655898424);
#1874=LINE('',#1871,#1873);
#1875=EDGE_CURVE('',#1861,#1870,#1874,.T.);
#1876=ORIENTED_EDGE('',*,*,#1875,.T.);
#1877=CARTESIAN_POINT('',(-2.642000054,1.515948543,0.));
#1878=DIRECTION('',(0.,-1.,0.));
#1879=VECTOR('',#1878,0.337974168);
#1880=LINE('',#1877,#1879);
#1881=EDGE_CURVE('',#1870,#1757,#1880,.T.);
#1882=ORIENTED_EDGE('',*,*,#1881,.T.);
#1883=EDGE_LOOP('',(#1765,#1780,#1789,#1797,#1805,#1813,#1821,#1829,#1850,#1859,#1868,#1876,#1882));
#1884=FACE_BOUND('',#1883,.T.);
#1885=CARTESIAN_POINT('',(-2.642000054,5.236433217,0.));
#1886=VERTEX_POINT('',#1885);
#1887=CARTESIAN_POINT('',(-2.642000054,4.967716852,0.));
#1888=VERTEX_POINT('',#1887);
#1889=CARTESIAN_POINT('',(-2.642000054,5.236433217,0.));
#1890=DIRECTION('',(0.,-1.,0.));
#1891=VECTOR('',#1890,0.268716365);
#1892=LINE('',#1889,#1891);
#1893=EDGE_CURVE('',#1886,#1888,#1892,.T.);
#1894=ORIENTED_EDGE('',*,*,#1893,.T.);
#1895=CARTESIAN_POINT('',(-0.61138529,4.967716852,0.));
#1896=VERTEX_POINT('',#1895);
#1897=CARTESIAN_POINT('',(-2.642000054,4.967716852,0.));
#1898=DIRECTION('',(1.,0.,-0.));
#1899=VECTOR('',#1898,2.030614763);
#1900=LINE('',#1897,#1899);
#1901=EDGE_CURVE('',#1888,#1896,#1900,.T.);
#1902=ORIENTED_EDGE('',*,*,#1901,.T.);
#1903=CARTESIAN_POINT('',(-0.61138529,5.236433217,0.));
#1904=VERTEX_POINT('',#1903);
#1905=CARTESIAN_POINT('',(-0.61138529,4.967716852,0.));
#1906=DIRECTION('',(0.,1.,0.));
#1907=VECTOR('',#1906,0.268716365);
#1908=LINE('',#1905,#1907);
#1909=EDGE_CURVE('',#1896,#1904,#1908,.T.);
#1910=ORIENTED_EDGE('',*,*,#1909,.T.);
#1911=CARTESIAN_POINT('',(-0.61138529,5.236433217,0.));
#1912=DIRECTION('',(-1.,0.,0.));
#1913=VECTOR('',#1912,2.030614763);
#1914=LINE('',#1911,#1913);
#1915=EDGE_CURVE('',#1904,#1886,#1914,.T.);
#1916=ORIENTED_EDGE('',*,*,#1915,.T.);
#1917=EDGE_LOOP('',(#1894,#1902,#1910,#1916));
#1918=FACE_BOUND('',#1917,.T.);
#1919=CARTESIAN_POINT('',(-1.989599277,-8.094151175,0.));
#1920=VERTEX_POINT('',#1919);
#1921=CARTESIAN_POINT('',(-1.967437059,-7.840670548,0.));
#1922=VERTEX_POINT('',#1921);
#1923=CARTESIAN_POINT('',(-1.989599277,-8.094151175,0.));
#1924=DIRECTION('',(0.087099331,0.996199632,0.));
#1925=VECTOR('',#1924,0.254447621);
#1926=LINE('',#1923,#1925);
#1927=EDGE_CURVE('',#1920,#1922,#1926,.T.);
#1928=ORIENTED_EDGE('',*,*,#1927,.T.);
#1929=CARTESIAN_POINT('',(-1.803990413,-6.974958252,0.));
#1930=VERTEX_POINT('',#1929);
#1931=CARTESIAN_POINT('',(-1.967437059,-7.840670548,0.));
#1932=CARTESIAN_POINT('',(-2.069013851,-7.828666033,0.));
#1933=CARTESIAN_POINT('',(-2.152353019,-7.80073241,0.));
#1934=CARTESIAN_POINT('',(-2.217454795,-7.756869677,0.));
#1935=CARTESIAN_POINT('',(-2.282556339,-7.713006945,0.));
#1936=CARTESIAN_POINT('',(-2.335191664,-7.644904215,0.));
#1937=CARTESIAN_POINT('',(-2.375360538,-7.552561486,0.));
#1938=CARTESIAN_POINT('',(-2.415529645,-7.46021899,0.));
#1939=CARTESIAN_POINT('',(-2.435614314,-7.356333449,0.));
#1940=CARTESIAN_POINT('',(-2.435614314,-7.240905097,0.));
#1941=CARTESIAN_POINT('',(-2.435614314,-7.138404898,0.));
#1942=CARTESIAN_POINT('',(-2.420377644,-7.047909099,0.));
#1943=CARTESIAN_POINT('',(-2.389904537,-6.969417698,0.));
#1944=CARTESIAN_POINT('',(-2.359431662,-6.89092653,0.));
#1945=CARTESIAN_POINT('',(-2.317646478,-6.832519799,0.));
#1946=CARTESIAN_POINT('',(-2.26454945,-6.794197504,0.));
#1947=CARTESIAN_POINT('',(-2.211452421,-6.755875443,0.));
#1948=CARTESIAN_POINT('',(-2.153507393,-6.736714296,0.));
#1949=CARTESIAN_POINT('',(-2.090714366,-6.736714296,0.));
#1950=CARTESIAN_POINT('',(-2.026997932,-6.736714296,0.));
#1951=CARTESIAN_POINT('',(-1.971361653,-6.755182772,0.));
#1952=CARTESIAN_POINT('',(-1.923805062,-6.79211984,0.));
#1953=CARTESIAN_POINT('',(-1.876248705,-6.829056908,0.));
#1954=CARTESIAN_POINT('',(-1.836310566,-6.890003123,0.));
#1955=CARTESIAN_POINT('',(-1.803990413,-6.974958252,0.));
#1956=B_SPLINE_CURVE_WITH_KNOTS('',3,(#1931,#1932,#1933,#1934,#1935,#1936,#1937,#1938,#1939,#1940,#1941,#1942,#1943,#1944,#1945,#1946,#1947,#1948,#1949,#1950,#1951,#1952,#1953,#1954,#1955),.UNSPECIFIED.,.F.,.F.,(4,3,3,3,3,3,3,3,4),(0.,0.065296399,0.130592638,0.195888798,0.253871687,0.311854369,0.36983693,0.428672156,0.487507203),.UNSPECIFIED.);
#1957=EDGE_CURVE('',#1922,#1930,#1956,.T.);
#1958=ORIENTED_EDGE('',*,*,#1957,.T.);
#1959=CARTESIAN_POINT('',(-1.578212675,-7.728474351,0.));
#1960=VERTEX_POINT('',#1959);
#1961=CARTESIAN_POINT('',(-1.803990413,-6.974958252,0.));
#1962=CARTESIAN_POINT('',(-1.782751602,-7.029440506,0.));
#1963=CARTESIAN_POINT('',(-1.749739243,-7.14994771,0.));
#1964=CARTESIAN_POINT('',(-1.704953105,-7.336479748,0.));
#1965=CARTESIAN_POINT('',(-1.660166733,-7.523011901,0.));
#1966=CARTESIAN_POINT('',(-1.617920079,-7.653676808,0.));
#1967=CARTESIAN_POINT('',(-1.578212675,-7.728474351,0.));
#1968=B_SPLINE_CURVE_WITH_KNOTS('',3,(#1961,#1962,#1963,#1964,#1965,#1966,#1967),.UNSPECIFIED.,.F.,.F.,(4,3,4),(0.487507203,0.525357523,0.563207876),.UNSPECIFIED.);
#1969=EDGE_CURVE('',#1930,#1960,#1968,.T.);
#1970=ORIENTED_EDGE('',*,*,#1969,.T.);
#1971=CARTESIAN_POINT('',(-1.183447853,-6.538639214,0.));
#1972=VERTEX_POINT('',#1971);
#1973=CARTESIAN_POINT('',(-1.578212675,-7.728474351,0.));
#1974=CARTESIAN_POINT('',(-1.527424396,-7.825434111,0.));
#1975=CARTESIAN_POINT('',(-1.4644004,-7.89769217,0.));
#1976=CARTESIAN_POINT('',(-1.389141154,-7.94524876,0.));
#1977=CARTESIAN_POINT('',(-1.313881908,-7.992805118,0.));
#1978=CARTESIAN_POINT('',(-1.229619334,-8.016583413,0.));
#1979=CARTESIAN_POINT('',(-1.136353199,-8.016583413,0.));
#1980=CARTESIAN_POINT('',(-1.033852768,-8.016583413,0.));
#1981=CARTESIAN_POINT('',(-0.938047382,-7.987495415,0.));
#1982=CARTESIAN_POINT('',(-0.848936808,-7.929319652,0.));
#1983=CARTESIAN_POINT('',(-0.759826001,-7.871143656,0.));
#1984=CARTESIAN_POINT('',(-0.692184974,-7.786188411,0.));
#1985=CARTESIAN_POINT('',(-0.646013726,-7.674453916,0.));
#1986=CARTESIAN_POINT('',(-0.599842478,-7.562719305,0.));
#1987=CARTESIAN_POINT('',(-0.576756621,-7.438518476,0.));
#1988=CARTESIAN_POINT('',(-0.576756621,-7.301851312,0.));
#1989=CARTESIAN_POINT('',(-0.576756621,-7.15133282,0.));
#1990=CARTESIAN_POINT('',(-0.60099662,-7.018590133,0.));
#1991=CARTESIAN_POINT('',(-0.649476616,-6.9036236,0.));
#1992=CARTESIAN_POINT('',(-0.69795638,-6.78865695,0.));
#1993=CARTESIAN_POINT('',(-0.769291033,-6.700239047,0.));
#1994=CARTESIAN_POINT('',(-0.863480574,-6.63836931,0.));
#1995=CARTESIAN_POINT('',(-0.957670115,-6.576499805,0.));
#1996=CARTESIAN_POINT('',(-1.064325875,-6.543256478,0.));
#1997=CARTESIAN_POINT('',(-1.183447853,-6.538639214,0.));
#1998=B_SPLINE_CURVE_WITH_KNOTS('',3,(#1973,#1974,#1975,#1976,#1977,#1978,#1979,#1980,#1981,#1982,#1983,#1984,#1985,#1986,#1987,#1988,#1989,#1990,#1991,#1992,#1993,#1994,#1995,#1996,#1997),.UNSPECIFIED.,.F.,.F.,(4,3,3,3,3,3,3,3,4),(0.563207876,0.612130478,0.661053012,0.714819375,0.7685859,0.822352474,0.881568333,0.9407842,1.),.UNSPECIFIED.);
#1999=EDGE_CURVE('',#1960,#1972,#1998,.T.);
#2000=ORIENTED_EDGE('',*,*,#1999,.T.);
#2001=CARTESIAN_POINT('',(-1.202839852,-6.796275285,0.));
#2002=VERTEX_POINT('',#2001);
#2003=CARTESIAN_POINT('',(-1.183447853,-6.538639214,0.));
#2004=DIRECTION('',(-0.075056645,-0.997179272,0.));
#2005=VECTOR('',#2004,0.258364848);
#2006=LINE('',#2003,#2005);
#2007=EDGE_CURVE('',#1972,#2002,#2006,.T.);
#2008=ORIENTED_EDGE('',*,*,#2007,.T.);
#2009=CARTESIAN_POINT('',(-1.298414503,-7.678609245,0.));
#2010=VERTEX_POINT('',#2009);
#2011=CARTESIAN_POINT('',(-1.202839852,-6.796275285,0.));
#2012=CARTESIAN_POINT('',(-1.074483578,-6.810126729,0.));
#2013=CARTESIAN_POINT('',(-0.977523817,-6.856990648,0.));
#2014=CARTESIAN_POINT('',(-0.911960571,-6.936866926,0.));
#2015=CARTESIAN_POINT('',(-0.846397324,-7.01674332,0.));
#2016=CARTESIAN_POINT('',(-0.813615468,-7.134711157,0.));
#2017=CARTESIAN_POINT('',(-0.813615468,-7.290770203,0.));
#2018=CARTESIAN_POINT('',(-0.813615468,-7.45329321,0.));
#2019=CARTESIAN_POINT('',(-0.843396137,-7.571722633,0.));
#2020=CARTESIAN_POINT('',(-0.902957242,-7.646058473,0.));
#2021=CARTESIAN_POINT('',(-0.962518115,-7.720394429,0.));
#2022=CARTESIAN_POINT('',(-1.034314704,-7.757562349,0.));
#2023=CARTESIAN_POINT('',(-1.11834631,-7.757562349,0.));
#2024=CARTESIAN_POINT('',(-1.19129704,-7.757562349,0.));
#2025=CARTESIAN_POINT('',(-1.251319848,-7.73124457,0.));
#2026=CARTESIAN_POINT('',(-1.298414503,-7.678609245,0.));
#2027=B_SPLINE_CURVE_WITH_KNOTS('',3,(#2011,#2012,#2013,#2014,#2015,#2016,#2017,#2018,#2019,#2020,#2021,#2022,#2023,#2024,#2025,#2026),.UNSPECIFIED.,.F.,.F.,(4,3,3,3,3,4),(0.,0.054964859,0.109929766,0.167171318,0.224412837,0.27410617),.UNSPECIFIED.);
#2028=EDGE_CURVE('',#2002,#2010,#2027,.T.);
#2029=ORIENTED_EDGE('',*,*,#2028,.T.);
#2030=CARTESIAN_POINT('',(-1.572672237,-6.823978057,0.));
#2031=VERTEX_POINT('',#2030);
#2032=CARTESIAN_POINT('',(-1.298414503,-7.678609245,0.));
#2033=CARTESIAN_POINT('',(-1.345509157,-7.626897326,0.));
#2034=CARTESIAN_POINT('',(-1.393758186,-7.491846239,0.));
#2035=CARTESIAN_POINT('',(-1.443161589,-7.273455868,0.));
#2036=CARTESIAN_POINT('',(-1.492564992,-7.055065614,0.));
#2037=CARTESIAN_POINT('',(-1.535735053,-6.905239677,0.));
#2038=CARTESIAN_POINT('',(-1.572672237,-6.823978057,0.));
#2039=B_SPLINE_CURVE_WITH_KNOTS('',3,(#2032,#2033,#2034,#2035,#2036,#2037,#2038),.UNSPECIFIED.,.F.,.F.,(4,3,4),(0.27410617,0.323317228,0.372528261),.UNSPECIFIED.);
#2040=EDGE_CURVE('',#2010,#2031,#2039,.T.);
#2041=ORIENTED_EDGE('',*,*,#2040,.T.);
#2042=CARTESIAN_POINT('',(-1.572672237,-6.823978057,0.));
#2043=CARTESIAN_POINT('',(-1.627154375,-6.705779602,0.));
#2044=CARTESIAN_POINT('',(-1.696180512,-6.618515724,0.));
#2045=CARTESIAN_POINT('',(-1.779750648,-6.562186657,0.));
#2046=CARTESIAN_POINT('',(-1.863320783,-6.505857707,0.));
#2047=CARTESIAN_POINT('',(-1.959587873,-6.477693115,0.));
#2048=CARTESIAN_POINT('',(-2.068552148,-6.477693115,0.));
#2049=CARTESIAN_POINT('',(-2.176593017,-6.477693115,0.));
#2050=CARTESIAN_POINT('',(-2.278400777,-6.508627926,0.));
#2051=CARTESIAN_POINT('',(-2.373975428,-6.570497431,0.));
#2052=CARTESIAN_POINT('',(-2.469550079,-6.632367169,0.));
#2053=CARTESIAN_POINT('',(-2.543885919,-6.721246891,0.));
#2054=CARTESIAN_POINT('',(-2.59698318,-6.83713683,0.));
#2055=CARTESIAN_POINT('',(-2.650080208,-6.953026886,0.));
#2056=CARTESIAN_POINT('',(-2.67662849,-7.083460941,0.));
#2057=CARTESIAN_POINT('',(-2.67662849,-7.228438878,0.));
#2058=CARTESIAN_POINT('',(-2.67662849,-7.412200697,0.));
#2059=CARTESIAN_POINT('',(-2.64984924,-7.566182079,0.));
#2060=CARTESIAN_POINT('',(-2.596290276,-7.690383025,0.));
#2061=CARTESIAN_POINT('',(-2.542731777,-7.81458397,0.));
#2062=CARTESIAN_POINT('',(-2.462162829,-7.912005434,0.));
#2063=CARTESIAN_POINT('',(-2.354583662,-7.982647415,0.));
#2064=CARTESIAN_POINT('',(-2.247004264,-8.05328963,0.));
#2065=CARTESIAN_POINT('',(-2.125342802,-8.090457549,0.));
#2066=CARTESIAN_POINT('',(-1.989599277,-8.094151175,0.));
#2067=B_SPLINE_CURVE_WITH_KNOTS('',3,(#2042,#2043,#2044,#2045,#2046,#2047,#2048,#2049,#2050,#2051,#2052,#2053,#2054,#2055,#2056,#2057,#2058,#2059,#2060,#2061,#2062,#2063,#2064,#2065,#2066),.UNSPECIFIED.,.F.,.F.,(4,3,3,3,3,3,3,3,4),(0.372528261,0.444281129,0.51603395,0.58717871,0.658323548,0.729468392,0.819645601,0.909822688,1.),.UNSPECIFIED.);
#2068=EDGE_CURVE('',#2031,#1920,#2067,.T.);
#2069=ORIENTED_EDGE('',*,*,#2068,.T.);
#2070=EDGE_LOOP('',(#1928,#1958,#1970,#2000,#2008,#2029,#2041,#2069));
#2071=FACE_BOUND('',#2070,.T.);
#2072=CARTESIAN_POINT('',(1.156053255,-0.302047605,0.));
#2073=VERTEX_POINT('',#2072);
#2074=CARTESIAN_POINT('',(1.18929664,-0.052722773,0.));
#2075=VERTEX_POINT('',#2074);
#2076=CARTESIAN_POINT('',(1.156053255,-0.302047605,0.));
#2077=DIRECTION('',(0.132164008,0.991227862,0.));
#2078=VECTOR('',#2077,0.251531299);
#2079=LINE('',#2076,#2078);
#2080=EDGE_CURVE('',#2073,#2075,#2079,.T.);
#2081=ORIENTED_EDGE('',*,*,#2080,.T.);
#2082=CARTESIAN_POINT('',(1.581291185,0.189676745,0.));
#2083=VERTEX_POINT('',#2082);
#2084=CARTESIAN_POINT('',(1.18929664,-0.052722773,0.));
#2085=CARTESIAN_POINT('',(1.048012357,-0.024096711,0.));
#2086=CARTESIAN_POINT('',(0.946204568,0.024613788,0.));
#2087=CARTESIAN_POINT('',(0.883873302,0.093409656,0.));
#2088=CARTESIAN_POINT('',(0.821542035,0.162204592,0.));
#2089=CARTESIAN_POINT('',(0.790376373,0.246005462,0.));
#2090=CARTESIAN_POINT('',(0.790376373,0.344812734,0.));
#2091=CARTESIAN_POINT('',(0.790376373,0.462087667,0.));
#2092=CARTESIAN_POINT('',(0.831007125,0.561124975,0.));
#2093=CARTESIAN_POINT('',(0.912268657,0.641925124,0.));
#2094=CARTESIAN_POINT('',(0.99353019,0.722724343,0.));
#2095=CARTESIAN_POINT('',(1.094183663,0.76312465,0.));
#2096=CARTESIAN_POINT('',(1.214229135,0.76312465,0.));
#2097=CARTESIAN_POINT('',(1.328734023,0.76312465,0.));
#2098=CARTESIAN_POINT('',(1.423154358,0.725725995,0.));
#2099=CARTESIAN_POINT('',(1.497490197,0.65092822,0.));
#2100=CARTESIAN_POINT('',(1.571825979,0.57613091,0.));
#2101=CARTESIAN_POINT('',(1.608993899,0.481017264,0.));
#2102=CARTESIAN_POINT('',(1.608993899,0.365589609,0.));
#2103=CARTESIAN_POINT('',(1.608993899,0.318494955,0.));
#2104=CARTESIAN_POINT('',(1.599759602,0.259857023,0.));
#2105=CARTESIAN_POINT('',(1.581291185,0.189676745,0.));
#2106=B_SPLINE_CURVE_WITH_KNOTS('',3,(#2084,#2085,#2086,#2087,#2088,#2089,#2090,#2091,#2092,#2093,#2094,#2095,#2096,#2097,#2098,#2099,#2100,#2101,#2102,#2103,#2104,#2105),.UNSPECIFIED.,.F.,.F.,(4,3,3,3,3,3,3,4),(0.,0.140847094,0.28169314,0.448864143,0.616034187,0.775488658,0.934942568,1.),.UNSPECIFIED.);
#2107=EDGE_CURVE('',#2075,#2083,#2106,.T.);
#2108=ORIENTED_EDGE('',*,*,#2107,.T.);
#2109=CARTESIAN_POINT('',(1.8001432,0.217379866,0.));
#2110=VERTEX_POINT('',#2109);
#2111=CARTESIAN_POINT('',(1.581291185,0.189676745,0.));
#2112=DIRECTION('',(0.992083284,0.125581679,0.));
#2113=VECTOR('',#2112,0.220598431);
#2114=LINE('',#2111,#2113);
#2115=EDGE_CURVE('',#2083,#2110,#2114,.T.);
#2116=ORIENTED_EDGE('',*,*,#2115,.T.);
#2117=CARTESIAN_POINT('',(2.088252263,-0.02778987,0.));
#2118=VERTEX_POINT('',#2117);
#2119=CARTESIAN_POINT('',(1.8001432,0.217379866,0.));
#2120=CARTESIAN_POINT('',(1.798296271,0.23400118,0.));
#2121=CARTESIAN_POINT('',(1.797372981,0.247390805,0.));
#2122=CARTESIAN_POINT('',(1.797372981,0.25754874,0.));
#2123=CARTESIAN_POINT('',(1.797372981,0.363742331,0.));
#2124=CARTESIAN_POINT('',(1.825075753,0.459316982,0.));
#2125=CARTESIAN_POINT('',(1.880481298,0.544272693,0.));
#2126=CARTESIAN_POINT('',(1.935886958,0.629227472,0.));
#2127=CARTESIAN_POINT('',(2.02130379,0.671705561,0.));
#2128=CARTESIAN_POINT('',(2.136732143,0.671705561,0.));
#2129=CARTESIAN_POINT('',(2.228151465,0.671705561,0.));
#2130=CARTESIAN_POINT('',(2.303872298,0.640770284,0.));
#2131=CARTESIAN_POINT('',(2.363895107,0.578901129,0.));
#2132=CARTESIAN_POINT('',(2.423917682,0.517031042,0.));
#2133=CARTESIAN_POINT('',(2.453929203,0.437154764,0.));
#2134=CARTESIAN_POINT('',(2.453929203,0.33927183,0.));
#2135=CARTESIAN_POINT('',(2.453929203,0.242312303,0.));
#2136=CARTESIAN_POINT('',(2.423456096,0.161512153,0.));
#2137=CARTESIAN_POINT('',(2.362509997,0.096872313,0.));
#2138=CARTESIAN_POINT('',(2.301563782,0.032232007,0.));
#2139=CARTESIAN_POINT('',(2.210144576,-0.009322209,0.));
#2140=CARTESIAN_POINT('',(2.088252263,-0.02778987,0.));
#2141=B_SPLINE_CURVE_WITH_KNOTS('',3,(#2119,#2120,#2121,#2122,#2123,#2124,#2125,#2126,#2127,#2128,#2129,#2130,#2131,#2132,#2133,#2134,#2135,#2136,#2137,#2138,#2139,#2140),.UNSPECIFIED.,.F.,.F.,(4,3,3,3,3,3,3,4),(0.,0.018224482,0.208747766,0.399269704,0.550163189,0.701057561,0.850528428,1.),.UNSPECIFIED.);
#2142=EDGE_CURVE('',#2110,#2118,#2141,.T.);
#2143=ORIENTED_EDGE('',*,*,#2142,.T.);
#2144=CARTESIAN_POINT('',(2.132576814,-0.277115168,0.));
#2145=VERTEX_POINT('',#2144);
#2146=CARTESIAN_POINT('',(2.088252263,-0.02778987,0.));
#2147=DIRECTION('',(0.175033543,-0.984562471,0.));
#2148=VECTOR('',#2147,0.253234615);
#2149=LINE('',#2146,#2148);
#2150=EDGE_CURVE('',#2118,#2145,#2149,.T.);
#2151=ORIENTED_EDGE('',*,*,#2150,.T.);
#2152=CARTESIAN_POINT('',(1.719805103,0.648158001,0.));
#2153=VERTEX_POINT('',#2152);
#2154=CARTESIAN_POINT('',(2.132576814,-0.277115168,0.));
#2155=CARTESIAN_POINT('',(2.299716969,-0.246642293,0.));
#2156=CARTESIAN_POINT('',(2.429227502,-0.177384956,0.));
#2157=CARTESIAN_POINT('',(2.521108527,-0.069344087,0.));
#2158=CARTESIAN_POINT('',(2.61298932,0.038696783,0.));
#2159=CARTESIAN_POINT('',(2.658929833,0.173054965,0.));
#2160=CARTESIAN_POINT('',(2.658929833,0.333731392,0.));
#2161=CARTESIAN_POINT('',(2.658929833,0.444542481,0.));
#2162=CARTESIAN_POINT('',(2.635151538,0.546580976,0.));
#2163=CARTESIAN_POINT('',(2.58759518,0.639847344,0.));
#2164=CARTESIAN_POINT('',(2.540038706,0.73311278,0.));
#2165=CARTESIAN_POINT('',(2.475167898,0.804447433,0.));
#2166=CARTESIAN_POINT('',(2.392982988,0.853851302,0.));
#2167=CARTESIAN_POINT('',(2.310798078,0.903254239,0.));
#2168=CARTESIAN_POINT('',(2.223534201,0.927956173,0.));
#2169=CARTESIAN_POINT('',(2.131191588,0.927956173,0.));
#2170=CARTESIAN_POINT('',(2.043466008,0.927956173,0.));
#2171=CARTESIAN_POINT('',(1.963589614,0.904409079,0.));
#2172=CARTESIAN_POINT('',(1.891562406,0.857314425,0.));
#2173=CARTESIAN_POINT('',(1.819535083,0.810219305,0.));
#2174=CARTESIAN_POINT('',(1.762282726,0.740500497,0.));
#2175=CARTESIAN_POINT('',(1.719805103,0.648158001,0.));
#2176=B_SPLINE_CURVE_WITH_KNOTS('',3,(#2154,#2155,#2156,#2157,#2158,#2159,#2160,#2161,#2162,#2163,#2164,#2165,#2166,#2167,#2168,#2169,#2170,#2171,#2172,#2173,#2174,#2175),.UNSPECIFIED.,.F.,.F.,(4,3,3,3,3,3,3,4),(0.,0.090483895,0.180967694,0.243370178,0.305772199,0.368173908,0.427455598,0.486737531),.UNSPECIFIED.);
#2177=EDGE_CURVE('',#2145,#2153,#2176,.T.);
#2178=ORIENTED_EDGE('',*,*,#2177,.T.);
#2179=CARTESIAN_POINT('',(1.719805103,0.648158001,0.));
#2180=CARTESIAN_POINT('',(1.692102331,0.768203152,0.));
#2181=CARTESIAN_POINT('',(1.634619006,0.86146952,0.));
#2182=CARTESIAN_POINT('',(1.547355245,0.927956173,0.));
#2183=CARTESIAN_POINT('',(1.460091426,0.994442826,0.));
#2184=CARTESIAN_POINT('',(1.350896182,1.027686385,0.));
#2185=CARTESIAN_POINT('',(1.219769689,1.027686385,0.));
#2186=CARTESIAN_POINT('',(1.042471803,1.027686385,0.));
#2187=CARTESIAN_POINT('',(0.892184133,0.96304608,0.));
#2188=CARTESIAN_POINT('',(0.76890671,0.833766865,0.));
#2189=CARTESIAN_POINT('',(0.645629287,0.704486718,0.));
#2190=CARTESIAN_POINT('',(0.583990518,0.541040538,0.));
#2191=CARTESIAN_POINT('',(0.583990518,0.343427392,0.));
#2192=CARTESIAN_POINT('',(0.583990518,0.165205779,0.));
#2193=CARTESIAN_POINT('',(0.637087546,0.017227003,0.));
#2194=CARTESIAN_POINT('',(0.743281602,-0.100509865,0.));
#2195=CARTESIAN_POINT('',(0.849475659,-0.218246734,0.));
#2196=CARTESIAN_POINT('',(0.9870662,-0.285426291,0.));
#2197=CARTESIAN_POINT('',(1.156053255,-0.302047605,0.));
#2198=B_SPLINE_CURVE_WITH_KNOTS('',3,(#2179,#2180,#2181,#2182,#2183,#2184,#2185,#2186,#2187,#2188,#2189,#2190,#2191,#2192,#2193,#2194,#2195,#2196,#2197),.UNSPECIFIED.,.F.,.F.,(4,3,3,3,3,3,4),(0.486737531,0.558591753,0.630446006,0.727601102,0.824756565,0.912378282,1.),.UNSPECIFIED.);
#2199=EDGE_CURVE('',#2153,#2073,#2198,.T.);
#2200=ORIENTED_EDGE('',*,*,#2199,.T.);
#2201=EDGE_LOOP('',(#2081,#2108,#2116,#2143,#2151,#2178,#2200));
#2202=FACE_BOUND('',#2201,.T.);
#2203=CARTESIAN_POINT('',(1.156053255,4.745401772,0.));
#2204=VERTEX_POINT('',#2203);
#2205=CARTESIAN_POINT('',(1.18929664,4.99472707,0.));
#2206=VERTEX_POINT('',#2205);
#2207=CARTESIAN_POINT('',(1.156053255,4.745401772,0.));
#2208=DIRECTION('',(0.132163766,0.991227895,0.));
#2209=VECTOR('',#2208,0.251531761);
#2210=LINE('',#2207,#2209);
#2211=EDGE_CURVE('',#2204,#2206,#2210,.T.);
#2212=ORIENTED_EDGE('',*,*,#2211,.T.);
#2213=CARTESIAN_POINT('',(1.581291185,5.237126121,0.));
#2214=VERTEX_POINT('',#2213);
#2215=CARTESIAN_POINT('',(1.18929664,4.99472707,0.));
#2216=CARTESIAN_POINT('',(1.048012357,5.023353132,0.));
#2217=CARTESIAN_POINT('',(0.946204568,5.072063165,0.));
#2218=CARTESIAN_POINT('',(0.883873302,5.140859032,0.));
#2219=CARTESIAN_POINT('',(0.821542035,5.209653968,0.));
#2220=CARTESIAN_POINT('',(0.790376373,5.293454373,0.));
#2221=CARTESIAN_POINT('',(0.790376373,5.392262111,0.));
#2222=CARTESIAN_POINT('',(0.790376373,5.509536112,0.));
#2223=CARTESIAN_POINT('',(0.831007125,5.608573886,0.));
#2224=CARTESIAN_POINT('',(0.912268657,5.689374501,0.));
#2225=CARTESIAN_POINT('',(0.99353019,5.770174185,0.));
#2226=CARTESIAN_POINT('',(1.094183663,5.810574027,0.));
#2227=CARTESIAN_POINT('',(1.214229135,5.810574027,0.));
#2228=CARTESIAN_POINT('',(1.328734023,5.810574027,0.));
#2229=CARTESIAN_POINT('',(1.423154358,5.773175837,0.));
#2230=CARTESIAN_POINT('',(1.497490197,5.698378528,0.));
#2231=CARTESIAN_POINT('',(1.571825979,5.623580286,0.));
#2232=CARTESIAN_POINT('',(1.608993899,5.528467106,0.));
#2233=CARTESIAN_POINT('',(1.608993899,5.413038986,0.));
#2234=CARTESIAN_POINT('',(1.608993899,5.365944797,0.));
#2235=CARTESIAN_POINT('',(1.599759602,5.307305934,0.));
#2236=CARTESIAN_POINT('',(1.581291185,5.237126121,0.));
#2237=B_SPLINE_CURVE_WITH_KNOTS('',3,(#2215,#2216,#2217,#2218,#2219,#2220,#2221,#2222,#2223,#2224,#2225,#2226,#2227,#2228,#2229,#2230,#2231,#2232,#2233,#2234,#2235,#2236),.UNSPECIFIED.,.F.,.F.,(4,3,3,3,3,3,3,4),(0.,0.140848204,0.281695362,0.448865567,0.616034814,0.775488525,0.934943173,1.),.UNSPECIFIED.);
#2238=EDGE_CURVE('',#2206,#2214,#2237,.T.);
#2239=ORIENTED_EDGE('',*,*,#2238,.T.);
#2240=CARTESIAN_POINT('',(1.8001432,5.264829243,0.));
#2241=VERTEX_POINT('',#2240);
#2242=CARTESIAN_POINT('',(1.581291185,5.237126121,0.));
#2243=DIRECTION('',(0.992083284,0.125581679,0.));
#2244=VECTOR('',#2243,0.220598431);
#2245=LINE('',#2242,#2244);
#2246=EDGE_CURVE('',#2214,#2241,#2245,.T.);
#2247=ORIENTED_EDGE('',*,*,#2246,.T.);
#2248=CARTESIAN_POINT('',(2.088252263,5.019659506,0.));
#2249=VERTEX_POINT('',#2248);
#2250=CARTESIAN_POINT('',(1.8001432,5.264829243,0.));
#2251=CARTESIAN_POINT('',(1.798296271,5.281450557,0.));
#2252=CARTESIAN_POINT('',(1.797372981,5.294840181,0.));
#2253=CARTESIAN_POINT('',(1.797372981,5.304998117,0.));
#2254=CARTESIAN_POINT('',(1.797372981,5.411191242,0.));
#2255=CARTESIAN_POINT('',(1.825075753,5.506766358,0.));
#2256=CARTESIAN_POINT('',(1.880481298,5.591722535,0.));
#2257=CARTESIAN_POINT('',(1.935886958,5.676676849,0.));
#2258=CARTESIAN_POINT('',(2.02130379,5.719155403,0.));
#2259=CARTESIAN_POINT('',(2.136732143,5.719155403,0.));
#2260=CARTESIAN_POINT('',(2.228151465,5.719155403,0.));
#2261=CARTESIAN_POINT('',(2.303872298,5.688219661,0.));
#2262=CARTESIAN_POINT('',(2.363895107,5.626350971,0.));
#2263=CARTESIAN_POINT('',(2.423917682,5.564480418,0.));
#2264=CARTESIAN_POINT('',(2.453929203,5.484603675,0.));
#2265=CARTESIAN_POINT('',(2.453929203,5.386721673,0.));
#2266=CARTESIAN_POINT('',(2.453929203,5.289761679,0.));
#2267=CARTESIAN_POINT('',(2.423456096,5.208961995,0.));
#2268=CARTESIAN_POINT('',(2.362509997,5.144322621,0.));
#2269=CARTESIAN_POINT('',(2.301563782,5.079682315,0.));
#2270=CARTESIAN_POINT('',(2.210144576,5.038127633,0.));
#2271=CARTESIAN_POINT('',(2.088252263,5.019659506,0.));
#2272=B_SPLINE_CURVE_WITH_KNOTS('',3,(#2250,#2251,#2252,#2253,#2254,#2255,#2256,#2257,#2258,#2259,#2260,#2261,#2262,#2263,#2264,#2265,#2266,#2267,#2268,#2269,#2270,#2271),.UNSPECIFIED.,.F.,.F.,(4,3,3,3,3,3,3,4),(0.,0.018224519,0.208747359,0.399267387,0.55015936,0.70105339,0.850526058,1.),.UNSPECIFIED.);
#2273=EDGE_CURVE('',#2241,#2249,#2272,.T.);
#2274=ORIENTED_EDGE('',*,*,#2273,.T.);
#2275=CARTESIAN_POINT('',(2.132576814,4.770334208,0.));
#2276=VERTEX_POINT('',#2275);
#2277=CARTESIAN_POINT('',(2.088252263,5.019659506,0.));
#2278=DIRECTION('',(0.175033543,-0.984562471,0.));
#2279=VECTOR('',#2278,0.253234615);
#2280=LINE('',#2277,#2279);
#2281=EDGE_CURVE('',#2249,#2276,#2280,.T.);
#2282=ORIENTED_EDGE('',*,*,#2281,.T.);
#2283=CARTESIAN_POINT('',(1.719805103,5.695607843,0.));
#2284=VERTEX_POINT('',#2283);
#2285=CARTESIAN_POINT('',(2.132576814,4.770334208,0.));
#2286=CARTESIAN_POINT('',(2.299716969,4.800807083,0.));
#2287=CARTESIAN_POINT('',(2.429227502,4.870064886,0.));
#2288=CARTESIAN_POINT('',(2.521108527,4.978105756,0.));
#2289=CARTESIAN_POINT('',(2.61298932,5.086146625,0.));
#2290=CARTESIAN_POINT('',(2.658929833,5.220504807,0.));
#2291=CARTESIAN_POINT('',(2.658929833,5.381181235,0.));
#2292=CARTESIAN_POINT('',(2.658929833,5.491991857,0.));
#2293=CARTESIAN_POINT('',(2.635151538,5.594030352,0.));
#2294=CARTESIAN_POINT('',(2.58759518,5.68729672,0.));
#2295=CARTESIAN_POINT('',(2.540038706,5.780562157,0.));
#2296=CARTESIAN_POINT('',(2.475167898,5.851897741,0.));
#2297=CARTESIAN_POINT('',(2.392982988,5.901300678,0.));
#2298=CARTESIAN_POINT('',(2.310798078,5.950703615,0.));
#2299=CARTESIAN_POINT('',(2.223534201,5.975406015,0.));
#2300=CARTESIAN_POINT('',(2.131191588,5.975406015,0.));
#2301=CARTESIAN_POINT('',(2.043466008,5.975406015,0.));
#2302=CARTESIAN_POINT('',(1.963589614,5.951858455,0.));
#2303=CARTESIAN_POINT('',(1.891562406,5.904764267,0.));
#2304=CARTESIAN_POINT('',(1.819535083,5.857669147,0.));
#2305=CARTESIAN_POINT('',(1.762282726,5.787949407,0.));
#2306=CARTESIAN_POINT('',(1.719805103,5.695607843,0.));
#2307=B_SPLINE_CURVE_WITH_KNOTS('',3,(#2285,#2286,#2287,#2288,#2289,#2290,#2291,#2292,#2293,#2294,#2295,#2296,#2297,#2298,#2299,#2300,#2301,#2302,#2303,#2304,#2305,#2306),.UNSPECIFIED.,.F.,.F.,(4,3,3,3,3,3,3,4),(0.,0.090483318,0.18096654,0.243368364,0.305769725,0.368171086,0.427452446,0.486734224),.UNSPECIFIED.);
#2308=EDGE_CURVE('',#2276,#2284,#2307,.T.);
#2309=ORIENTED_EDGE('',*,*,#2308,.T.);
#2310=CARTESIAN_POINT('',(1.719805103,5.695607843,0.));
#2311=CARTESIAN_POINT('',(1.692102331,5.815652529,0.));
#2312=CARTESIAN_POINT('',(1.634619006,5.908918897,0.));
#2313=CARTESIAN_POINT('',(1.547355245,5.975406015,0.));
#2314=CARTESIAN_POINT('',(1.460091426,6.041893134,0.));
#2315=CARTESIAN_POINT('',(1.350896182,6.075135762,0.));
#2316=CARTESIAN_POINT('',(1.219769689,6.075135762,0.));
#2317=CARTESIAN_POINT('',(1.042471803,6.075135762,0.));
#2318=CARTESIAN_POINT('',(0.892184133,6.010495456,0.));
#2319=CARTESIAN_POINT('',(0.76890671,5.881216707,0.));
#2320=CARTESIAN_POINT('',(0.645629287,5.751936095,0.));
#2321=CARTESIAN_POINT('',(0.583990518,5.588488983,0.));
#2322=CARTESIAN_POINT('',(0.583990518,5.390877234,0.));
#2323=CARTESIAN_POINT('',(0.583990518,5.212655621,0.));
#2324=CARTESIAN_POINT('',(0.637087546,5.064676845,0.));
#2325=CARTESIAN_POINT('',(0.743281602,4.946939977,0.));
#2326=CARTESIAN_POINT('',(0.849475659,4.829203108,0.));
#2327=CARTESIAN_POINT('',(0.9870662,4.762024017,0.));
#2328=CARTESIAN_POINT('',(1.156053255,4.745401772,0.));
#2329=B_SPLINE_CURVE_WITH_KNOTS('',3,(#2310,#2311,#2312,#2313,#2314,#2315,#2316,#2317,#2318,#2319,#2320,#2321,#2322,#2323,#2324,#2325,#2326,#2327,#2328),.UNSPECIFIED.,.F.,.F.,(4,3,3,3,3,3,4),(0.486734224,0.558588592,0.63044299,0.727598283,0.824754309,0.912377155,1.),.UNSPECIFIED.);
#2330=EDGE_CURVE('',#2284,#2204,#2329,.T.);
#2331=ORIENTED_EDGE('',*,*,#2330,.T.);
#2332=EDGE_LOOP('',(#2212,#2239,#2247,#2274,#2282,#2309,#2331));
#2333=FACE_BOUND('',#2332,.T.);
#2334=ADVANCED_FACE('',(#184,#337,#435,#517,#589,#623,#747,#819,#830,#841,#852,#863,#874,#885,#896,#907,#918,#929,#940,#951,#962,#973,#984,#995,#1006,#1017,
#1438,#1556,#1654,#1755,#1884,#1918,#2071,#2202,#2333),#31,.F.);
#2335=CARTESIAN_POINT('',(0.,0.,1.27));
#2336=DIRECTION('',(0.,0.,1.));
#2337=DIRECTION('',(1.,0.,0.));
#2338=AXIS2_PLACEMENT_3D('',#2335,#2336,#2337);
#2339=PLANE('',#2338);
#2340=CARTESIAN_POINT('',(-2.9718,4.816914299,1.27));
#2341=VERTEX_POINT('',#2340);
#2342=CARTESIAN_POINT('',(-2.9718,2.302314299,1.27));
#2343=VERTEX_POINT('',#2342);
#2344=CARTESIAN_POINT('',(-2.9718,4.816914299,1.27));
#2345=DIRECTION('',(0.,-1.,0.));
#2346=VECTOR('',#2345,2.5146);
#2347=LINE('',#2344,#2346);
#2348=EDGE_CURVE('',#2341,#2343,#2347,.T.);
#2349=ORIENTED_EDGE('',*,*,#2348,.T.);
#2350=CARTESIAN_POINT('',(-5.9436,2.302314299,1.27));
#2351=VERTEX_POINT('',#2350);
#2352=CARTESIAN_POINT('',(-2.9718,2.302314299,1.27));
#2353=DIRECTION('',(-1.,0.,0.));
#2354=VECTOR('',#2353,2.9718);
#2355=LINE('',#2352,#2354);
#2356=EDGE_CURVE('',#2343,#2351,#2355,.T.);
#2357=ORIENTED_EDGE('',*,*,#2356,.T.);
#2358=CARTESIAN_POINT('',(-5.9436,4.816914299,1.27));
#2359=VERTEX_POINT('',#2358);
#2360=CARTESIAN_POINT('',(-5.9436,2.302314299,1.27));
#2361=DIRECTION('',(-0.,1.,0.));
#2362=VECTOR('',#2361,2.5146);
#2363=LINE('',#2360,#2362);
#2364=EDGE_CURVE('',#2351,#2359,#2363,.T.);
#2365=ORIENTED_EDGE('',*,*,#2364,.T.);
#2366=CARTESIAN_POINT('',(-5.9436,4.816914299,1.27));
#2367=DIRECTION('',(1.,-0.,0.));
#2368=VECTOR('',#2367,2.9718);
#2369=LINE('',#2366,#2368);
#2370=EDGE_CURVE('',#2359,#2341,#2369,.T.);
#2371=ORIENTED_EDGE('',*,*,#2370,.T.);
#2372=EDGE_LOOP('',(#2349,#2357,#2365,#2371));
#2373=FACE_BOUND('',#2372,.T.);
#2374=CARTESIAN_POINT('',(9.017,11.8618,1.27));
#2375=VERTEX_POINT('',#2374);
#2376=CARTESIAN_POINT('',(4.4577,11.8618,1.27));
#2377=VERTEX_POINT('',#2376);
#2378=CARTESIAN_POINT('',(9.017,11.8618,1.27));
#2379=DIRECTION('',(-1.,0.,0.));
#2380=VECTOR('',#2379,4.5593);
#2381=LINE('',#2378,#2380);
#2382=EDGE_CURVE('',#2375,#2377,#2381,.T.);
#2383=ORIENTED_EDGE('',*,*,#2382,.T.);
#2384=CARTESIAN_POINT('',(4.4577,6.096,1.27));
#2385=VERTEX_POINT('',#2384);
#2386=CARTESIAN_POINT('',(4.4577,11.8618,1.27));
#2387=DIRECTION('',(-0.,-1.,0.));
#2388=VECTOR('',#2387,5.7658);
#2389=LINE('',#2386,#2388);
#2390=EDGE_CURVE('',#2377,#2385,#2389,.T.);
#2391=ORIENTED_EDGE('',*,*,#2390,.T.);
#2392=CARTESIAN_POINT('',(-4.4577,6.096,1.27));
#2393=VERTEX_POINT('',#2392);
#2394=CARTESIAN_POINT('',(4.4577,6.096,1.27));
#2395=DIRECTION('',(-1.,0.,0.));
#2396=VECTOR('',#2395,8.9154);
#2397=LINE('',#2394,#2396);
#2398=EDGE_CURVE('',#2385,#2393,#2397,.T.);
#2399=ORIENTED_EDGE('',*,*,#2398,.T.);
#2400=CARTESIAN_POINT('',(-4.4577,11.8618,1.27));
#2401=VERTEX_POINT('',#2400);
#2402=CARTESIAN_POINT('',(-4.4577,6.096,1.27));
#2403=DIRECTION('',(-0.,1.,0.));
#2404=VECTOR('',#2403,5.7658);
#2405=LINE('',#2402,#2404);
#2406=EDGE_CURVE('',#2393,#2401,#2405,.T.);
#2407=ORIENTED_EDGE('',*,*,#2406,.T.);
#2408=CARTESIAN_POINT('',(-9.017,11.8618,1.27));
#2409=VERTEX_POINT('',#2408);
#2410=CARTESIAN_POINT('',(-4.4577,11.8618,1.27));
#2411=DIRECTION('',(-1.,0.,0.));
#2412=VECTOR('',#2411,4.5593);
#2413=LINE('',#2410,#2412);
#2414=EDGE_CURVE('',#2401,#2409,#2413,.T.);
#2415=ORIENTED_EDGE('',*,*,#2414,.T.);
#2416=CARTESIAN_POINT('',(-9.017,10.8458,1.27));
#2417=VERTEX_POINT('',#2416);
#2418=CARTESIAN_POINT('',(-9.017,11.8618,1.27));
#2419=DIRECTION('',(0.,-1.,0.));
#2420=VECTOR('',#2419,1.016);
#2421=LINE('',#2418,#2420);
#2422=EDGE_CURVE('',#2409,#2417,#2421,.T.);
#2423=ORIENTED_EDGE('',*,*,#2422,.T.);
#2424=CARTESIAN_POINT('',(-7.5184,10.8458,1.27));
#2425=VERTEX_POINT('',#2424);
#2426=CARTESIAN_POINT('',(-7.5184,10.8458,1.27));
#2427=DIRECTION('',(-1.,0.,0.));
#2428=VECTOR('',#2427,1.4986);
#2429=LINE('',#2426,#2428);
#2430=EDGE_CURVE('',#2425,#2417,#2429,.T.);
#2431=ORIENTED_EDGE('',*,*,#2430,.F.);
#2432=CARTESIAN_POINT('',(-6.7818,10.1092,1.27));
#2433=VERTEX_POINT('',#2432);
#2434=CARTESIAN_POINT('',(-7.5184,10.1092,1.27));
#2435=DIRECTION('',(0.,0.,1.));
#2436=DIRECTION('',(1.,0.,-0.));
#2437=AXIS2_PLACEMENT_3D('',#2434,#2435,#2436);
#2438=CIRCLE('',#2437,0.7366);
#2439=EDGE_CURVE('',#2433,#2425,#2438,.T.);
#2440=ORIENTED_EDGE('',*,*,#2439,.F.);
#2441=CARTESIAN_POINT('',(-7.5184,9.3726,1.27));
#2442=VERTEX_POINT('',#2441);
#2443=CARTESIAN_POINT('',(-7.5184,10.1092,1.27));
#2444=DIRECTION('',(0.,0.,1.));
#2445=DIRECTION('',(1.,0.,-0.));
#2446=AXIS2_PLACEMENT_3D('',#2443,#2444,#2445);
#2447=CIRCLE('',#2446,0.7366);
#2448=EDGE_CURVE('',#2442,#2433,#2447,.T.);
#2449=ORIENTED_EDGE('',*,*,#2448,.F.);
#2450=CARTESIAN_POINT('',(-9.017,9.3726,1.27));
#2451=VERTEX_POINT('',#2450);
#2452=CARTESIAN_POINT('',(-7.5184,9.3726,1.27));
#2453=DIRECTION('',(-1.,0.,0.));
#2454=VECTOR('',#2453,1.4986);
#2455=LINE('',#2452,#2454);
#2456=EDGE_CURVE('',#2442,#2451,#2455,.T.);
#2457=ORIENTED_EDGE('',*,*,#2456,.T.);
#2458=CARTESIAN_POINT('',(-9.017,8.3439,1.27));
#2459=VERTEX_POINT('',#2458);
#2460=CARTESIAN_POINT('',(-9.017,9.3726,1.27));
#2461=DIRECTION('',(0.,-1.,0.));
#2462=VECTOR('',#2461,1.0287);
#2463=LINE('',#2460,#2462);
#2464=EDGE_CURVE('',#2451,#2459,#2463,.T.);
#2465=ORIENTED_EDGE('',*,*,#2464,.T.);
#2466=CARTESIAN_POINT('',(-7.5184,8.3439,1.27));
#2467=VERTEX_POINT('',#2466);
#2468=CARTESIAN_POINT('',(-7.5184,8.3439,1.27));
#2469=DIRECTION('',(-1.,0.,0.));
#2470=VECTOR('',#2469,1.4986);
#2471=LINE('',#2468,#2470);
#2472=EDGE_CURVE('',#2467,#2459,#2471,.T.);
#2473=ORIENTED_EDGE('',*,*,#2472,.F.);
#2474=CARTESIAN_POINT('',(-6.7818,7.6073,1.27));
#2475=VERTEX_POINT('',#2474);
#2476=CARTESIAN_POINT('',(-7.5184,7.6073,1.27));
#2477=DIRECTION('',(0.,0.,1.));
#2478=DIRECTION('',(1.,0.,-0.));
#2479=AXIS2_PLACEMENT_3D('',#2476,#2477,#2478);
#2480=CIRCLE('',#2479,0.7366);
#2481=EDGE_CURVE('',#2475,#2467,#2480,.T.);
#2482=ORIENTED_EDGE('',*,*,#2481,.F.);
#2483=CARTESIAN_POINT('',(-7.5184,6.8707,1.27));
#2484=VERTEX_POINT('',#2483);
#2485=CARTESIAN_POINT('',(-7.5184,7.6073,1.27));
#2486=DIRECTION('',(0.,0.,1.));
#2487=DIRECTION('',(1.,0.,-0.));
#2488=AXIS2_PLACEMENT_3D('',#2485,#2486,#2487);
#2489=CIRCLE('',#2488,0.7366);
#2490=EDGE_CURVE('',#2484,#2475,#2489,.T.);
#2491=ORIENTED_EDGE('',*,*,#2490,.F.);
#2492=CARTESIAN_POINT('',(-9.017,6.8707,1.27));
#2493=VERTEX_POINT('',#2492);
#2494=CARTESIAN_POINT('',(-7.5184,6.8707,1.27));
#2495=DIRECTION('',(-1.,0.,0.));
#2496=VECTOR('',#2495,1.4986);
#2497=LINE('',#2494,#2496);
#2498=EDGE_CURVE('',#2484,#2493,#2497,.T.);
#2499=ORIENTED_EDGE('',*,*,#2498,.T.);
#2500=CARTESIAN_POINT('',(-9.017,5.842,1.27));
#2501=VERTEX_POINT('',#2500);
#2502=CARTESIAN_POINT('',(-9.017,6.8707,1.27));
#2503=DIRECTION('',(0.,-1.,0.));
#2504=VECTOR('',#2503,1.0287);
#2505=LINE('',#2502,#2504);
#2506=EDGE_CURVE('',#2493,#2501,#2505,.T.);
#2507=ORIENTED_EDGE('',*,*,#2506,.T.);
#2508=CARTESIAN_POINT('',(-7.5184,5.842,1.27));
#2509=VERTEX_POINT('',#2508);
#2510=CARTESIAN_POINT('',(-7.5184,5.842,1.27));
#2511=DIRECTION('',(-1.,0.,0.));
#2512=VECTOR('',#2511,1.4986);
#2513=LINE('',#2510,#2512);
#2514=EDGE_CURVE('',#2509,#2501,#2513,.T.);
#2515=ORIENTED_EDGE('',*,*,#2514,.F.);
#2516=CARTESIAN_POINT('',(-6.7818,5.1054,1.27));
#2517=VERTEX_POINT('',#2516);
#2518=CARTESIAN_POINT('',(-7.5184,5.1054,1.27));
#2519=DIRECTION('',(0.,0.,1.));
#2520=DIRECTION('',(1.,0.,-0.));
#2521=AXIS2_PLACEMENT_3D('',#2518,#2519,#2520);
#2522=CIRCLE('',#2521,0.7366);
#2523=EDGE_CURVE('',#2517,#2509,#2522,.T.);
#2524=ORIENTED_EDGE('',*,*,#2523,.F.);
#2525=CARTESIAN_POINT('',(-7.5184,4.3688,1.27));
#2526=VERTEX_POINT('',#2525);
#2527=CARTESIAN_POINT('',(-7.5184,5.1054,1.27));
#2528=DIRECTION('',(0.,0.,1.));
#2529=DIRECTION('',(1.,0.,-0.));
#2530=AXIS2_PLACEMENT_3D('',#2527,#2528,#2529);
#2531=CIRCLE('',#2530,0.7366);
#2532=EDGE_CURVE('',#2526,#2517,#2531,.T.);
#2533=ORIENTED_EDGE('',*,*,#2532,.F.);
#2534=CARTESIAN_POINT('',(-9.017,4.3688,1.27));
#2535=VERTEX_POINT('',#2534);
#2536=CARTESIAN_POINT('',(-7.5184,4.3688,1.27));
#2537=DIRECTION('',(-1.,0.,0.));
#2538=VECTOR('',#2537,1.4986);
#2539=LINE('',#2536,#2538);
#2540=EDGE_CURVE('',#2526,#2535,#2539,.T.);
#2541=ORIENTED_EDGE('',*,*,#2540,.T.);
#2542=CARTESIAN_POINT('',(-9.017,3.3401,1.27));
#2543=VERTEX_POINT('',#2542);
#2544=CARTESIAN_POINT('',(-9.017,4.3688,1.27));
#2545=DIRECTION('',(0.,-1.,0.));
#2546=VECTOR('',#2545,1.0287);
#2547=LINE('',#2544,#2546);
#2548=EDGE_CURVE('',#2535,#2543,#2547,.T.);
#2549=ORIENTED_EDGE('',*,*,#2548,.T.);
#2550=CARTESIAN_POINT('',(-7.5184,3.3401,1.27));
#2551=VERTEX_POINT('',#2550);
#2552=CARTESIAN_POINT('',(-7.5184,3.3401,1.27));
#2553=DIRECTION('',(-1.,0.,0.));
#2554=VECTOR('',#2553,1.4986);
#2555=LINE('',#2552,#2554);
#2556=EDGE_CURVE('',#2551,#2543,#2555,.T.);
#2557=ORIENTED_EDGE('',*,*,#2556,.F.);
#2558=CARTESIAN_POINT('',(-6.7818,2.6035,1.27));
#2559=VERTEX_POINT('',#2558);
#2560=CARTESIAN_POINT('',(-7.5184,2.6035,1.27));
#2561=DIRECTION('',(0.,0.,1.));
#2562=DIRECTION('',(1.,0.,-0.));
#2563=AXIS2_PLACEMENT_3D('',#2560,#2561,#2562);
#2564=CIRCLE('',#2563,0.7366);
#2565=EDGE_CURVE('',#2559,#2551,#2564,.T.);
#2566=ORIENTED_EDGE('',*,*,#2565,.F.);
#2567=CARTESIAN_POINT('',(-7.5184,1.8669,1.27));
#2568=VERTEX_POINT('',#2567);
#2569=CARTESIAN_POINT('',(-7.5184,2.6035,1.27));
#2570=DIRECTION('',(0.,0.,1.));
#2571=DIRECTION('',(1.,0.,-0.));
#2572=AXIS2_PLACEMENT_3D('',#2569,#2570,#2571);
#2573=CIRCLE('',#2572,0.7366);
#2574=EDGE_CURVE('',#2568,#2559,#2573,.T.);
#2575=ORIENTED_EDGE('',*,*,#2574,.F.);
#2576=CARTESIAN_POINT('',(-9.017,1.8669,1.27));
#2577=VERTEX_POINT('',#2576);
#2578=CARTESIAN_POINT('',(-7.5184,1.8669,1.27));
#2579=DIRECTION('',(-1.,0.,0.));
#2580=VECTOR('',#2579,1.4986);
#2581=LINE('',#2578,#2580);
#2582=EDGE_CURVE('',#2568,#2577,#2581,.T.);
#2583=ORIENTED_EDGE('',*,*,#2582,.T.);
#2584=CARTESIAN_POINT('',(-9.017,0.8382,1.27));
#2585=VERTEX_POINT('',#2584);
#2586=CARTESIAN_POINT('',(-9.017,1.8669,1.27));
#2587=DIRECTION('',(0.,-1.,0.));
#2588=VECTOR('',#2587,1.0287);
#2589=LINE('',#2586,#2588);
#2590=EDGE_CURVE('',#2577,#2585,#2589,.T.);
#2591=ORIENTED_EDGE('',*,*,#2590,.T.);
#2592=CARTESIAN_POINT('',(-7.5184,0.8382,1.27));
#2593=VERTEX_POINT('',#2592);
#2594=CARTESIAN_POINT('',(-7.5184,0.8382,1.27));
#2595=DIRECTION('',(-1.,0.,0.));
#2596=VECTOR('',#2595,1.4986);
#2597=LINE('',#2594,#2596);
#2598=EDGE_CURVE('',#2593,#2585,#2597,.T.);
#2599=ORIENTED_EDGE('',*,*,#2598,.F.);
#2600=CARTESIAN_POINT('',(-6.7818,0.1016,1.27));
#2601=VERTEX_POINT('',#2600);
#2602=CARTESIAN_POINT('',(-7.5184,0.1016,1.27));
#2603=DIRECTION('',(0.,0.,1.));
#2604=DIRECTION('',(1.,0.,-0.));
#2605=AXIS2_PLACEMENT_3D('',#2602,#2603,#2604);
#2606=CIRCLE('',#2605,0.7366);
#2607=EDGE_CURVE('',#2601,#2593,#2606,.T.);
#2608=ORIENTED_EDGE('',*,*,#2607,.F.);
#2609=CARTESIAN_POINT('',(-7.5184,-0.635,1.27));
#2610=VERTEX_POINT('',#2609);
#2611=CARTESIAN_POINT('',(-7.5184,0.1016,1.27));
#2612=DIRECTION('',(0.,0.,1.));
#2613=DIRECTION('',(1.,0.,-0.));
#2614=AXIS2_PLACEMENT_3D('',#2611,#2612,#2613);
#2615=CIRCLE('',#2614,0.7366);
#2616=EDGE_CURVE('',#2610,#2601,#2615,.T.);
#2617=ORIENTED_EDGE('',*,*,#2616,.F.);
#2618=CARTESIAN_POINT('',(-9.017,-0.635,1.27));
#2619=VERTEX_POINT('',#2618);
#2620=CARTESIAN_POINT('',(-7.5184,-0.635,1.27));
#2621=DIRECTION('',(-1.,0.,0.));
#2622=VECTOR('',#2621,1.4986);
#2623=LINE('',#2620,#2622);
#2624=EDGE_CURVE('',#2610,#2619,#2623,.T.);
#2625=ORIENTED_EDGE('',*,*,#2624,.T.);
#2626=CARTESIAN_POINT('',(-9.017,-1.6637,1.27));
#2627=VERTEX_POINT('',#2626);
#2628=CARTESIAN_POINT('',(-9.017,-0.635,1.27));
#2629=DIRECTION('',(0.,-1.,0.));
#2630=VECTOR('',#2629,1.0287);
#2631=LINE('',#2628,#2630);
#2632=EDGE_CURVE('',#2619,#2627,#2631,.T.);
#2633=ORIENTED_EDGE('',*,*,#2632,.T.);
#2634=CARTESIAN_POINT('',(-7.5184,-1.6637,1.27));
#2635=VERTEX_POINT('',#2634);
#2636=CARTESIAN_POINT('',(-7.5184,-1.6637,1.27));
#2637=DIRECTION('',(-1.,0.,0.));
#2638=VECTOR('',#2637,1.4986);
#2639=LINE('',#2636,#2638);
#2640=EDGE_CURVE('',#2635,#2627,#2639,.T.);
#2641=ORIENTED_EDGE('',*,*,#2640,.F.);
#2642=CARTESIAN_POINT('',(-6.7818,-2.4003,1.27));
#2643=VERTEX_POINT('',#2642);
#2644=CARTESIAN_POINT('',(-7.5184,-2.4003,1.27));
#2645=DIRECTION('',(0.,0.,1.));
#2646=DIRECTION('',(1.,0.,-0.));
#2647=AXIS2_PLACEMENT_3D('',#2644,#2645,#2646);
#2648=CIRCLE('',#2647,0.7366);
#2649=EDGE_CURVE('',#2643,#2635,#2648,.T.);
#2650=ORIENTED_EDGE('',*,*,#2649,.F.);
#2651=CARTESIAN_POINT('',(-7.5184,-3.1369,1.27));
#2652=VERTEX_POINT('',#2651);
#2653=CARTESIAN_POINT('',(-7.5184,-2.4003,1.27));
#2654=DIRECTION('',(0.,0.,1.));
#2655=DIRECTION('',(1.,0.,-0.));
#2656=AXIS2_PLACEMENT_3D('',#2653,#2654,#2655);
#2657=CIRCLE('',#2656,0.7366);
#2658=EDGE_CURVE('',#2652,#2643,#2657,.T.);
#2659=ORIENTED_EDGE('',*,*,#2658,.F.);
#2660=CARTESIAN_POINT('',(-9.017,-3.1369,1.27));
#2661=VERTEX_POINT('',#2660);
#2662=CARTESIAN_POINT('',(-7.5184,-3.1369,1.27));
#2663=DIRECTION('',(-1.,0.,0.));
#2664=VECTOR('',#2663,1.4986);
#2665=LINE('',#2662,#2664);
#2666=EDGE_CURVE('',#2652,#2661,#2665,.T.);
#2667=ORIENTED_EDGE('',*,*,#2666,.T.);
#2668=CARTESIAN_POINT('',(-9.017,-4.1656,1.27));
#2669=VERTEX_POINT('',#2668);
#2670=CARTESIAN_POINT('',(-9.017,-3.1369,1.27));
#2671=DIRECTION('',(0.,-1.,0.));
#2672=VECTOR('',#2671,1.0287);
#2673=LINE('',#2670,#2672);
#2674=EDGE_CURVE('',#2661,#2669,#2673,.T.);
#2675=ORIENTED_EDGE('',*,*,#2674,.T.);
#2676=CARTESIAN_POINT('',(-7.5184,-4.1656,1.27));
#2677=VERTEX_POINT('',#2676);
#2678=CARTESIAN_POINT('',(-7.5184,-4.1656,1.27));
#2679=DIRECTION('',(-1.,0.,0.));
#2680=VECTOR('',#2679,1.4986);
#2681=LINE('',#2678,#2680);
#2682=EDGE_CURVE('',#2677,#2669,#2681,.T.);
#2683=ORIENTED_EDGE('',*,*,#2682,.F.);
#2684=CARTESIAN_POINT('',(-6.7818,-4.9022,1.27));
#2685=VERTEX_POINT('',#2684);
#2686=CARTESIAN_POINT('',(-7.5184,-4.9022,1.27));
#2687=DIRECTION('',(0.,0.,1.));
#2688=DIRECTION('',(1.,0.,-0.));
#2689=AXIS2_PLACEMENT_3D('',#2686,#2687,#2688);
#2690=CIRCLE('',#2689,0.7366);
#2691=EDGE_CURVE('',#2685,#2677,#2690,.T.);
#2692=ORIENTED_EDGE('',*,*,#2691,.F.);
#2693=CARTESIAN_POINT('',(-7.5184,-5.6388,1.27));
#2694=VERTEX_POINT('',#2693);
#2695=CARTESIAN_POINT('',(-7.5184,-4.9022,1.27));
#2696=DIRECTION('',(0.,0.,1.));
#2697=DIRECTION('',(1.,0.,-0.));
#2698=AXIS2_PLACEMENT_3D('',#2695,#2696,#2697);
#2699=CIRCLE('',#2698,0.7366);
#2700=EDGE_CURVE('',#2694,#2685,#2699,.T.);
#2701=ORIENTED_EDGE('',*,*,#2700,.F.);
#2702=CARTESIAN_POINT('',(-9.017,-5.6388,1.27));
#2703=VERTEX_POINT('',#2702);
#2704=CARTESIAN_POINT('',(-7.5184,-5.6388,1.27));
#2705=DIRECTION('',(-1.,0.,0.));
#2706=VECTOR('',#2705,1.4986);
#2707=LINE('',#2704,#2706);
#2708=EDGE_CURVE('',#2694,#2703,#2707,.T.);
#2709=ORIENTED_EDGE('',*,*,#2708,.T.);
#2710=CARTESIAN_POINT('',(-9.017,-6.6675,1.27));
#2711=VERTEX_POINT('',#2710);
#2712=CARTESIAN_POINT('',(-9.017,-5.6388,1.27));
#2713=DIRECTION('',(0.,-1.,0.));
#2714=VECTOR('',#2713,1.0287);
#2715=LINE('',#2712,#2714);
#2716=EDGE_CURVE('',#2703,#2711,#2715,.T.);
#2717=ORIENTED_EDGE('',*,*,#2716,.T.);
#2718=CARTESIAN_POINT('',(-7.5184,-6.6675,1.27));
#2719=VERTEX_POINT('',#2718);
#2720=CARTESIAN_POINT('',(-7.5184,-6.6675,1.27));
#2721=DIRECTION('',(-1.,0.,0.));
#2722=VECTOR('',#2721,1.4986);
#2723=LINE('',#2720,#2722);
#2724=EDGE_CURVE('',#2719,#2711,#2723,.T.);
#2725=ORIENTED_EDGE('',*,*,#2724,.F.);
#2726=CARTESIAN_POINT('',(-6.7818,-7.4041,1.27));
#2727=VERTEX_POINT('',#2726);
#2728=CARTESIAN_POINT('',(-7.5184,-7.4041,1.27));
#2729=DIRECTION('',(0.,0.,1.));
#2730=DIRECTION('',(1.,0.,-0.));
#2731=AXIS2_PLACEMENT_3D('',#2728,#2729,#2730);
#2732=CIRCLE('',#2731,0.7366);
#2733=EDGE_CURVE('',#2727,#2719,#2732,.T.);
#2734=ORIENTED_EDGE('',*,*,#2733,.F.);
#2735=CARTESIAN_POINT('',(-7.5184,-8.1407,1.27));
#2736=VERTEX_POINT('',#2735);
#2737=CARTESIAN_POINT('',(-7.5184,-7.4041,1.27));
#2738=DIRECTION('',(0.,0.,1.));
#2739=DIRECTION('',(1.,0.,-0.));
#2740=AXIS2_PLACEMENT_3D('',#2737,#2738,#2739);
#2741=CIRCLE('',#2740,0.7366);
#2742=EDGE_CURVE('',#2736,#2727,#2741,.T.);
#2743=ORIENTED_EDGE('',*,*,#2742,.F.);
#2744=CARTESIAN_POINT('',(-9.017,-8.1407,1.27));
#2745=VERTEX_POINT('',#2744);
#2746=CARTESIAN_POINT('',(-7.5184,-8.1407,1.27));
#2747=DIRECTION('',(-1.,0.,0.));
#2748=VECTOR('',#2747,1.4986);
#2749=LINE('',#2746,#2748);
#2750=EDGE_CURVE('',#2736,#2745,#2749,.T.);
#2751=ORIENTED_EDGE('',*,*,#2750,.T.);
#2752=CARTESIAN_POINT('',(-9.017,-9.1694,1.27));
#2753=VERTEX_POINT('',#2752);
#2754=CARTESIAN_POINT('',(-9.017,-8.1407,1.27));
#2755=DIRECTION('',(0.,-1.,0.));
#2756=VECTOR('',#2755,1.0287);
#2757=LINE('',#2754,#2756);
#2758=EDGE_CURVE('',#2745,#2753,#2757,.T.);
#2759=ORIENTED_EDGE('',*,*,#2758,.T.);
#2760=CARTESIAN_POINT('',(-7.5184,-9.1694,1.27));
#2761=VERTEX_POINT('',#2760);
#2762=CARTESIAN_POINT('',(-7.5184,-9.1694,1.27));
#2763=DIRECTION('',(-1.,0.,0.));
#2764=VECTOR('',#2763,1.4986);
#2765=LINE('',#2762,#2764);
#2766=EDGE_CURVE('',#2761,#2753,#2765,.T.);
#2767=ORIENTED_EDGE('',*,*,#2766,.F.);
#2768=CARTESIAN_POINT('',(-6.7818,-9.906,1.27));
#2769=VERTEX_POINT('',#2768);
#2770=CARTESIAN_POINT('',(-7.5184,-9.906,1.27));
#2771=DIRECTION('',(0.,0.,1.));
#2772=DIRECTION('',(1.,0.,-0.));
#2773=AXIS2_PLACEMENT_3D('',#2770,#2771,#2772);
#2774=CIRCLE('',#2773,0.7366);
#2775=EDGE_CURVE('',#2769,#2761,#2774,.T.);
#2776=ORIENTED_EDGE('',*,*,#2775,.F.);
#2777=CARTESIAN_POINT('',(-7.5184,-10.6426,1.27));
#2778=VERTEX_POINT('',#2777);
#2779=CARTESIAN_POINT('',(-7.5184,-9.906,1.27));
#2780=DIRECTION('',(0.,0.,1.));
#2781=DIRECTION('',(1.,0.,-0.));
#2782=AXIS2_PLACEMENT_3D('',#2779,#2780,#2781);
#2783=CIRCLE('',#2782,0.7366);
#2784=EDGE_CURVE('',#2778,#2769,#2783,.T.);
#2785=ORIENTED_EDGE('',*,*,#2784,.F.);
#2786=CARTESIAN_POINT('',(-9.017,-10.6426,1.27));
#2787=VERTEX_POINT('',#2786);
#2788=CARTESIAN_POINT('',(-7.5184,-10.6426,1.27));
#2789=DIRECTION('',(-1.,0.,0.));
#2790=VECTOR('',#2789,1.4986);
#2791=LINE('',#2788,#2790);
#2792=EDGE_CURVE('',#2778,#2787,#2791,.T.);
#2793=ORIENTED_EDGE('',*,*,#2792,.T.);
#2794=CARTESIAN_POINT('',(-9.017,-11.8618,1.27));
#2795=VERTEX_POINT('',#2794);
#2796=CARTESIAN_POINT('',(-9.017,-10.6426,1.27));
#2797=DIRECTION('',(0.,-1.,0.));
#2798=VECTOR('',#2797,1.2192);
#2799=LINE('',#2796,#2798);
#2800=EDGE_CURVE('',#2787,#2795,#2799,.T.);
#2801=ORIENTED_EDGE('',*,*,#2800,.T.);
#2802=CARTESIAN_POINT('',(9.017,-11.8618,1.27));
#2803=VERTEX_POINT('',#2802);
#2804=CARTESIAN_POINT('',(-9.017,-11.8618,1.27));
#2805=DIRECTION('',(1.,0.,-0.));
#2806=VECTOR('',#2805,18.034);
#2807=LINE('',#2804,#2806);
#2808=EDGE_CURVE('',#2795,#2803,#2807,.T.);
#2809=ORIENTED_EDGE('',*,*,#2808,.T.);
#2810=CARTESIAN_POINT('',(9.017,-10.6426,1.27));
#2811=VERTEX_POINT('',#2810);
#2812=CARTESIAN_POINT('',(9.017,-11.8618,1.27));
#2813=DIRECTION('',(0.,1.,0.));
#2814=VECTOR('',#2813,1.2192);
#2815=LINE('',#2812,#2814);
#2816=EDGE_CURVE('',#2803,#2811,#2815,.T.);
#2817=ORIENTED_EDGE('',*,*,#2816,.T.);
#2818=CARTESIAN_POINT('',(7.5184,-10.6426,1.27));
#2819=VERTEX_POINT('',#2818);
#2820=CARTESIAN_POINT('',(7.5184,-10.6426,1.27));
#2821=DIRECTION('',(1.,0.,0.));
#2822=VECTOR('',#2821,1.4986);
#2823=LINE('',#2820,#2822);
#2824=EDGE_CURVE('',#2819,#2811,#2823,.T.);
#2825=ORIENTED_EDGE('',*,*,#2824,.F.);
#2826=CARTESIAN_POINT('',(7.5184,-9.1694,1.27));
#2827=VERTEX_POINT('',#2826);
#2828=CARTESIAN_POINT('',(7.5184,-9.906,1.27));
#2829=DIRECTION('',(0.,0.,1.));
#2830=DIRECTION('',(1.,0.,-0.));
#2831=AXIS2_PLACEMENT_3D('',#2828,#2829,#2830);
#2832=CIRCLE('',#2831,0.7366);
#2833=EDGE_CURVE('',#2827,#2819,#2832,.T.);
#2834=ORIENTED_EDGE('',*,*,#2833,.F.);
#2835=CARTESIAN_POINT('',(9.017,-9.1694,1.27));
#2836=VERTEX_POINT('',#2835);
#2837=CARTESIAN_POINT('',(7.5184,-9.1694,1.27));
#2838=DIRECTION('',(1.,0.,-0.));
#2839=VECTOR('',#2838,1.4986);
#2840=LINE('',#2837,#2839);
#2841=EDGE_CURVE('',#2827,#2836,#2840,.T.);
#2842=ORIENTED_EDGE('',*,*,#2841,.T.);
#2843=CARTESIAN_POINT('',(9.017,-8.1407,1.27));
#2844=VERTEX_POINT('',#2843);
#2845=CARTESIAN_POINT('',(9.017,-9.1694,1.27));
#2846=DIRECTION('',(0.,1.,0.));
#2847=VECTOR('',#2846,1.0287);
#2848=LINE('',#2845,#2847);
#2849=EDGE_CURVE('',#2836,#2844,#2848,.T.);
#2850=ORIENTED_EDGE('',*,*,#2849,.T.);
#2851=CARTESIAN_POINT('',(7.5184,-8.1407,1.27));
#2852=VERTEX_POINT('',#2851);
#2853=CARTESIAN_POINT('',(7.5184,-8.1407,1.27));
#2854=DIRECTION('',(1.,0.,0.));
#2855=VECTOR('',#2854,1.4986);
#2856=LINE('',#2853,#2855);
#2857=EDGE_CURVE('',#2852,#2844,#2856,.T.);
#2858=ORIENTED_EDGE('',*,*,#2857,.F.);
#2859=CARTESIAN_POINT('',(7.5184,-6.6675,1.27));
#2860=VERTEX_POINT('',#2859);
#2861=CARTESIAN_POINT('',(7.5184,-7.4041,1.27));
#2862=DIRECTION('',(0.,0.,1.));
#2863=DIRECTION('',(1.,0.,-0.));
#2864=AXIS2_PLACEMENT_3D('',#2861,#2862,#2863);
#2865=CIRCLE('',#2864,0.7366);
#2866=EDGE_CURVE('',#2860,#2852,#2865,.T.);
#2867=ORIENTED_EDGE('',*,*,#2866,.F.);
#2868=CARTESIAN_POINT('',(9.017,-6.6675,1.27));
#2869=VERTEX_POINT('',#2868);
#2870=CARTESIAN_POINT('',(7.5184,-6.6675,1.27));
#2871=DIRECTION('',(1.,0.,-0.));
#2872=VECTOR('',#2871,1.4986);
#2873=LINE('',#2870,#2872);
#2874=EDGE_CURVE('',#2860,#2869,#2873,.T.);
#2875=ORIENTED_EDGE('',*,*,#2874,.T.);
#2876=CARTESIAN_POINT('',(9.017,-5.6388,1.27));
#2877=VERTEX_POINT('',#2876);
#2878=CARTESIAN_POINT('',(9.017,-6.6675,1.27));
#2879=DIRECTION('',(0.,1.,0.));
#2880=VECTOR('',#2879,1.0287);
#2881=LINE('',#2878,#2880);
#2882=EDGE_CURVE('',#2869,#2877,#2881,.T.);
#2883=ORIENTED_EDGE('',*,*,#2882,.T.);
#2884=CARTESIAN_POINT('',(7.5184,-5.6388,1.27));
#2885=VERTEX_POINT('',#2884);
#2886=CARTESIAN_POINT('',(7.5184,-5.6388,1.27));
#2887=DIRECTION('',(1.,0.,0.));
#2888=VECTOR('',#2887,1.4986);
#2889=LINE('',#2886,#2888);
#2890=EDGE_CURVE('',#2885,#2877,#2889,.T.);
#2891=ORIENTED_EDGE('',*,*,#2890,.F.);
#2892=CARTESIAN_POINT('',(7.5184,-4.1656,1.27));
#2893=VERTEX_POINT('',#2892);
#2894=CARTESIAN_POINT('',(7.5184,-4.9022,1.27));
#2895=DIRECTION('',(0.,0.,1.));
#2896=DIRECTION('',(1.,0.,-0.));
#2897=AXIS2_PLACEMENT_3D('',#2894,#2895,#2896);
#2898=CIRCLE('',#2897,0.7366);
#2899=EDGE_CURVE('',#2893,#2885,#2898,.T.);
#2900=ORIENTED_EDGE('',*,*,#2899,.F.);
#2901=CARTESIAN_POINT('',(9.017,-4.1656,1.27));
#2902=VERTEX_POINT('',#2901);
#2903=CARTESIAN_POINT('',(7.5184,-4.1656,1.27));
#2904=DIRECTION('',(1.,0.,-0.));
#2905=VECTOR('',#2904,1.4986);
#2906=LINE('',#2903,#2905);
#2907=EDGE_CURVE('',#2893,#2902,#2906,.T.);
#2908=ORIENTED_EDGE('',*,*,#2907,.T.);
#2909=CARTESIAN_POINT('',(9.017,-3.1369,1.27));
#2910=VERTEX_POINT('',#2909);
#2911=CARTESIAN_POINT('',(9.017,-4.1656,1.27));
#2912=DIRECTION('',(0.,1.,0.));
#2913=VECTOR('',#2912,1.0287);
#2914=LINE('',#2911,#2913);
#2915=EDGE_CURVE('',#2902,#2910,#2914,.T.);
#2916=ORIENTED_EDGE('',*,*,#2915,.T.);
#2917=CARTESIAN_POINT('',(7.5184,-3.1369,1.27));
#2918=VERTEX_POINT('',#2917);
#2919=CARTESIAN_POINT('',(7.5184,-3.1369,1.27));
#2920=DIRECTION('',(1.,0.,0.));
#2921=VECTOR('',#2920,1.4986);
#2922=LINE('',#2919,#2921);
#2923=EDGE_CURVE('',#2918,#2910,#2922,.T.);
#2924=ORIENTED_EDGE('',*,*,#2923,.F.);
#2925=CARTESIAN_POINT('',(7.5184,-1.6637,1.27));
#2926=VERTEX_POINT('',#2925);
#2927=CARTESIAN_POINT('',(7.5184,-2.4003,1.27));
#2928=DIRECTION('',(0.,0.,1.));
#2929=DIRECTION('',(1.,0.,-0.));
#2930=AXIS2_PLACEMENT_3D('',#2927,#2928,#2929);
#2931=CIRCLE('',#2930,0.7366);
#2932=EDGE_CURVE('',#2926,#2918,#2931,.T.);
#2933=ORIENTED_EDGE('',*,*,#2932,.F.);
#2934=CARTESIAN_POINT('',(9.017,-1.6637,1.27));
#2935=VERTEX_POINT('',#2934);
#2936=CARTESIAN_POINT('',(7.5184,-1.6637,1.27));
#2937=DIRECTION('',(1.,0.,-0.));
#2938=VECTOR('',#2937,1.4986);
#2939=LINE('',#2936,#2938);
#2940=EDGE_CURVE('',#2926,#2935,#2939,.T.);
#2941=ORIENTED_EDGE('',*,*,#2940,.T.);
#2942=CARTESIAN_POINT('',(9.017,-0.635,1.27));
#2943=VERTEX_POINT('',#2942);
#2944=CARTESIAN_POINT('',(9.017,-1.6637,1.27));
#2945=DIRECTION('',(0.,1.,0.));
#2946=VECTOR('',#2945,1.0287);
#2947=LINE('',#2944,#2946);
#2948=EDGE_CURVE('',#2935,#2943,#2947,.T.);
#2949=ORIENTED_EDGE('',*,*,#2948,.T.);
#2950=CARTESIAN_POINT('',(7.5184,-0.635,1.27));
#2951=VERTEX_POINT('',#2950);
#2952=CARTESIAN_POINT('',(7.5184,-0.635,1.27));
#2953=DIRECTION('',(1.,0.,0.));
#2954=VECTOR('',#2953,1.4986);
#2955=LINE('',#2952,#2954);
#2956=EDGE_CURVE('',#2951,#2943,#2955,.T.);
#2957=ORIENTED_EDGE('',*,*,#2956,.F.);
#2958=CARTESIAN_POINT('',(7.5184,0.8382,1.27));
#2959=VERTEX_POINT('',#2958);
#2960=CARTESIAN_POINT('',(7.5184,0.1016,1.27));
#2961=DIRECTION('',(0.,0.,1.));
#2962=DIRECTION('',(1.,0.,-0.));
#2963=AXIS2_PLACEMENT_3D('',#2960,#2961,#2962);
#2964=CIRCLE('',#2963,0.7366);
#2965=EDGE_CURVE('',#2959,#2951,#2964,.T.);
#2966=ORIENTED_EDGE('',*,*,#2965,.F.);
#2967=CARTESIAN_POINT('',(9.017,0.8382,1.27));
#2968=VERTEX_POINT('',#2967);
#2969=CARTESIAN_POINT('',(7.5184,0.8382,1.27));
#2970=DIRECTION('',(1.,0.,-0.));
#2971=VECTOR('',#2970,1.4986);
#2972=LINE('',#2969,#2971);
#2973=EDGE_CURVE('',#2959,#2968,#2972,.T.);
#2974=ORIENTED_EDGE('',*,*,#2973,.T.);
#2975=CARTESIAN_POINT('',(9.017,1.8669,1.27));
#2976=VERTEX_POINT('',#2975);
#2977=CARTESIAN_POINT('',(9.017,0.8382,1.27));
#2978=DIRECTION('',(0.,1.,0.));
#2979=VECTOR('',#2978,1.0287);
#2980=LINE('',#2977,#2979);
#2981=EDGE_CURVE('',#2968,#2976,#2980,.T.);
#2982=ORIENTED_EDGE('',*,*,#2981,.T.);
#2983=CARTESIAN_POINT('',(7.5184,1.8669,1.27));
#2984=VERTEX_POINT('',#2983);
#2985=CARTESIAN_POINT('',(7.5184,1.8669,1.27));
#2986=DIRECTION('',(1.,0.,0.));
#2987=VECTOR('',#2986,1.4986);
#2988=LINE('',#2985,#2987);
#2989=EDGE_CURVE('',#2984,#2976,#2988,.T.);
#2990=ORIENTED_EDGE('',*,*,#2989,.F.);
#2991=CARTESIAN_POINT('',(7.5184,3.3401,1.27));
#2992=VERTEX_POINT('',#2991);
#2993=CARTESIAN_POINT('',(7.5184,2.6035,1.27));
#2994=DIRECTION('',(0.,0.,1.));
#2995=DIRECTION('',(1.,0.,-0.));
#2996=AXIS2_PLACEMENT_3D('',#2993,#2994,#2995);
#2997=CIRCLE('',#2996,0.7366);
#2998=EDGE_CURVE('',#2992,#2984,#2997,.T.);
#2999=ORIENTED_EDGE('',*,*,#2998,.F.);
#3000=CARTESIAN_POINT('',(9.017,3.3401,1.27));
#3001=VERTEX_POINT('',#3000);
#3002=CARTESIAN_POINT('',(7.5184,3.3401,1.27));
#3003=DIRECTION('',(1.,0.,-0.));
#3004=VECTOR('',#3003,1.4986);
#3005=LINE('',#3002,#3004);
#3006=EDGE_CURVE('',#2992,#3001,#3005,.T.);
#3007=ORIENTED_EDGE('',*,*,#3006,.T.);
#3008=CARTESIAN_POINT('',(9.017,4.3688,1.27));
#3009=VERTEX_POINT('',#3008);
#3010=CARTESIAN_POINT('',(9.017,3.3401,1.27));
#3011=DIRECTION('',(0.,1.,0.));
#3012=VECTOR('',#3011,1.0287);
#3013=LINE('',#3010,#3012);
#3014=EDGE_CURVE('',#3001,#3009,#3013,.T.);
#3015=ORIENTED_EDGE('',*,*,#3014,.T.);
#3016=CARTESIAN_POINT('',(7.5184,4.3688,1.27));
#3017=VERTEX_POINT('',#3016);
#3018=CARTESIAN_POINT('',(7.5184,4.3688,1.27));
#3019=DIRECTION('',(1.,0.,0.));
#3020=VECTOR('',#3019,1.4986);
#3021=LINE('',#3018,#3020);
#3022=EDGE_CURVE('',#3017,#3009,#3021,.T.);
#3023=ORIENTED_EDGE('',*,*,#3022,.F.);
#3024=CARTESIAN_POINT('',(7.5184,5.842,1.27));
#3025=VERTEX_POINT('',#3024);
#3026=CARTESIAN_POINT('',(7.5184,5.1054,1.27));
#3027=DIRECTION('',(0.,0.,1.));
#3028=DIRECTION('',(1.,0.,-0.));
#3029=AXIS2_PLACEMENT_3D('',#3026,#3027,#3028);
#3030=CIRCLE('',#3029,0.7366);
#3031=EDGE_CURVE('',#3025,#3017,#3030,.T.);
#3032=ORIENTED_EDGE('',*,*,#3031,.F.);
#3033=CARTESIAN_POINT('',(9.017,5.842,1.27));
#3034=VERTEX_POINT('',#3033);
#3035=CARTESIAN_POINT('',(7.5184,5.842,1.27));
#3036=DIRECTION('',(1.,0.,-0.));
#3037=VECTOR('',#3036,1.4986);
#3038=LINE('',#3035,#3037);
#3039=EDGE_CURVE('',#3025,#3034,#3038,.T.);
#3040=ORIENTED_EDGE('',*,*,#3039,.T.);
#3041=CARTESIAN_POINT('',(9.017,6.8707,1.27));
#3042=VERTEX_POINT('',#3041);
#3043=CARTESIAN_POINT('',(9.017,5.842,1.27));
#3044=DIRECTION('',(0.,1.,0.));
#3045=VECTOR('',#3044,1.0287);
#3046=LINE('',#3043,#3045);
#3047=EDGE_CURVE('',#3034,#3042,#3046,.T.);
#3048=ORIENTED_EDGE('',*,*,#3047,.T.);
#3049=CARTESIAN_POINT('',(7.5184,6.8707,1.27));
#3050=VERTEX_POINT('',#3049);
#3051=CARTESIAN_POINT('',(7.5184,6.8707,1.27));
#3052=DIRECTION('',(1.,0.,0.));
#3053=VECTOR('',#3052,1.4986);
#3054=LINE('',#3051,#3053);
#3055=EDGE_CURVE('',#3050,#3042,#3054,.T.);
#3056=ORIENTED_EDGE('',*,*,#3055,.F.);
#3057=CARTESIAN_POINT('',(7.5184,8.3439,1.27));
#3058=VERTEX_POINT('',#3057);
#3059=CARTESIAN_POINT('',(7.5184,7.6073,1.27));
#3060=DIRECTION('',(0.,0.,1.));
#3061=DIRECTION('',(1.,0.,-0.));
#3062=AXIS2_PLACEMENT_3D('',#3059,#3060,#3061);
#3063=CIRCLE('',#3062,0.7366);
#3064=EDGE_CURVE('',#3058,#3050,#3063,.T.);
#3065=ORIENTED_EDGE('',*,*,#3064,.F.);
#3066=CARTESIAN_POINT('',(9.017,8.3439,1.27));
#3067=VERTEX_POINT('',#3066);
#3068=CARTESIAN_POINT('',(7.5184,8.3439,1.27));
#3069=DIRECTION('',(1.,0.,-0.));
#3070=VECTOR('',#3069,1.4986);
#3071=LINE('',#3068,#3070);
#3072=EDGE_CURVE('',#3058,#3067,#3071,.T.);
#3073=ORIENTED_EDGE('',*,*,#3072,.T.);
#3074=CARTESIAN_POINT('',(9.017,9.3726,1.27));
#3075=VERTEX_POINT('',#3074);
#3076=CARTESIAN_POINT('',(9.017,8.3439,1.27));
#3077=DIRECTION('',(0.,1.,0.));
#3078=VECTOR('',#3077,1.0287);
#3079=LINE('',#3076,#3078);
#3080=EDGE_CURVE('',#3067,#3075,#3079,.T.);
#3081=ORIENTED_EDGE('',*,*,#3080,.T.);
#3082=CARTESIAN_POINT('',(7.5184,9.3726,1.27));
#3083=VERTEX_POINT('',#3082);
#3084=CARTESIAN_POINT('',(7.5184,9.3726,1.27));
#3085=DIRECTION('',(1.,0.,-0.));
#3086=VECTOR('',#3085,1.4986);
#3087=LINE('',#3084,#3086);
#3088=EDGE_CURVE('',#3083,#3075,#3087,.T.);
#3089=ORIENTED_EDGE('',*,*,#3088,.F.);
#3090=CARTESIAN_POINT('',(7.5184,10.8458,1.27));
#3091=VERTEX_POINT('',#3090);
#3092=CARTESIAN_POINT('',(7.5184,10.1092,1.27));
#3093=DIRECTION('',(0.,0.,1.));
#3094=DIRECTION('',(1.,0.,-0.));
#3095=AXIS2_PLACEMENT_3D('',#3092,#3093,#3094);
#3096=CIRCLE('',#3095,0.7366);
#3097=EDGE_CURVE('',#3091,#3083,#3096,.T.);
#3098=ORIENTED_EDGE('',*,*,#3097,.F.);
#3099=CARTESIAN_POINT('',(9.017,10.8458,1.27));
#3100=VERTEX_POINT('',#3099);
#3101=CARTESIAN_POINT('',(7.5184,10.8458,1.27));
#3102=DIRECTION('',(1.,0.,-0.));
#3103=VECTOR('',#3102,1.4986);
#3104=LINE('',#3101,#3103);
#3105=EDGE_CURVE('',#3091,#3100,#3104,.T.);
#3106=ORIENTED_EDGE('',*,*,#3105,.T.);
#3107=CARTESIAN_POINT('',(9.017,10.8458,1.27));
#3108=DIRECTION('',(0.,1.,0.));
#3109=VECTOR('',#3108,1.016);
#3110=LINE('',#3107,#3109);
#3111=EDGE_CURVE('',#3100,#2375,#3110,.T.);
#3112=ORIENTED_EDGE('',*,*,#3111,.T.);
#3113=EDGE_LOOP('',(#2383,#2391,#2399,#2407,#2415,#2423,#2431,#2440,#2449,#2457,#2465,#2473,#2482,#2491,#2499,#2507,#2515,#2524,#2533,#2541,#2549,#2557,#2566,#2575,#2583,#2591,
#2599,#2608,#2617,#2625,#2633,#2641,#2650,#2659,#2667,#2675,#2683,#2692,#2701,#2709,#2717,#2725,#2734,#2743,#2751,#2759,#2767,#2776,#2785,#2793,#2801,
#2809,#2817,#2825,#2834,#2842,#2850,#2858,#2867,#2875,#2883,#2891,#2900,#2908,#2916,#2924,#2933,#2941,#2949,#2957,#2966,#2974,#2982,#2990,#2999,#3007,
#3015,#3023,#3032,#3040,#3048,#3056,#3065,#3073,#3081,#3089,#3098,#3106,#3112));
#3114=FACE_BOUND('',#3113,.T.);
#3115=CARTESIAN_POINT('',(5.9436,2.302314299,1.27));
#3116=VERTEX_POINT('',#3115);
#3117=CARTESIAN_POINT('',(5.9436,4.816914299,1.27));
#3118=VERTEX_POINT('',#3117);
#3119=CARTESIAN_POINT('',(5.9436,2.302314299,1.27));
#3120=DIRECTION('',(-0.,1.,0.));
#3121=VECTOR('',#3120,2.5146);
#3122=LINE('',#3119,#3121);
#3123=EDGE_CURVE('',#3116,#3118,#3122,.T.);
#3124=ORIENTED_EDGE('',*,*,#3123,.F.);
#3125=CARTESIAN_POINT('',(2.9718,2.302314299,1.27));
#3126=VERTEX_POINT('',#3125);
#3127=CARTESIAN_POINT('',(2.9718,2.302314299,1.27));
#3128=DIRECTION('',(1.,0.,-0.));
#3129=VECTOR('',#3128,2.9718);
#3130=LINE('',#3127,#3129);
#3131=EDGE_CURVE('',#3126,#3116,#3130,.T.);
#3132=ORIENTED_EDGE('',*,*,#3131,.F.);
#3133=CARTESIAN_POINT('',(2.9718,4.816914299,1.27));
#3134=VERTEX_POINT('',#3133);
#3135=CARTESIAN_POINT('',(2.9718,4.816914299,1.27));
#3136=DIRECTION('',(0.,-1.,0.));
#3137=VECTOR('',#3136,2.5146);
#3138=LINE('',#3135,#3137);
#3139=EDGE_CURVE('',#3134,#3126,#3138,.T.);
#3140=ORIENTED_EDGE('',*,*,#3139,.F.);
#3141=CARTESIAN_POINT('',(5.9436,4.816914299,1.27));
#3142=DIRECTION('',(-1.,0.,0.));
#3143=VECTOR('',#3142,2.9718);
#3144=LINE('',#3141,#3143);
#3145=EDGE_CURVE('',#3118,#3134,#3144,.T.);
#3146=ORIENTED_EDGE('',*,*,#3145,.F.);
#3147=EDGE_LOOP('',(#3124,#3132,#3140,#3146));
#3148=FACE_BOUND('',#3147,.T.);
#3149=CARTESIAN_POINT('',(4.939140867,-2.8829,1.27));
#3150=VERTEX_POINT('',#3149);
#3151=CARTESIAN_POINT('',(-0.,2.056240867,1.27));
#3152=VERTEX_POINT('',#3151);
#3153=CARTESIAN_POINT('',(4.939140867,-2.8829,1.27));
#3154=DIRECTION('',(-0.707106781,0.707106781,0.));
#3155=VECTOR('',#3154,6.985);
#3156=LINE('',#3153,#3155);
#3157=EDGE_CURVE('',#3150,#3152,#3156,.T.);
#3158=ORIENTED_EDGE('',*,*,#3157,.F.);
#3159=CARTESIAN_POINT('',(0.,-7.822040867,1.27));
#3160=VERTEX_POINT('',#3159);
#3161=CARTESIAN_POINT('',(0.,-7.822040867,1.27));
#3162=DIRECTION('',(0.707106781,0.707106781,0.));
#3163=VECTOR('',#3162,6.985);
#3164=LINE('',#3161,#3163);
#3165=EDGE_CURVE('',#3160,#3150,#3164,.T.);
#3166=ORIENTED_EDGE('',*,*,#3165,.F.);
#3167=CARTESIAN_POINT('',(-4.939140867,-2.8829,1.27));
#3168=VERTEX_POINT('',#3167);
#3169=CARTESIAN_POINT('',(-4.939140867,-2.8829,1.27));
#3170=DIRECTION('',(0.707106781,-0.707106781,0.));
#3171=VECTOR('',#3170,6.985);
#3172=LINE('',#3169,#3171);
#3173=EDGE_CURVE('',#3168,#3160,#3172,.T.);
#3174=ORIENTED_EDGE('',*,*,#3173,.F.);
#3175=CARTESIAN_POINT('',(0.,2.056240867,1.27));
#3176=DIRECTION('',(-0.707106781,-0.707106781,0.));
#3177=VECTOR('',#3176,6.985);
#3178=LINE('',#3175,#3177);
#3179=EDGE_CURVE('',#3152,#3168,#3178,.T.);
#3180=ORIENTED_EDGE('',*,*,#3179,.F.);
#3181=EDGE_LOOP('',(#3158,#3166,#3174,#3180));
#3182=FACE_BOUND('',#3181,.T.);
#3183=CARTESIAN_POINT('',(-0.0254,-11.43,1.27));
#3184=VERTEX_POINT('',#3183);
#3185=CARTESIAN_POINT('',(-0.0254,-9.398,1.27));
#3186=VERTEX_POINT('',#3185);
#3187=CARTESIAN_POINT('',(-0.0254,-11.43,1.27));
#3188=DIRECTION('',(-0.,1.,0.));
#3189=VECTOR('',#3188,2.032);
#3190=LINE('',#3187,#3189);
#3191=EDGE_CURVE('',#3184,#3186,#3190,.T.);
#3192=ORIENTED_EDGE('',*,*,#3191,.F.);
#3193=CARTESIAN_POINT('',(-5.5626,-11.43,1.27));
#3194=VERTEX_POINT('',#3193);
#3195=CARTESIAN_POINT('',(-5.5626,-11.43,1.27));
#3196=DIRECTION('',(1.,0.,-0.));
#3197=VECTOR('',#3196,5.5372);
#3198=LINE('',#3195,#3197);
#3199=EDGE_CURVE('',#3194,#3184,#3198,.T.);
#3200=ORIENTED_EDGE('',*,*,#3199,.F.);
#3201=CARTESIAN_POINT('',(-5.5626,-9.398,1.27));
#3202=VERTEX_POINT('',#3201);
#3203=CARTESIAN_POINT('',(-5.5626,-9.398,1.27));
#3204=DIRECTION('',(0.,-1.,0.));
#3205=VECTOR('',#3204,2.032);
#3206=LINE('',#3203,#3205);
#3207=EDGE_CURVE('',#3202,#3194,#3206,.T.);
#3208=ORIENTED_EDGE('',*,*,#3207,.F.);
#3209=CARTESIAN_POINT('',(-0.0254,-9.398,1.27));
#3210=DIRECTION('',(-1.,0.,0.));
#3211=VECTOR('',#3210,5.5372);
#3212=LINE('',#3209,#3211);
#3213=EDGE_CURVE('',#3186,#3202,#3212,.T.);
#3214=ORIENTED_EDGE('',*,*,#3213,.F.);
#3215=EDGE_LOOP('',(#3192,#3200,#3208,#3214));
#3216=FACE_BOUND('',#3215,.T.);
#3217=ADVANCED_FACE('',(#2373,#3114,#3148,#3182,#3216),#2339,.T.);
#3218=CARTESIAN_POINT('',(9.017,0.,1.27));
#3219=DIRECTION('',(-1.,0.,0.));
#3220=DIRECTION('',(0.,0.,1.));
#3221=AXIS2_PLACEMENT_3D('',#3218,#3219,#3220);
#3222=PLANE('',#3221);
#3223=CARTESIAN_POINT('',(9.017,-4.4958,1.248171875));
#3224=VERTEX_POINT('',#3223);
#3225=CARTESIAN_POINT('',(9.017,-4.1656,1.248171875));
#3226=VERTEX_POINT('',#3225);
#3227=CARTESIAN_POINT('',(9.017,-4.4958,1.248171875));
#3228=DIRECTION('',(0.,1.,0.));
#3229=VECTOR('',#3228,0.3302);
#3230=LINE('',#3227,#3229);
#3231=EDGE_CURVE('',#3224,#3226,#3230,.T.);
#3232=ORIENTED_EDGE('',*,*,#3231,.F.);
#3233=CARTESIAN_POINT('',(9.017,-4.4958,0.));
#3234=DIRECTION('',(0.,0.,1.));
#3235=VECTOR('',#3234,1.248171875);
#3236=LINE('',#3233,#3235);
#3237=EDGE_CURVE('',#1165,#3224,#3236,.T.);
#3238=ORIENTED_EDGE('',*,*,#3237,.F.);
#3239=ORIENTED_EDGE('',*,*,#1170,.T.);
#3240=CARTESIAN_POINT('',(9.017,-2.8067,1.248171875));
#3241=VERTEX_POINT('',#3240);
#3242=CARTESIAN_POINT('',(9.017,-2.8067,0.));
#3243=DIRECTION('',(0.,0.,1.));
#3244=VECTOR('',#3243,1.248171875);
#3245=LINE('',#3242,#3244);
#3246=EDGE_CURVE('',#1156,#3241,#3245,.T.);
#3247=ORIENTED_EDGE('',*,*,#3246,.T.);
#3248=CARTESIAN_POINT('',(9.017,-3.1369,1.248171875));
#3249=VERTEX_POINT('',#3248);
#3250=CARTESIAN_POINT('',(9.017,-3.1369,1.248171875));
#3251=DIRECTION('',(0.,1.,0.));
#3252=VECTOR('',#3251,0.3302);
#3253=LINE('',#3250,#3252);
#3254=EDGE_CURVE('',#3249,#3241,#3253,.T.);
#3255=ORIENTED_EDGE('',*,*,#3254,.F.);
#3256=CARTESIAN_POINT('',(9.017,-3.1369,1.248171875));
#3257=DIRECTION('',(0.,0.,1.));
#3258=VECTOR('',#3257,0.021828125);
#3259=LINE('',#3256,#3258);
#3260=EDGE_CURVE('',#3249,#2910,#3259,.T.);
#3261=ORIENTED_EDGE('',*,*,#3260,.T.);
#3262=ORIENTED_EDGE('',*,*,#2915,.F.);
#3263=CARTESIAN_POINT('',(9.017,-4.1656,1.248171875));
#3264=DIRECTION('',(0.,0.,1.));
#3265=VECTOR('',#3264,0.021828125);
#3266=LINE('',#3263,#3265);
#3267=EDGE_CURVE('',#3226,#2902,#3266,.T.);
#3268=ORIENTED_EDGE('',*,*,#3267,.F.);
#3269=EDGE_LOOP('',(#3232,#3238,#3239,#3247,#3255,#3261,#3262,#3268));
#3270=FACE_BOUND('',#3269,.T.);
#3271=ADVANCED_FACE('',(#3270),#3222,.F.);
#3272=COLOUR_RGB('',1.,0.937254906,0.807843149);
#3273=FILL_AREA_STYLE_COLOUR('',#3272);
#3274=FILL_AREA_STYLE('',(#3273));
#3275=SURFACE_STYLE_FILL_AREA(#3274);
#3276=SURFACE_SIDE_STYLE('',(#3275));
#3277=SURFACE_STYLE_USAGE(.BOTH.,#3276);
#3278=PRESENTATION_STYLE_ASSIGNMENT((#3277));
#3279=OVER_RIDING_STYLED_ITEM('',(#3278),#3271,#26);
#3280=CARTESIAN_POINT('',(7.5184,-4.9022,-1.28190625));
#3281=DIRECTION('',(0.,0.,1.));
#3282=DIRECTION('',(1.,0.,-0.));
#3283=AXIS2_PLACEMENT_3D('',#3280,#3281,#3282);
#3284=CYLINDRICAL_SURFACE('',#3283,0.4064);
#3285=CARTESIAN_POINT('',(7.9248,-4.9022,1.248171875));
#3286=VERTEX_POINT('',#3285);
#3287=CARTESIAN_POINT('',(7.9248,-4.9022,1.248171875));
#3288=DIRECTION('',(-0.,-0.,-1.));
#3289=VECTOR('',#3288,1.248171875);
#3290=LINE('',#3287,#3289);
#3291=EDGE_CURVE('',#3286,#1008,#3290,.T.);
#3292=ORIENTED_EDGE('',*,*,#3291,.F.);
#3293=CARTESIAN_POINT('',(7.5184,-4.9022,1.248171875));
#3294=DIRECTION('',(0.,0.,1.));
#3295=DIRECTION('',(1.,0.,-0.));
#3296=AXIS2_PLACEMENT_3D('',#3293,#3294,#3295);
#3297=CIRCLE('',#3296,0.4064);
#3298=EDGE_CURVE('',#3286,#3286,#3297,.T.);
#3299=ORIENTED_EDGE('',*,*,#3298,.T.);
#3300=ORIENTED_EDGE('',*,*,#3291,.T.);
#3301=ORIENTED_EDGE('',*,*,#1014,.F.);
#3302=EDGE_LOOP('',(#3292,#3299,#3300,#3301));
#3303=FACE_BOUND('',#3302,.T.);
#3304=ADVANCED_FACE('',(#3303),#3284,.F.);
#3305=COLOUR_RGB('',1.,0.627451003,0.);
#3306=FILL_AREA_STYLE_COLOUR('',#3305);
#3307=FILL_AREA_STYLE('',(#3306));
#3308=SURFACE_STYLE_FILL_AREA(#3307);
#3309=SURFACE_SIDE_STYLE('',(#3308));
#3310=SURFACE_STYLE_USAGE(.BOTH.,#3309);
#3311=PRESENTATION_STYLE_ASSIGNMENT((#3310));
#3312=OVER_RIDING_STYLED_ITEM('',(#3311),#3304,#26);
#3313=CARTESIAN_POINT('',(9.017,0.,1.27));
#3314=DIRECTION('',(-1.,0.,0.));
#3315=DIRECTION('',(0.,0.,1.));
#3316=AXIS2_PLACEMENT_3D('',#3313,#3314,#3315);
#3317=PLANE('',#3316);
#3318=CARTESIAN_POINT('',(9.017,5.5118,1.248171875));
#3319=VERTEX_POINT('',#3318);
#3320=CARTESIAN_POINT('',(9.017,5.842,1.248171875));
#3321=VERTEX_POINT('',#3320);
#3322=CARTESIAN_POINT('',(9.017,5.5118,1.248171875));
#3323=DIRECTION('',(0.,1.,0.));
#3324=VECTOR('',#3323,0.3302);
#3325=LINE('',#3322,#3324);
#3326=EDGE_CURVE('',#3319,#3321,#3325,.T.);
#3327=ORIENTED_EDGE('',*,*,#3326,.F.);
#3328=CARTESIAN_POINT('',(9.017,5.5118,0.));
#3329=DIRECTION('',(0.,0.,1.));
#3330=VECTOR('',#3329,1.248171875);
#3331=LINE('',#3328,#3330);
#3332=EDGE_CURVE('',#1097,#3319,#3331,.T.);
#3333=ORIENTED_EDGE('',*,*,#3332,.F.);
#3334=ORIENTED_EDGE('',*,*,#1102,.T.);
#3335=CARTESIAN_POINT('',(9.017,7.2009,1.248171875));
#3336=VERTEX_POINT('',#3335);
#3337=CARTESIAN_POINT('',(9.017,7.2009,0.));
#3338=DIRECTION('',(0.,0.,1.));
#3339=VECTOR('',#3338,1.248171875);
#3340=LINE('',#3337,#3339);
#3341=EDGE_CURVE('',#1088,#3336,#3340,.T.);
#3342=ORIENTED_EDGE('',*,*,#3341,.T.);
#3343=CARTESIAN_POINT('',(9.017,6.8707,1.248171875));
#3344=VERTEX_POINT('',#3343);
#3345=CARTESIAN_POINT('',(9.017,6.8707,1.248171875));
#3346=DIRECTION('',(0.,1.,0.));
#3347=VECTOR('',#3346,0.3302);
#3348=LINE('',#3345,#3347);
#3349=EDGE_CURVE('',#3344,#3336,#3348,.T.);
#3350=ORIENTED_EDGE('',*,*,#3349,.F.);
#3351=CARTESIAN_POINT('',(9.017,6.8707,1.248171875));
#3352=DIRECTION('',(0.,0.,1.));
#3353=VECTOR('',#3352,0.021828125);
#3354=LINE('',#3351,#3353);
#3355=EDGE_CURVE('',#3344,#3042,#3354,.T.);
#3356=ORIENTED_EDGE('',*,*,#3355,.T.);
#3357=ORIENTED_EDGE('',*,*,#3047,.F.);
#3358=CARTESIAN_POINT('',(9.017,5.842,1.248171875));
#3359=DIRECTION('',(0.,0.,1.));
#3360=VECTOR('',#3359,0.021828125);
#3361=LINE('',#3358,#3360);
#3362=EDGE_CURVE('',#3321,#3034,#3361,.T.);
#3363=ORIENTED_EDGE('',*,*,#3362,.F.);
#3364=EDGE_LOOP('',(#3327,#3333,#3334,#3342,#3350,#3356,#3357,#3363));
#3365=FACE_BOUND('',#3364,.T.);
#3366=ADVANCED_FACE('',(#3365),#3317,.F.);
#3367=OVER_RIDING_STYLED_ITEM('',(#3278),#3366,#26);
#3368=CARTESIAN_POINT('',(7.5184,5.1054,-1.28190625));
#3369=DIRECTION('',(0.,0.,1.));
#3370=DIRECTION('',(1.,0.,-0.));
#3371=AXIS2_PLACEMENT_3D('',#3368,#3369,#3370);
#3372=CYLINDRICAL_SURFACE('',#3371,0.4064);
#3373=CARTESIAN_POINT('',(7.9248,5.1054,1.248171875));
#3374=VERTEX_POINT('',#3373);
#3375=CARTESIAN_POINT('',(7.9248,5.1054,1.248171875));
#3376=DIRECTION('',(-0.,-0.,-1.));
#3377=VECTOR('',#3376,1.248171875);
#3378=LINE('',#3375,#3377);
#3379=EDGE_CURVE('',#3374,#887,#3378,.T.);
#3380=ORIENTED_EDGE('',*,*,#3379,.F.);
#3381=CARTESIAN_POINT('',(7.5184,5.1054,1.248171875));
#3382=DIRECTION('',(0.,0.,1.));
#3383=DIRECTION('',(1.,0.,-0.));
#3384=AXIS2_PLACEMENT_3D('',#3381,#3382,#3383);
#3385=CIRCLE('',#3384,0.4064);
#3386=EDGE_CURVE('',#3374,#3374,#3385,.T.);
#3387=ORIENTED_EDGE('',*,*,#3386,.T.);
#3388=ORIENTED_EDGE('',*,*,#3379,.T.);
#3389=ORIENTED_EDGE('',*,*,#893,.F.);
#3390=EDGE_LOOP('',(#3380,#3387,#3388,#3389));
#3391=FACE_BOUND('',#3390,.T.);
#3392=ADVANCED_FACE('',(#3391),#3372,.F.);
#3393=OVER_RIDING_STYLED_ITEM('',(#3311),#3392,#26);
#3394=CARTESIAN_POINT('',(-9.017,0.,1.27));
#3395=DIRECTION('',(1.,0.,0.));
#3396=DIRECTION('',(0.,0.,-1.));
#3397=AXIS2_PLACEMENT_3D('',#3394,#3395,#3396);
#3398=PLANE('',#3397);
#3399=CARTESIAN_POINT('',(-9.017,-2.8067,1.248171875));
#3400=VERTEX_POINT('',#3399);
#3401=CARTESIAN_POINT('',(-9.017,-3.1369,1.248171875));
#3402=VERTEX_POINT('',#3401);
#3403=CARTESIAN_POINT('',(-9.017,-2.8067,1.248171875));
#3404=DIRECTION('',(0.,-1.,0.));
#3405=VECTOR('',#3404,0.3302);
#3406=LINE('',#3403,#3405);
#3407=EDGE_CURVE('',#3400,#3402,#3406,.T.);
#3408=ORIENTED_EDGE('',*,*,#3407,.F.);
#3409=CARTESIAN_POINT('',(-9.017,-2.8067,0.));
#3410=DIRECTION('',(0.,0.,1.));
#3411=VECTOR('',#3410,1.248171875);
#3412=LINE('',#3409,#3411);
#3413=EDGE_CURVE('',#1310,#3400,#3412,.T.);
#3414=ORIENTED_EDGE('',*,*,#3413,.F.);
#3415=ORIENTED_EDGE('',*,*,#1315,.T.);
#3416=CARTESIAN_POINT('',(-9.017,-4.4958,1.248171875));
#3417=VERTEX_POINT('',#3416);
#3418=CARTESIAN_POINT('',(-9.017,-4.4958,0.));
#3419=DIRECTION('',(0.,0.,1.));
#3420=VECTOR('',#3419,1.248171875);
#3421=LINE('',#3418,#3420);
#3422=EDGE_CURVE('',#1301,#3417,#3421,.T.);
#3423=ORIENTED_EDGE('',*,*,#3422,.T.);
#3424=CARTESIAN_POINT('',(-9.017,-4.1656,1.248171875));
#3425=VERTEX_POINT('',#3424);
#3426=CARTESIAN_POINT('',(-9.017,-4.1656,1.248171875));
#3427=DIRECTION('',(0.,-1.,0.));
#3428=VECTOR('',#3427,0.3302);
#3429=LINE('',#3426,#3428);
#3430=EDGE_CURVE('',#3425,#3417,#3429,.T.);
#3431=ORIENTED_EDGE('',*,*,#3430,.F.);
#3432=CARTESIAN_POINT('',(-9.017,-4.1656,1.248171875));
#3433=DIRECTION('',(0.,0.,1.));
#3434=VECTOR('',#3433,0.021828125);
#3435=LINE('',#3432,#3434);
#3436=EDGE_CURVE('',#3425,#2669,#3435,.T.);
#3437=ORIENTED_EDGE('',*,*,#3436,.T.);
#3438=ORIENTED_EDGE('',*,*,#2674,.F.);
#3439=CARTESIAN_POINT('',(-9.017,-3.1369,1.248171875));
#3440=DIRECTION('',(0.,0.,1.));
#3441=VECTOR('',#3440,0.021828125);
#3442=LINE('',#3439,#3441);
#3443=EDGE_CURVE('',#3402,#2661,#3442,.T.);
#3444=ORIENTED_EDGE('',*,*,#3443,.F.);
#3445=EDGE_LOOP('',(#3408,#3414,#3415,#3423,#3431,#3437,#3438,#3444));
#3446=FACE_BOUND('',#3445,.T.);
#3447=ADVANCED_FACE('',(#3446),#3398,.F.);
#3448=OVER_RIDING_STYLED_ITEM('',(#3278),#3447,#26);
#3449=CARTESIAN_POINT('',(-7.5184,-2.4003,-1.28190625));
#3450=DIRECTION('',(0.,0.,1.));
#3451=DIRECTION('',(1.,0.,-0.));
#3452=AXIS2_PLACEMENT_3D('',#3449,#3450,#3451);
#3453=CYLINDRICAL_SURFACE('',#3452,0.4064);
#3454=CARTESIAN_POINT('',(-7.112,-2.4003,1.248171875));
#3455=VERTEX_POINT('',#3454);
#3456=CARTESIAN_POINT('',(-7.112,-2.4003,1.248171875));
#3457=DIRECTION('',(-0.,-0.,-1.));
#3458=VECTOR('',#3457,1.248171875);
#3459=LINE('',#3456,#3458);
#3460=EDGE_CURVE('',#3455,#832,#3459,.T.);
#3461=ORIENTED_EDGE('',*,*,#3460,.F.);
#3462=CARTESIAN_POINT('',(-7.5184,-2.4003,1.248171875));
#3463=DIRECTION('',(0.,0.,1.));
#3464=DIRECTION('',(1.,0.,-0.));
#3465=AXIS2_PLACEMENT_3D('',#3462,#3463,#3464);
#3466=CIRCLE('',#3465,0.4064);
#3467=EDGE_CURVE('',#3455,#3455,#3466,.T.);
#3468=ORIENTED_EDGE('',*,*,#3467,.T.);
#3469=ORIENTED_EDGE('',*,*,#3460,.T.);
#3470=ORIENTED_EDGE('',*,*,#838,.F.);
#3471=EDGE_LOOP('',(#3461,#3468,#3469,#3470));
#3472=FACE_BOUND('',#3471,.T.);
#3473=ADVANCED_FACE('',(#3472),#3453,.F.);
#3474=OVER_RIDING_STYLED_ITEM('',(#3311),#3473,#26);
#3475=CARTESIAN_POINT('',(9.017,0.,1.27));
#3476=DIRECTION('',(-1.,0.,0.));
#3477=DIRECTION('',(0.,0.,1.));
#3478=AXIS2_PLACEMENT_3D('',#3475,#3476,#3477);
#3479=PLANE('',#3478);
#3480=CARTESIAN_POINT('',(9.017,-1.9939,1.248171875));
#3481=VERTEX_POINT('',#3480);
#3482=CARTESIAN_POINT('',(9.017,-1.6637,1.248171875));
#3483=VERTEX_POINT('',#3482);
#3484=CARTESIAN_POINT('',(9.017,-1.9939,1.248171875));
#3485=DIRECTION('',(0.,1.,0.));
#3486=VECTOR('',#3485,0.3302);
#3487=LINE('',#3484,#3486);
#3488=EDGE_CURVE('',#3481,#3483,#3487,.T.);
#3489=ORIENTED_EDGE('',*,*,#3488,.F.);
#3490=CARTESIAN_POINT('',(9.017,-1.9939,0.));
#3491=DIRECTION('',(0.,0.,1.));
#3492=VECTOR('',#3491,1.248171875);
#3493=LINE('',#3490,#3492);
#3494=EDGE_CURVE('',#1148,#3481,#3493,.T.);
#3495=ORIENTED_EDGE('',*,*,#3494,.F.);
#3496=ORIENTED_EDGE('',*,*,#1153,.T.);
#3497=CARTESIAN_POINT('',(9.017,-0.3048,1.248171875));
#3498=VERTEX_POINT('',#3497);
#3499=CARTESIAN_POINT('',(9.017,-0.3048,0.));
#3500=DIRECTION('',(0.,0.,1.));
#3501=VECTOR('',#3500,1.248171875);
#3502=LINE('',#3499,#3501);
#3503=EDGE_CURVE('',#1139,#3498,#3502,.T.);
#3504=ORIENTED_EDGE('',*,*,#3503,.T.);
#3505=CARTESIAN_POINT('',(9.017,-0.635,1.248171875));
#3506=VERTEX_POINT('',#3505);
#3507=CARTESIAN_POINT('',(9.017,-0.635,1.248171875));
#3508=DIRECTION('',(0.,1.,0.));
#3509=VECTOR('',#3508,0.3302);
#3510=LINE('',#3507,#3509);
#3511=EDGE_CURVE('',#3506,#3498,#3510,.T.);
#3512=ORIENTED_EDGE('',*,*,#3511,.F.);
#3513=CARTESIAN_POINT('',(9.017,-0.635,1.248171875));
#3514=DIRECTION('',(0.,0.,1.));
#3515=VECTOR('',#3514,0.021828125);
#3516=LINE('',#3513,#3515);
#3517=EDGE_CURVE('',#3506,#2943,#3516,.T.);
#3518=ORIENTED_EDGE('',*,*,#3517,.T.);
#3519=ORIENTED_EDGE('',*,*,#2948,.F.);
#3520=CARTESIAN_POINT('',(9.017,-1.6637,1.248171875));
#3521=DIRECTION('',(0.,0.,1.));
#3522=VECTOR('',#3521,0.021828125);
#3523=LINE('',#3520,#3522);
#3524=EDGE_CURVE('',#3483,#2935,#3523,.T.);
#3525=ORIENTED_EDGE('',*,*,#3524,.F.);
#3526=EDGE_LOOP('',(#3489,#3495,#3496,#3504,#3512,#3518,#3519,#3525));
#3527=FACE_BOUND('',#3526,.T.);
#3528=ADVANCED_FACE('',(#3527),#3479,.F.);
#3529=OVER_RIDING_STYLED_ITEM('',(#3278),#3528,#26);
#3530=CARTESIAN_POINT('',(7.5184,-2.4003,-1.28190625));
#3531=DIRECTION('',(0.,0.,1.));
#3532=DIRECTION('',(1.,0.,-0.));
#3533=AXIS2_PLACEMENT_3D('',#3530,#3531,#3532);
#3534=CYLINDRICAL_SURFACE('',#3533,0.4064);
#3535=CARTESIAN_POINT('',(7.9248,-2.4003,1.248171875));
#3536=VERTEX_POINT('',#3535);
#3537=CARTESIAN_POINT('',(7.9248,-2.4003,1.248171875));
#3538=DIRECTION('',(-0.,-0.,-1.));
#3539=VECTOR('',#3538,1.248171875);
#3540=LINE('',#3537,#3539);
#3541=EDGE_CURVE('',#3536,#898,#3540,.T.);
#3542=ORIENTED_EDGE('',*,*,#3541,.F.);
#3543=CARTESIAN_POINT('',(7.5184,-2.4003,1.248171875));
#3544=DIRECTION('',(0.,0.,1.));
#3545=DIRECTION('',(1.,0.,-0.));
#3546=AXIS2_PLACEMENT_3D('',#3543,#3544,#3545);
#3547=CIRCLE('',#3546,0.4064);
#3548=EDGE_CURVE('',#3536,#3536,#3547,.T.);
#3549=ORIENTED_EDGE('',*,*,#3548,.T.);
#3550=ORIENTED_EDGE('',*,*,#3541,.T.);
#3551=ORIENTED_EDGE('',*,*,#904,.F.);
#3552=EDGE_LOOP('',(#3542,#3549,#3550,#3551));
#3553=FACE_BOUND('',#3552,.T.);
#3554=ADVANCED_FACE('',(#3553),#3534,.F.);
#3555=OVER_RIDING_STYLED_ITEM('',(#3311),#3554,#26);
#3556=CARTESIAN_POINT('',(9.017,0.,1.27));
#3557=DIRECTION('',(-1.,0.,0.));
#3558=DIRECTION('',(0.,0.,1.));
#3559=AXIS2_PLACEMENT_3D('',#3556,#3557,#3558);
#3560=PLANE('',#3559);
#3561=CARTESIAN_POINT('',(9.017,-9.4996,1.248171875));
#3562=VERTEX_POINT('',#3561);
#3563=CARTESIAN_POINT('',(9.017,-9.1694,1.248171875));
#3564=VERTEX_POINT('',#3563);
#3565=CARTESIAN_POINT('',(9.017,-9.4996,1.248171875));
#3566=DIRECTION('',(0.,1.,0.));
#3567=VECTOR('',#3566,0.3302);
#3568=LINE('',#3565,#3567);
#3569=EDGE_CURVE('',#3562,#3564,#3568,.T.);
#3570=ORIENTED_EDGE('',*,*,#3569,.F.);
#3571=CARTESIAN_POINT('',(9.017,-9.4996,0.));
#3572=DIRECTION('',(0.,0.,1.));
#3573=VECTOR('',#3572,1.248171875);
#3574=LINE('',#3571,#3573);
#3575=EDGE_CURVE('',#1199,#3562,#3574,.T.);
#3576=ORIENTED_EDGE('',*,*,#3575,.F.);
#3577=ORIENTED_EDGE('',*,*,#1204,.T.);
#3578=CARTESIAN_POINT('',(9.017,-7.8105,1.248171875));
#3579=VERTEX_POINT('',#3578);
#3580=CARTESIAN_POINT('',(9.017,-7.8105,0.));
#3581=DIRECTION('',(0.,0.,1.));
#3582=VECTOR('',#3581,1.248171875);
#3583=LINE('',#3580,#3582);
#3584=EDGE_CURVE('',#1190,#3579,#3583,.T.);
#3585=ORIENTED_EDGE('',*,*,#3584,.T.);
#3586=CARTESIAN_POINT('',(9.017,-8.1407,1.248171875));
#3587=VERTEX_POINT('',#3586);
#3588=CARTESIAN_POINT('',(9.017,-8.1407,1.248171875));
#3589=DIRECTION('',(0.,1.,0.));
#3590=VECTOR('',#3589,0.3302);
#3591=LINE('',#3588,#3590);
#3592=EDGE_CURVE('',#3587,#3579,#3591,.T.);
#3593=ORIENTED_EDGE('',*,*,#3592,.F.);
#3594=CARTESIAN_POINT('',(9.017,-8.1407,1.248171875));
#3595=DIRECTION('',(0.,0.,1.));
#3596=VECTOR('',#3595,0.021828125);
#3597=LINE('',#3594,#3596);
#3598=EDGE_CURVE('',#3587,#2844,#3597,.T.);
#3599=ORIENTED_EDGE('',*,*,#3598,.T.);
#3600=ORIENTED_EDGE('',*,*,#2849,.F.);
#3601=CARTESIAN_POINT('',(9.017,-9.1694,1.248171875));
#3602=DIRECTION('',(0.,0.,1.));
#3603=VECTOR('',#3602,0.021828125);
#3604=LINE('',#3601,#3603);
#3605=EDGE_CURVE('',#3564,#2836,#3604,.T.);
#3606=ORIENTED_EDGE('',*,*,#3605,.F.);
#3607=EDGE_LOOP('',(#3570,#3576,#3577,#3585,#3593,#3599,#3600,#3606));
#3608=FACE_BOUND('',#3607,.T.);
#3609=ADVANCED_FACE('',(#3608),#3560,.F.);
#3610=OVER_RIDING_STYLED_ITEM('',(#3278),#3609,#26);
#3611=CARTESIAN_POINT('',(7.5184,-9.906,-1.28190625));
#3612=DIRECTION('',(0.,0.,1.));
#3613=DIRECTION('',(1.,0.,-0.));
#3614=AXIS2_PLACEMENT_3D('',#3611,#3612,#3613);
#3615=CYLINDRICAL_SURFACE('',#3614,0.4064);
#3616=CARTESIAN_POINT('',(7.9248,-9.906,1.248171875));
#3617=VERTEX_POINT('',#3616);
#3618=CARTESIAN_POINT('',(7.9248,-9.906,1.248171875));
#3619=DIRECTION('',(-0.,-0.,-1.));
#3620=VECTOR('',#3619,1.248171875);
#3621=LINE('',#3618,#3620);
#3622=EDGE_CURVE('',#3617,#975,#3621,.T.);
#3623=ORIENTED_EDGE('',*,*,#3622,.F.);
#3624=CARTESIAN_POINT('',(7.5184,-9.906,1.248171875));
#3625=DIRECTION('',(0.,0.,1.));
#3626=DIRECTION('',(1.,0.,-0.));
#3627=AXIS2_PLACEMENT_3D('',#3624,#3625,#3626);
#3628=CIRCLE('',#3627,0.4064);
#3629=EDGE_CURVE('',#3617,#3617,#3628,.T.);
#3630=ORIENTED_EDGE('',*,*,#3629,.T.);
#3631=ORIENTED_EDGE('',*,*,#3622,.T.);
#3632=ORIENTED_EDGE('',*,*,#981,.F.);
#3633=EDGE_LOOP('',(#3623,#3630,#3631,#3632));
#3634=FACE_BOUND('',#3633,.T.);
#3635=ADVANCED_FACE('',(#3634),#3615,.F.);
#3636=OVER_RIDING_STYLED_ITEM('',(#3311),#3635,#26);
#3637=CARTESIAN_POINT('',(-9.017,0.,1.27));
#3638=DIRECTION('',(1.,0.,0.));
#3639=DIRECTION('',(0.,0.,-1.));
#3640=AXIS2_PLACEMENT_3D('',#3637,#3638,#3639);
#3641=PLANE('',#3640);
#3642=CARTESIAN_POINT('',(-9.017,-1.6637,1.248171875));
#3643=VERTEX_POINT('',#3642);
#3644=CARTESIAN_POINT('',(-9.017,-1.9939,1.248171875));
#3645=VERTEX_POINT('',#3644);
#3646=CARTESIAN_POINT('',(-9.017,-1.6637,1.248171875));
#3647=DIRECTION('',(0.,-1.,0.));
#3648=VECTOR('',#3647,0.3302);
#3649=LINE('',#3646,#3648);
#3650=EDGE_CURVE('',#3643,#3645,#3649,.T.);
#3651=ORIENTED_EDGE('',*,*,#3650,.F.);
#3652=CARTESIAN_POINT('',(-9.017,-1.6637,1.248171875));
#3653=DIRECTION('',(0.,0.,1.));
#3654=VECTOR('',#3653,0.021828125);
#3655=LINE('',#3652,#3654);
#3656=EDGE_CURVE('',#3643,#2627,#3655,.T.);
#3657=ORIENTED_EDGE('',*,*,#3656,.T.);
#3658=ORIENTED_EDGE('',*,*,#2632,.F.);
#3659=CARTESIAN_POINT('',(-9.017,-0.635,1.248171875));
#3660=VERTEX_POINT('',#3659);
#3661=CARTESIAN_POINT('',(-9.017,-0.635,1.248171875));
#3662=DIRECTION('',(0.,0.,1.));
#3663=VECTOR('',#3662,0.021828125);
#3664=LINE('',#3661,#3663);
#3665=EDGE_CURVE('',#3660,#2619,#3664,.T.);
#3666=ORIENTED_EDGE('',*,*,#3665,.F.);
#3667=CARTESIAN_POINT('',(-9.017,-0.3048,1.248171875));
#3668=VERTEX_POINT('',#3667);
#3669=CARTESIAN_POINT('',(-9.017,-0.3048,1.248171875));
#3670=DIRECTION('',(0.,-1.,0.));
#3671=VECTOR('',#3670,0.3302);
#3672=LINE('',#3669,#3671);
#3673=EDGE_CURVE('',#3668,#3660,#3672,.T.);
#3674=ORIENTED_EDGE('',*,*,#3673,.F.);
#3675=CARTESIAN_POINT('',(-9.017,-0.3048,0.));
#3676=DIRECTION('',(0.,0.,1.));
#3677=VECTOR('',#3676,1.248171875);
#3678=LINE('',#3675,#3677);
#3679=EDGE_CURVE('',#1336,#3668,#3678,.T.);
#3680=ORIENTED_EDGE('',*,*,#3679,.F.);
#3681=ORIENTED_EDGE('',*,*,#1341,.T.);
#3682=CARTESIAN_POINT('',(-9.017,-1.9939,0.));
#3683=DIRECTION('',(0.,0.,1.));
#3684=VECTOR('',#3683,1.248171875);
#3685=LINE('',#3682,#3684);
#3686=EDGE_CURVE('',#1327,#3645,#3685,.T.);
#3687=ORIENTED_EDGE('',*,*,#3686,.T.);
#3688=EDGE_LOOP('',(#3651,#3657,#3658,#3666,#3674,#3680,#3681,#3687));
#3689=FACE_BOUND('',#3688,.T.);
#3690=ADVANCED_FACE('',(#3689),#3641,.F.);
#3691=OVER_RIDING_STYLED_ITEM('',(#3278),#3690,#26);
#3692=CARTESIAN_POINT('',(-7.5184,0.1016,-1.28190625));
#3693=DIRECTION('',(0.,0.,1.));
#3694=DIRECTION('',(1.,0.,-0.));
#3695=AXIS2_PLACEMENT_3D('',#3692,#3693,#3694);
#3696=CYLINDRICAL_SURFACE('',#3695,0.4064);
#3697=CARTESIAN_POINT('',(-7.112,0.1016,1.248171875));
#3698=VERTEX_POINT('',#3697);
#3699=CARTESIAN_POINT('',(-7.112,0.1016,1.248171875));
#3700=DIRECTION('',(-0.,-0.,-1.));
#3701=VECTOR('',#3700,1.248171875);
#3702=LINE('',#3699,#3701);
#3703=EDGE_CURVE('',#3698,#964,#3702,.T.);
#3704=ORIENTED_EDGE('',*,*,#3703,.F.);
#3705=CARTESIAN_POINT('',(-7.5184,0.1016,1.248171875));
#3706=DIRECTION('',(0.,0.,1.));
#3707=DIRECTION('',(1.,0.,-0.));
#3708=AXIS2_PLACEMENT_3D('',#3705,#3706,#3707);
#3709=CIRCLE('',#3708,0.4064);
#3710=EDGE_CURVE('',#3698,#3698,#3709,.T.);
#3711=ORIENTED_EDGE('',*,*,#3710,.T.);
#3712=ORIENTED_EDGE('',*,*,#3703,.T.);
#3713=ORIENTED_EDGE('',*,*,#970,.F.);
#3714=EDGE_LOOP('',(#3704,#3711,#3712,#3713));
#3715=FACE_BOUND('',#3714,.T.);
#3716=ADVANCED_FACE('',(#3715),#3696,.F.);
#3717=OVER_RIDING_STYLED_ITEM('',(#3311),#3716,#26);
#3718=CARTESIAN_POINT('',(-9.017,0.,1.27));
#3719=DIRECTION('',(1.,0.,0.));
#3720=DIRECTION('',(0.,0.,-1.));
#3721=AXIS2_PLACEMENT_3D('',#3718,#3719,#3720);
#3722=PLANE('',#3721);
#3723=CARTESIAN_POINT('',(-9.017,4.699,1.248171875));
#3724=VERTEX_POINT('',#3723);
#3725=CARTESIAN_POINT('',(-9.017,4.3688,1.248171875));
#3726=VERTEX_POINT('',#3725);
#3727=CARTESIAN_POINT('',(-9.017,4.699,1.248171875));
#3728=DIRECTION('',(0.,-1.,0.));
#3729=VECTOR('',#3728,0.3302);
#3730=LINE('',#3727,#3729);
#3731=EDGE_CURVE('',#3724,#3726,#3730,.T.);
#3732=ORIENTED_EDGE('',*,*,#3731,.F.);
#3733=CARTESIAN_POINT('',(-9.017,4.699,0.));
#3734=DIRECTION('',(0.,0.,1.));
#3735=VECTOR('',#3734,1.248171875);
#3736=LINE('',#3733,#3735);
#3737=EDGE_CURVE('',#1388,#3724,#3736,.T.);
#3738=ORIENTED_EDGE('',*,*,#3737,.F.);
#3739=ORIENTED_EDGE('',*,*,#1393,.T.);
#3740=CARTESIAN_POINT('',(-9.017,3.0099,1.248171875));
#3741=VERTEX_POINT('',#3740);
#3742=CARTESIAN_POINT('',(-9.017,3.0099,0.));
#3743=DIRECTION('',(0.,0.,1.));
#3744=VECTOR('',#3743,1.248171875);
#3745=LINE('',#3742,#3744);
#3746=EDGE_CURVE('',#1379,#3741,#3745,.T.);
#3747=ORIENTED_EDGE('',*,*,#3746,.T.);
#3748=CARTESIAN_POINT('',(-9.017,3.3401,1.248171875));
#3749=VERTEX_POINT('',#3748);
#3750=CARTESIAN_POINT('',(-9.017,3.3401,1.248171875));
#3751=DIRECTION('',(0.,-1.,0.));
#3752=VECTOR('',#3751,0.3302);
#3753=LINE('',#3750,#3752);
#3754=EDGE_CURVE('',#3749,#3741,#3753,.T.);
#3755=ORIENTED_EDGE('',*,*,#3754,.F.);
#3756=CARTESIAN_POINT('',(-9.017,3.3401,1.248171875));
#3757=DIRECTION('',(0.,0.,1.));
#3758=VECTOR('',#3757,0.021828125);
#3759=LINE('',#3756,#3758);
#3760=EDGE_CURVE('',#3749,#2543,#3759,.T.);
#3761=ORIENTED_EDGE('',*,*,#3760,.T.);
#3762=ORIENTED_EDGE('',*,*,#2548,.F.);
#3763=CARTESIAN_POINT('',(-9.017,4.3688,1.248171875));
#3764=DIRECTION('',(0.,0.,1.));
#3765=VECTOR('',#3764,0.021828125);
#3766=LINE('',#3763,#3765);
#3767=EDGE_CURVE('',#3726,#2535,#3766,.T.);
#3768=ORIENTED_EDGE('',*,*,#3767,.F.);
#3769=EDGE_LOOP('',(#3732,#3738,#3739,#3747,#3755,#3761,#3762,#3768));
#3770=FACE_BOUND('',#3769,.T.);
#3771=ADVANCED_FACE('',(#3770),#3722,.F.);
#3772=OVER_RIDING_STYLED_ITEM('',(#3278),#3771,#26);
#3773=CARTESIAN_POINT('',(-7.5184,5.1054,-1.28190625));
#3774=DIRECTION('',(0.,0.,1.));
#3775=DIRECTION('',(1.,0.,-0.));
#3776=AXIS2_PLACEMENT_3D('',#3773,#3774,#3775);
#3777=CYLINDRICAL_SURFACE('',#3776,0.4064);
#3778=CARTESIAN_POINT('',(-7.112,5.1054,1.248171875));
#3779=VERTEX_POINT('',#3778);
#3780=CARTESIAN_POINT('',(-7.112,5.1054,1.248171875));
#3781=DIRECTION('',(-0.,-0.,-1.));
#3782=VECTOR('',#3781,1.248171875);
#3783=LINE('',#3780,#3782);
#3784=EDGE_CURVE('',#3779,#854,#3783,.T.);
#3785=ORIENTED_EDGE('',*,*,#3784,.F.);
#3786=CARTESIAN_POINT('',(-7.5184,5.1054,1.248171875));
#3787=DIRECTION('',(0.,0.,1.));
#3788=DIRECTION('',(1.,0.,-0.));
#3789=AXIS2_PLACEMENT_3D('',#3786,#3787,#3788);
#3790=CIRCLE('',#3789,0.4064);
#3791=EDGE_CURVE('',#3779,#3779,#3790,.T.);
#3792=ORIENTED_EDGE('',*,*,#3791,.T.);
#3793=ORIENTED_EDGE('',*,*,#3784,.T.);
#3794=ORIENTED_EDGE('',*,*,#860,.F.);
#3795=EDGE_LOOP('',(#3785,#3792,#3793,#3794));
#3796=FACE_BOUND('',#3795,.T.);
#3797=ADVANCED_FACE('',(#3796),#3777,.F.);
#3798=OVER_RIDING_STYLED_ITEM('',(#3311),#3797,#26);
#3799=CARTESIAN_POINT('',(-9.017,0.,1.27));
#3800=DIRECTION('',(1.,0.,0.));
#3801=DIRECTION('',(0.,0.,-1.));
#3802=AXIS2_PLACEMENT_3D('',#3799,#3800,#3801);
#3803=PLANE('',#3802);
#3804=CARTESIAN_POINT('',(-9.017,-7.8105,1.248171875));
#3805=VERTEX_POINT('',#3804);
#3806=CARTESIAN_POINT('',(-9.017,-8.1407,1.248171875));
#3807=VERTEX_POINT('',#3806);
#3808=CARTESIAN_POINT('',(-9.017,-7.8105,1.248171875));
#3809=DIRECTION('',(0.,-1.,0.));
#3810=VECTOR('',#3809,0.3302);
#3811=LINE('',#3808,#3810);
#3812=EDGE_CURVE('',#3805,#3807,#3811,.T.);
#3813=ORIENTED_EDGE('',*,*,#3812,.F.);
#3814=CARTESIAN_POINT('',(-9.017,-7.8105,0.));
#3815=DIRECTION('',(0.,0.,1.));
#3816=VECTOR('',#3815,1.248171875);
#3817=LINE('',#3814,#3816);
#3818=EDGE_CURVE('',#1258,#3805,#3817,.T.);
#3819=ORIENTED_EDGE('',*,*,#3818,.F.);
#3820=ORIENTED_EDGE('',*,*,#1263,.T.);
#3821=CARTESIAN_POINT('',(-9.017,-9.4996,1.248171875));
#3822=VERTEX_POINT('',#3821);
#3823=CARTESIAN_POINT('',(-9.017,-9.4996,0.));
#3824=DIRECTION('',(0.,0.,1.));
#3825=VECTOR('',#3824,1.248171875);
#3826=LINE('',#3823,#3825);
#3827=EDGE_CURVE('',#1249,#3822,#3826,.T.);
#3828=ORIENTED_EDGE('',*,*,#3827,.T.);
#3829=CARTESIAN_POINT('',(-9.017,-9.1694,1.248171875));
#3830=VERTEX_POINT('',#3829);
#3831=CARTESIAN_POINT('',(-9.017,-9.1694,1.248171875));
#3832=DIRECTION('',(0.,-1.,0.));
#3833=VECTOR('',#3832,0.3302);
#3834=LINE('',#3831,#3833);
#3835=EDGE_CURVE('',#3830,#3822,#3834,.T.);
#3836=ORIENTED_EDGE('',*,*,#3835,.F.);
#3837=CARTESIAN_POINT('',(-9.017,-9.1694,1.248171875));
#3838=DIRECTION('',(0.,0.,1.));
#3839=VECTOR('',#3838,0.021828125);
#3840=LINE('',#3837,#3839);
#3841=EDGE_CURVE('',#3830,#2753,#3840,.T.);
#3842=ORIENTED_EDGE('',*,*,#3841,.T.);
#3843=ORIENTED_EDGE('',*,*,#2758,.F.);
#3844=CARTESIAN_POINT('',(-9.017,-8.1407,1.248171875));
#3845=DIRECTION('',(0.,0.,1.));
#3846=VECTOR('',#3845,0.021828125);
#3847=LINE('',#3844,#3846);
#3848=EDGE_CURVE('',#3807,#2745,#3847,.T.);
#3849=ORIENTED_EDGE('',*,*,#3848,.F.);
#3850=EDGE_LOOP('',(#3813,#3819,#3820,#3828,#3836,#3842,#3843,#3849));
#3851=FACE_BOUND('',#3850,.T.);
#3852=ADVANCED_FACE('',(#3851),#3803,.F.);
#3853=OVER_RIDING_STYLED_ITEM('',(#3278),#3852,#26);
#3854=CARTESIAN_POINT('',(-7.5184,-7.4041,-1.28190625));
#3855=DIRECTION('',(0.,0.,1.));
#3856=DIRECTION('',(1.,0.,-0.));
#3857=AXIS2_PLACEMENT_3D('',#3854,#3855,#3856);
#3858=CYLINDRICAL_SURFACE('',#3857,0.4064);
#3859=CARTESIAN_POINT('',(-7.112,-7.4041,1.248171875));
#3860=VERTEX_POINT('',#3859);
#3861=CARTESIAN_POINT('',(-7.112,-7.4041,1.248171875));
#3862=DIRECTION('',(-0.,-0.,-1.));
#3863=VECTOR('',#3862,1.248171875);
#3864=LINE('',#3861,#3863);
#3865=EDGE_CURVE('',#3860,#865,#3864,.T.);
#3866=ORIENTED_EDGE('',*,*,#3865,.F.);
#3867=CARTESIAN_POINT('',(-7.5184,-7.4041,1.248171875));
#3868=DIRECTION('',(0.,0.,1.));
#3869=DIRECTION('',(1.,0.,-0.));
#3870=AXIS2_PLACEMENT_3D('',#3867,#3868,#3869);
#3871=CIRCLE('',#3870,0.4064);
#3872=EDGE_CURVE('',#3860,#3860,#3871,.T.);
#3873=ORIENTED_EDGE('',*,*,#3872,.T.);
#3874=ORIENTED_EDGE('',*,*,#3865,.T.);
#3875=ORIENTED_EDGE('',*,*,#871,.F.);
#3876=EDGE_LOOP('',(#3866,#3873,#3874,#3875));
#3877=FACE_BOUND('',#3876,.T.);
#3878=ADVANCED_FACE('',(#3877),#3858,.F.);
#3879=OVER_RIDING_STYLED_ITEM('',(#3311),#3878,#26);
#3880=CARTESIAN_POINT('',(9.017,0.,1.27));
#3881=DIRECTION('',(-1.,0.,0.));
#3882=DIRECTION('',(0.,0.,1.));
#3883=AXIS2_PLACEMENT_3D('',#3880,#3881,#3882);
#3884=PLANE('',#3883);
#3885=CARTESIAN_POINT('',(9.017,-5.6388,1.248171875));
#3886=VERTEX_POINT('',#3885);
#3887=CARTESIAN_POINT('',(9.017,-5.3086,1.248171875));
#3888=VERTEX_POINT('',#3887);
#3889=CARTESIAN_POINT('',(9.017,-5.6388,1.248171875));
#3890=DIRECTION('',(0.,1.,0.));
#3891=VECTOR('',#3890,0.3302);
#3892=LINE('',#3889,#3891);
#3893=EDGE_CURVE('',#3886,#3888,#3892,.T.);
#3894=ORIENTED_EDGE('',*,*,#3893,.F.);
#3895=CARTESIAN_POINT('',(9.017,-5.6388,1.248171875));
#3896=DIRECTION('',(0.,0.,1.));
#3897=VECTOR('',#3896,0.021828125);
#3898=LINE('',#3895,#3897);
#3899=EDGE_CURVE('',#3886,#2877,#3898,.T.);
#3900=ORIENTED_EDGE('',*,*,#3899,.T.);
#3901=ORIENTED_EDGE('',*,*,#2882,.F.);
#3902=CARTESIAN_POINT('',(9.017,-6.6675,1.248171875));
#3903=VERTEX_POINT('',#3902);
#3904=CARTESIAN_POINT('',(9.017,-6.6675,1.248171875));
#3905=DIRECTION('',(0.,0.,1.));
#3906=VECTOR('',#3905,0.021828125);
#3907=LINE('',#3904,#3906);
#3908=EDGE_CURVE('',#3903,#2869,#3907,.T.);
#3909=ORIENTED_EDGE('',*,*,#3908,.F.);
#3910=CARTESIAN_POINT('',(9.017,-6.9977,1.248171875));
#3911=VERTEX_POINT('',#3910);
#3912=CARTESIAN_POINT('',(9.017,-6.9977,1.248171875));
#3913=DIRECTION('',(0.,1.,0.));
#3914=VECTOR('',#3913,0.3302);
#3915=LINE('',#3912,#3914);
#3916=EDGE_CURVE('',#3911,#3903,#3915,.T.);
#3917=ORIENTED_EDGE('',*,*,#3916,.F.);
#3918=CARTESIAN_POINT('',(9.017,-6.9977,0.));
#3919=DIRECTION('',(0.,0.,1.));
#3920=VECTOR('',#3919,1.248171875);
#3921=LINE('',#3918,#3920);
#3922=EDGE_CURVE('',#1182,#3911,#3921,.T.);
#3923=ORIENTED_EDGE('',*,*,#3922,.F.);
#3924=ORIENTED_EDGE('',*,*,#1187,.T.);
#3925=CARTESIAN_POINT('',(9.017,-5.3086,0.));
#3926=DIRECTION('',(0.,0.,1.));
#3927=VECTOR('',#3926,1.248171875);
#3928=LINE('',#3925,#3927);
#3929=EDGE_CURVE('',#1173,#3888,#3928,.T.);
#3930=ORIENTED_EDGE('',*,*,#3929,.T.);
#3931=EDGE_LOOP('',(#3894,#3900,#3901,#3909,#3917,#3923,#3924,#3930));
#3932=FACE_BOUND('',#3931,.T.);
#3933=ADVANCED_FACE('',(#3932),#3884,.F.);
#3934=OVER_RIDING_STYLED_ITEM('',(#3278),#3933,#26);
#3935=CARTESIAN_POINT('',(7.5184,-7.4041,-1.28190625));
#3936=DIRECTION('',(0.,0.,1.));
#3937=DIRECTION('',(1.,0.,-0.));
#3938=AXIS2_PLACEMENT_3D('',#3935,#3936,#3937);
#3939=CYLINDRICAL_SURFACE('',#3938,0.4064);
#3940=CARTESIAN_POINT('',(7.9248,-7.4041,1.248171875));
#3941=VERTEX_POINT('',#3940);
#3942=CARTESIAN_POINT('',(7.9248,-7.4041,1.248171875));
#3943=DIRECTION('',(-0.,-0.,-1.));
#3944=VECTOR('',#3943,1.248171875);
#3945=LINE('',#3942,#3944);
#3946=EDGE_CURVE('',#3941,#942,#3945,.T.);
#3947=ORIENTED_EDGE('',*,*,#3946,.F.);
#3948=CARTESIAN_POINT('',(7.5184,-7.4041,1.248171875));
#3949=DIRECTION('',(0.,0.,1.));
#3950=DIRECTION('',(1.,0.,-0.));
#3951=AXIS2_PLACEMENT_3D('',#3948,#3949,#3950);
#3952=CIRCLE('',#3951,0.4064);
#3953=EDGE_CURVE('',#3941,#3941,#3952,.T.);
#3954=ORIENTED_EDGE('',*,*,#3953,.T.);
#3955=ORIENTED_EDGE('',*,*,#3946,.T.);
#3956=ORIENTED_EDGE('',*,*,#948,.F.);
#3957=EDGE_LOOP('',(#3947,#3954,#3955,#3956));
#3958=FACE_BOUND('',#3957,.T.);
#3959=ADVANCED_FACE('',(#3958),#3939,.F.);
#3960=OVER_RIDING_STYLED_ITEM('',(#3311),#3959,#26);
#3961=CARTESIAN_POINT('',(-9.017,0.,1.27));
#3962=DIRECTION('',(1.,0.,0.));
#3963=DIRECTION('',(0.,0.,-1.));
#3964=AXIS2_PLACEMENT_3D('',#3961,#3962,#3963);
#3965=PLANE('',#3964);
#3966=CARTESIAN_POINT('',(-9.017,-6.6675,1.248171875));
#3967=VERTEX_POINT('',#3966);
#3968=CARTESIAN_POINT('',(-9.017,-6.9977,1.248171875));
#3969=VERTEX_POINT('',#3968);
#3970=CARTESIAN_POINT('',(-9.017,-6.6675,1.248171875));
#3971=DIRECTION('',(0.,-1.,0.));
#3972=VECTOR('',#3971,0.3302);
#3973=LINE('',#3970,#3972);
#3974=EDGE_CURVE('',#3967,#3969,#3973,.T.);
#3975=ORIENTED_EDGE('',*,*,#3974,.F.);
#3976=CARTESIAN_POINT('',(-9.017,-6.6675,1.248171875));
#3977=DIRECTION('',(0.,0.,1.));
#3978=VECTOR('',#3977,0.021828125);
#3979=LINE('',#3976,#3978);
#3980=EDGE_CURVE('',#3967,#2711,#3979,.T.);
#3981=ORIENTED_EDGE('',*,*,#3980,.T.);
#3982=ORIENTED_EDGE('',*,*,#2716,.F.);
#3983=CARTESIAN_POINT('',(-9.017,-5.6388,1.248171875));
#3984=VERTEX_POINT('',#3983);
#3985=CARTESIAN_POINT('',(-9.017,-5.6388,1.248171875));
#3986=DIRECTION('',(0.,0.,1.));
#3987=VECTOR('',#3986,0.021828125);
#3988=LINE('',#3985,#3987);
#3989=EDGE_CURVE('',#3984,#2703,#3988,.T.);
#3990=ORIENTED_EDGE('',*,*,#3989,.F.);
#3991=CARTESIAN_POINT('',(-9.017,-5.3086,1.248171875));
#3992=VERTEX_POINT('',#3991);
#3993=CARTESIAN_POINT('',(-9.017,-5.3086,1.248171875));
#3994=DIRECTION('',(0.,-1.,0.));
#3995=VECTOR('',#3994,0.3302);
#3996=LINE('',#3993,#3995);
#3997=EDGE_CURVE('',#3992,#3984,#3996,.T.);
#3998=ORIENTED_EDGE('',*,*,#3997,.F.);
#3999=CARTESIAN_POINT('',(-9.017,-5.3086,0.));
#4000=DIRECTION('',(0.,0.,1.));
#4001=VECTOR('',#4000,1.248171875);
#4002=LINE('',#3999,#4001);
#4003=EDGE_CURVE('',#1284,#3992,#4002,.T.);
#4004=ORIENTED_EDGE('',*,*,#4003,.F.);
#4005=ORIENTED_EDGE('',*,*,#1289,.T.);
#4006=CARTESIAN_POINT('',(-9.017,-6.9977,0.));
#4007=DIRECTION('',(0.,0.,1.));
#4008=VECTOR('',#4007,1.248171875);
#4009=LINE('',#4006,#4008);
#4010=EDGE_CURVE('',#1275,#3969,#4009,.T.);
#4011=ORIENTED_EDGE('',*,*,#4010,.T.);
#4012=EDGE_LOOP('',(#3975,#3981,#3982,#3990,#3998,#4004,#4005,#4011));
#4013=FACE_BOUND('',#4012,.T.);
#4014=ADVANCED_FACE('',(#4013),#3965,.F.);
#4015=OVER_RIDING_STYLED_ITEM('',(#3278),#4014,#26);
#4016=CARTESIAN_POINT('',(-7.5184,-4.9022,-1.28190625));
#4017=DIRECTION('',(0.,0.,1.));
#4018=DIRECTION('',(1.,0.,-0.));
#4019=AXIS2_PLACEMENT_3D('',#4016,#4017,#4018);
#4020=CYLINDRICAL_SURFACE('',#4019,0.4064);
#4021=CARTESIAN_POINT('',(-7.112,-4.9022,1.248171875));
#4022=VERTEX_POINT('',#4021);
#4023=CARTESIAN_POINT('',(-7.112,-4.9022,1.248171875));
#4024=DIRECTION('',(-0.,-0.,-1.));
#4025=VECTOR('',#4024,1.248171875);
#4026=LINE('',#4023,#4025);
#4027=EDGE_CURVE('',#4022,#931,#4026,.T.);
#4028=ORIENTED_EDGE('',*,*,#4027,.F.);
#4029=CARTESIAN_POINT('',(-7.5184,-4.9022,1.248171875));
#4030=DIRECTION('',(0.,0.,1.));
#4031=DIRECTION('',(1.,0.,-0.));
#4032=AXIS2_PLACEMENT_3D('',#4029,#4030,#4031);
#4033=CIRCLE('',#4032,0.4064);
#4034=EDGE_CURVE('',#4022,#4022,#4033,.T.);
#4035=ORIENTED_EDGE('',*,*,#4034,.T.);
#4036=ORIENTED_EDGE('',*,*,#4027,.T.);
#4037=ORIENTED_EDGE('',*,*,#937,.F.);
#4038=EDGE_LOOP('',(#4028,#4035,#4036,#4037));
#4039=FACE_BOUND('',#4038,.T.);
#4040=ADVANCED_FACE('',(#4039),#4020,.F.);
#4041=OVER_RIDING_STYLED_ITEM('',(#3311),#4040,#26);
#4042=CARTESIAN_POINT('',(-9.017,0.,1.27));
#4043=DIRECTION('',(1.,0.,0.));
#4044=DIRECTION('',(0.,0.,-1.));
#4045=AXIS2_PLACEMENT_3D('',#4042,#4043,#4044);
#4046=PLANE('',#4045);
#4047=CARTESIAN_POINT('',(-9.017,9.7028,1.248171875));
#4048=VERTEX_POINT('',#4047);
#4049=CARTESIAN_POINT('',(-9.017,9.3726,1.248171875));
#4050=VERTEX_POINT('',#4049);
#4051=CARTESIAN_POINT('',(-9.017,9.7028,1.248171875));
#4052=DIRECTION('',(0.,-1.,0.));
#4053=VECTOR('',#4052,0.3302);
#4054=LINE('',#4051,#4053);
#4055=EDGE_CURVE('',#4048,#4050,#4054,.T.);
#4056=ORIENTED_EDGE('',*,*,#4055,.F.);
#4057=CARTESIAN_POINT('',(-9.017,9.7028,0.));
#4058=DIRECTION('',(0.,0.,1.));
#4059=VECTOR('',#4058,1.248171875);
#4060=LINE('',#4057,#4059);
#4061=EDGE_CURVE('',#1019,#4048,#4060,.T.);
#4062=ORIENTED_EDGE('',*,*,#4061,.F.);
#4063=ORIENTED_EDGE('',*,*,#1026,.T.);
#4064=CARTESIAN_POINT('',(-9.017,8.0137,1.248171875));
#4065=VERTEX_POINT('',#4064);
#4066=CARTESIAN_POINT('',(-9.017,8.0137,0.));
#4067=DIRECTION('',(0.,0.,1.));
#4068=VECTOR('',#4067,1.248171875);
#4069=LINE('',#4066,#4068);
#4070=EDGE_CURVE('',#1021,#4065,#4069,.T.);
#4071=ORIENTED_EDGE('',*,*,#4070,.T.);
#4072=CARTESIAN_POINT('',(-9.017,8.3439,1.248171875));
#4073=VERTEX_POINT('',#4072);
#4074=CARTESIAN_POINT('',(-9.017,8.3439,1.248171875));
#4075=DIRECTION('',(0.,-1.,0.));
#4076=VECTOR('',#4075,0.3302);
#4077=LINE('',#4074,#4076);
#4078=EDGE_CURVE('',#4073,#4065,#4077,.T.);
#4079=ORIENTED_EDGE('',*,*,#4078,.F.);
#4080=CARTESIAN_POINT('',(-9.017,8.3439,1.248171875));
#4081=DIRECTION('',(0.,0.,1.));
#4082=VECTOR('',#4081,0.021828125);
#4083=LINE('',#4080,#4082);
#4084=EDGE_CURVE('',#4073,#2459,#4083,.T.);
#4085=ORIENTED_EDGE('',*,*,#4084,.T.);
#4086=ORIENTED_EDGE('',*,*,#2464,.F.);
#4087=CARTESIAN_POINT('',(-9.017,9.3726,1.248171875));
#4088=DIRECTION('',(0.,0.,1.));
#4089=VECTOR('',#4088,0.021828125);
#4090=LINE('',#4087,#4089);
#4091=EDGE_CURVE('',#4050,#2451,#4090,.T.);
#4092=ORIENTED_EDGE('',*,*,#4091,.F.);
#4093=EDGE_LOOP('',(#4056,#4062,#4063,#4071,#4079,#4085,#4086,#4092));
#4094=FACE_BOUND('',#4093,.T.);
#4095=ADVANCED_FACE('',(#4094),#4046,.F.);
#4096=OVER_RIDING_STYLED_ITEM('',(#3278),#4095,#26);
#4097=CARTESIAN_POINT('',(-7.5184,10.1092,-1.28190625));
#4098=DIRECTION('',(0.,0.,1.));
#4099=DIRECTION('',(1.,0.,-0.));
#4100=AXIS2_PLACEMENT_3D('',#4097,#4098,#4099);
#4101=CYLINDRICAL_SURFACE('',#4100,0.4064);
#4102=CARTESIAN_POINT('',(-7.112,10.1092,1.248171875));
#4103=VERTEX_POINT('',#4102);
#4104=CARTESIAN_POINT('',(-7.112,10.1092,1.248171875));
#4105=DIRECTION('',(-0.,-0.,-1.));
#4106=VECTOR('',#4105,1.248171875);
#4107=LINE('',#4104,#4106);
#4108=EDGE_CURVE('',#4103,#920,#4107,.T.);
#4109=ORIENTED_EDGE('',*,*,#4108,.F.);
#4110=CARTESIAN_POINT('',(-7.5184,10.1092,1.248171875));
#4111=DIRECTION('',(0.,0.,1.));
#4112=DIRECTION('',(1.,0.,-0.));
#4113=AXIS2_PLACEMENT_3D('',#4110,#4111,#4112);
#4114=CIRCLE('',#4113,0.4064);
#4115=EDGE_CURVE('',#4103,#4103,#4114,.T.);
#4116=ORIENTED_EDGE('',*,*,#4115,.T.);
#4117=ORIENTED_EDGE('',*,*,#4108,.T.);
#4118=ORIENTED_EDGE('',*,*,#926,.F.);
#4119=EDGE_LOOP('',(#4109,#4116,#4117,#4118));
#4120=FACE_BOUND('',#4119,.T.);
#4121=ADVANCED_FACE('',(#4120),#4101,.F.);
#4122=OVER_RIDING_STYLED_ITEM('',(#3311),#4121,#26);
#4123=CARTESIAN_POINT('',(9.017,0.,1.27));
#4124=DIRECTION('',(-1.,0.,0.));
#4125=DIRECTION('',(0.,0.,1.));
#4126=AXIS2_PLACEMENT_3D('',#4123,#4124,#4125);
#4127=PLANE('',#4126);
#4128=CARTESIAN_POINT('',(9.017,0.508,1.248171875));
#4129=VERTEX_POINT('',#4128);
#4130=CARTESIAN_POINT('',(9.017,0.8382,1.248171875));
#4131=VERTEX_POINT('',#4130);
#4132=CARTESIAN_POINT('',(9.017,0.508,1.248171875));
#4133=DIRECTION('',(0.,1.,0.));
#4134=VECTOR('',#4133,0.3302);
#4135=LINE('',#4132,#4134);
#4136=EDGE_CURVE('',#4129,#4131,#4135,.T.);
#4137=ORIENTED_EDGE('',*,*,#4136,.F.);
#4138=CARTESIAN_POINT('',(9.017,0.508,0.));
#4139=DIRECTION('',(0.,0.,1.));
#4140=VECTOR('',#4139,1.248171875);
#4141=LINE('',#4138,#4140);
#4142=EDGE_CURVE('',#1131,#4129,#4141,.T.);
#4143=ORIENTED_EDGE('',*,*,#4142,.F.);
#4144=ORIENTED_EDGE('',*,*,#1136,.T.);
#4145=CARTESIAN_POINT('',(9.017,2.1971,1.248171875));
#4146=VERTEX_POINT('',#4145);
#4147=CARTESIAN_POINT('',(9.017,2.1971,0.));
#4148=DIRECTION('',(0.,0.,1.));
#4149=VECTOR('',#4148,1.248171875);
#4150=LINE('',#4147,#4149);
#4151=EDGE_CURVE('',#1122,#4146,#4150,.T.);
#4152=ORIENTED_EDGE('',*,*,#4151,.T.);
#4153=CARTESIAN_POINT('',(9.017,1.8669,1.248171875));
#4154=VERTEX_POINT('',#4153);
#4155=CARTESIAN_POINT('',(9.017,1.8669,1.248171875));
#4156=DIRECTION('',(0.,1.,0.));
#4157=VECTOR('',#4156,0.3302);
#4158=LINE('',#4155,#4157);
#4159=EDGE_CURVE('',#4154,#4146,#4158,.T.);
#4160=ORIENTED_EDGE('',*,*,#4159,.F.);
#4161=CARTESIAN_POINT('',(9.017,1.8669,1.248171875));
#4162=DIRECTION('',(0.,0.,1.));
#4163=VECTOR('',#4162,0.021828125);
#4164=LINE('',#4161,#4163);
#4165=EDGE_CURVE('',#4154,#2976,#4164,.T.);
#4166=ORIENTED_EDGE('',*,*,#4165,.T.);
#4167=ORIENTED_EDGE('',*,*,#2981,.F.);
#4168=CARTESIAN_POINT('',(9.017,0.8382,1.248171875));
#4169=DIRECTION('',(0.,0.,1.));
#4170=VECTOR('',#4169,0.021828125);
#4171=LINE('',#4168,#4170);
#4172=EDGE_CURVE('',#4131,#2968,#4171,.T.);
#4173=ORIENTED_EDGE('',*,*,#4172,.F.);
#4174=EDGE_LOOP('',(#4137,#4143,#4144,#4152,#4160,#4166,#4167,#4173));
#4175=FACE_BOUND('',#4174,.T.);
#4176=ADVANCED_FACE('',(#4175),#4127,.F.);
#4177=OVER_RIDING_STYLED_ITEM('',(#3278),#4176,#26);
#4178=CARTESIAN_POINT('',(7.5184,0.1016,-1.28190625));
#4179=DIRECTION('',(0.,0.,1.));
#4180=DIRECTION('',(1.,0.,-0.));
#4181=AXIS2_PLACEMENT_3D('',#4178,#4179,#4180);
#4182=CYLINDRICAL_SURFACE('',#4181,0.4064);
#4183=CARTESIAN_POINT('',(7.9248,0.1016,1.248171875));
#4184=VERTEX_POINT('',#4183);
#4185=CARTESIAN_POINT('',(7.9248,0.1016,1.248171875));
#4186=DIRECTION('',(-0.,-0.,-1.));
#4187=VECTOR('',#4186,1.248171875);
#4188=LINE('',#4185,#4187);
#4189=EDGE_CURVE('',#4184,#953,#4188,.T.);
#4190=ORIENTED_EDGE('',*,*,#4189,.F.);
#4191=CARTESIAN_POINT('',(7.5184,0.1016,1.248171875));
#4192=DIRECTION('',(0.,0.,1.));
#4193=DIRECTION('',(1.,0.,-0.));
#4194=AXIS2_PLACEMENT_3D('',#4191,#4192,#4193);
#4195=CIRCLE('',#4194,0.4064);
#4196=EDGE_CURVE('',#4184,#4184,#4195,.T.);
#4197=ORIENTED_EDGE('',*,*,#4196,.T.);
#4198=ORIENTED_EDGE('',*,*,#4189,.T.);
#4199=ORIENTED_EDGE('',*,*,#959,.F.);
#4200=EDGE_LOOP('',(#4190,#4197,#4198,#4199));
#4201=FACE_BOUND('',#4200,.T.);
#4202=ADVANCED_FACE('',(#4201),#4182,.F.);
#4203=OVER_RIDING_STYLED_ITEM('',(#3311),#4202,#26);
#4204=CARTESIAN_POINT('',(9.017,0.,1.27));
#4205=DIRECTION('',(-1.,0.,0.));
#4206=DIRECTION('',(0.,0.,1.));
#4207=AXIS2_PLACEMENT_3D('',#4204,#4205,#4206);
#4208=PLANE('',#4207);
#4209=CARTESIAN_POINT('',(9.017,4.3688,1.248171875));
#4210=VERTEX_POINT('',#4209);
#4211=CARTESIAN_POINT('',(9.017,4.699,1.248171875));
#4212=VERTEX_POINT('',#4211);
#4213=CARTESIAN_POINT('',(9.017,4.3688,1.248171875));
#4214=DIRECTION('',(0.,1.,0.));
#4215=VECTOR('',#4214,0.3302);
#4216=LINE('',#4213,#4215);
#4217=EDGE_CURVE('',#4210,#4212,#4216,.T.);
#4218=ORIENTED_EDGE('',*,*,#4217,.F.);
#4219=CARTESIAN_POINT('',(9.017,4.3688,1.248171875));
#4220=DIRECTION('',(0.,0.,1.));
#4221=VECTOR('',#4220,0.021828125);
#4222=LINE('',#4219,#4221);
#4223=EDGE_CURVE('',#4210,#3009,#4222,.T.);
#4224=ORIENTED_EDGE('',*,*,#4223,.T.);
#4225=ORIENTED_EDGE('',*,*,#3014,.F.);
#4226=CARTESIAN_POINT('',(9.017,3.3401,1.248171875));
#4227=VERTEX_POINT('',#4226);
#4228=CARTESIAN_POINT('',(9.017,3.3401,1.248171875));
#4229=DIRECTION('',(0.,0.,1.));
#4230=VECTOR('',#4229,0.021828125);
#4231=LINE('',#4228,#4230);
#4232=EDGE_CURVE('',#4227,#3001,#4231,.T.);
#4233=ORIENTED_EDGE('',*,*,#4232,.F.);
#4234=CARTESIAN_POINT('',(9.017,3.0099,1.248171875));
#4235=VERTEX_POINT('',#4234);
#4236=CARTESIAN_POINT('',(9.017,3.0099,1.248171875));
#4237=DIRECTION('',(0.,1.,0.));
#4238=VECTOR('',#4237,0.3302);
#4239=LINE('',#4236,#4238);
#4240=EDGE_CURVE('',#4235,#4227,#4239,.T.);
#4241=ORIENTED_EDGE('',*,*,#4240,.F.);
#4242=CARTESIAN_POINT('',(9.017,3.0099,0.));
#4243=DIRECTION('',(0.,0.,1.));
#4244=VECTOR('',#4243,1.248171875);
#4245=LINE('',#4242,#4244);
#4246=EDGE_CURVE('',#1114,#4235,#4245,.T.);
#4247=ORIENTED_EDGE('',*,*,#4246,.F.);
#4248=ORIENTED_EDGE('',*,*,#1119,.T.);
#4249=CARTESIAN_POINT('',(9.017,4.699,0.));
#4250=DIRECTION('',(0.,0.,1.));
#4251=VECTOR('',#4250,1.248171875);
#4252=LINE('',#4249,#4251);
#4253=EDGE_CURVE('',#1105,#4212,#4252,.T.);
#4254=ORIENTED_EDGE('',*,*,#4253,.T.);
#4255=EDGE_LOOP('',(#4218,#4224,#4225,#4233,#4241,#4247,#4248,#4254));
#4256=FACE_BOUND('',#4255,.T.);
#4257=ADVANCED_FACE('',(#4256),#4208,.F.);
#4258=OVER_RIDING_STYLED_ITEM('',(#3278),#4257,#26);
#4259=CARTESIAN_POINT('',(7.5184,2.6035,-1.28190625));
#4260=DIRECTION('',(0.,0.,1.));
#4261=DIRECTION('',(1.,0.,-0.));
#4262=AXIS2_PLACEMENT_3D('',#4259,#4260,#4261);
#4263=CYLINDRICAL_SURFACE('',#4262,0.4064);
#4264=CARTESIAN_POINT('',(7.9248,2.6035,1.248171875));
#4265=VERTEX_POINT('',#4264);
#4266=CARTESIAN_POINT('',(7.9248,2.6035,1.248171875));
#4267=DIRECTION('',(-0.,-0.,-1.));
#4268=VECTOR('',#4267,1.248171875);
#4269=LINE('',#4266,#4268);
#4270=EDGE_CURVE('',#4265,#997,#4269,.T.);
#4271=ORIENTED_EDGE('',*,*,#4270,.F.);
#4272=CARTESIAN_POINT('',(7.5184,2.6035,1.248171875));
#4273=DIRECTION('',(0.,0.,1.));
#4274=DIRECTION('',(1.,0.,-0.));
#4275=AXIS2_PLACEMENT_3D('',#4272,#4273,#4274);
#4276=CIRCLE('',#4275,0.4064);
#4277=EDGE_CURVE('',#4265,#4265,#4276,.T.);
#4278=ORIENTED_EDGE('',*,*,#4277,.T.);
#4279=ORIENTED_EDGE('',*,*,#4270,.T.);
#4280=ORIENTED_EDGE('',*,*,#1003,.F.);
#4281=EDGE_LOOP('',(#4271,#4278,#4279,#4280));
#4282=FACE_BOUND('',#4281,.T.);
#4283=ADVANCED_FACE('',(#4282),#4263,.F.);
#4284=OVER_RIDING_STYLED_ITEM('',(#3311),#4283,#26);
#4285=CARTESIAN_POINT('',(-9.017,0.,1.27));
#4286=DIRECTION('',(1.,0.,0.));
#4287=DIRECTION('',(0.,0.,-1.));
#4288=AXIS2_PLACEMENT_3D('',#4285,#4286,#4287);
#4289=PLANE('',#4288);
#4290=CARTESIAN_POINT('',(-9.017,-10.3124,1.248171875));
#4291=VERTEX_POINT('',#4290);
#4292=CARTESIAN_POINT('',(-9.017,-10.6426,1.248171875));
#4293=VERTEX_POINT('',#4292);
#4294=CARTESIAN_POINT('',(-9.017,-10.3124,1.248171875));
#4295=DIRECTION('',(0.,-1.,0.));
#4296=VECTOR('',#4295,0.3302);
#4297=LINE('',#4294,#4296);
#4298=EDGE_CURVE('',#4291,#4293,#4297,.T.);
#4299=ORIENTED_EDGE('',*,*,#4298,.F.);
#4300=CARTESIAN_POINT('',(-9.017,-10.3124,0.));
#4301=DIRECTION('',(0.,0.,1.));
#4302=VECTOR('',#4301,1.248171875);
#4303=LINE('',#4300,#4302);
#4304=EDGE_CURVE('',#1232,#4291,#4303,.T.);
#4305=ORIENTED_EDGE('',*,*,#4304,.F.);
#4306=ORIENTED_EDGE('',*,*,#1237,.T.);
#4307=CARTESIAN_POINT('',(-9.017,-11.8618,1.27));
#4308=DIRECTION('',(0.,0.,-1.));
#4309=VECTOR('',#4308,1.27);
#4310=LINE('',#4307,#4309);
#4311=EDGE_CURVE('',#2795,#1224,#4310,.T.);
#4312=ORIENTED_EDGE('',*,*,#4311,.F.);
#4313=ORIENTED_EDGE('',*,*,#2800,.F.);
#4314=CARTESIAN_POINT('',(-9.017,-10.6426,1.248171875));
#4315=DIRECTION('',(0.,0.,1.));
#4316=VECTOR('',#4315,0.021828125);
#4317=LINE('',#4314,#4316);
#4318=EDGE_CURVE('',#4293,#2787,#4317,.T.);
#4319=ORIENTED_EDGE('',*,*,#4318,.F.);
#4320=EDGE_LOOP('',(#4299,#4305,#4306,#4312,#4313,#4319));
#4321=FACE_BOUND('',#4320,.T.);
#4322=ADVANCED_FACE('',(#4321),#4289,.F.);
#4323=OVER_RIDING_STYLED_ITEM('',(#3278),#4322,#26);
#4324=CARTESIAN_POINT('',(-7.5184,-9.906,-1.28190625));
#4325=DIRECTION('',(0.,0.,1.));
#4326=DIRECTION('',(1.,0.,-0.));
#4327=AXIS2_PLACEMENT_3D('',#4324,#4325,#4326);
#4328=CYLINDRICAL_SURFACE('',#4327,0.4064);
#4329=CARTESIAN_POINT('',(-7.112,-9.906,1.248171875));
#4330=VERTEX_POINT('',#4329);
#4331=CARTESIAN_POINT('',(-7.112,-9.906,1.248171875));
#4332=DIRECTION('',(-0.,-0.,-1.));
#4333=VECTOR('',#4332,1.248171875);
#4334=LINE('',#4331,#4333);
#4335=EDGE_CURVE('',#4330,#821,#4334,.T.);
#4336=ORIENTED_EDGE('',*,*,#4335,.F.);
#4337=CARTESIAN_POINT('',(-7.5184,-9.906,1.248171875));
#4338=DIRECTION('',(0.,0.,1.));
#4339=DIRECTION('',(1.,0.,-0.));
#4340=AXIS2_PLACEMENT_3D('',#4337,#4338,#4339);
#4341=CIRCLE('',#4340,0.4064);
#4342=EDGE_CURVE('',#4330,#4330,#4341,.T.);
#4343=ORIENTED_EDGE('',*,*,#4342,.T.);
#4344=ORIENTED_EDGE('',*,*,#4335,.T.);
#4345=ORIENTED_EDGE('',*,*,#827,.F.);
#4346=EDGE_LOOP('',(#4336,#4343,#4344,#4345));
#4347=FACE_BOUND('',#4346,.T.);
#4348=ADVANCED_FACE('',(#4347),#4328,.F.);
#4349=OVER_RIDING_STYLED_ITEM('',(#3311),#4348,#26);
#4350=CARTESIAN_POINT('',(9.017,0.,1.27));
#4351=DIRECTION('',(-1.,0.,0.));
#4352=DIRECTION('',(0.,0.,1.));
#4353=AXIS2_PLACEMENT_3D('',#4350,#4351,#4352);
#4354=PLANE('',#4353);
#4355=CARTESIAN_POINT('',(9.017,8.0137,1.248171875));
#4356=VERTEX_POINT('',#4355);
#4357=CARTESIAN_POINT('',(9.017,8.3439,1.248171875));
#4358=VERTEX_POINT('',#4357);
#4359=CARTESIAN_POINT('',(9.017,8.0137,1.248171875));
#4360=DIRECTION('',(0.,1.,0.));
#4361=VECTOR('',#4360,0.3302);
#4362=LINE('',#4359,#4361);
#4363=EDGE_CURVE('',#4356,#4358,#4362,.T.);
#4364=ORIENTED_EDGE('',*,*,#4363,.F.);
#4365=CARTESIAN_POINT('',(9.017,8.0137,0.));
#4366=DIRECTION('',(0.,0.,1.));
#4367=VECTOR('',#4366,1.248171875);
#4368=LINE('',#4365,#4367);
#4369=EDGE_CURVE('',#1080,#4356,#4368,.T.);
#4370=ORIENTED_EDGE('',*,*,#4369,.F.);
#4371=ORIENTED_EDGE('',*,*,#1085,.T.);
#4372=CARTESIAN_POINT('',(9.017,9.7028,1.248171875));
#4373=VERTEX_POINT('',#4372);
#4374=CARTESIAN_POINT('',(9.017,9.7028,0.));
#4375=DIRECTION('',(0.,0.,1.));
#4376=VECTOR('',#4375,1.248171875);
#4377=LINE('',#4374,#4376);
#4378=EDGE_CURVE('',#1071,#4373,#4377,.T.);
#4379=ORIENTED_EDGE('',*,*,#4378,.T.);
#4380=CARTESIAN_POINT('',(9.017,9.3726,1.248171875));
#4381=VERTEX_POINT('',#4380);
#4382=CARTESIAN_POINT('',(9.017,9.3726,1.248171875));
#4383=DIRECTION('',(0.,1.,0.));
#4384=VECTOR('',#4383,0.3302);
#4385=LINE('',#4382,#4384);
#4386=EDGE_CURVE('',#4381,#4373,#4385,.T.);
#4387=ORIENTED_EDGE('',*,*,#4386,.F.);
#4388=CARTESIAN_POINT('',(9.017,9.3726,1.248171875));
#4389=DIRECTION('',(0.,0.,1.));
#4390=VECTOR('',#4389,0.021828125);
#4391=LINE('',#4388,#4390);
#4392=EDGE_CURVE('',#4381,#3075,#4391,.T.);
#4393=ORIENTED_EDGE('',*,*,#4392,.T.);
#4394=ORIENTED_EDGE('',*,*,#3080,.F.);
#4395=CARTESIAN_POINT('',(9.017,8.3439,1.248171875));
#4396=DIRECTION('',(0.,0.,1.));
#4397=VECTOR('',#4396,0.021828125);
#4398=LINE('',#4395,#4397);
#4399=EDGE_CURVE('',#4358,#3067,#4398,.T.);
#4400=ORIENTED_EDGE('',*,*,#4399,.F.);
#4401=EDGE_LOOP('',(#4364,#4370,#4371,#4379,#4387,#4393,#4394,#4400));
#4402=FACE_BOUND('',#4401,.T.);
#4403=ADVANCED_FACE('',(#4402),#4354,.F.);
#4404=OVER_RIDING_STYLED_ITEM('',(#3278),#4403,#26);
#4405=CARTESIAN_POINT('',(7.5184,7.6073,-1.28190625));
#4406=DIRECTION('',(0.,0.,1.));
#4407=DIRECTION('',(1.,0.,-0.));
#4408=AXIS2_PLACEMENT_3D('',#4405,#4406,#4407);
#4409=CYLINDRICAL_SURFACE('',#4408,0.4064);
#4410=CARTESIAN_POINT('',(7.9248,7.6073,1.248171875));
#4411=VERTEX_POINT('',#4410);
#4412=CARTESIAN_POINT('',(7.9248,7.6073,1.248171875));
#4413=DIRECTION('',(-0.,-0.,-1.));
#4414=VECTOR('',#4413,1.248171875);
#4415=LINE('',#4412,#4414);
#4416=EDGE_CURVE('',#4411,#986,#4415,.T.);
#4417=ORIENTED_EDGE('',*,*,#4416,.F.);
#4418=CARTESIAN_POINT('',(7.5184,7.6073,1.248171875));
#4419=DIRECTION('',(0.,0.,1.));
#4420=DIRECTION('',(1.,0.,-0.));
#4421=AXIS2_PLACEMENT_3D('',#4418,#4419,#4420);
#4422=CIRCLE('',#4421,0.4064);
#4423=EDGE_CURVE('',#4411,#4411,#4422,.T.);
#4424=ORIENTED_EDGE('',*,*,#4423,.T.);
#4425=ORIENTED_EDGE('',*,*,#4416,.T.);
#4426=ORIENTED_EDGE('',*,*,#992,.F.);
#4427=EDGE_LOOP('',(#4417,#4424,#4425,#4426));
#4428=FACE_BOUND('',#4427,.T.);
#4429=ADVANCED_FACE('',(#4428),#4409,.F.);
#4430=OVER_RIDING_STYLED_ITEM('',(#3311),#4429,#26);
#4431=CARTESIAN_POINT('',(-9.017,0.,1.27));
#4432=DIRECTION('',(1.,0.,0.));
#4433=DIRECTION('',(0.,0.,-1.));
#4434=AXIS2_PLACEMENT_3D('',#4431,#4432,#4433);
#4435=PLANE('',#4434);
#4436=CARTESIAN_POINT('',(-9.017,5.842,1.248171875));
#4437=VERTEX_POINT('',#4436);
#4438=CARTESIAN_POINT('',(-9.017,5.5118,1.248171875));
#4439=VERTEX_POINT('',#4438);
#4440=CARTESIAN_POINT('',(-9.017,5.842,1.248171875));
#4441=DIRECTION('',(0.,-1.,0.));
#4442=VECTOR('',#4441,0.3302);
#4443=LINE('',#4440,#4442);
#4444=EDGE_CURVE('',#4437,#4439,#4443,.T.);
#4445=ORIENTED_EDGE('',*,*,#4444,.F.);
#4446=CARTESIAN_POINT('',(-9.017,5.842,1.248171875));
#4447=DIRECTION('',(0.,0.,1.));
#4448=VECTOR('',#4447,0.021828125);
#4449=LINE('',#4446,#4448);
#4450=EDGE_CURVE('',#4437,#2501,#4449,.T.);
#4451=ORIENTED_EDGE('',*,*,#4450,.T.);
#4452=ORIENTED_EDGE('',*,*,#2506,.F.);
#4453=CARTESIAN_POINT('',(-9.017,6.8707,1.248171875));
#4454=VERTEX_POINT('',#4453);
#4455=CARTESIAN_POINT('',(-9.017,6.8707,1.248171875));
#4456=DIRECTION('',(0.,0.,1.));
#4457=VECTOR('',#4456,0.021828125);
#4458=LINE('',#4455,#4457);
#4459=EDGE_CURVE('',#4454,#2493,#4458,.T.);
#4460=ORIENTED_EDGE('',*,*,#4459,.F.);
#4461=CARTESIAN_POINT('',(-9.017,7.2009,1.248171875));
#4462=VERTEX_POINT('',#4461);
#4463=CARTESIAN_POINT('',(-9.017,7.2009,1.248171875));
#4464=DIRECTION('',(0.,-1.,0.));
#4465=VECTOR('',#4464,0.3302);
#4466=LINE('',#4463,#4465);
#4467=EDGE_CURVE('',#4462,#4454,#4466,.T.);
#4468=ORIENTED_EDGE('',*,*,#4467,.F.);
#4469=CARTESIAN_POINT('',(-9.017,7.2009,0.));
#4470=DIRECTION('',(0.,0.,1.));
#4471=VECTOR('',#4470,1.248171875);
#4472=LINE('',#4469,#4471);
#4473=EDGE_CURVE('',#1414,#4462,#4472,.T.);
#4474=ORIENTED_EDGE('',*,*,#4473,.F.);
#4475=ORIENTED_EDGE('',*,*,#1419,.T.);
#4476=CARTESIAN_POINT('',(-9.017,5.5118,0.));
#4477=DIRECTION('',(0.,0.,1.));
#4478=VECTOR('',#4477,1.248171875);
#4479=LINE('',#4476,#4478);
#4480=EDGE_CURVE('',#1405,#4439,#4479,.T.);
#4481=ORIENTED_EDGE('',*,*,#4480,.T.);
#4482=EDGE_LOOP('',(#4445,#4451,#4452,#4460,#4468,#4474,#4475,#4481));
#4483=FACE_BOUND('',#4482,.T.);
#4484=ADVANCED_FACE('',(#4483),#4435,.F.);
#4485=OVER_RIDING_STYLED_ITEM('',(#3278),#4484,#26);
#4486=CARTESIAN_POINT('',(-7.5184,7.6073,-1.28190625));
#4487=DIRECTION('',(0.,0.,1.));
#4488=DIRECTION('',(1.,0.,-0.));
#4489=AXIS2_PLACEMENT_3D('',#4486,#4487,#4488);
#4490=CYLINDRICAL_SURFACE('',#4489,0.4064);
#4491=CARTESIAN_POINT('',(-7.112,7.6073,1.248171875));
#4492=VERTEX_POINT('',#4491);
#4493=CARTESIAN_POINT('',(-7.112,7.6073,1.248171875));
#4494=DIRECTION('',(-0.,-0.,-1.));
#4495=VECTOR('',#4494,1.248171875);
#4496=LINE('',#4493,#4495);
#4497=EDGE_CURVE('',#4492,#909,#4496,.T.);
#4498=ORIENTED_EDGE('',*,*,#4497,.F.);
#4499=CARTESIAN_POINT('',(-7.5184,7.6073,1.248171875));
#4500=DIRECTION('',(0.,0.,1.));
#4501=DIRECTION('',(1.,0.,-0.));
#4502=AXIS2_PLACEMENT_3D('',#4499,#4500,#4501);
#4503=CIRCLE('',#4502,0.4064);
#4504=EDGE_CURVE('',#4492,#4492,#4503,.T.);
#4505=ORIENTED_EDGE('',*,*,#4504,.T.);
#4506=ORIENTED_EDGE('',*,*,#4497,.T.);
#4507=ORIENTED_EDGE('',*,*,#915,.F.);
#4508=EDGE_LOOP('',(#4498,#4505,#4506,#4507));
#4509=FACE_BOUND('',#4508,.T.);
#4510=ADVANCED_FACE('',(#4509),#4490,.F.);
#4511=OVER_RIDING_STYLED_ITEM('',(#3311),#4510,#26);
#4512=CARTESIAN_POINT('',(-9.017,0.,1.27));
#4513=DIRECTION('',(1.,0.,0.));
#4514=DIRECTION('',(0.,0.,-1.));
#4515=AXIS2_PLACEMENT_3D('',#4512,#4513,#4514);
#4516=PLANE('',#4515);
#4517=CARTESIAN_POINT('',(-9.017,0.8382,1.248171875));
#4518=VERTEX_POINT('',#4517);
#4519=CARTESIAN_POINT('',(-9.017,0.508,1.248171875));
#4520=VERTEX_POINT('',#4519);
#4521=CARTESIAN_POINT('',(-9.017,0.8382,1.248171875));
#4522=DIRECTION('',(0.,-1.,0.));
#4523=VECTOR('',#4522,0.3302);
#4524=LINE('',#4521,#4523);
#4525=EDGE_CURVE('',#4518,#4520,#4524,.T.);
#4526=ORIENTED_EDGE('',*,*,#4525,.F.);
#4527=CARTESIAN_POINT('',(-9.017,0.8382,1.248171875));
#4528=DIRECTION('',(0.,0.,1.));
#4529=VECTOR('',#4528,0.021828125);
#4530=LINE('',#4527,#4529);
#4531=EDGE_CURVE('',#4518,#2585,#4530,.T.);
#4532=ORIENTED_EDGE('',*,*,#4531,.T.);
#4533=ORIENTED_EDGE('',*,*,#2590,.F.);
#4534=CARTESIAN_POINT('',(-9.017,1.8669,1.248171875));
#4535=VERTEX_POINT('',#4534);
#4536=CARTESIAN_POINT('',(-9.017,1.8669,1.248171875));
#4537=DIRECTION('',(0.,0.,1.));
#4538=VECTOR('',#4537,0.021828125);
#4539=LINE('',#4536,#4538);
#4540=EDGE_CURVE('',#4535,#2577,#4539,.T.);
#4541=ORIENTED_EDGE('',*,*,#4540,.F.);
#4542=CARTESIAN_POINT('',(-9.017,2.1971,1.248171875));
#4543=VERTEX_POINT('',#4542);
#4544=CARTESIAN_POINT('',(-9.017,2.1971,1.248171875));
#4545=DIRECTION('',(0.,-1.,0.));
#4546=VECTOR('',#4545,0.3302);
#4547=LINE('',#4544,#4546);
#4548=EDGE_CURVE('',#4543,#4535,#4547,.T.);
#4549=ORIENTED_EDGE('',*,*,#4548,.F.);
#4550=CARTESIAN_POINT('',(-9.017,2.1971,0.));
#4551=DIRECTION('',(0.,0.,1.));
#4552=VECTOR('',#4551,1.248171875);
#4553=LINE('',#4550,#4552);
#4554=EDGE_CURVE('',#1362,#4543,#4553,.T.);
#4555=ORIENTED_EDGE('',*,*,#4554,.F.);
#4556=ORIENTED_EDGE('',*,*,#1367,.T.);
#4557=CARTESIAN_POINT('',(-9.017,0.508,0.));
#4558=DIRECTION('',(0.,0.,1.));
#4559=VECTOR('',#4558,1.248171875);
#4560=LINE('',#4557,#4559);
#4561=EDGE_CURVE('',#1353,#4520,#4560,.T.);
#4562=ORIENTED_EDGE('',*,*,#4561,.T.);
#4563=EDGE_LOOP('',(#4526,#4532,#4533,#4541,#4549,#4555,#4556,#4562));
#4564=FACE_BOUND('',#4563,.T.);
#4565=ADVANCED_FACE('',(#4564),#4516,.F.);
#4566=OVER_RIDING_STYLED_ITEM('',(#3278),#4565,#26);
#4567=CARTESIAN_POINT('',(-7.5184,2.6035,-1.28190625));
#4568=DIRECTION('',(0.,0.,1.));
#4569=DIRECTION('',(1.,0.,-0.));
#4570=AXIS2_PLACEMENT_3D('',#4567,#4568,#4569);
#4571=CYLINDRICAL_SURFACE('',#4570,0.4064);
#4572=CARTESIAN_POINT('',(-7.112,2.6035,1.248171875));
#4573=VERTEX_POINT('',#4572);
#4574=CARTESIAN_POINT('',(-7.112,2.6035,1.248171875));
#4575=DIRECTION('',(-0.,-0.,-1.));
#4576=VECTOR('',#4575,1.248171875);
#4577=LINE('',#4574,#4576);
#4578=EDGE_CURVE('',#4573,#843,#4577,.T.);
#4579=ORIENTED_EDGE('',*,*,#4578,.F.);
#4580=CARTESIAN_POINT('',(-7.5184,2.6035,1.248171875));
#4581=DIRECTION('',(0.,0.,1.));
#4582=DIRECTION('',(1.,0.,-0.));
#4583=AXIS2_PLACEMENT_3D('',#4580,#4581,#4582);
#4584=CIRCLE('',#4583,0.4064);
#4585=EDGE_CURVE('',#4573,#4573,#4584,.T.);
#4586=ORIENTED_EDGE('',*,*,#4585,.T.);
#4587=ORIENTED_EDGE('',*,*,#4578,.T.);
#4588=ORIENTED_EDGE('',*,*,#849,.F.);
#4589=EDGE_LOOP('',(#4579,#4586,#4587,#4588));
#4590=FACE_BOUND('',#4589,.T.);
#4591=ADVANCED_FACE('',(#4590),#4571,.F.);
#4592=OVER_RIDING_STYLED_ITEM('',(#3311),#4591,#26);
#4593=CARTESIAN_POINT('',(9.017,0.,1.27));
#4594=DIRECTION('',(-1.,0.,0.));
#4595=DIRECTION('',(0.,0.,1.));
#4596=AXIS2_PLACEMENT_3D('',#4593,#4594,#4595);
#4597=PLANE('',#4596);
#4598=CARTESIAN_POINT('',(9.017,10.5156,1.248171875));
#4599=VERTEX_POINT('',#4598);
#4600=CARTESIAN_POINT('',(9.017,10.8458,1.248171875));
#4601=VERTEX_POINT('',#4600);
#4602=CARTESIAN_POINT('',(9.017,10.5156,1.248171875));
#4603=DIRECTION('',(0.,1.,0.));
#4604=VECTOR('',#4603,0.3302);
#4605=LINE('',#4602,#4604);
#4606=EDGE_CURVE('',#4599,#4601,#4605,.T.);
#4607=ORIENTED_EDGE('',*,*,#4606,.F.);
#4608=CARTESIAN_POINT('',(9.017,10.5156,0.));
#4609=DIRECTION('',(0.,0.,1.));
#4610=VECTOR('',#4609,1.248171875);
#4611=LINE('',#4608,#4610);
#4612=EDGE_CURVE('',#1063,#4599,#4611,.T.);
#4613=ORIENTED_EDGE('',*,*,#4612,.F.);
#4614=ORIENTED_EDGE('',*,*,#1068,.T.);
#4615=CARTESIAN_POINT('',(9.017,11.8618,1.27));
#4616=DIRECTION('',(0.,0.,-1.));
#4617=VECTOR('',#4616,1.27);
#4618=LINE('',#4615,#4617);
#4619=EDGE_CURVE('',#2375,#1055,#4618,.T.);
#4620=ORIENTED_EDGE('',*,*,#4619,.F.);
#4621=ORIENTED_EDGE('',*,*,#3111,.F.);
#4622=CARTESIAN_POINT('',(9.017,10.8458,1.248171875));
#4623=DIRECTION('',(0.,0.,1.));
#4624=VECTOR('',#4623,0.021828125);
#4625=LINE('',#4622,#4624);
#4626=EDGE_CURVE('',#4601,#3100,#4625,.T.);
#4627=ORIENTED_EDGE('',*,*,#4626,.F.);
#4628=EDGE_LOOP('',(#4607,#4613,#4614,#4620,#4621,#4627));
#4629=FACE_BOUND('',#4628,.T.);
#4630=ADVANCED_FACE('',(#4629),#4597,.F.);
#4631=OVER_RIDING_STYLED_ITEM('',(#3278),#4630,#26);
#4632=CARTESIAN_POINT('',(7.5184,10.1092,-1.28190625));
#4633=DIRECTION('',(0.,0.,1.));
#4634=DIRECTION('',(1.,0.,-0.));
#4635=AXIS2_PLACEMENT_3D('',#4632,#4633,#4634);
#4636=CYLINDRICAL_SURFACE('',#4635,0.4064);
#4637=CARTESIAN_POINT('',(7.9248,10.1092,1.248171875));
#4638=VERTEX_POINT('',#4637);
#4639=CARTESIAN_POINT('',(7.9248,10.1092,1.248171875));
#4640=DIRECTION('',(-0.,-0.,-1.));
#4641=VECTOR('',#4640,1.248171875);
#4642=LINE('',#4639,#4641);
#4643=EDGE_CURVE('',#4638,#876,#4642,.T.);
#4644=ORIENTED_EDGE('',*,*,#4643,.F.);
#4645=CARTESIAN_POINT('',(7.5184,10.1092,1.248171875));
#4646=DIRECTION('',(0.,0.,1.));
#4647=DIRECTION('',(1.,0.,-0.));
#4648=AXIS2_PLACEMENT_3D('',#4645,#4646,#4647);
#4649=CIRCLE('',#4648,0.4064);
#4650=EDGE_CURVE('',#4638,#4638,#4649,.T.);
#4651=ORIENTED_EDGE('',*,*,#4650,.T.);
#4652=ORIENTED_EDGE('',*,*,#4643,.T.);
#4653=ORIENTED_EDGE('',*,*,#882,.F.);
#4654=EDGE_LOOP('',(#4644,#4651,#4652,#4653));
#4655=FACE_BOUND('',#4654,.T.);
#4656=ADVANCED_FACE('',(#4655),#4636,.F.);
#4657=OVER_RIDING_STYLED_ITEM('',(#3311),#4656,#26);
#4658=CARTESIAN_POINT('',(0.,-11.8618,1.27));
#4659=DIRECTION('',(0.,1.,0.));
#4660=DIRECTION('',(0.,0.,1.));
#4661=AXIS2_PLACEMENT_3D('',#4658,#4659,#4660);
#4662=PLANE('',#4661);
#4663=ORIENTED_EDGE('',*,*,#1229,.T.);
#4664=CARTESIAN_POINT('',(9.017,-11.8618,1.27));
#4665=DIRECTION('',(0.,0.,-1.));
#4666=VECTOR('',#4665,1.27);
#4667=LINE('',#4664,#4666);
#4668=EDGE_CURVE('',#2803,#1216,#4667,.T.);
#4669=ORIENTED_EDGE('',*,*,#4668,.F.);
#4670=ORIENTED_EDGE('',*,*,#2808,.F.);
#4671=ORIENTED_EDGE('',*,*,#4311,.T.);
#4672=EDGE_LOOP('',(#4663,#4669,#4670,#4671));
#4673=FACE_BOUND('',#4672,.T.);
#4674=ADVANCED_FACE('',(#4673),#4662,.F.);
#4675=OVER_RIDING_STYLED_ITEM('',(#3278),#4674,#26);
#4676=CARTESIAN_POINT('',(9.017,0.,1.27));
#4677=DIRECTION('',(-1.,0.,0.));
#4678=DIRECTION('',(0.,0.,1.));
#4679=AXIS2_PLACEMENT_3D('',#4676,#4677,#4678);
#4680=PLANE('',#4679);
#4681=CARTESIAN_POINT('',(9.017,-10.6426,1.248171875));
#4682=VERTEX_POINT('',#4681);
#4683=CARTESIAN_POINT('',(9.017,-10.3124,1.248171875));
#4684=VERTEX_POINT('',#4683);
#4685=CARTESIAN_POINT('',(9.017,-10.6426,1.248171875));
#4686=DIRECTION('',(0.,1.,0.));
#4687=VECTOR('',#4686,0.3302);
#4688=LINE('',#4685,#4687);
#4689=EDGE_CURVE('',#4682,#4684,#4688,.T.);
#4690=ORIENTED_EDGE('',*,*,#4689,.F.);
#4691=CARTESIAN_POINT('',(9.017,-10.6426,1.248171875));
#4692=DIRECTION('',(0.,0.,1.));
#4693=VECTOR('',#4692,0.021828125);
#4694=LINE('',#4691,#4693);
#4695=EDGE_CURVE('',#4682,#2811,#4694,.T.);
#4696=ORIENTED_EDGE('',*,*,#4695,.T.);
#4697=ORIENTED_EDGE('',*,*,#2816,.F.);
#4698=ORIENTED_EDGE('',*,*,#4668,.T.);
#4699=ORIENTED_EDGE('',*,*,#1221,.T.);
#4700=CARTESIAN_POINT('',(9.017,-10.3124,0.));
#4701=DIRECTION('',(0.,0.,1.));
#4702=VECTOR('',#4701,1.248171875);
#4703=LINE('',#4700,#4702);
#4704=EDGE_CURVE('',#1207,#4684,#4703,.T.);
#4705=ORIENTED_EDGE('',*,*,#4704,.T.);
#4706=EDGE_LOOP('',(#4690,#4696,#4697,#4698,#4699,#4705));
#4707=FACE_BOUND('',#4706,.T.);
#4708=ADVANCED_FACE('',(#4707),#4680,.F.);
#4709=OVER_RIDING_STYLED_ITEM('',(#3278),#4708,#26);
#4710=CARTESIAN_POINT('',(0.,11.8618,1.27));
#4711=DIRECTION('',(0.,-1.,0.));
#4712=DIRECTION('',(0.,0.,-1.));
#4713=AXIS2_PLACEMENT_3D('',#4710,#4711,#4712);
#4714=PLANE('',#4713);
#4715=ORIENTED_EDGE('',*,*,#1060,.T.);
#4716=CARTESIAN_POINT('',(-9.017,11.8618,1.27));
#4717=DIRECTION('',(0.,0.,-1.));
#4718=VECTOR('',#4717,1.27);
#4719=LINE('',#4716,#4718);
#4720=EDGE_CURVE('',#2409,#1047,#4719,.T.);
#4721=ORIENTED_EDGE('',*,*,#4720,.F.);
#4722=ORIENTED_EDGE('',*,*,#2414,.F.);
#4723=CARTESIAN_POINT('',(-4.4577,11.8618,2.8575));
#4724=VERTEX_POINT('',#4723);
#4725=CARTESIAN_POINT('',(-4.4577,11.8618,2.8575));
#4726=DIRECTION('',(0.,0.,-1.));
#4727=VECTOR('',#4726,1.5875);
#4728=LINE('',#4725,#4727);
#4729=EDGE_CURVE('',#4724,#2401,#4728,.T.);
#4730=ORIENTED_EDGE('',*,*,#4729,.F.);
#4731=CARTESIAN_POINT('',(-2.8702,11.8618,1.27));
#4732=VERTEX_POINT('',#4731);
#4733=CARTESIAN_POINT('',(-2.8702,11.8618,2.8575));
#4734=DIRECTION('',(0.,-1.,0.));
#4735=DIRECTION('',(0.,0.,-1.));
#4736=AXIS2_PLACEMENT_3D('',#4733,#4734,#4735);
#4737=CIRCLE('',#4736,1.5875);
#4738=EDGE_CURVE('',#4724,#4732,#4737,.T.);
#4739=ORIENTED_EDGE('',*,*,#4738,.T.);
#4740=CARTESIAN_POINT('',(2.8702,11.8618,1.27));
#4741=VERTEX_POINT('',#4740);
#4742=CARTESIAN_POINT('',(2.8702,11.8618,1.27));
#4743=DIRECTION('',(-1.,0.,0.));
#4744=VECTOR('',#4743,5.7404);
#4745=LINE('',#4742,#4744);
#4746=EDGE_CURVE('',#4741,#4732,#4745,.T.);
#4747=ORIENTED_EDGE('',*,*,#4746,.F.);
#4748=CARTESIAN_POINT('',(4.4577,11.8618,2.8575));
#4749=VERTEX_POINT('',#4748);
#4750=CARTESIAN_POINT('',(2.8702,11.8618,2.8575));
#4751=DIRECTION('',(0.,-1.,0.));
#4752=DIRECTION('',(0.,0.,-1.));
#4753=AXIS2_PLACEMENT_3D('',#4750,#4751,#4752);
#4754=CIRCLE('',#4753,1.5875);
#4755=EDGE_CURVE('',#4741,#4749,#4754,.T.);
#4756=ORIENTED_EDGE('',*,*,#4755,.T.);
#4757=CARTESIAN_POINT('',(4.4577,11.8618,1.27));
#4758=DIRECTION('',(0.,0.,1.));
#4759=VECTOR('',#4758,1.5875);
#4760=LINE('',#4757,#4759);
#4761=EDGE_CURVE('',#2377,#4749,#4760,.T.);
#4762=ORIENTED_EDGE('',*,*,#4761,.F.);
#4763=ORIENTED_EDGE('',*,*,#2382,.F.);
#4764=ORIENTED_EDGE('',*,*,#4619,.T.);
#4765=EDGE_LOOP('',(#4715,#4721,#4722,#4730,#4739,#4747,#4756,#4762,#4763,#4764));
#4766=FACE_BOUND('',#4765,.T.);
#4767=ADVANCED_FACE('',(#4766),#4714,.F.);
#4768=OVER_RIDING_STYLED_ITEM('',(#3278),#4767,#26);
#4769=CARTESIAN_POINT('',(-9.017,0.,1.27));
#4770=DIRECTION('',(1.,0.,0.));
#4771=DIRECTION('',(0.,0.,-1.));
#4772=AXIS2_PLACEMENT_3D('',#4769,#4770,#4771);
#4773=PLANE('',#4772);
#4774=CARTESIAN_POINT('',(-9.017,10.8458,1.248171875));
#4775=VERTEX_POINT('',#4774);
#4776=CARTESIAN_POINT('',(-9.017,10.5156,1.248171875));
#4777=VERTEX_POINT('',#4776);
#4778=CARTESIAN_POINT('',(-9.017,10.8458,1.248171875));
#4779=DIRECTION('',(0.,-1.,0.));
#4780=VECTOR('',#4779,0.3302);
#4781=LINE('',#4778,#4780);
#4782=EDGE_CURVE('',#4775,#4777,#4781,.T.);
#4783=ORIENTED_EDGE('',*,*,#4782,.F.);
#4784=CARTESIAN_POINT('',(-9.017,10.8458,1.248171875));
#4785=DIRECTION('',(0.,0.,1.));
#4786=VECTOR('',#4785,0.021828125);
#4787=LINE('',#4784,#4786);
#4788=EDGE_CURVE('',#4775,#2417,#4787,.T.);
#4789=ORIENTED_EDGE('',*,*,#4788,.T.);
#4790=ORIENTED_EDGE('',*,*,#2422,.F.);
#4791=ORIENTED_EDGE('',*,*,#4720,.T.);
#4792=ORIENTED_EDGE('',*,*,#1052,.T.);
#4793=CARTESIAN_POINT('',(-9.017,10.5156,0.));
#4794=DIRECTION('',(0.,0.,1.));
#4795=VECTOR('',#4794,1.248171875);
#4796=LINE('',#4793,#4795);
#4797=EDGE_CURVE('',#1038,#4777,#4796,.T.);
#4798=ORIENTED_EDGE('',*,*,#4797,.T.);
#4799=EDGE_LOOP('',(#4783,#4789,#4790,#4791,#4792,#4798));
#4800=FACE_BOUND('',#4799,.T.);
#4801=ADVANCED_FACE('',(#4800),#4773,.F.);
#4802=OVER_RIDING_STYLED_ITEM('',(#3278),#4801,#26);
#4803=CARTESIAN_POINT('',(9.017,-9.906,-1.28190625));
#4804=DIRECTION('',(0.,0.,1.));
#4805=DIRECTION('',(1.,0.,-0.));
#4806=AXIS2_PLACEMENT_3D('',#4803,#4804,#4805);
#4807=CYLINDRICAL_SURFACE('',#4806,0.4064);
#4808=ORIENTED_EDGE('',*,*,#3575,.T.);
#4809=CARTESIAN_POINT('',(9.017,-9.906,1.248171875));
#4810=DIRECTION('',(0.,0.,1.));
#4811=DIRECTION('',(1.,0.,-0.));
#4812=AXIS2_PLACEMENT_3D('',#4809,#4810,#4811);
#4813=CIRCLE('',#4812,0.4064);
#4814=EDGE_CURVE('',#3562,#4684,#4813,.T.);
#4815=ORIENTED_EDGE('',*,*,#4814,.T.);
#4816=ORIENTED_EDGE('',*,*,#4704,.F.);
#4817=ORIENTED_EDGE('',*,*,#1213,.F.);
#4818=EDGE_LOOP('',(#4808,#4815,#4816,#4817));
#4819=FACE_BOUND('',#4818,.T.);
#4820=ADVANCED_FACE('',(#4819),#4807,.F.);
#4821=OVER_RIDING_STYLED_ITEM('',(#3311),#4820,#26);
#4822=CARTESIAN_POINT('',(-9.017,0.1016,-1.28190625));
#4823=DIRECTION('',(0.,0.,1.));
#4824=DIRECTION('',(1.,0.,-0.));
#4825=AXIS2_PLACEMENT_3D('',#4822,#4823,#4824);
#4826=CYLINDRICAL_SURFACE('',#4825,0.4064);
#4827=CARTESIAN_POINT('',(-8.6106,0.1016,1.248171875));
#4828=VERTEX_POINT('',#4827);
#4829=CARTESIAN_POINT('',(-8.6106,0.1016,1.248171875));
#4830=DIRECTION('',(-0.,-0.,-1.));
#4831=VECTOR('',#4830,1.248171875);
#4832=LINE('',#4829,#4831);
#4833=EDGE_CURVE('',#4828,#1344,#4832,.T.);
#4834=ORIENTED_EDGE('',*,*,#4833,.F.);
#4835=CARTESIAN_POINT('',(-9.017,0.1016,1.248171875));
#4836=DIRECTION('',(0.,0.,1.));
#4837=DIRECTION('',(1.,0.,-0.));
#4838=AXIS2_PLACEMENT_3D('',#4835,#4836,#4837);
#4839=CIRCLE('',#4838,0.4064);
#4840=EDGE_CURVE('',#4828,#4520,#4839,.T.);
#4841=ORIENTED_EDGE('',*,*,#4840,.T.);
#4842=ORIENTED_EDGE('',*,*,#4561,.F.);
#4843=ORIENTED_EDGE('',*,*,#1359,.F.);
#4844=EDGE_LOOP('',(#4834,#4841,#4842,#4843));
#4845=FACE_BOUND('',#4844,.T.);
#4846=ADVANCED_FACE('',(#4845),#4826,.F.);
#4847=OVER_RIDING_STYLED_ITEM('',(#3311),#4846,#26);
#4848=CARTESIAN_POINT('',(9.017,10.1092,-1.28190625));
#4849=DIRECTION('',(0.,0.,1.));
#4850=DIRECTION('',(1.,0.,-0.));
#4851=AXIS2_PLACEMENT_3D('',#4848,#4849,#4850);
#4852=CYLINDRICAL_SURFACE('',#4851,0.4064);
#4853=ORIENTED_EDGE('',*,*,#4612,.T.);
#4854=CARTESIAN_POINT('',(9.017,10.1092,1.248171875));
#4855=DIRECTION('',(0.,0.,1.));
#4856=DIRECTION('',(1.,0.,-0.));
#4857=AXIS2_PLACEMENT_3D('',#4854,#4855,#4856);
#4858=CIRCLE('',#4857,0.4064);
#4859=EDGE_CURVE('',#4599,#4373,#4858,.T.);
#4860=ORIENTED_EDGE('',*,*,#4859,.T.);
#4861=ORIENTED_EDGE('',*,*,#4378,.F.);
#4862=ORIENTED_EDGE('',*,*,#1077,.F.);
#4863=EDGE_LOOP('',(#4853,#4860,#4861,#4862));
#4864=FACE_BOUND('',#4863,.T.);
#4865=ADVANCED_FACE('',(#4864),#4852,.F.);
#4866=OVER_RIDING_STYLED_ITEM('',(#3311),#4865,#26);
#4867=CARTESIAN_POINT('',(-9.017,5.1054,-1.28190625));
#4868=DIRECTION('',(0.,0.,1.));
#4869=DIRECTION('',(1.,0.,-0.));
#4870=AXIS2_PLACEMENT_3D('',#4867,#4868,#4869);
#4871=CYLINDRICAL_SURFACE('',#4870,0.4064);
#4872=CARTESIAN_POINT('',(-8.6106,5.1054,1.248171875));
#4873=VERTEX_POINT('',#4872);
#4874=CARTESIAN_POINT('',(-8.6106,5.1054,1.248171875));
#4875=DIRECTION('',(-0.,-0.,-1.));
#4876=VECTOR('',#4875,1.248171875);
#4877=LINE('',#4874,#4876);
#4878=EDGE_CURVE('',#4873,#1396,#4877,.T.);
#4879=ORIENTED_EDGE('',*,*,#4878,.F.);
#4880=CARTESIAN_POINT('',(-9.017,5.1054,1.248171875));
#4881=DIRECTION('',(0.,0.,1.));
#4882=DIRECTION('',(1.,0.,-0.));
#4883=AXIS2_PLACEMENT_3D('',#4880,#4881,#4882);
#4884=CIRCLE('',#4883,0.4064);
#4885=EDGE_CURVE('',#4873,#4439,#4884,.T.);
#4886=ORIENTED_EDGE('',*,*,#4885,.T.);
#4887=ORIENTED_EDGE('',*,*,#4480,.F.);
#4888=ORIENTED_EDGE('',*,*,#1411,.F.);
#4889=EDGE_LOOP('',(#4879,#4886,#4887,#4888));
#4890=FACE_BOUND('',#4889,.T.);
#4891=ADVANCED_FACE('',(#4890),#4871,.F.);
#4892=OVER_RIDING_STYLED_ITEM('',(#3311),#4891,#26);
#4893=CARTESIAN_POINT('',(9.017,-2.4003,-1.28190625));
#4894=DIRECTION('',(0.,0.,1.));
#4895=DIRECTION('',(1.,0.,-0.));
#4896=AXIS2_PLACEMENT_3D('',#4893,#4894,#4895);
#4897=CYLINDRICAL_SURFACE('',#4896,0.4064);
#4898=ORIENTED_EDGE('',*,*,#3494,.T.);
#4899=CARTESIAN_POINT('',(9.017,-2.4003,1.248171875));
#4900=DIRECTION('',(0.,0.,1.));
#4901=DIRECTION('',(1.,0.,-0.));
#4902=AXIS2_PLACEMENT_3D('',#4899,#4900,#4901);
#4903=CIRCLE('',#4902,0.4064);
#4904=EDGE_CURVE('',#3481,#3241,#4903,.T.);
#4905=ORIENTED_EDGE('',*,*,#4904,.T.);
#4906=ORIENTED_EDGE('',*,*,#3246,.F.);
#4907=ORIENTED_EDGE('',*,*,#1162,.F.);
#4908=EDGE_LOOP('',(#4898,#4905,#4906,#4907));
#4909=FACE_BOUND('',#4908,.T.);
#4910=ADVANCED_FACE('',(#4909),#4897,.F.);
#4911=OVER_RIDING_STYLED_ITEM('',(#3311),#4910,#26);
#4912=CARTESIAN_POINT('',(-9.017,-7.4041,-1.28190625));
#4913=DIRECTION('',(0.,0.,1.));
#4914=DIRECTION('',(1.,0.,-0.));
#4915=AXIS2_PLACEMENT_3D('',#4912,#4913,#4914);
#4916=CYLINDRICAL_SURFACE('',#4915,0.4064);
#4917=CARTESIAN_POINT('',(-8.6106,-7.4041,1.248171875));
#4918=VERTEX_POINT('',#4917);
#4919=CARTESIAN_POINT('',(-8.6106,-7.4041,1.248171875));
#4920=DIRECTION('',(-0.,-0.,-1.));
#4921=VECTOR('',#4920,1.248171875);
#4922=LINE('',#4919,#4921);
#4923=EDGE_CURVE('',#4918,#1266,#4922,.T.);
#4924=ORIENTED_EDGE('',*,*,#4923,.F.);
#4925=CARTESIAN_POINT('',(-9.017,-7.4041,1.248171875));
#4926=DIRECTION('',(0.,0.,1.));
#4927=DIRECTION('',(1.,0.,-0.));
#4928=AXIS2_PLACEMENT_3D('',#4925,#4926,#4927);
#4929=CIRCLE('',#4928,0.4064);
#4930=EDGE_CURVE('',#4918,#3969,#4929,.T.);
#4931=ORIENTED_EDGE('',*,*,#4930,.T.);
#4932=ORIENTED_EDGE('',*,*,#4010,.F.);
#4933=ORIENTED_EDGE('',*,*,#1281,.F.);
#4934=EDGE_LOOP('',(#4924,#4931,#4932,#4933));
#4935=FACE_BOUND('',#4934,.T.);
#4936=ADVANCED_FACE('',(#4935),#4916,.F.);
#4937=OVER_RIDING_STYLED_ITEM('',(#3311),#4936,#26);
#4938=CARTESIAN_POINT('',(9.017,-7.4041,-1.28190625));
#4939=DIRECTION('',(0.,0.,1.));
#4940=DIRECTION('',(1.,0.,-0.));
#4941=AXIS2_PLACEMENT_3D('',#4938,#4939,#4940);
#4942=CYLINDRICAL_SURFACE('',#4941,0.4064);
#4943=ORIENTED_EDGE('',*,*,#3922,.T.);
#4944=CARTESIAN_POINT('',(9.017,-7.4041,1.248171875));
#4945=DIRECTION('',(0.,0.,1.));
#4946=DIRECTION('',(1.,0.,-0.));
#4947=AXIS2_PLACEMENT_3D('',#4944,#4945,#4946);
#4948=CIRCLE('',#4947,0.4064);
#4949=EDGE_CURVE('',#3911,#3579,#4948,.T.);
#4950=ORIENTED_EDGE('',*,*,#4949,.T.);
#4951=ORIENTED_EDGE('',*,*,#3584,.F.);
#4952=ORIENTED_EDGE('',*,*,#1196,.F.);
#4953=EDGE_LOOP('',(#4943,#4950,#4951,#4952));
#4954=FACE_BOUND('',#4953,.T.);
#4955=ADVANCED_FACE('',(#4954),#4942,.F.);
#4956=OVER_RIDING_STYLED_ITEM('',(#3311),#4955,#26);
#4957=CARTESIAN_POINT('',(9.017,0.1016,-1.28190625));
#4958=DIRECTION('',(0.,0.,1.));
#4959=DIRECTION('',(1.,0.,-0.));
#4960=AXIS2_PLACEMENT_3D('',#4957,#4958,#4959);
#4961=CYLINDRICAL_SURFACE('',#4960,0.4064);
#4962=ORIENTED_EDGE('',*,*,#4142,.T.);
#4963=CARTESIAN_POINT('',(9.017,0.1016,1.248171875));
#4964=DIRECTION('',(0.,0.,1.));
#4965=DIRECTION('',(1.,0.,-0.));
#4966=AXIS2_PLACEMENT_3D('',#4963,#4964,#4965);
#4967=CIRCLE('',#4966,0.4064);
#4968=EDGE_CURVE('',#4129,#3498,#4967,.T.);
#4969=ORIENTED_EDGE('',*,*,#4968,.T.);
#4970=ORIENTED_EDGE('',*,*,#3503,.F.);
#4971=ORIENTED_EDGE('',*,*,#1145,.F.);
#4972=EDGE_LOOP('',(#4962,#4969,#4970,#4971));
#4973=FACE_BOUND('',#4972,.T.);
#4974=ADVANCED_FACE('',(#4973),#4961,.F.);
#4975=OVER_RIDING_STYLED_ITEM('',(#3311),#4974,#26);
#4976=CARTESIAN_POINT('',(9.017,-4.9022,-1.28190625));
#4977=DIRECTION('',(0.,0.,1.));
#4978=DIRECTION('',(1.,0.,-0.));
#4979=AXIS2_PLACEMENT_3D('',#4976,#4977,#4978);
#4980=CYLINDRICAL_SURFACE('',#4979,0.4064);
#4981=ORIENTED_EDGE('',*,*,#3237,.T.);
#4982=CARTESIAN_POINT('',(9.017,-4.9022,1.248171875));
#4983=DIRECTION('',(0.,0.,1.));
#4984=DIRECTION('',(1.,0.,-0.));
#4985=AXIS2_PLACEMENT_3D('',#4982,#4983,#4984);
#4986=CIRCLE('',#4985,0.4064);
#4987=EDGE_CURVE('',#3224,#3888,#4986,.T.);
#4988=ORIENTED_EDGE('',*,*,#4987,.T.);
#4989=ORIENTED_EDGE('',*,*,#3929,.F.);
#4990=ORIENTED_EDGE('',*,*,#1179,.F.);
#4991=EDGE_LOOP('',(#4981,#4988,#4989,#4990));
#4992=FACE_BOUND('',#4991,.T.);
#4993=ADVANCED_FACE('',(#4992),#4980,.F.);
#4994=OVER_RIDING_STYLED_ITEM('',(#3311),#4993,#26);
#4995=CARTESIAN_POINT('',(-9.017,2.6035,-1.28190625));
#4996=DIRECTION('',(0.,0.,1.));
#4997=DIRECTION('',(1.,0.,-0.));
#4998=AXIS2_PLACEMENT_3D('',#4995,#4996,#4997);
#4999=CYLINDRICAL_SURFACE('',#4998,0.4064);
#5000=CARTESIAN_POINT('',(-8.6106,2.6035,1.248171875));
#5001=VERTEX_POINT('',#5000);
#5002=CARTESIAN_POINT('',(-8.6106,2.6035,1.248171875));
#5003=DIRECTION('',(-0.,-0.,-1.));
#5004=VECTOR('',#5003,1.248171875);
#5005=LINE('',#5002,#5004);
#5006=EDGE_CURVE('',#5001,#1370,#5005,.T.);
#5007=ORIENTED_EDGE('',*,*,#5006,.F.);
#5008=CARTESIAN_POINT('',(-9.017,2.6035,1.248171875));
#5009=DIRECTION('',(0.,0.,1.));
#5010=DIRECTION('',(1.,0.,-0.));
#5011=AXIS2_PLACEMENT_3D('',#5008,#5009,#5010);
#5012=CIRCLE('',#5011,0.4064);
#5013=EDGE_CURVE('',#5001,#3741,#5012,.T.);
#5014=ORIENTED_EDGE('',*,*,#5013,.T.);
#5015=ORIENTED_EDGE('',*,*,#3746,.F.);
#5016=ORIENTED_EDGE('',*,*,#1385,.F.);
#5017=EDGE_LOOP('',(#5007,#5014,#5015,#5016));
#5018=FACE_BOUND('',#5017,.T.);
#5019=ADVANCED_FACE('',(#5018),#4999,.F.);
#5020=OVER_RIDING_STYLED_ITEM('',(#3311),#5019,#26);
#5021=CARTESIAN_POINT('',(9.017,7.6073,-1.28190625));
#5022=DIRECTION('',(0.,0.,1.));
#5023=DIRECTION('',(1.,0.,-0.));
#5024=AXIS2_PLACEMENT_3D('',#5021,#5022,#5023);
#5025=CYLINDRICAL_SURFACE('',#5024,0.4064);
#5026=ORIENTED_EDGE('',*,*,#4369,.T.);
#5027=CARTESIAN_POINT('',(9.017,7.6073,1.248171875));
#5028=DIRECTION('',(0.,0.,1.));
#5029=DIRECTION('',(1.,0.,-0.));
#5030=AXIS2_PLACEMENT_3D('',#5027,#5028,#5029);
#5031=CIRCLE('',#5030,0.4064);
#5032=EDGE_CURVE('',#4356,#3336,#5031,.T.);
#5033=ORIENTED_EDGE('',*,*,#5032,.T.);
#5034=ORIENTED_EDGE('',*,*,#3341,.F.);
#5035=ORIENTED_EDGE('',*,*,#1094,.F.);
#5036=EDGE_LOOP('',(#5026,#5033,#5034,#5035));
#5037=FACE_BOUND('',#5036,.T.);
#5038=ADVANCED_FACE('',(#5037),#5025,.F.);
#5039=OVER_RIDING_STYLED_ITEM('',(#3311),#5038,#26);
#5040=CARTESIAN_POINT('',(-9.017,-2.4003,-1.28190625));
#5041=DIRECTION('',(0.,0.,1.));
#5042=DIRECTION('',(1.,0.,-0.));
#5043=AXIS2_PLACEMENT_3D('',#5040,#5041,#5042);
#5044=CYLINDRICAL_SURFACE('',#5043,0.4064);
#5045=CARTESIAN_POINT('',(-8.6106,-2.4003,1.248171875));
#5046=VERTEX_POINT('',#5045);
#5047=CARTESIAN_POINT('',(-8.6106,-2.4003,1.248171875));
#5048=DIRECTION('',(-0.,-0.,-1.));
#5049=VECTOR('',#5048,1.248171875);
#5050=LINE('',#5047,#5049);
#5051=EDGE_CURVE('',#5046,#1318,#5050,.T.);
#5052=ORIENTED_EDGE('',*,*,#5051,.F.);
#5053=CARTESIAN_POINT('',(-9.017,-2.4003,1.248171875));
#5054=DIRECTION('',(0.,0.,1.));
#5055=DIRECTION('',(1.,0.,-0.));
#5056=AXIS2_PLACEMENT_3D('',#5053,#5054,#5055);
#5057=CIRCLE('',#5056,0.4064);
#5058=EDGE_CURVE('',#5046,#3645,#5057,.T.);
#5059=ORIENTED_EDGE('',*,*,#5058,.T.);
#5060=ORIENTED_EDGE('',*,*,#3686,.F.);
#5061=ORIENTED_EDGE('',*,*,#1333,.F.);
#5062=EDGE_LOOP('',(#5052,#5059,#5060,#5061));
#5063=FACE_BOUND('',#5062,.T.);
#5064=ADVANCED_FACE('',(#5063),#5044,.F.);
#5065=OVER_RIDING_STYLED_ITEM('',(#3311),#5064,#26);
#5066=CARTESIAN_POINT('',(9.017,2.6035,-1.28190625));
#5067=DIRECTION('',(0.,0.,1.));
#5068=DIRECTION('',(1.,0.,-0.));
#5069=AXIS2_PLACEMENT_3D('',#5066,#5067,#5068);
#5070=CYLINDRICAL_SURFACE('',#5069,0.4064);
#5071=ORIENTED_EDGE('',*,*,#4246,.T.);
#5072=CARTESIAN_POINT('',(9.017,2.6035,1.248171875));
#5073=DIRECTION('',(0.,0.,1.));
#5074=DIRECTION('',(1.,0.,-0.));
#5075=AXIS2_PLACEMENT_3D('',#5072,#5073,#5074);
#5076=CIRCLE('',#5075,0.4064);
#5077=EDGE_CURVE('',#4235,#4146,#5076,.T.);
#5078=ORIENTED_EDGE('',*,*,#5077,.T.);
#5079=ORIENTED_EDGE('',*,*,#4151,.F.);
#5080=ORIENTED_EDGE('',*,*,#1128,.F.);
#5081=EDGE_LOOP('',(#5071,#5078,#5079,#5080));
#5082=FACE_BOUND('',#5081,.T.);
#5083=ADVANCED_FACE('',(#5082),#5070,.F.);
#5084=OVER_RIDING_STYLED_ITEM('',(#3311),#5083,#26);
#5085=CARTESIAN_POINT('',(-9.017,-4.9022,-1.28190625));
#5086=DIRECTION('',(0.,0.,1.));
#5087=DIRECTION('',(1.,0.,-0.));
#5088=AXIS2_PLACEMENT_3D('',#5085,#5086,#5087);
#5089=CYLINDRICAL_SURFACE('',#5088,0.4064);
#5090=CARTESIAN_POINT('',(-8.6106,-4.9022,1.248171875));
#5091=VERTEX_POINT('',#5090);
#5092=CARTESIAN_POINT('',(-8.6106,-4.9022,1.248171875));
#5093=DIRECTION('',(-0.,-0.,-1.));
#5094=VECTOR('',#5093,1.248171875);
#5095=LINE('',#5092,#5094);
#5096=EDGE_CURVE('',#5091,#1292,#5095,.T.);
#5097=ORIENTED_EDGE('',*,*,#5096,.F.);
#5098=CARTESIAN_POINT('',(-9.017,-4.9022,1.248171875));
#5099=DIRECTION('',(0.,0.,1.));
#5100=DIRECTION('',(1.,0.,-0.));
#5101=AXIS2_PLACEMENT_3D('',#5098,#5099,#5100);
#5102=CIRCLE('',#5101,0.4064);
#5103=EDGE_CURVE('',#5091,#3417,#5102,.T.);
#5104=ORIENTED_EDGE('',*,*,#5103,.T.);
#5105=ORIENTED_EDGE('',*,*,#3422,.F.);
#5106=ORIENTED_EDGE('',*,*,#1307,.F.);
#5107=EDGE_LOOP('',(#5097,#5104,#5105,#5106));
#5108=FACE_BOUND('',#5107,.T.);
#5109=ADVANCED_FACE('',(#5108),#5089,.F.);
#5110=OVER_RIDING_STYLED_ITEM('',(#3311),#5109,#26);
#5111=CARTESIAN_POINT('',(9.017,5.1054,-1.28190625));
#5112=DIRECTION('',(0.,0.,1.));
#5113=DIRECTION('',(1.,0.,-0.));
#5114=AXIS2_PLACEMENT_3D('',#5111,#5112,#5113);
#5115=CYLINDRICAL_SURFACE('',#5114,0.4064);
#5116=ORIENTED_EDGE('',*,*,#3332,.T.);
#5117=CARTESIAN_POINT('',(9.017,5.1054,1.248171875));
#5118=DIRECTION('',(0.,0.,1.));
#5119=DIRECTION('',(1.,0.,-0.));
#5120=AXIS2_PLACEMENT_3D('',#5117,#5118,#5119);
#5121=CIRCLE('',#5120,0.4064);
#5122=EDGE_CURVE('',#3319,#4212,#5121,.T.);
#5123=ORIENTED_EDGE('',*,*,#5122,.T.);
#5124=ORIENTED_EDGE('',*,*,#4253,.F.);
#5125=ORIENTED_EDGE('',*,*,#1111,.F.);
#5126=EDGE_LOOP('',(#5116,#5123,#5124,#5125));
#5127=FACE_BOUND('',#5126,.T.);
#5128=ADVANCED_FACE('',(#5127),#5115,.F.);
#5129=OVER_RIDING_STYLED_ITEM('',(#3311),#5128,#26);
#5130=CARTESIAN_POINT('',(-9.017,-9.906,-1.28190625));
#5131=DIRECTION('',(0.,0.,1.));
#5132=DIRECTION('',(1.,0.,-0.));
#5133=AXIS2_PLACEMENT_3D('',#5130,#5131,#5132);
#5134=CYLINDRICAL_SURFACE('',#5133,0.4064);
#5135=CARTESIAN_POINT('',(-8.6106,-9.906,1.248171875));
#5136=VERTEX_POINT('',#5135);
#5137=CARTESIAN_POINT('',(-8.6106,-9.906,1.248171875));
#5138=DIRECTION('',(-0.,-0.,-1.));
#5139=VECTOR('',#5138,1.248171875);
#5140=LINE('',#5137,#5139);
#5141=EDGE_CURVE('',#5136,#1240,#5140,.T.);
#5142=ORIENTED_EDGE('',*,*,#5141,.F.);
#5143=CARTESIAN_POINT('',(-9.017,-9.906,1.248171875));
#5144=DIRECTION('',(0.,0.,1.));
#5145=DIRECTION('',(1.,0.,-0.));
#5146=AXIS2_PLACEMENT_3D('',#5143,#5144,#5145);
#5147=CIRCLE('',#5146,0.4064);
#5148=EDGE_CURVE('',#5136,#3822,#5147,.T.);
#5149=ORIENTED_EDGE('',*,*,#5148,.T.);
#5150=ORIENTED_EDGE('',*,*,#3827,.F.);
#5151=ORIENTED_EDGE('',*,*,#1255,.F.);
#5152=EDGE_LOOP('',(#5142,#5149,#5150,#5151));
#5153=FACE_BOUND('',#5152,.T.);
#5154=ADVANCED_FACE('',(#5153),#5134,.F.);
#5155=OVER_RIDING_STYLED_ITEM('',(#3311),#5154,#26);
#5156=CARTESIAN_POINT('',(-9.017,7.6073,-1.28190625));
#5157=DIRECTION('',(0.,0.,1.));
#5158=DIRECTION('',(1.,0.,-0.));
#5159=AXIS2_PLACEMENT_3D('',#5156,#5157,#5158);
#5160=CYLINDRICAL_SURFACE('',#5159,0.4064);
#5161=CARTESIAN_POINT('',(-8.6106,7.6073,1.248171875));
#5162=VERTEX_POINT('',#5161);
#5163=CARTESIAN_POINT('',(-8.6106,7.6073,1.248171875));
#5164=DIRECTION('',(-0.,-0.,-1.));
#5165=VECTOR('',#5164,1.248171875);
#5166=LINE('',#5163,#5165);
#5167=EDGE_CURVE('',#5162,#1422,#5166,.T.);
#5168=ORIENTED_EDGE('',*,*,#5167,.F.);
#5169=CARTESIAN_POINT('',(-9.017,7.6073,1.248171875));
#5170=DIRECTION('',(0.,0.,1.));
#5171=DIRECTION('',(1.,0.,-0.));
#5172=AXIS2_PLACEMENT_3D('',#5169,#5170,#5171);
#5173=CIRCLE('',#5172,0.4064);
#5174=EDGE_CURVE('',#5162,#4065,#5173,.T.);
#5175=ORIENTED_EDGE('',*,*,#5174,.T.);
#5176=ORIENTED_EDGE('',*,*,#4070,.F.);
#5177=ORIENTED_EDGE('',*,*,#1435,.F.);
#5178=EDGE_LOOP('',(#5168,#5175,#5176,#5177));
#5179=FACE_BOUND('',#5178,.T.);
#5180=ADVANCED_FACE('',(#5179),#5160,.F.);
#5181=OVER_RIDING_STYLED_ITEM('',(#3311),#5180,#26);
#5182=CARTESIAN_POINT('',(-9.017,10.1092,-1.28190625));
#5183=DIRECTION('',(0.,0.,1.));
#5184=DIRECTION('',(1.,0.,-0.));
#5185=AXIS2_PLACEMENT_3D('',#5182,#5183,#5184);
#5186=CYLINDRICAL_SURFACE('',#5185,0.4064);
#5187=CARTESIAN_POINT('',(-8.6106,10.1092,1.248171875));
#5188=VERTEX_POINT('',#5187);
#5189=CARTESIAN_POINT('',(-8.6106,10.1092,1.248171875));
#5190=DIRECTION('',(-0.,-0.,-1.));
#5191=VECTOR('',#5190,1.248171875);
#5192=LINE('',#5189,#5191);
#5193=EDGE_CURVE('',#5188,#1029,#5192,.T.);
#5194=ORIENTED_EDGE('',*,*,#5193,.F.);
#5195=CARTESIAN_POINT('',(-9.017,10.1092,1.248171875));
#5196=DIRECTION('',(0.,0.,1.));
#5197=DIRECTION('',(1.,0.,-0.));
#5198=AXIS2_PLACEMENT_3D('',#5195,#5196,#5197);
#5199=CIRCLE('',#5198,0.4064);
#5200=EDGE_CURVE('',#5188,#4777,#5199,.T.);
#5201=ORIENTED_EDGE('',*,*,#5200,.T.);
#5202=ORIENTED_EDGE('',*,*,#4797,.F.);
#5203=ORIENTED_EDGE('',*,*,#1044,.F.);
#5204=EDGE_LOOP('',(#5194,#5201,#5202,#5203));
#5205=FACE_BOUND('',#5204,.T.);
#5206=ADVANCED_FACE('',(#5205),#5186,.F.);
#5207=OVER_RIDING_STYLED_ITEM('',(#3311),#5206,#26);
#5208=CARTESIAN_POINT('',(8.2677,9.3726,1.248171875));
#5209=DIRECTION('',(0.,-1.,0.));
#5210=DIRECTION('',(0.,0.,-1.));
#5211=AXIS2_PLACEMENT_3D('',#5208,#5209,#5210);
#5212=PLANE('',#5211);
#5213=ORIENTED_EDGE('',*,*,#3088,.T.);
#5214=ORIENTED_EDGE('',*,*,#4392,.F.);
#5215=CARTESIAN_POINT('',(7.5184,9.3726,1.248171875));
#5216=VERTEX_POINT('',#5215);
#5217=CARTESIAN_POINT('',(7.5184,9.3726,1.248171875));
#5218=DIRECTION('',(1.,0.,-0.));
#5219=VECTOR('',#5218,1.4986);
#5220=LINE('',#5217,#5219);
#5221=EDGE_CURVE('',#5216,#4381,#5220,.T.);
#5222=ORIENTED_EDGE('',*,*,#5221,.F.);
#5223=CARTESIAN_POINT('',(7.5184,9.3726,1.248171875));
#5224=DIRECTION('',(0.,0.,1.));
#5225=VECTOR('',#5224,0.021828125);
#5226=LINE('',#5223,#5225);
#5227=EDGE_CURVE('',#5216,#3083,#5226,.T.);
#5228=ORIENTED_EDGE('',*,*,#5227,.T.);
#5229=EDGE_LOOP('',(#5213,#5214,#5222,#5228));
#5230=FACE_BOUND('',#5229,.T.);
#5231=ADVANCED_FACE('',(#5230),#5212,.F.);
#5232=COLOUR_RGB('',0.701960802,0.701960802,0.701960802);
#5233=FILL_AREA_STYLE_COLOUR('',#5232);
#5234=FILL_AREA_STYLE('',(#5233));
#5235=SURFACE_STYLE_FILL_AREA(#5234);
#5236=SURFACE_SIDE_STYLE('',(#5235));
#5237=SURFACE_STYLE_USAGE(.BOTH.,#5236);
#5238=PRESENTATION_STYLE_ASSIGNMENT((#5237));
#5239=OVER_RIDING_STYLED_ITEM('',(#5238),#5231,#26);
#5240=CARTESIAN_POINT('',(8.2677,10.8458,1.248171875));
#5241=DIRECTION('',(0.,-1.,0.));
#5242=DIRECTION('',(0.,0.,-1.));
#5243=AXIS2_PLACEMENT_3D('',#5240,#5241,#5242);
#5244=PLANE('',#5243);
#5245=CARTESIAN_POINT('',(7.5184,10.8458,1.248171875));
#5246=VERTEX_POINT('',#5245);
#5247=CARTESIAN_POINT('',(7.5184,10.8458,1.248171875));
#5248=DIRECTION('',(0.,0.,1.));
#5249=VECTOR('',#5248,0.021828125);
#5250=LINE('',#5247,#5249);
#5251=EDGE_CURVE('',#5246,#3091,#5250,.T.);
#5252=ORIENTED_EDGE('',*,*,#5251,.F.);
#5253=CARTESIAN_POINT('',(7.5184,10.8458,1.248171875));
#5254=DIRECTION('',(1.,0.,-0.));
#5255=VECTOR('',#5254,1.4986);
#5256=LINE('',#5253,#5255);
#5257=EDGE_CURVE('',#5246,#4601,#5256,.T.);
#5258=ORIENTED_EDGE('',*,*,#5257,.T.);
#5259=ORIENTED_EDGE('',*,*,#4626,.T.);
#5260=ORIENTED_EDGE('',*,*,#3105,.F.);
#5261=EDGE_LOOP('',(#5252,#5258,#5259,#5260));
#5262=FACE_BOUND('',#5261,.T.);
#5263=ADVANCED_FACE('',(#5262),#5244,.T.);
#5264=OVER_RIDING_STYLED_ITEM('',(#5238),#5263,#26);
#5265=CARTESIAN_POINT('',(7.5184,10.1092,1.248171875));
#5266=DIRECTION('',(0.,0.,1.));
#5267=DIRECTION('',(1.,0.,-0.));
#5268=AXIS2_PLACEMENT_3D('',#5265,#5266,#5267);
#5269=CYLINDRICAL_SURFACE('',#5268,0.7366);
#5270=ORIENTED_EDGE('',*,*,#3097,.T.);
#5271=ORIENTED_EDGE('',*,*,#5227,.F.);
#5272=CARTESIAN_POINT('',(7.5184,10.1092,1.248171875));
#5273=DIRECTION('',(0.,0.,1.));
#5274=DIRECTION('',(1.,0.,-0.));
#5275=AXIS2_PLACEMENT_3D('',#5272,#5273,#5274);
#5276=CIRCLE('',#5275,0.7366);
#5277=EDGE_CURVE('',#5246,#5216,#5276,.T.);
#5278=ORIENTED_EDGE('',*,*,#5277,.F.);
#5279=ORIENTED_EDGE('',*,*,#5251,.T.);
#5280=EDGE_LOOP('',(#5270,#5271,#5278,#5279));
#5281=FACE_BOUND('',#5280,.T.);
#5282=ADVANCED_FACE('',(#5281),#5269,.F.);
#5283=OVER_RIDING_STYLED_ITEM('',(#5238),#5282,#26);
#5284=CARTESIAN_POINT('',(0.,0.,1.248171875));
#5285=DIRECTION('',(0.,0.,1.));
#5286=DIRECTION('',(1.,0.,0.));
#5287=AXIS2_PLACEMENT_3D('',#5284,#5285,#5286);
#5288=PLANE('',#5287);
#5289=ORIENTED_EDGE('',*,*,#5221,.T.);
#5290=ORIENTED_EDGE('',*,*,#4386,.T.);
#5291=ORIENTED_EDGE('',*,*,#4859,.F.);
#5292=ORIENTED_EDGE('',*,*,#4606,.T.);
#5293=ORIENTED_EDGE('',*,*,#5257,.F.);
#5294=ORIENTED_EDGE('',*,*,#5277,.T.);
#5295=EDGE_LOOP('',(#5289,#5290,#5291,#5292,#5293,#5294));
#5296=FACE_BOUND('',#5295,.T.);
#5297=ORIENTED_EDGE('',*,*,#4650,.F.);
#5298=EDGE_LOOP('',(#5297));
#5299=FACE_BOUND('',#5298,.T.);
#5300=ADVANCED_FACE('',(#5296,#5299),#5288,.T.);
#5301=OVER_RIDING_STYLED_ITEM('',(#3311),#5300,#26);
#5302=CARTESIAN_POINT('',(-8.2677,1.8669,1.248171875));
#5303=DIRECTION('',(0.,1.,0.));
#5304=DIRECTION('',(-1.,0.,0.));
#5305=AXIS2_PLACEMENT_3D('',#5302,#5303,#5304);
#5306=PLANE('',#5305);
#5307=CARTESIAN_POINT('',(-7.5184,1.8669,1.248171875));
#5308=VERTEX_POINT('',#5307);
#5309=CARTESIAN_POINT('',(-7.5184,1.8669,1.248171875));
#5310=DIRECTION('',(0.,0.,1.));
#5311=VECTOR('',#5310,0.021828125);
#5312=LINE('',#5309,#5311);
#5313=EDGE_CURVE('',#5308,#2568,#5312,.T.);
#5314=ORIENTED_EDGE('',*,*,#5313,.F.);
#5315=CARTESIAN_POINT('',(-7.5184,1.8669,1.248171875));
#5316=DIRECTION('',(-1.,0.,0.));
#5317=VECTOR('',#5316,1.4986);
#5318=LINE('',#5315,#5317);
#5319=EDGE_CURVE('',#5308,#4535,#5318,.T.);
#5320=ORIENTED_EDGE('',*,*,#5319,.T.);
#5321=ORIENTED_EDGE('',*,*,#4540,.T.);
#5322=ORIENTED_EDGE('',*,*,#2582,.F.);
#5323=EDGE_LOOP('',(#5314,#5320,#5321,#5322));
#5324=FACE_BOUND('',#5323,.T.);
#5325=ADVANCED_FACE('',(#5324),#5306,.T.);
#5326=OVER_RIDING_STYLED_ITEM('',(#5238),#5325,#26);
#5327=CARTESIAN_POINT('',(-7.5184,2.6035,1.248171875));
#5328=DIRECTION('',(0.,0.,1.));
#5329=DIRECTION('',(1.,0.,-0.));
#5330=AXIS2_PLACEMENT_3D('',#5327,#5328,#5329);
#5331=CYLINDRICAL_SURFACE('',#5330,0.7366);
#5332=CARTESIAN_POINT('',(-6.7818,2.6035,1.248171875));
#5333=VERTEX_POINT('',#5332);
#5334=CARTESIAN_POINT('',(-6.7818,2.6035,1.27));
#5335=DIRECTION('',(-0.,-0.,-1.));
#5336=VECTOR('',#5335,0.021828125);
#5337=LINE('',#5334,#5336);
#5338=EDGE_CURVE('',#2559,#5333,#5337,.T.);
#5339=ORIENTED_EDGE('',*,*,#5338,.F.);
#5340=ORIENTED_EDGE('',*,*,#2565,.T.);
#5341=CARTESIAN_POINT('',(-7.5184,3.3401,1.248171875));
#5342=VERTEX_POINT('',#5341);
#5343=CARTESIAN_POINT('',(-7.5184,3.3401,1.248171875));
#5344=DIRECTION('',(0.,0.,1.));
#5345=VECTOR('',#5344,0.021828125);
#5346=LINE('',#5343,#5345);
#5347=EDGE_CURVE('',#5342,#2551,#5346,.T.);
#5348=ORIENTED_EDGE('',*,*,#5347,.F.);
#5349=CARTESIAN_POINT('',(-7.5184,2.6035,1.248171875));
#5350=DIRECTION('',(0.,0.,1.));
#5351=DIRECTION('',(1.,0.,-0.));
#5352=AXIS2_PLACEMENT_3D('',#5349,#5350,#5351);
#5353=CIRCLE('',#5352,0.7366);
#5354=EDGE_CURVE('',#5333,#5342,#5353,.T.);
#5355=ORIENTED_EDGE('',*,*,#5354,.F.);
#5356=EDGE_LOOP('',(#5339,#5340,#5348,#5355));
#5357=FACE_BOUND('',#5356,.T.);
#5358=ADVANCED_FACE('',(#5357),#5331,.F.);
#5359=OVER_RIDING_STYLED_ITEM('',(#5238),#5358,#26);
#5360=CARTESIAN_POINT('',(-8.2677,3.3401,1.248171875));
#5361=DIRECTION('',(0.,1.,0.));
#5362=DIRECTION('',(0.,0.,1.));
#5363=AXIS2_PLACEMENT_3D('',#5360,#5361,#5362);
#5364=PLANE('',#5363);
#5365=ORIENTED_EDGE('',*,*,#2556,.T.);
#5366=ORIENTED_EDGE('',*,*,#3760,.F.);
#5367=CARTESIAN_POINT('',(-7.5184,3.3401,1.248171875));
#5368=DIRECTION('',(-1.,0.,0.));
#5369=VECTOR('',#5368,1.4986);
#5370=LINE('',#5367,#5369);
#5371=EDGE_CURVE('',#5342,#3749,#5370,.T.);
#5372=ORIENTED_EDGE('',*,*,#5371,.F.);
#5373=ORIENTED_EDGE('',*,*,#5347,.T.);
#5374=EDGE_LOOP('',(#5365,#5366,#5372,#5373));
#5375=FACE_BOUND('',#5374,.T.);
#5376=ADVANCED_FACE('',(#5375),#5364,.F.);
#5377=OVER_RIDING_STYLED_ITEM('',(#5238),#5376,#26);
#5378=CARTESIAN_POINT('',(0.,0.,1.248171875));
#5379=DIRECTION('',(0.,0.,1.));
#5380=DIRECTION('',(1.,0.,0.));
#5381=AXIS2_PLACEMENT_3D('',#5378,#5379,#5380);
#5382=PLANE('',#5381);
#5383=ORIENTED_EDGE('',*,*,#5013,.F.);
#5384=CARTESIAN_POINT('',(-9.017,2.6035,1.248171875));
#5385=DIRECTION('',(0.,0.,1.));
#5386=DIRECTION('',(1.,0.,-0.));
#5387=AXIS2_PLACEMENT_3D('',#5384,#5385,#5386);
#5388=CIRCLE('',#5387,0.4064);
#5389=EDGE_CURVE('',#4543,#5001,#5388,.T.);
#5390=ORIENTED_EDGE('',*,*,#5389,.F.);
#5391=ORIENTED_EDGE('',*,*,#4548,.T.);
#5392=ORIENTED_EDGE('',*,*,#5319,.F.);
#5393=CARTESIAN_POINT('',(-7.5184,2.6035,1.248171875));
#5394=DIRECTION('',(0.,0.,1.));
#5395=DIRECTION('',(1.,0.,-0.));
#5396=AXIS2_PLACEMENT_3D('',#5393,#5394,#5395);
#5397=CIRCLE('',#5396,0.7366);
#5398=EDGE_CURVE('',#5308,#5333,#5397,.T.);
#5399=ORIENTED_EDGE('',*,*,#5398,.T.);
#5400=ORIENTED_EDGE('',*,*,#5354,.T.);
#5401=ORIENTED_EDGE('',*,*,#5371,.T.);
#5402=ORIENTED_EDGE('',*,*,#3754,.T.);
#5403=EDGE_LOOP('',(#5383,#5390,#5391,#5392,#5399,#5400,#5401,#5402));
#5404=FACE_BOUND('',#5403,.T.);
#5405=ORIENTED_EDGE('',*,*,#4585,.F.);
#5406=EDGE_LOOP('',(#5405));
#5407=FACE_BOUND('',#5406,.T.);
#5408=ADVANCED_FACE('',(#5404,#5407),#5382,.T.);
#5409=OVER_RIDING_STYLED_ITEM('',(#3311),#5408,#26);
#5410=CARTESIAN_POINT('',(-8.2677,6.8707,1.248171875));
#5411=DIRECTION('',(0.,1.,0.));
#5412=DIRECTION('',(-1.,0.,0.));
#5413=AXIS2_PLACEMENT_3D('',#5410,#5411,#5412);
#5414=PLANE('',#5413);
#5415=CARTESIAN_POINT('',(-7.5184,6.8707,1.248171875));
#5416=VERTEX_POINT('',#5415);
#5417=CARTESIAN_POINT('',(-7.5184,6.8707,1.248171875));
#5418=DIRECTION('',(0.,0.,1.));
#5419=VECTOR('',#5418,0.021828125);
#5420=LINE('',#5417,#5419);
#5421=EDGE_CURVE('',#5416,#2484,#5420,.T.);
#5422=ORIENTED_EDGE('',*,*,#5421,.F.);
#5423=CARTESIAN_POINT('',(-7.5184,6.8707,1.248171875));
#5424=DIRECTION('',(-1.,0.,0.));
#5425=VECTOR('',#5424,1.4986);
#5426=LINE('',#5423,#5425);
#5427=EDGE_CURVE('',#5416,#4454,#5426,.T.);
#5428=ORIENTED_EDGE('',*,*,#5427,.T.);
#5429=ORIENTED_EDGE('',*,*,#4459,.T.);
#5430=ORIENTED_EDGE('',*,*,#2498,.F.);
#5431=EDGE_LOOP('',(#5422,#5428,#5429,#5430));
#5432=FACE_BOUND('',#5431,.T.);
#5433=ADVANCED_FACE('',(#5432),#5414,.T.);
#5434=OVER_RIDING_STYLED_ITEM('',(#5238),#5433,#26);
#5435=CARTESIAN_POINT('',(-7.5184,7.6073,1.248171875));
#5436=DIRECTION('',(0.,0.,1.));
#5437=DIRECTION('',(1.,0.,-0.));
#5438=AXIS2_PLACEMENT_3D('',#5435,#5436,#5437);
#5439=CYLINDRICAL_SURFACE('',#5438,0.7366);
#5440=CARTESIAN_POINT('',(-6.7818,7.6073,1.248171875));
#5441=VERTEX_POINT('',#5440);
#5442=CARTESIAN_POINT('',(-6.7818,7.6073,1.27));
#5443=DIRECTION('',(-0.,-0.,-1.));
#5444=VECTOR('',#5443,0.021828125);
#5445=LINE('',#5442,#5444);
#5446=EDGE_CURVE('',#2475,#5441,#5445,.T.);
#5447=ORIENTED_EDGE('',*,*,#5446,.F.);
#5448=ORIENTED_EDGE('',*,*,#2481,.T.);
#5449=CARTESIAN_POINT('',(-7.5184,8.3439,1.248171875));
#5450=VERTEX_POINT('',#5449);
#5451=CARTESIAN_POINT('',(-7.5184,8.3439,1.248171875));
#5452=DIRECTION('',(0.,0.,1.));
#5453=VECTOR('',#5452,0.021828125);
#5454=LINE('',#5451,#5453);
#5455=EDGE_CURVE('',#5450,#2467,#5454,.T.);
#5456=ORIENTED_EDGE('',*,*,#5455,.F.);
#5457=CARTESIAN_POINT('',(-7.5184,7.6073,1.248171875));
#5458=DIRECTION('',(0.,0.,1.));
#5459=DIRECTION('',(1.,0.,-0.));
#5460=AXIS2_PLACEMENT_3D('',#5457,#5458,#5459);
#5461=CIRCLE('',#5460,0.7366);
#5462=EDGE_CURVE('',#5441,#5450,#5461,.T.);
#5463=ORIENTED_EDGE('',*,*,#5462,.F.);
#5464=EDGE_LOOP('',(#5447,#5448,#5456,#5463));
#5465=FACE_BOUND('',#5464,.T.);
#5466=ADVANCED_FACE('',(#5465),#5439,.F.);
#5467=OVER_RIDING_STYLED_ITEM('',(#5238),#5466,#26);
#5468=CARTESIAN_POINT('',(-8.2677,8.3439,1.248171875));
#5469=DIRECTION('',(0.,1.,0.));
#5470=DIRECTION('',(0.,0.,1.));
#5471=AXIS2_PLACEMENT_3D('',#5468,#5469,#5470);
#5472=PLANE('',#5471);
#5473=ORIENTED_EDGE('',*,*,#2472,.T.);
#5474=ORIENTED_EDGE('',*,*,#4084,.F.);
#5475=CARTESIAN_POINT('',(-7.5184,8.3439,1.248171875));
#5476=DIRECTION('',(-1.,0.,0.));
#5477=VECTOR('',#5476,1.4986);
#5478=LINE('',#5475,#5477);
#5479=EDGE_CURVE('',#5450,#4073,#5478,.T.);
#5480=ORIENTED_EDGE('',*,*,#5479,.F.);
#5481=ORIENTED_EDGE('',*,*,#5455,.T.);
#5482=EDGE_LOOP('',(#5473,#5474,#5480,#5481));
#5483=FACE_BOUND('',#5482,.T.);
#5484=ADVANCED_FACE('',(#5483),#5472,.F.);
#5485=OVER_RIDING_STYLED_ITEM('',(#5238),#5484,#26);
#5486=CARTESIAN_POINT('',(0.,0.,1.248171875));
#5487=DIRECTION('',(0.,0.,1.));
#5488=DIRECTION('',(1.,0.,0.));
#5489=AXIS2_PLACEMENT_3D('',#5486,#5487,#5488);
#5490=PLANE('',#5489);
#5491=ORIENTED_EDGE('',*,*,#5174,.F.);
#5492=CARTESIAN_POINT('',(-9.017,7.6073,1.248171875));
#5493=DIRECTION('',(0.,0.,1.));
#5494=DIRECTION('',(1.,0.,-0.));
#5495=AXIS2_PLACEMENT_3D('',#5492,#5493,#5494);
#5496=CIRCLE('',#5495,0.4064);
#5497=EDGE_CURVE('',#4462,#5162,#5496,.T.);
#5498=ORIENTED_EDGE('',*,*,#5497,.F.);
#5499=ORIENTED_EDGE('',*,*,#4467,.T.);
#5500=ORIENTED_EDGE('',*,*,#5427,.F.);
#5501=CARTESIAN_POINT('',(-7.5184,7.6073,1.248171875));
#5502=DIRECTION('',(0.,0.,1.));
#5503=DIRECTION('',(1.,0.,-0.));
#5504=AXIS2_PLACEMENT_3D('',#5501,#5502,#5503);
#5505=CIRCLE('',#5504,0.7366);
#5506=EDGE_CURVE('',#5416,#5441,#5505,.T.);
#5507=ORIENTED_EDGE('',*,*,#5506,.T.);
#5508=ORIENTED_EDGE('',*,*,#5462,.T.);
#5509=ORIENTED_EDGE('',*,*,#5479,.T.);
#5510=ORIENTED_EDGE('',*,*,#4078,.T.);
#5511=EDGE_LOOP('',(#5491,#5498,#5499,#5500,#5507,#5508,#5509,#5510));
#5512=FACE_BOUND('',#5511,.T.);
#5513=ORIENTED_EDGE('',*,*,#4504,.F.);
#5514=EDGE_LOOP('',(#5513));
#5515=FACE_BOUND('',#5514,.T.);
#5516=ADVANCED_FACE('',(#5512,#5515),#5490,.T.);
#5517=OVER_RIDING_STYLED_ITEM('',(#3311),#5516,#26);
#5518=CARTESIAN_POINT('',(8.2677,6.8707,1.248171875));
#5519=DIRECTION('',(0.,-1.,0.));
#5520=DIRECTION('',(1.,0.,0.));
#5521=AXIS2_PLACEMENT_3D('',#5518,#5519,#5520);
#5522=PLANE('',#5521);
#5523=ORIENTED_EDGE('',*,*,#3055,.T.);
#5524=ORIENTED_EDGE('',*,*,#3355,.F.);
#5525=CARTESIAN_POINT('',(7.5184,6.8707,1.248171875));
#5526=VERTEX_POINT('',#5525);
#5527=CARTESIAN_POINT('',(7.5184,6.8707,1.248171875));
#5528=DIRECTION('',(1.,0.,0.));
#5529=VECTOR('',#5528,1.4986);
#5530=LINE('',#5527,#5529);
#5531=EDGE_CURVE('',#5526,#3344,#5530,.T.);
#5532=ORIENTED_EDGE('',*,*,#5531,.F.);
#5533=CARTESIAN_POINT('',(7.5184,6.8707,1.248171875));
#5534=DIRECTION('',(0.,0.,1.));
#5535=VECTOR('',#5534,0.021828125);
#5536=LINE('',#5533,#5535);
#5537=EDGE_CURVE('',#5526,#3050,#5536,.T.);
#5538=ORIENTED_EDGE('',*,*,#5537,.T.);
#5539=EDGE_LOOP('',(#5523,#5524,#5532,#5538));
#5540=FACE_BOUND('',#5539,.T.);
#5541=ADVANCED_FACE('',(#5540),#5522,.F.);
#5542=OVER_RIDING_STYLED_ITEM('',(#5238),#5541,#26);
#5543=CARTESIAN_POINT('',(8.2677,8.3439,1.248171875));
#5544=DIRECTION('',(0.,-1.,0.));
#5545=DIRECTION('',(0.,0.,-1.));
#5546=AXIS2_PLACEMENT_3D('',#5543,#5544,#5545);
#5547=PLANE('',#5546);
#5548=CARTESIAN_POINT('',(7.5184,8.3439,1.248171875));
#5549=VERTEX_POINT('',#5548);
#5550=CARTESIAN_POINT('',(7.5184,8.3439,1.248171875));
#5551=DIRECTION('',(0.,0.,1.));
#5552=VECTOR('',#5551,0.021828125);
#5553=LINE('',#5550,#5552);
#5554=EDGE_CURVE('',#5549,#3058,#5553,.T.);
#5555=ORIENTED_EDGE('',*,*,#5554,.F.);
#5556=CARTESIAN_POINT('',(7.5184,8.3439,1.248171875));
#5557=DIRECTION('',(1.,0.,-0.));
#5558=VECTOR('',#5557,1.4986);
#5559=LINE('',#5556,#5558);
#5560=EDGE_CURVE('',#5549,#4358,#5559,.T.);
#5561=ORIENTED_EDGE('',*,*,#5560,.T.);
#5562=ORIENTED_EDGE('',*,*,#4399,.T.);
#5563=ORIENTED_EDGE('',*,*,#3072,.F.);
#5564=EDGE_LOOP('',(#5555,#5561,#5562,#5563));
#5565=FACE_BOUND('',#5564,.T.);
#5566=ADVANCED_FACE('',(#5565),#5547,.T.);
#5567=OVER_RIDING_STYLED_ITEM('',(#5238),#5566,#26);
#5568=CARTESIAN_POINT('',(7.5184,7.6073,1.248171875));
#5569=DIRECTION('',(0.,0.,1.));
#5570=DIRECTION('',(1.,0.,-0.));
#5571=AXIS2_PLACEMENT_3D('',#5568,#5569,#5570);
#5572=CYLINDRICAL_SURFACE('',#5571,0.7366);
#5573=ORIENTED_EDGE('',*,*,#3064,.T.);
#5574=ORIENTED_EDGE('',*,*,#5537,.F.);
#5575=CARTESIAN_POINT('',(7.5184,7.6073,1.248171875));
#5576=DIRECTION('',(0.,0.,1.));
#5577=DIRECTION('',(1.,0.,-0.));
#5578=AXIS2_PLACEMENT_3D('',#5575,#5576,#5577);
#5579=CIRCLE('',#5578,0.7366);
#5580=EDGE_CURVE('',#5549,#5526,#5579,.T.);
#5581=ORIENTED_EDGE('',*,*,#5580,.F.);
#5582=ORIENTED_EDGE('',*,*,#5554,.T.);
#5583=EDGE_LOOP('',(#5573,#5574,#5581,#5582));
#5584=FACE_BOUND('',#5583,.T.);
#5585=ADVANCED_FACE('',(#5584),#5572,.F.);
#5586=OVER_RIDING_STYLED_ITEM('',(#5238),#5585,#26);
#5587=CARTESIAN_POINT('',(0.,0.,1.248171875));
#5588=DIRECTION('',(0.,0.,1.));
#5589=DIRECTION('',(1.,0.,0.));
#5590=AXIS2_PLACEMENT_3D('',#5587,#5588,#5589);
#5591=PLANE('',#5590);
#5592=ORIENTED_EDGE('',*,*,#5531,.T.);
#5593=ORIENTED_EDGE('',*,*,#3349,.T.);
#5594=ORIENTED_EDGE('',*,*,#5032,.F.);
#5595=ORIENTED_EDGE('',*,*,#4363,.T.);
#5596=ORIENTED_EDGE('',*,*,#5560,.F.);
#5597=ORIENTED_EDGE('',*,*,#5580,.T.);
#5598=EDGE_LOOP('',(#5592,#5593,#5594,#5595,#5596,#5597));
#5599=FACE_BOUND('',#5598,.T.);
#5600=ORIENTED_EDGE('',*,*,#4423,.F.);
#5601=EDGE_LOOP('',(#5600));
#5602=FACE_BOUND('',#5601,.T.);
#5603=ADVANCED_FACE('',(#5599,#5602),#5591,.T.);
#5604=OVER_RIDING_STYLED_ITEM('',(#3311),#5603,#26);
#5605=CARTESIAN_POINT('',(-7.5184,-9.906,1.248171875));
#5606=DIRECTION('',(0.,0.,1.));
#5607=DIRECTION('',(1.,0.,-0.));
#5608=AXIS2_PLACEMENT_3D('',#5605,#5606,#5607);
#5609=CYLINDRICAL_SURFACE('',#5608,0.7366);
#5610=CARTESIAN_POINT('',(-6.7818,-9.906,1.248171875));
#5611=VERTEX_POINT('',#5610);
#5612=CARTESIAN_POINT('',(-6.7818,-9.906,1.27));
#5613=DIRECTION('',(-0.,-0.,-1.));
#5614=VECTOR('',#5613,0.021828125);
#5615=LINE('',#5612,#5614);
#5616=EDGE_CURVE('',#2769,#5611,#5615,.T.);
#5617=ORIENTED_EDGE('',*,*,#5616,.F.);
#5618=ORIENTED_EDGE('',*,*,#2775,.T.);
#5619=CARTESIAN_POINT('',(-7.5184,-9.1694,1.248171875));
#5620=VERTEX_POINT('',#5619);
#5621=CARTESIAN_POINT('',(-7.5184,-9.1694,1.248171875));
#5622=DIRECTION('',(0.,0.,1.));
#5623=VECTOR('',#5622,0.021828125);
#5624=LINE('',#5621,#5623);
#5625=EDGE_CURVE('',#5620,#2761,#5624,.T.);
#5626=ORIENTED_EDGE('',*,*,#5625,.F.);
#5627=CARTESIAN_POINT('',(-7.5184,-9.906,1.248171875));
#5628=DIRECTION('',(0.,0.,1.));
#5629=DIRECTION('',(1.,0.,-0.));
#5630=AXIS2_PLACEMENT_3D('',#5627,#5628,#5629);
#5631=CIRCLE('',#5630,0.7366);
#5632=EDGE_CURVE('',#5611,#5620,#5631,.T.);
#5633=ORIENTED_EDGE('',*,*,#5632,.F.);
#5634=EDGE_LOOP('',(#5617,#5618,#5626,#5633));
#5635=FACE_BOUND('',#5634,.T.);
#5636=ADVANCED_FACE('',(#5635),#5609,.F.);
#5637=OVER_RIDING_STYLED_ITEM('',(#5238),#5636,#26);
#5638=CARTESIAN_POINT('',(-8.2677,-9.1694,1.248171875));
#5639=DIRECTION('',(0.,1.,0.));
#5640=DIRECTION('',(0.,0.,1.));
#5641=AXIS2_PLACEMENT_3D('',#5638,#5639,#5640);
#5642=PLANE('',#5641);
#5643=ORIENTED_EDGE('',*,*,#2766,.T.);
#5644=ORIENTED_EDGE('',*,*,#3841,.F.);
#5645=CARTESIAN_POINT('',(-7.5184,-9.1694,1.248171875));
#5646=DIRECTION('',(-1.,0.,0.));
#5647=VECTOR('',#5646,1.4986);
#5648=LINE('',#5645,#5647);
#5649=EDGE_CURVE('',#5620,#3830,#5648,.T.);
#5650=ORIENTED_EDGE('',*,*,#5649,.F.);
#5651=ORIENTED_EDGE('',*,*,#5625,.T.);
#5652=EDGE_LOOP('',(#5643,#5644,#5650,#5651));
#5653=FACE_BOUND('',#5652,.T.);
#5654=ADVANCED_FACE('',(#5653),#5642,.F.);
#5655=OVER_RIDING_STYLED_ITEM('',(#5238),#5654,#26);
#5656=CARTESIAN_POINT('',(-8.2677,-10.6426,1.248171875));
#5657=DIRECTION('',(0.,1.,0.));
#5658=DIRECTION('',(-1.,0.,0.));
#5659=AXIS2_PLACEMENT_3D('',#5656,#5657,#5658);
#5660=PLANE('',#5659);
#5661=CARTESIAN_POINT('',(-7.5184,-10.6426,1.248171875));
#5662=VERTEX_POINT('',#5661);
#5663=CARTESIAN_POINT('',(-7.5184,-10.6426,1.248171875));
#5664=DIRECTION('',(0.,0.,1.));
#5665=VECTOR('',#5664,0.021828125);
#5666=LINE('',#5663,#5665);
#5667=EDGE_CURVE('',#5662,#2778,#5666,.T.);
#5668=ORIENTED_EDGE('',*,*,#5667,.F.);
#5669=CARTESIAN_POINT('',(-7.5184,-10.6426,1.248171875));
#5670=DIRECTION('',(-1.,0.,0.));
#5671=VECTOR('',#5670,1.4986);
#5672=LINE('',#5669,#5671);
#5673=EDGE_CURVE('',#5662,#4293,#5672,.T.);
#5674=ORIENTED_EDGE('',*,*,#5673,.T.);
#5675=ORIENTED_EDGE('',*,*,#4318,.T.);
#5676=ORIENTED_EDGE('',*,*,#2792,.F.);
#5677=EDGE_LOOP('',(#5668,#5674,#5675,#5676));
#5678=FACE_BOUND('',#5677,.T.);
#5679=ADVANCED_FACE('',(#5678),#5660,.T.);
#5680=OVER_RIDING_STYLED_ITEM('',(#5238),#5679,#26);
#5681=CARTESIAN_POINT('',(0.,0.,1.248171875));
#5682=DIRECTION('',(0.,0.,1.));
#5683=DIRECTION('',(1.,0.,0.));
#5684=AXIS2_PLACEMENT_3D('',#5681,#5682,#5683);
#5685=PLANE('',#5684);
#5686=ORIENTED_EDGE('',*,*,#4342,.F.);
#5687=EDGE_LOOP('',(#5686));
#5688=FACE_BOUND('',#5687,.T.);
#5689=CARTESIAN_POINT('',(-7.5184,-9.906,1.248171875));
#5690=DIRECTION('',(0.,0.,1.));
#5691=DIRECTION('',(1.,0.,-0.));
#5692=AXIS2_PLACEMENT_3D('',#5689,#5690,#5691);
#5693=CIRCLE('',#5692,0.7366);
#5694=EDGE_CURVE('',#5662,#5611,#5693,.T.);
#5695=ORIENTED_EDGE('',*,*,#5694,.T.);
#5696=ORIENTED_EDGE('',*,*,#5632,.T.);
#5697=ORIENTED_EDGE('',*,*,#5649,.T.);
#5698=ORIENTED_EDGE('',*,*,#3835,.T.);
#5699=ORIENTED_EDGE('',*,*,#5148,.F.);
#5700=CARTESIAN_POINT('',(-9.017,-9.906,1.248171875));
#5701=DIRECTION('',(0.,0.,1.));
#5702=DIRECTION('',(1.,0.,-0.));
#5703=AXIS2_PLACEMENT_3D('',#5700,#5701,#5702);
#5704=CIRCLE('',#5703,0.4064);
#5705=EDGE_CURVE('',#4291,#5136,#5704,.T.);
#5706=ORIENTED_EDGE('',*,*,#5705,.F.);
#5707=ORIENTED_EDGE('',*,*,#4298,.T.);
#5708=ORIENTED_EDGE('',*,*,#5673,.F.);
#5709=EDGE_LOOP('',(#5695,#5696,#5697,#5698,#5699,#5706,#5707,#5708));
#5710=FACE_BOUND('',#5709,.T.);
#5711=ADVANCED_FACE('',(#5688,#5710),#5685,.T.);
#5712=OVER_RIDING_STYLED_ITEM('',(#3311),#5711,#26);
#5713=CARTESIAN_POINT('',(7.5184,2.6035,1.248171875));
#5714=DIRECTION('',(0.,0.,1.));
#5715=DIRECTION('',(1.,0.,-0.));
#5716=AXIS2_PLACEMENT_3D('',#5713,#5714,#5715);
#5717=CYLINDRICAL_SURFACE('',#5716,0.7366);
#5718=ORIENTED_EDGE('',*,*,#2998,.T.);
#5719=CARTESIAN_POINT('',(7.5184,1.8669,1.248171875));
#5720=VERTEX_POINT('',#5719);
#5721=CARTESIAN_POINT('',(7.5184,1.8669,1.248171875));
#5722=DIRECTION('',(0.,0.,1.));
#5723=VECTOR('',#5722,0.021828125);
#5724=LINE('',#5721,#5723);
#5725=EDGE_CURVE('',#5720,#2984,#5724,.T.);
#5726=ORIENTED_EDGE('',*,*,#5725,.F.);
#5727=CARTESIAN_POINT('',(7.5184,3.3401,1.248171875));
#5728=VERTEX_POINT('',#5727);
#5729=CARTESIAN_POINT('',(7.5184,2.6035,1.248171875));
#5730=DIRECTION('',(0.,0.,1.));
#5731=DIRECTION('',(1.,0.,-0.));
#5732=AXIS2_PLACEMENT_3D('',#5729,#5730,#5731);
#5733=CIRCLE('',#5732,0.7366);
#5734=EDGE_CURVE('',#5728,#5720,#5733,.T.);
#5735=ORIENTED_EDGE('',*,*,#5734,.F.);
#5736=CARTESIAN_POINT('',(7.5184,3.3401,1.248171875));
#5737=DIRECTION('',(0.,0.,1.));
#5738=VECTOR('',#5737,0.021828125);
#5739=LINE('',#5736,#5738);
#5740=EDGE_CURVE('',#5728,#2992,#5739,.T.);
#5741=ORIENTED_EDGE('',*,*,#5740,.T.);
#5742=EDGE_LOOP('',(#5718,#5726,#5735,#5741));
#5743=FACE_BOUND('',#5742,.T.);
#5744=ADVANCED_FACE('',(#5743),#5717,.F.);
#5745=OVER_RIDING_STYLED_ITEM('',(#5238),#5744,#26);
#5746=CARTESIAN_POINT('',(8.2677,1.8669,1.248171875));
#5747=DIRECTION('',(0.,-1.,0.));
#5748=DIRECTION('',(1.,0.,0.));
#5749=AXIS2_PLACEMENT_3D('',#5746,#5747,#5748);
#5750=PLANE('',#5749);
#5751=ORIENTED_EDGE('',*,*,#2989,.T.);
#5752=ORIENTED_EDGE('',*,*,#4165,.F.);
#5753=CARTESIAN_POINT('',(7.5184,1.8669,1.248171875));
#5754=DIRECTION('',(1.,0.,0.));
#5755=VECTOR('',#5754,1.4986);
#5756=LINE('',#5753,#5755);
#5757=EDGE_CURVE('',#5720,#4154,#5756,.T.);
#5758=ORIENTED_EDGE('',*,*,#5757,.F.);
#5759=ORIENTED_EDGE('',*,*,#5725,.T.);
#5760=EDGE_LOOP('',(#5751,#5752,#5758,#5759));
#5761=FACE_BOUND('',#5760,.T.);
#5762=ADVANCED_FACE('',(#5761),#5750,.F.);
#5763=OVER_RIDING_STYLED_ITEM('',(#5238),#5762,#26);
#5764=CARTESIAN_POINT('',(8.2677,3.3401,1.248171875));
#5765=DIRECTION('',(0.,-1.,0.));
#5766=DIRECTION('',(0.,0.,-1.));
#5767=AXIS2_PLACEMENT_3D('',#5764,#5765,#5766);
#5768=PLANE('',#5767);
#5769=ORIENTED_EDGE('',*,*,#5740,.F.);
#5770=CARTESIAN_POINT('',(7.5184,3.3401,1.248171875));
#5771=DIRECTION('',(1.,0.,-0.));
#5772=VECTOR('',#5771,1.4986);
#5773=LINE('',#5770,#5772);
#5774=EDGE_CURVE('',#5728,#4227,#5773,.T.);
#5775=ORIENTED_EDGE('',*,*,#5774,.T.);
#5776=ORIENTED_EDGE('',*,*,#4232,.T.);
#5777=ORIENTED_EDGE('',*,*,#3006,.F.);
#5778=EDGE_LOOP('',(#5769,#5775,#5776,#5777));
#5779=FACE_BOUND('',#5778,.T.);
#5780=ADVANCED_FACE('',(#5779),#5768,.T.);
#5781=OVER_RIDING_STYLED_ITEM('',(#5238),#5780,#26);
#5782=CARTESIAN_POINT('',(0.,0.,1.248171875));
#5783=DIRECTION('',(0.,0.,1.));
#5784=DIRECTION('',(1.,0.,0.));
#5785=AXIS2_PLACEMENT_3D('',#5782,#5783,#5784);
#5786=PLANE('',#5785);
#5787=ORIENTED_EDGE('',*,*,#4277,.F.);
#5788=EDGE_LOOP('',(#5787));
#5789=FACE_BOUND('',#5788,.T.);
#5790=ORIENTED_EDGE('',*,*,#5734,.T.);
#5791=ORIENTED_EDGE('',*,*,#5757,.T.);
#5792=ORIENTED_EDGE('',*,*,#4159,.T.);
#5793=ORIENTED_EDGE('',*,*,#5077,.F.);
#5794=ORIENTED_EDGE('',*,*,#4240,.T.);
#5795=ORIENTED_EDGE('',*,*,#5774,.F.);
#5796=EDGE_LOOP('',(#5790,#5791,#5792,#5793,#5794,#5795));
#5797=FACE_BOUND('',#5796,.T.);
#5798=ADVANCED_FACE('',(#5789,#5797),#5786,.T.);
#5799=OVER_RIDING_STYLED_ITEM('',(#3311),#5798,#26);
#5800=CARTESIAN_POINT('',(7.5184,0.1016,1.248171875));
#5801=DIRECTION('',(0.,0.,1.));
#5802=DIRECTION('',(1.,0.,-0.));
#5803=AXIS2_PLACEMENT_3D('',#5800,#5801,#5802);
#5804=CYLINDRICAL_SURFACE('',#5803,0.7366);
#5805=ORIENTED_EDGE('',*,*,#2965,.T.);
#5806=CARTESIAN_POINT('',(7.5184,-0.635,1.248171875));
#5807=VERTEX_POINT('',#5806);
#5808=CARTESIAN_POINT('',(7.5184,-0.635,1.248171875));
#5809=DIRECTION('',(0.,0.,1.));
#5810=VECTOR('',#5809,0.021828125);
#5811=LINE('',#5808,#5810);
#5812=EDGE_CURVE('',#5807,#2951,#5811,.T.);
#5813=ORIENTED_EDGE('',*,*,#5812,.F.);
#5814=CARTESIAN_POINT('',(7.5184,0.8382,1.248171875));
#5815=VERTEX_POINT('',#5814);
#5816=CARTESIAN_POINT('',(7.5184,0.1016,1.248171875));
#5817=DIRECTION('',(0.,0.,1.));
#5818=DIRECTION('',(1.,0.,-0.));
#5819=AXIS2_PLACEMENT_3D('',#5816,#5817,#5818);
#5820=CIRCLE('',#5819,0.7366);
#5821=EDGE_CURVE('',#5815,#5807,#5820,.T.);
#5822=ORIENTED_EDGE('',*,*,#5821,.F.);
#5823=CARTESIAN_POINT('',(7.5184,0.8382,1.248171875));
#5824=DIRECTION('',(0.,0.,1.));
#5825=VECTOR('',#5824,0.021828125);
#5826=LINE('',#5823,#5825);
#5827=EDGE_CURVE('',#5815,#2959,#5826,.T.);
#5828=ORIENTED_EDGE('',*,*,#5827,.T.);
#5829=EDGE_LOOP('',(#5805,#5813,#5822,#5828));
#5830=FACE_BOUND('',#5829,.T.);
#5831=ADVANCED_FACE('',(#5830),#5804,.F.);
#5832=OVER_RIDING_STYLED_ITEM('',(#5238),#5831,#26);
#5833=CARTESIAN_POINT('',(8.2677,-0.635,1.248171875));
#5834=DIRECTION('',(0.,-1.,0.));
#5835=DIRECTION('',(1.,0.,0.));
#5836=AXIS2_PLACEMENT_3D('',#5833,#5834,#5835);
#5837=PLANE('',#5836);
#5838=ORIENTED_EDGE('',*,*,#2956,.T.);
#5839=ORIENTED_EDGE('',*,*,#3517,.F.);
#5840=CARTESIAN_POINT('',(7.5184,-0.635,1.248171875));
#5841=DIRECTION('',(1.,0.,0.));
#5842=VECTOR('',#5841,1.4986);
#5843=LINE('',#5840,#5842);
#5844=EDGE_CURVE('',#5807,#3506,#5843,.T.);
#5845=ORIENTED_EDGE('',*,*,#5844,.F.);
#5846=ORIENTED_EDGE('',*,*,#5812,.T.);
#5847=EDGE_LOOP('',(#5838,#5839,#5845,#5846));
#5848=FACE_BOUND('',#5847,.T.);
#5849=ADVANCED_FACE('',(#5848),#5837,.F.);
#5850=OVER_RIDING_STYLED_ITEM('',(#5238),#5849,#26);
#5851=CARTESIAN_POINT('',(8.2677,0.8382,1.248171875));
#5852=DIRECTION('',(0.,-1.,0.));
#5853=DIRECTION('',(0.,0.,-1.));
#5854=AXIS2_PLACEMENT_3D('',#5851,#5852,#5853);
#5855=PLANE('',#5854);
#5856=ORIENTED_EDGE('',*,*,#5827,.F.);
#5857=CARTESIAN_POINT('',(7.5184,0.8382,1.248171875));
#5858=DIRECTION('',(1.,0.,-0.));
#5859=VECTOR('',#5858,1.4986);
#5860=LINE('',#5857,#5859);
#5861=EDGE_CURVE('',#5815,#4131,#5860,.T.);
#5862=ORIENTED_EDGE('',*,*,#5861,.T.);
#5863=ORIENTED_EDGE('',*,*,#4172,.T.);
#5864=ORIENTED_EDGE('',*,*,#2973,.F.);
#5865=EDGE_LOOP('',(#5856,#5862,#5863,#5864));
#5866=FACE_BOUND('',#5865,.T.);
#5867=ADVANCED_FACE('',(#5866),#5855,.T.);
#5868=OVER_RIDING_STYLED_ITEM('',(#5238),#5867,#26);
#5869=CARTESIAN_POINT('',(0.,0.,1.248171875));
#5870=DIRECTION('',(0.,0.,1.));
#5871=DIRECTION('',(1.,0.,0.));
#5872=AXIS2_PLACEMENT_3D('',#5869,#5870,#5871);
#5873=PLANE('',#5872);
#5874=ORIENTED_EDGE('',*,*,#4196,.F.);
#5875=EDGE_LOOP('',(#5874));
#5876=FACE_BOUND('',#5875,.T.);
#5877=ORIENTED_EDGE('',*,*,#5821,.T.);
#5878=ORIENTED_EDGE('',*,*,#5844,.T.);
#5879=ORIENTED_EDGE('',*,*,#3511,.T.);
#5880=ORIENTED_EDGE('',*,*,#4968,.F.);
#5881=ORIENTED_EDGE('',*,*,#4136,.T.);
#5882=ORIENTED_EDGE('',*,*,#5861,.F.);
#5883=EDGE_LOOP('',(#5877,#5878,#5879,#5880,#5881,#5882));
#5884=FACE_BOUND('',#5883,.T.);
#5885=ADVANCED_FACE('',(#5876,#5884),#5873,.T.);
#5886=OVER_RIDING_STYLED_ITEM('',(#3311),#5885,#26);
#5887=CARTESIAN_POINT('',(-7.5184,10.1092,1.248171875));
#5888=DIRECTION('',(0.,0.,1.));
#5889=DIRECTION('',(1.,0.,-0.));
#5890=AXIS2_PLACEMENT_3D('',#5887,#5888,#5889);
#5891=CYLINDRICAL_SURFACE('',#5890,0.7366);
#5892=CARTESIAN_POINT('',(-6.7818,10.1092,1.248171875));
#5893=VERTEX_POINT('',#5892);
#5894=CARTESIAN_POINT('',(-6.7818,10.1092,1.27));
#5895=DIRECTION('',(-0.,-0.,-1.));
#5896=VECTOR('',#5895,0.021828125);
#5897=LINE('',#5894,#5896);
#5898=EDGE_CURVE('',#2433,#5893,#5897,.T.);
#5899=ORIENTED_EDGE('',*,*,#5898,.F.);
#5900=ORIENTED_EDGE('',*,*,#2439,.T.);
#5901=CARTESIAN_POINT('',(-7.5184,10.8458,1.248171875));
#5902=VERTEX_POINT('',#5901);
#5903=CARTESIAN_POINT('',(-7.5184,10.8458,1.248171875));
#5904=DIRECTION('',(0.,0.,1.));
#5905=VECTOR('',#5904,0.021828125);
#5906=LINE('',#5903,#5905);
#5907=EDGE_CURVE('',#5902,#2425,#5906,.T.);
#5908=ORIENTED_EDGE('',*,*,#5907,.F.);
#5909=CARTESIAN_POINT('',(-7.5184,10.1092,1.248171875));
#5910=DIRECTION('',(0.,0.,1.));
#5911=DIRECTION('',(1.,0.,-0.));
#5912=AXIS2_PLACEMENT_3D('',#5909,#5910,#5911);
#5913=CIRCLE('',#5912,0.7366);
#5914=EDGE_CURVE('',#5893,#5902,#5913,.T.);
#5915=ORIENTED_EDGE('',*,*,#5914,.F.);
#5916=EDGE_LOOP('',(#5899,#5900,#5908,#5915));
#5917=FACE_BOUND('',#5916,.T.);
#5918=ADVANCED_FACE('',(#5917),#5891,.F.);
#5919=OVER_RIDING_STYLED_ITEM('',(#5238),#5918,#26);
#5920=CARTESIAN_POINT('',(-8.2677,10.8458,1.248171875));
#5921=DIRECTION('',(0.,1.,0.));
#5922=DIRECTION('',(0.,0.,1.));
#5923=AXIS2_PLACEMENT_3D('',#5920,#5921,#5922);
#5924=PLANE('',#5923);
#5925=ORIENTED_EDGE('',*,*,#2430,.T.);
#5926=ORIENTED_EDGE('',*,*,#4788,.F.);
#5927=CARTESIAN_POINT('',(-7.5184,10.8458,1.248171875));
#5928=DIRECTION('',(-1.,0.,0.));
#5929=VECTOR('',#5928,1.4986);
#5930=LINE('',#5927,#5929);
#5931=EDGE_CURVE('',#5902,#4775,#5930,.T.);
#5932=ORIENTED_EDGE('',*,*,#5931,.F.);
#5933=ORIENTED_EDGE('',*,*,#5907,.T.);
#5934=EDGE_LOOP('',(#5925,#5926,#5932,#5933));
#5935=FACE_BOUND('',#5934,.T.);
#5936=ADVANCED_FACE('',(#5935),#5924,.F.);
#5937=OVER_RIDING_STYLED_ITEM('',(#5238),#5936,#26);
#5938=CARTESIAN_POINT('',(-8.2677,9.3726,1.248171875));
#5939=DIRECTION('',(0.,1.,0.));
#5940=DIRECTION('',(0.,0.,1.));
#5941=AXIS2_PLACEMENT_3D('',#5938,#5939,#5940);
#5942=PLANE('',#5941);
#5943=CARTESIAN_POINT('',(-7.5184,9.3726,1.248171875));
#5944=VERTEX_POINT('',#5943);
#5945=CARTESIAN_POINT('',(-7.5184,9.3726,1.248171875));
#5946=DIRECTION('',(0.,0.,1.));
#5947=VECTOR('',#5946,0.021828125);
#5948=LINE('',#5945,#5947);
#5949=EDGE_CURVE('',#5944,#2442,#5948,.T.);
#5950=ORIENTED_EDGE('',*,*,#5949,.F.);
#5951=CARTESIAN_POINT('',(-7.5184,9.3726,1.248171875));
#5952=DIRECTION('',(-1.,0.,0.));
#5953=VECTOR('',#5952,1.4986);
#5954=LINE('',#5951,#5953);
#5955=EDGE_CURVE('',#5944,#4050,#5954,.T.);
#5956=ORIENTED_EDGE('',*,*,#5955,.T.);
#5957=ORIENTED_EDGE('',*,*,#4091,.T.);
#5958=ORIENTED_EDGE('',*,*,#2456,.F.);
#5959=EDGE_LOOP('',(#5950,#5956,#5957,#5958));
#5960=FACE_BOUND('',#5959,.T.);
#5961=ADVANCED_FACE('',(#5960),#5942,.T.);
#5962=OVER_RIDING_STYLED_ITEM('',(#5238),#5961,#26);
#5963=CARTESIAN_POINT('',(0.,0.,1.248171875));
#5964=DIRECTION('',(0.,0.,1.));
#5965=DIRECTION('',(1.,0.,0.));
#5966=AXIS2_PLACEMENT_3D('',#5963,#5964,#5965);
#5967=PLANE('',#5966);
#5968=ORIENTED_EDGE('',*,*,#4115,.F.);
#5969=EDGE_LOOP('',(#5968));
#5970=FACE_BOUND('',#5969,.T.);
#5971=CARTESIAN_POINT('',(-7.5184,10.1092,1.248171875));
#5972=DIRECTION('',(0.,0.,1.));
#5973=DIRECTION('',(1.,0.,-0.));
#5974=AXIS2_PLACEMENT_3D('',#5971,#5972,#5973);
#5975=CIRCLE('',#5974,0.7366);
#5976=EDGE_CURVE('',#5944,#5893,#5975,.T.);
#5977=ORIENTED_EDGE('',*,*,#5976,.T.);
#5978=ORIENTED_EDGE('',*,*,#5914,.T.);
#5979=ORIENTED_EDGE('',*,*,#5931,.T.);
#5980=ORIENTED_EDGE('',*,*,#4782,.T.);
#5981=ORIENTED_EDGE('',*,*,#5200,.F.);
#5982=CARTESIAN_POINT('',(-9.017,10.1092,1.248171875));
#5983=DIRECTION('',(0.,0.,1.));
#5984=DIRECTION('',(1.,0.,-0.));
#5985=AXIS2_PLACEMENT_3D('',#5982,#5983,#5984);
#5986=CIRCLE('',#5985,0.4064);
#5987=EDGE_CURVE('',#4048,#5188,#5986,.T.);
#5988=ORIENTED_EDGE('',*,*,#5987,.F.);
#5989=ORIENTED_EDGE('',*,*,#4055,.T.);
#5990=ORIENTED_EDGE('',*,*,#5955,.F.);
#5991=EDGE_LOOP('',(#5977,#5978,#5979,#5980,#5981,#5988,#5989,#5990));
#5992=FACE_BOUND('',#5991,.T.);
#5993=ADVANCED_FACE('',(#5970,#5992),#5967,.T.);
#5994=OVER_RIDING_STYLED_ITEM('',(#3311),#5993,#26);
#5995=CARTESIAN_POINT('',(-7.5184,-4.9022,1.248171875));
#5996=DIRECTION('',(0.,0.,1.));
#5997=DIRECTION('',(1.,0.,-0.));
#5998=AXIS2_PLACEMENT_3D('',#5995,#5996,#5997);
#5999=CYLINDRICAL_SURFACE('',#5998,0.7366);
#6000=CARTESIAN_POINT('',(-6.7818,-4.9022,1.248171875));
#6001=VERTEX_POINT('',#6000);
#6002=CARTESIAN_POINT('',(-6.7818,-4.9022,1.27));
#6003=DIRECTION('',(-0.,-0.,-1.));
#6004=VECTOR('',#6003,0.021828125);
#6005=LINE('',#6002,#6004);
#6006=EDGE_CURVE('',#2685,#6001,#6005,.T.);
#6007=ORIENTED_EDGE('',*,*,#6006,.F.);
#6008=ORIENTED_EDGE('',*,*,#2691,.T.);
#6009=CARTESIAN_POINT('',(-7.5184,-4.1656,1.248171875));
#6010=VERTEX_POINT('',#6009);
#6011=CARTESIAN_POINT('',(-7.5184,-4.1656,1.248171875));
#6012=DIRECTION('',(0.,0.,1.));
#6013=VECTOR('',#6012,0.021828125);
#6014=LINE('',#6011,#6013);
#6015=EDGE_CURVE('',#6010,#2677,#6014,.T.);
#6016=ORIENTED_EDGE('',*,*,#6015,.F.);
#6017=CARTESIAN_POINT('',(-7.5184,-4.9022,1.248171875));
#6018=DIRECTION('',(0.,0.,1.));
#6019=DIRECTION('',(1.,0.,-0.));
#6020=AXIS2_PLACEMENT_3D('',#6017,#6018,#6019);
#6021=CIRCLE('',#6020,0.7366);
#6022=EDGE_CURVE('',#6001,#6010,#6021,.T.);
#6023=ORIENTED_EDGE('',*,*,#6022,.F.);
#6024=EDGE_LOOP('',(#6007,#6008,#6016,#6023));
#6025=FACE_BOUND('',#6024,.T.);
#6026=ADVANCED_FACE('',(#6025),#5999,.F.);
#6027=OVER_RIDING_STYLED_ITEM('',(#5238),#6026,#26);
#6028=CARTESIAN_POINT('',(-8.2677,-4.1656,1.248171875));
#6029=DIRECTION('',(0.,1.,0.));
#6030=DIRECTION('',(0.,0.,1.));
#6031=AXIS2_PLACEMENT_3D('',#6028,#6029,#6030);
#6032=PLANE('',#6031);
#6033=ORIENTED_EDGE('',*,*,#2682,.T.);
#6034=ORIENTED_EDGE('',*,*,#3436,.F.);
#6035=CARTESIAN_POINT('',(-7.5184,-4.1656,1.248171875));
#6036=DIRECTION('',(-1.,0.,0.));
#6037=VECTOR('',#6036,1.4986);
#6038=LINE('',#6035,#6037);
#6039=EDGE_CURVE('',#6010,#3425,#6038,.T.);
#6040=ORIENTED_EDGE('',*,*,#6039,.F.);
#6041=ORIENTED_EDGE('',*,*,#6015,.T.);
#6042=EDGE_LOOP('',(#6033,#6034,#6040,#6041));
#6043=FACE_BOUND('',#6042,.T.);
#6044=ADVANCED_FACE('',(#6043),#6032,.F.);
#6045=OVER_RIDING_STYLED_ITEM('',(#5238),#6044,#26);
#6046=CARTESIAN_POINT('',(-8.2677,-5.6388,1.248171875));
#6047=DIRECTION('',(0.,1.,0.));
#6048=DIRECTION('',(-1.,0.,0.));
#6049=AXIS2_PLACEMENT_3D('',#6046,#6047,#6048);
#6050=PLANE('',#6049);
#6051=CARTESIAN_POINT('',(-7.5184,-5.6388,1.248171875));
#6052=VERTEX_POINT('',#6051);
#6053=CARTESIAN_POINT('',(-7.5184,-5.6388,1.248171875));
#6054=DIRECTION('',(0.,0.,1.));
#6055=VECTOR('',#6054,0.021828125);
#6056=LINE('',#6053,#6055);
#6057=EDGE_CURVE('',#6052,#2694,#6056,.T.);
#6058=ORIENTED_EDGE('',*,*,#6057,.F.);
#6059=CARTESIAN_POINT('',(-7.5184,-5.6388,1.248171875));
#6060=DIRECTION('',(-1.,0.,0.));
#6061=VECTOR('',#6060,1.4986);
#6062=LINE('',#6059,#6061);
#6063=EDGE_CURVE('',#6052,#3984,#6062,.T.);
#6064=ORIENTED_EDGE('',*,*,#6063,.T.);
#6065=ORIENTED_EDGE('',*,*,#3989,.T.);
#6066=ORIENTED_EDGE('',*,*,#2708,.F.);
#6067=EDGE_LOOP('',(#6058,#6064,#6065,#6066));
#6068=FACE_BOUND('',#6067,.T.);
#6069=ADVANCED_FACE('',(#6068),#6050,.T.);
#6070=OVER_RIDING_STYLED_ITEM('',(#5238),#6069,#26);
#6071=CARTESIAN_POINT('',(0.,0.,1.248171875));
#6072=DIRECTION('',(0.,0.,1.));
#6073=DIRECTION('',(1.,0.,0.));
#6074=AXIS2_PLACEMENT_3D('',#6071,#6072,#6073);
#6075=PLANE('',#6074);
#6076=ORIENTED_EDGE('',*,*,#4034,.F.);
#6077=EDGE_LOOP('',(#6076));
#6078=FACE_BOUND('',#6077,.T.);
#6079=CARTESIAN_POINT('',(-7.5184,-4.9022,1.248171875));
#6080=DIRECTION('',(0.,0.,1.));
#6081=DIRECTION('',(1.,0.,-0.));
#6082=AXIS2_PLACEMENT_3D('',#6079,#6080,#6081);
#6083=CIRCLE('',#6082,0.7366);
#6084=EDGE_CURVE('',#6052,#6001,#6083,.T.);
#6085=ORIENTED_EDGE('',*,*,#6084,.T.);
#6086=ORIENTED_EDGE('',*,*,#6022,.T.);
#6087=ORIENTED_EDGE('',*,*,#6039,.T.);
#6088=ORIENTED_EDGE('',*,*,#3430,.T.);
#6089=ORIENTED_EDGE('',*,*,#5103,.F.);
#6090=CARTESIAN_POINT('',(-9.017,-4.9022,1.248171875));
#6091=DIRECTION('',(0.,0.,1.));
#6092=DIRECTION('',(1.,0.,-0.));
#6093=AXIS2_PLACEMENT_3D('',#6090,#6091,#6092);
#6094=CIRCLE('',#6093,0.4064);
#6095=EDGE_CURVE('',#3992,#5091,#6094,.T.);
#6096=ORIENTED_EDGE('',*,*,#6095,.F.);
#6097=ORIENTED_EDGE('',*,*,#3997,.T.);
#6098=ORIENTED_EDGE('',*,*,#6063,.F.);
#6099=EDGE_LOOP('',(#6085,#6086,#6087,#6088,#6089,#6096,#6097,#6098));
#6100=FACE_BOUND('',#6099,.T.);
#6101=ADVANCED_FACE('',(#6078,#6100),#6075,.T.);
#6102=OVER_RIDING_STYLED_ITEM('',(#3311),#6101,#26);
#6103=CARTESIAN_POINT('',(8.2677,-8.1407,1.248171875));
#6104=DIRECTION('',(0.,-1.,0.));
#6105=DIRECTION('',(1.,0.,0.));
#6106=AXIS2_PLACEMENT_3D('',#6103,#6104,#6105);
#6107=PLANE('',#6106);
#6108=ORIENTED_EDGE('',*,*,#2857,.T.);
#6109=ORIENTED_EDGE('',*,*,#3598,.F.);
#6110=CARTESIAN_POINT('',(7.5184,-8.1407,1.248171875));
#6111=VERTEX_POINT('',#6110);
#6112=CARTESIAN_POINT('',(7.5184,-8.1407,1.248171875));
#6113=DIRECTION('',(1.,0.,0.));
#6114=VECTOR('',#6113,1.4986);
#6115=LINE('',#6112,#6114);
#6116=EDGE_CURVE('',#6111,#3587,#6115,.T.);
#6117=ORIENTED_EDGE('',*,*,#6116,.F.);
#6118=CARTESIAN_POINT('',(7.5184,-8.1407,1.248171875));
#6119=DIRECTION('',(0.,0.,1.));
#6120=VECTOR('',#6119,0.021828125);
#6121=LINE('',#6118,#6120);
#6122=EDGE_CURVE('',#6111,#2852,#6121,.T.);
#6123=ORIENTED_EDGE('',*,*,#6122,.T.);
#6124=EDGE_LOOP('',(#6108,#6109,#6117,#6123));
#6125=FACE_BOUND('',#6124,.T.);
#6126=ADVANCED_FACE('',(#6125),#6107,.F.);
#6127=OVER_RIDING_STYLED_ITEM('',(#5238),#6126,#26);
#6128=CARTESIAN_POINT('',(8.2677,-6.6675,1.248171875));
#6129=DIRECTION('',(0.,-1.,0.));
#6130=DIRECTION('',(0.,0.,-1.));
#6131=AXIS2_PLACEMENT_3D('',#6128,#6129,#6130);
#6132=PLANE('',#6131);
#6133=CARTESIAN_POINT('',(7.5184,-6.6675,1.248171875));
#6134=VERTEX_POINT('',#6133);
#6135=CARTESIAN_POINT('',(7.5184,-6.6675,1.248171875));
#6136=DIRECTION('',(0.,0.,1.));
#6137=VECTOR('',#6136,0.021828125);
#6138=LINE('',#6135,#6137);
#6139=EDGE_CURVE('',#6134,#2860,#6138,.T.);
#6140=ORIENTED_EDGE('',*,*,#6139,.F.);
#6141=CARTESIAN_POINT('',(7.5184,-6.6675,1.248171875));
#6142=DIRECTION('',(1.,0.,-0.));
#6143=VECTOR('',#6142,1.4986);
#6144=LINE('',#6141,#6143);
#6145=EDGE_CURVE('',#6134,#3903,#6144,.T.);
#6146=ORIENTED_EDGE('',*,*,#6145,.T.);
#6147=ORIENTED_EDGE('',*,*,#3908,.T.);
#6148=ORIENTED_EDGE('',*,*,#2874,.F.);
#6149=EDGE_LOOP('',(#6140,#6146,#6147,#6148));
#6150=FACE_BOUND('',#6149,.T.);
#6151=ADVANCED_FACE('',(#6150),#6132,.T.);
#6152=OVER_RIDING_STYLED_ITEM('',(#5238),#6151,#26);
#6153=CARTESIAN_POINT('',(7.5184,-7.4041,1.248171875));
#6154=DIRECTION('',(0.,0.,1.));
#6155=DIRECTION('',(1.,0.,-0.));
#6156=AXIS2_PLACEMENT_3D('',#6153,#6154,#6155);
#6157=CYLINDRICAL_SURFACE('',#6156,0.7366);
#6158=ORIENTED_EDGE('',*,*,#2866,.T.);
#6159=ORIENTED_EDGE('',*,*,#6122,.F.);
#6160=CARTESIAN_POINT('',(7.5184,-7.4041,1.248171875));
#6161=DIRECTION('',(0.,0.,1.));
#6162=DIRECTION('',(1.,0.,-0.));
#6163=AXIS2_PLACEMENT_3D('',#6160,#6161,#6162);
#6164=CIRCLE('',#6163,0.7366);
#6165=EDGE_CURVE('',#6134,#6111,#6164,.T.);
#6166=ORIENTED_EDGE('',*,*,#6165,.F.);
#6167=ORIENTED_EDGE('',*,*,#6139,.T.);
#6168=EDGE_LOOP('',(#6158,#6159,#6166,#6167));
#6169=FACE_BOUND('',#6168,.T.);
#6170=ADVANCED_FACE('',(#6169),#6157,.F.);
#6171=OVER_RIDING_STYLED_ITEM('',(#5238),#6170,#26);
#6172=CARTESIAN_POINT('',(0.,0.,1.248171875));
#6173=DIRECTION('',(0.,0.,1.));
#6174=DIRECTION('',(1.,0.,0.));
#6175=AXIS2_PLACEMENT_3D('',#6172,#6173,#6174);
#6176=PLANE('',#6175);
#6177=ORIENTED_EDGE('',*,*,#6116,.T.);
#6178=ORIENTED_EDGE('',*,*,#3592,.T.);
#6179=ORIENTED_EDGE('',*,*,#4949,.F.);
#6180=ORIENTED_EDGE('',*,*,#3916,.T.);
#6181=ORIENTED_EDGE('',*,*,#6145,.F.);
#6182=ORIENTED_EDGE('',*,*,#6165,.T.);
#6183=EDGE_LOOP('',(#6177,#6178,#6179,#6180,#6181,#6182));
#6184=FACE_BOUND('',#6183,.T.);
#6185=ORIENTED_EDGE('',*,*,#3953,.F.);
#6186=EDGE_LOOP('',(#6185));
#6187=FACE_BOUND('',#6186,.T.);
#6188=ADVANCED_FACE('',(#6184,#6187),#6176,.T.);
#6189=OVER_RIDING_STYLED_ITEM('',(#3311),#6188,#26);
#6190=CARTESIAN_POINT('',(-8.2677,-8.1407,1.248171875));
#6191=DIRECTION('',(0.,1.,0.));
#6192=DIRECTION('',(-1.,0.,0.));
#6193=AXIS2_PLACEMENT_3D('',#6190,#6191,#6192);
#6194=PLANE('',#6193);
#6195=CARTESIAN_POINT('',(-7.5184,-8.1407,1.248171875));
#6196=VERTEX_POINT('',#6195);
#6197=CARTESIAN_POINT('',(-7.5184,-8.1407,1.248171875));
#6198=DIRECTION('',(0.,0.,1.));
#6199=VECTOR('',#6198,0.021828125);
#6200=LINE('',#6197,#6199);
#6201=EDGE_CURVE('',#6196,#2736,#6200,.T.);
#6202=ORIENTED_EDGE('',*,*,#6201,.F.);
#6203=CARTESIAN_POINT('',(-7.5184,-8.1407,1.248171875));
#6204=DIRECTION('',(-1.,0.,0.));
#6205=VECTOR('',#6204,1.4986);
#6206=LINE('',#6203,#6205);
#6207=EDGE_CURVE('',#6196,#3807,#6206,.T.);
#6208=ORIENTED_EDGE('',*,*,#6207,.T.);
#6209=ORIENTED_EDGE('',*,*,#3848,.T.);
#6210=ORIENTED_EDGE('',*,*,#2750,.F.);
#6211=EDGE_LOOP('',(#6202,#6208,#6209,#6210));
#6212=FACE_BOUND('',#6211,.T.);
#6213=ADVANCED_FACE('',(#6212),#6194,.T.);
#6214=OVER_RIDING_STYLED_ITEM('',(#5238),#6213,#26);
#6215=CARTESIAN_POINT('',(-7.5184,-7.4041,1.248171875));
#6216=DIRECTION('',(0.,0.,1.));
#6217=DIRECTION('',(1.,0.,-0.));
#6218=AXIS2_PLACEMENT_3D('',#6215,#6216,#6217);
#6219=CYLINDRICAL_SURFACE('',#6218,0.7366);
#6220=CARTESIAN_POINT('',(-6.7818,-7.4041,1.248171875));
#6221=VERTEX_POINT('',#6220);
#6222=CARTESIAN_POINT('',(-6.7818,-7.4041,1.27));
#6223=DIRECTION('',(-0.,-0.,-1.));
#6224=VECTOR('',#6223,0.021828125);
#6225=LINE('',#6222,#6224);
#6226=EDGE_CURVE('',#2727,#6221,#6225,.T.);
#6227=ORIENTED_EDGE('',*,*,#6226,.F.);
#6228=ORIENTED_EDGE('',*,*,#2733,.T.);
#6229=CARTESIAN_POINT('',(-7.5184,-6.6675,1.248171875));
#6230=VERTEX_POINT('',#6229);
#6231=CARTESIAN_POINT('',(-7.5184,-6.6675,1.248171875));
#6232=DIRECTION('',(0.,0.,1.));
#6233=VECTOR('',#6232,0.021828125);
#6234=LINE('',#6231,#6233);
#6235=EDGE_CURVE('',#6230,#2719,#6234,.T.);
#6236=ORIENTED_EDGE('',*,*,#6235,.F.);
#6237=CARTESIAN_POINT('',(-7.5184,-7.4041,1.248171875));
#6238=DIRECTION('',(0.,0.,1.));
#6239=DIRECTION('',(1.,0.,-0.));
#6240=AXIS2_PLACEMENT_3D('',#6237,#6238,#6239);
#6241=CIRCLE('',#6240,0.7366);
#6242=EDGE_CURVE('',#6221,#6230,#6241,.T.);
#6243=ORIENTED_EDGE('',*,*,#6242,.F.);
#6244=EDGE_LOOP('',(#6227,#6228,#6236,#6243));
#6245=FACE_BOUND('',#6244,.T.);
#6246=ADVANCED_FACE('',(#6245),#6219,.F.);
#6247=OVER_RIDING_STYLED_ITEM('',(#5238),#6246,#26);
#6248=CARTESIAN_POINT('',(-8.2677,-6.6675,1.248171875));
#6249=DIRECTION('',(0.,1.,0.));
#6250=DIRECTION('',(0.,0.,1.));
#6251=AXIS2_PLACEMENT_3D('',#6248,#6249,#6250);
#6252=PLANE('',#6251);
#6253=ORIENTED_EDGE('',*,*,#2724,.T.);
#6254=ORIENTED_EDGE('',*,*,#3980,.F.);
#6255=CARTESIAN_POINT('',(-7.5184,-6.6675,1.248171875));
#6256=DIRECTION('',(-1.,0.,0.));
#6257=VECTOR('',#6256,1.4986);
#6258=LINE('',#6255,#6257);
#6259=EDGE_CURVE('',#6230,#3967,#6258,.T.);
#6260=ORIENTED_EDGE('',*,*,#6259,.F.);
#6261=ORIENTED_EDGE('',*,*,#6235,.T.);
#6262=EDGE_LOOP('',(#6253,#6254,#6260,#6261));
#6263=FACE_BOUND('',#6262,.T.);
#6264=ADVANCED_FACE('',(#6263),#6252,.F.);
#6265=OVER_RIDING_STYLED_ITEM('',(#5238),#6264,#26);
#6266=CARTESIAN_POINT('',(0.,0.,1.248171875));
#6267=DIRECTION('',(0.,0.,1.));
#6268=DIRECTION('',(1.,0.,0.));
#6269=AXIS2_PLACEMENT_3D('',#6266,#6267,#6268);
#6270=PLANE('',#6269);
#6271=ORIENTED_EDGE('',*,*,#4930,.F.);
#6272=CARTESIAN_POINT('',(-9.017,-7.4041,1.248171875));
#6273=DIRECTION('',(0.,0.,1.));
#6274=DIRECTION('',(1.,0.,-0.));
#6275=AXIS2_PLACEMENT_3D('',#6272,#6273,#6274);
#6276=CIRCLE('',#6275,0.4064);
#6277=EDGE_CURVE('',#3805,#4918,#6276,.T.);
#6278=ORIENTED_EDGE('',*,*,#6277,.F.);
#6279=ORIENTED_EDGE('',*,*,#3812,.T.);
#6280=ORIENTED_EDGE('',*,*,#6207,.F.);
#6281=CARTESIAN_POINT('',(-7.5184,-7.4041,1.248171875));
#6282=DIRECTION('',(0.,0.,1.));
#6283=DIRECTION('',(1.,0.,-0.));
#6284=AXIS2_PLACEMENT_3D('',#6281,#6282,#6283);
#6285=CIRCLE('',#6284,0.7366);
#6286=EDGE_CURVE('',#6196,#6221,#6285,.T.);
#6287=ORIENTED_EDGE('',*,*,#6286,.T.);
#6288=ORIENTED_EDGE('',*,*,#6242,.T.);
#6289=ORIENTED_EDGE('',*,*,#6259,.T.);
#6290=ORIENTED_EDGE('',*,*,#3974,.T.);
#6291=EDGE_LOOP('',(#6271,#6278,#6279,#6280,#6287,#6288,#6289,#6290));
#6292=FACE_BOUND('',#6291,.T.);
#6293=ORIENTED_EDGE('',*,*,#3872,.F.);
#6294=EDGE_LOOP('',(#6293));
#6295=FACE_BOUND('',#6294,.T.);
#6296=ADVANCED_FACE('',(#6292,#6295),#6270,.T.);
#6297=OVER_RIDING_STYLED_ITEM('',(#3311),#6296,#26);
#6298=CARTESIAN_POINT('',(-7.5184,5.1054,1.248171875));
#6299=DIRECTION('',(0.,0.,1.));
#6300=DIRECTION('',(1.,0.,-0.));
#6301=AXIS2_PLACEMENT_3D('',#6298,#6299,#6300);
#6302=CYLINDRICAL_SURFACE('',#6301,0.7366);
#6303=CARTESIAN_POINT('',(-6.7818,5.1054,1.248171875));
#6304=VERTEX_POINT('',#6303);
#6305=CARTESIAN_POINT('',(-6.7818,5.1054,1.27));
#6306=DIRECTION('',(-0.,-0.,-1.));
#6307=VECTOR('',#6306,0.021828125);
#6308=LINE('',#6305,#6307);
#6309=EDGE_CURVE('',#2517,#6304,#6308,.T.);
#6310=ORIENTED_EDGE('',*,*,#6309,.F.);
#6311=ORIENTED_EDGE('',*,*,#2523,.T.);
#6312=CARTESIAN_POINT('',(-7.5184,5.842,1.248171875));
#6313=VERTEX_POINT('',#6312);
#6314=CARTESIAN_POINT('',(-7.5184,5.842,1.248171875));
#6315=DIRECTION('',(0.,0.,1.));
#6316=VECTOR('',#6315,0.021828125);
#6317=LINE('',#6314,#6316);
#6318=EDGE_CURVE('',#6313,#2509,#6317,.T.);
#6319=ORIENTED_EDGE('',*,*,#6318,.F.);
#6320=CARTESIAN_POINT('',(-7.5184,5.1054,1.248171875));
#6321=DIRECTION('',(0.,0.,1.));
#6322=DIRECTION('',(1.,0.,-0.));
#6323=AXIS2_PLACEMENT_3D('',#6320,#6321,#6322);
#6324=CIRCLE('',#6323,0.7366);
#6325=EDGE_CURVE('',#6304,#6313,#6324,.T.);
#6326=ORIENTED_EDGE('',*,*,#6325,.F.);
#6327=EDGE_LOOP('',(#6310,#6311,#6319,#6326));
#6328=FACE_BOUND('',#6327,.T.);
#6329=ADVANCED_FACE('',(#6328),#6302,.F.);
#6330=OVER_RIDING_STYLED_ITEM('',(#5238),#6329,#26);
#6331=CARTESIAN_POINT('',(-8.2677,5.842,1.248171875));
#6332=DIRECTION('',(0.,1.,0.));
#6333=DIRECTION('',(0.,0.,1.));
#6334=AXIS2_PLACEMENT_3D('',#6331,#6332,#6333);
#6335=PLANE('',#6334);
#6336=ORIENTED_EDGE('',*,*,#2514,.T.);
#6337=ORIENTED_EDGE('',*,*,#4450,.F.);
#6338=CARTESIAN_POINT('',(-7.5184,5.842,1.248171875));
#6339=DIRECTION('',(-1.,0.,0.));
#6340=VECTOR('',#6339,1.4986);
#6341=LINE('',#6338,#6340);
#6342=EDGE_CURVE('',#6313,#4437,#6341,.T.);
#6343=ORIENTED_EDGE('',*,*,#6342,.F.);
#6344=ORIENTED_EDGE('',*,*,#6318,.T.);
#6345=EDGE_LOOP('',(#6336,#6337,#6343,#6344));
#6346=FACE_BOUND('',#6345,.T.);
#6347=ADVANCED_FACE('',(#6346),#6335,.F.);
#6348=OVER_RIDING_STYLED_ITEM('',(#5238),#6347,#26);
#6349=CARTESIAN_POINT('',(-8.2677,4.3688,1.248171875));
#6350=DIRECTION('',(0.,1.,0.));
#6351=DIRECTION('',(-1.,0.,0.));
#6352=AXIS2_PLACEMENT_3D('',#6349,#6350,#6351);
#6353=PLANE('',#6352);
#6354=CARTESIAN_POINT('',(-7.5184,4.3688,1.248171875));
#6355=VERTEX_POINT('',#6354);
#6356=CARTESIAN_POINT('',(-7.5184,4.3688,1.248171875));
#6357=DIRECTION('',(0.,0.,1.));
#6358=VECTOR('',#6357,0.021828125);
#6359=LINE('',#6356,#6358);
#6360=EDGE_CURVE('',#6355,#2526,#6359,.T.);
#6361=ORIENTED_EDGE('',*,*,#6360,.F.);
#6362=CARTESIAN_POINT('',(-7.5184,4.3688,1.248171875));
#6363=DIRECTION('',(-1.,0.,0.));
#6364=VECTOR('',#6363,1.4986);
#6365=LINE('',#6362,#6364);
#6366=EDGE_CURVE('',#6355,#3726,#6365,.T.);
#6367=ORIENTED_EDGE('',*,*,#6366,.T.);
#6368=ORIENTED_EDGE('',*,*,#3767,.T.);
#6369=ORIENTED_EDGE('',*,*,#2540,.F.);
#6370=EDGE_LOOP('',(#6361,#6367,#6368,#6369));
#6371=FACE_BOUND('',#6370,.T.);
#6372=ADVANCED_FACE('',(#6371),#6353,.T.);
#6373=OVER_RIDING_STYLED_ITEM('',(#5238),#6372,#26);
#6374=CARTESIAN_POINT('',(0.,0.,1.248171875));
#6375=DIRECTION('',(0.,0.,1.));
#6376=DIRECTION('',(1.,0.,0.));
#6377=AXIS2_PLACEMENT_3D('',#6374,#6375,#6376);
#6378=PLANE('',#6377);
#6379=ORIENTED_EDGE('',*,*,#3791,.F.);
#6380=EDGE_LOOP('',(#6379));
#6381=FACE_BOUND('',#6380,.T.);
#6382=CARTESIAN_POINT('',(-7.5184,5.1054,1.248171875));
#6383=DIRECTION('',(0.,0.,1.));
#6384=DIRECTION('',(1.,0.,-0.));
#6385=AXIS2_PLACEMENT_3D('',#6382,#6383,#6384);
#6386=CIRCLE('',#6385,0.7366);
#6387=EDGE_CURVE('',#6355,#6304,#6386,.T.);
#6388=ORIENTED_EDGE('',*,*,#6387,.T.);
#6389=ORIENTED_EDGE('',*,*,#6325,.T.);
#6390=ORIENTED_EDGE('',*,*,#6342,.T.);
#6391=ORIENTED_EDGE('',*,*,#4444,.T.);
#6392=ORIENTED_EDGE('',*,*,#4885,.F.);
#6393=CARTESIAN_POINT('',(-9.017,5.1054,1.248171875));
#6394=DIRECTION('',(0.,0.,1.));
#6395=DIRECTION('',(1.,0.,-0.));
#6396=AXIS2_PLACEMENT_3D('',#6393,#6394,#6395);
#6397=CIRCLE('',#6396,0.4064);
#6398=EDGE_CURVE('',#3724,#4873,#6397,.T.);
#6399=ORIENTED_EDGE('',*,*,#6398,.F.);
#6400=ORIENTED_EDGE('',*,*,#3731,.T.);
#6401=ORIENTED_EDGE('',*,*,#6366,.F.);
#6402=EDGE_LOOP('',(#6388,#6389,#6390,#6391,#6392,#6399,#6400,#6401));
#6403=FACE_BOUND('',#6402,.T.);
#6404=ADVANCED_FACE('',(#6381,#6403),#6378,.T.);
#6405=OVER_RIDING_STYLED_ITEM('',(#3311),#6404,#26);
#6406=CARTESIAN_POINT('',(-8.2677,-0.635,1.248171875));
#6407=DIRECTION('',(0.,1.,0.));
#6408=DIRECTION('',(-1.,0.,0.));
#6409=AXIS2_PLACEMENT_3D('',#6406,#6407,#6408);
#6410=PLANE('',#6409);
#6411=CARTESIAN_POINT('',(-7.5184,-0.635,1.248171875));
#6412=VERTEX_POINT('',#6411);
#6413=CARTESIAN_POINT('',(-7.5184,-0.635,1.248171875));
#6414=DIRECTION('',(0.,0.,1.));
#6415=VECTOR('',#6414,0.021828125);
#6416=LINE('',#6413,#6415);
#6417=EDGE_CURVE('',#6412,#2610,#6416,.T.);
#6418=ORIENTED_EDGE('',*,*,#6417,.F.);
#6419=CARTESIAN_POINT('',(-7.5184,-0.635,1.248171875));
#6420=DIRECTION('',(-1.,0.,0.));
#6421=VECTOR('',#6420,1.4986);
#6422=LINE('',#6419,#6421);
#6423=EDGE_CURVE('',#6412,#3660,#6422,.T.);
#6424=ORIENTED_EDGE('',*,*,#6423,.T.);
#6425=ORIENTED_EDGE('',*,*,#3665,.T.);
#6426=ORIENTED_EDGE('',*,*,#2624,.F.);
#6427=EDGE_LOOP('',(#6418,#6424,#6425,#6426));
#6428=FACE_BOUND('',#6427,.T.);
#6429=ADVANCED_FACE('',(#6428),#6410,.T.);
#6430=OVER_RIDING_STYLED_ITEM('',(#5238),#6429,#26);
#6431=CARTESIAN_POINT('',(-7.5184,0.1016,1.248171875));
#6432=DIRECTION('',(0.,0.,1.));
#6433=DIRECTION('',(1.,0.,-0.));
#6434=AXIS2_PLACEMENT_3D('',#6431,#6432,#6433);
#6435=CYLINDRICAL_SURFACE('',#6434,0.7366);
#6436=CARTESIAN_POINT('',(-6.7818,0.1016,1.248171875));
#6437=VERTEX_POINT('',#6436);
#6438=CARTESIAN_POINT('',(-6.7818,0.1016,1.27));
#6439=DIRECTION('',(-0.,-0.,-1.));
#6440=VECTOR('',#6439,0.021828125);
#6441=LINE('',#6438,#6440);
#6442=EDGE_CURVE('',#2601,#6437,#6441,.T.);
#6443=ORIENTED_EDGE('',*,*,#6442,.F.);
#6444=ORIENTED_EDGE('',*,*,#2607,.T.);
#6445=CARTESIAN_POINT('',(-7.5184,0.8382,1.248171875));
#6446=VERTEX_POINT('',#6445);
#6447=CARTESIAN_POINT('',(-7.5184,0.8382,1.248171875));
#6448=DIRECTION('',(0.,0.,1.));
#6449=VECTOR('',#6448,0.021828125);
#6450=LINE('',#6447,#6449);
#6451=EDGE_CURVE('',#6446,#2593,#6450,.T.);
#6452=ORIENTED_EDGE('',*,*,#6451,.F.);
#6453=CARTESIAN_POINT('',(-7.5184,0.1016,1.248171875));
#6454=DIRECTION('',(0.,0.,1.));
#6455=DIRECTION('',(1.,0.,-0.));
#6456=AXIS2_PLACEMENT_3D('',#6453,#6454,#6455);
#6457=CIRCLE('',#6456,0.7366);
#6458=EDGE_CURVE('',#6437,#6446,#6457,.T.);
#6459=ORIENTED_EDGE('',*,*,#6458,.F.);
#6460=EDGE_LOOP('',(#6443,#6444,#6452,#6459));
#6461=FACE_BOUND('',#6460,.T.);
#6462=ADVANCED_FACE('',(#6461),#6435,.F.);
#6463=OVER_RIDING_STYLED_ITEM('',(#5238),#6462,#26);
#6464=CARTESIAN_POINT('',(-8.2677,0.8382,1.248171875));
#6465=DIRECTION('',(0.,1.,0.));
#6466=DIRECTION('',(0.,0.,1.));
#6467=AXIS2_PLACEMENT_3D('',#6464,#6465,#6466);
#6468=PLANE('',#6467);
#6469=ORIENTED_EDGE('',*,*,#2598,.T.);
#6470=ORIENTED_EDGE('',*,*,#4531,.F.);
#6471=CARTESIAN_POINT('',(-7.5184,0.8382,1.248171875));
#6472=DIRECTION('',(-1.,0.,0.));
#6473=VECTOR('',#6472,1.4986);
#6474=LINE('',#6471,#6473);
#6475=EDGE_CURVE('',#6446,#4518,#6474,.T.);
#6476=ORIENTED_EDGE('',*,*,#6475,.F.);
#6477=ORIENTED_EDGE('',*,*,#6451,.T.);
#6478=EDGE_LOOP('',(#6469,#6470,#6476,#6477));
#6479=FACE_BOUND('',#6478,.T.);
#6480=ADVANCED_FACE('',(#6479),#6468,.F.);
#6481=OVER_RIDING_STYLED_ITEM('',(#5238),#6480,#26);
#6482=CARTESIAN_POINT('',(0.,0.,1.248171875));
#6483=DIRECTION('',(0.,0.,1.));
#6484=DIRECTION('',(1.,0.,0.));
#6485=AXIS2_PLACEMENT_3D('',#6482,#6483,#6484);
#6486=PLANE('',#6485);
#6487=ORIENTED_EDGE('',*,*,#4840,.F.);
#6488=CARTESIAN_POINT('',(-9.017,0.1016,1.248171875));
#6489=DIRECTION('',(0.,0.,1.));
#6490=DIRECTION('',(1.,0.,-0.));
#6491=AXIS2_PLACEMENT_3D('',#6488,#6489,#6490);
#6492=CIRCLE('',#6491,0.4064);
#6493=EDGE_CURVE('',#3668,#4828,#6492,.T.);
#6494=ORIENTED_EDGE('',*,*,#6493,.F.);
#6495=ORIENTED_EDGE('',*,*,#3673,.T.);
#6496=ORIENTED_EDGE('',*,*,#6423,.F.);
#6497=CARTESIAN_POINT('',(-7.5184,0.1016,1.248171875));
#6498=DIRECTION('',(0.,0.,1.));
#6499=DIRECTION('',(1.,0.,-0.));
#6500=AXIS2_PLACEMENT_3D('',#6497,#6498,#6499);
#6501=CIRCLE('',#6500,0.7366);
#6502=EDGE_CURVE('',#6412,#6437,#6501,.T.);
#6503=ORIENTED_EDGE('',*,*,#6502,.T.);
#6504=ORIENTED_EDGE('',*,*,#6458,.T.);
#6505=ORIENTED_EDGE('',*,*,#6475,.T.);
#6506=ORIENTED_EDGE('',*,*,#4525,.T.);
#6507=EDGE_LOOP('',(#6487,#6494,#6495,#6496,#6503,#6504,#6505,#6506));
#6508=FACE_BOUND('',#6507,.T.);
#6509=ORIENTED_EDGE('',*,*,#3710,.F.);
#6510=EDGE_LOOP('',(#6509));
#6511=FACE_BOUND('',#6510,.T.);
#6512=ADVANCED_FACE('',(#6508,#6511),#6486,.T.);
#6513=OVER_RIDING_STYLED_ITEM('',(#3311),#6512,#26);
#6514=CARTESIAN_POINT('',(7.5184,-9.906,1.248171875));
#6515=DIRECTION('',(0.,0.,1.));
#6516=DIRECTION('',(1.,0.,-0.));
#6517=AXIS2_PLACEMENT_3D('',#6514,#6515,#6516);
#6518=CYLINDRICAL_SURFACE('',#6517,0.7366);
#6519=ORIENTED_EDGE('',*,*,#2833,.T.);
#6520=CARTESIAN_POINT('',(7.5184,-10.6426,1.248171875));
#6521=VERTEX_POINT('',#6520);
#6522=CARTESIAN_POINT('',(7.5184,-10.6426,1.248171875));
#6523=DIRECTION('',(0.,0.,1.));
#6524=VECTOR('',#6523,0.021828125);
#6525=LINE('',#6522,#6524);
#6526=EDGE_CURVE('',#6521,#2819,#6525,.T.);
#6527=ORIENTED_EDGE('',*,*,#6526,.F.);
#6528=CARTESIAN_POINT('',(7.5184,-9.1694,1.248171875));
#6529=VERTEX_POINT('',#6528);
#6530=CARTESIAN_POINT('',(7.5184,-9.906,1.248171875));
#6531=DIRECTION('',(0.,0.,1.));
#6532=DIRECTION('',(1.,0.,-0.));
#6533=AXIS2_PLACEMENT_3D('',#6530,#6531,#6532);
#6534=CIRCLE('',#6533,0.7366);
#6535=EDGE_CURVE('',#6529,#6521,#6534,.T.);
#6536=ORIENTED_EDGE('',*,*,#6535,.F.);
#6537=CARTESIAN_POINT('',(7.5184,-9.1694,1.248171875));
#6538=DIRECTION('',(0.,0.,1.));
#6539=VECTOR('',#6538,0.021828125);
#6540=LINE('',#6537,#6539);
#6541=EDGE_CURVE('',#6529,#2827,#6540,.T.);
#6542=ORIENTED_EDGE('',*,*,#6541,.T.);
#6543=EDGE_LOOP('',(#6519,#6527,#6536,#6542));
#6544=FACE_BOUND('',#6543,.T.);
#6545=ADVANCED_FACE('',(#6544),#6518,.F.);
#6546=OVER_RIDING_STYLED_ITEM('',(#5238),#6545,#26);
#6547=CARTESIAN_POINT('',(8.2677,-10.6426,1.248171875));
#6548=DIRECTION('',(0.,-1.,0.));
#6549=DIRECTION('',(1.,0.,0.));
#6550=AXIS2_PLACEMENT_3D('',#6547,#6548,#6549);
#6551=PLANE('',#6550);
#6552=ORIENTED_EDGE('',*,*,#2824,.T.);
#6553=ORIENTED_EDGE('',*,*,#4695,.F.);
#6554=CARTESIAN_POINT('',(7.5184,-10.6426,1.248171875));
#6555=DIRECTION('',(1.,0.,0.));
#6556=VECTOR('',#6555,1.4986);
#6557=LINE('',#6554,#6556);
#6558=EDGE_CURVE('',#6521,#4682,#6557,.T.);
#6559=ORIENTED_EDGE('',*,*,#6558,.F.);
#6560=ORIENTED_EDGE('',*,*,#6526,.T.);
#6561=EDGE_LOOP('',(#6552,#6553,#6559,#6560));
#6562=FACE_BOUND('',#6561,.T.);
#6563=ADVANCED_FACE('',(#6562),#6551,.F.);
#6564=OVER_RIDING_STYLED_ITEM('',(#5238),#6563,#26);
#6565=CARTESIAN_POINT('',(8.2677,-9.1694,1.248171875));
#6566=DIRECTION('',(0.,-1.,0.));
#6567=DIRECTION('',(0.,0.,-1.));
#6568=AXIS2_PLACEMENT_3D('',#6565,#6566,#6567);
#6569=PLANE('',#6568);
#6570=ORIENTED_EDGE('',*,*,#6541,.F.);
#6571=CARTESIAN_POINT('',(7.5184,-9.1694,1.248171875));
#6572=DIRECTION('',(1.,0.,-0.));
#6573=VECTOR('',#6572,1.4986);
#6574=LINE('',#6571,#6573);
#6575=EDGE_CURVE('',#6529,#3564,#6574,.T.);
#6576=ORIENTED_EDGE('',*,*,#6575,.T.);
#6577=ORIENTED_EDGE('',*,*,#3605,.T.);
#6578=ORIENTED_EDGE('',*,*,#2841,.F.);
#6579=EDGE_LOOP('',(#6570,#6576,#6577,#6578));
#6580=FACE_BOUND('',#6579,.T.);
#6581=ADVANCED_FACE('',(#6580),#6569,.T.);
#6582=OVER_RIDING_STYLED_ITEM('',(#5238),#6581,#26);
#6583=CARTESIAN_POINT('',(0.,0.,1.248171875));
#6584=DIRECTION('',(0.,0.,1.));
#6585=DIRECTION('',(1.,0.,0.));
#6586=AXIS2_PLACEMENT_3D('',#6583,#6584,#6585);
#6587=PLANE('',#6586);
#6588=ORIENTED_EDGE('',*,*,#3629,.F.);
#6589=EDGE_LOOP('',(#6588));
#6590=FACE_BOUND('',#6589,.T.);
#6591=ORIENTED_EDGE('',*,*,#6535,.T.);
#6592=ORIENTED_EDGE('',*,*,#6558,.T.);
#6593=ORIENTED_EDGE('',*,*,#4689,.T.);
#6594=ORIENTED_EDGE('',*,*,#4814,.F.);
#6595=ORIENTED_EDGE('',*,*,#3569,.T.);
#6596=ORIENTED_EDGE('',*,*,#6575,.F.);
#6597=EDGE_LOOP('',(#6591,#6592,#6593,#6594,#6595,#6596));
#6598=FACE_BOUND('',#6597,.T.);
#6599=ADVANCED_FACE('',(#6590,#6598),#6587,.T.);
#6600=OVER_RIDING_STYLED_ITEM('',(#3311),#6599,#26);
#6601=CARTESIAN_POINT('',(7.5184,-2.4003,1.248171875));
#6602=DIRECTION('',(0.,0.,1.));
#6603=DIRECTION('',(1.,0.,-0.));
#6604=AXIS2_PLACEMENT_3D('',#6601,#6602,#6603);
#6605=CYLINDRICAL_SURFACE('',#6604,0.7366);
#6606=ORIENTED_EDGE('',*,*,#2932,.T.);
#6607=CARTESIAN_POINT('',(7.5184,-3.1369,1.248171875));
#6608=VERTEX_POINT('',#6607);
#6609=CARTESIAN_POINT('',(7.5184,-3.1369,1.248171875));
#6610=DIRECTION('',(0.,0.,1.));
#6611=VECTOR('',#6610,0.021828125);
#6612=LINE('',#6609,#6611);
#6613=EDGE_CURVE('',#6608,#2918,#6612,.T.);
#6614=ORIENTED_EDGE('',*,*,#6613,.F.);
#6615=CARTESIAN_POINT('',(7.5184,-1.6637,1.248171875));
#6616=VERTEX_POINT('',#6615);
#6617=CARTESIAN_POINT('',(7.5184,-2.4003,1.248171875));
#6618=DIRECTION('',(0.,0.,1.));
#6619=DIRECTION('',(1.,0.,-0.));
#6620=AXIS2_PLACEMENT_3D('',#6617,#6618,#6619);
#6621=CIRCLE('',#6620,0.7366);
#6622=EDGE_CURVE('',#6616,#6608,#6621,.T.);
#6623=ORIENTED_EDGE('',*,*,#6622,.F.);
#6624=CARTESIAN_POINT('',(7.5184,-1.6637,1.248171875));
#6625=DIRECTION('',(0.,0.,1.));
#6626=VECTOR('',#6625,0.021828125);
#6627=LINE('',#6624,#6626);
#6628=EDGE_CURVE('',#6616,#2926,#6627,.T.);
#6629=ORIENTED_EDGE('',*,*,#6628,.T.);
#6630=EDGE_LOOP('',(#6606,#6614,#6623,#6629));
#6631=FACE_BOUND('',#6630,.T.);
#6632=ADVANCED_FACE('',(#6631),#6605,.F.);
#6633=OVER_RIDING_STYLED_ITEM('',(#5238),#6632,#26);
#6634=CARTESIAN_POINT('',(8.2677,-3.1369,1.248171875));
#6635=DIRECTION('',(0.,-1.,0.));
#6636=DIRECTION('',(1.,0.,0.));
#6637=AXIS2_PLACEMENT_3D('',#6634,#6635,#6636);
#6638=PLANE('',#6637);
#6639=ORIENTED_EDGE('',*,*,#2923,.T.);
#6640=ORIENTED_EDGE('',*,*,#3260,.F.);
#6641=CARTESIAN_POINT('',(7.5184,-3.1369,1.248171875));
#6642=DIRECTION('',(1.,0.,0.));
#6643=VECTOR('',#6642,1.4986);
#6644=LINE('',#6641,#6643);
#6645=EDGE_CURVE('',#6608,#3249,#6644,.T.);
#6646=ORIENTED_EDGE('',*,*,#6645,.F.);
#6647=ORIENTED_EDGE('',*,*,#6613,.T.);
#6648=EDGE_LOOP('',(#6639,#6640,#6646,#6647));
#6649=FACE_BOUND('',#6648,.T.);
#6650=ADVANCED_FACE('',(#6649),#6638,.F.);
#6651=OVER_RIDING_STYLED_ITEM('',(#5238),#6650,#26);
#6652=CARTESIAN_POINT('',(8.2677,-1.6637,1.248171875));
#6653=DIRECTION('',(0.,-1.,0.));
#6654=DIRECTION('',(0.,0.,-1.));
#6655=AXIS2_PLACEMENT_3D('',#6652,#6653,#6654);
#6656=PLANE('',#6655);
#6657=ORIENTED_EDGE('',*,*,#6628,.F.);
#6658=CARTESIAN_POINT('',(7.5184,-1.6637,1.248171875));
#6659=DIRECTION('',(1.,0.,-0.));
#6660=VECTOR('',#6659,1.4986);
#6661=LINE('',#6658,#6660);
#6662=EDGE_CURVE('',#6616,#3483,#6661,.T.);
#6663=ORIENTED_EDGE('',*,*,#6662,.T.);
#6664=ORIENTED_EDGE('',*,*,#3524,.T.);
#6665=ORIENTED_EDGE('',*,*,#2940,.F.);
#6666=EDGE_LOOP('',(#6657,#6663,#6664,#6665));
#6667=FACE_BOUND('',#6666,.T.);
#6668=ADVANCED_FACE('',(#6667),#6656,.T.);
#6669=OVER_RIDING_STYLED_ITEM('',(#5238),#6668,#26);
#6670=CARTESIAN_POINT('',(0.,0.,1.248171875));
#6671=DIRECTION('',(0.,0.,1.));
#6672=DIRECTION('',(1.,0.,0.));
#6673=AXIS2_PLACEMENT_3D('',#6670,#6671,#6672);
#6674=PLANE('',#6673);
#6675=ORIENTED_EDGE('',*,*,#3548,.F.);
#6676=EDGE_LOOP('',(#6675));
#6677=FACE_BOUND('',#6676,.T.);
#6678=ORIENTED_EDGE('',*,*,#6622,.T.);
#6679=ORIENTED_EDGE('',*,*,#6645,.T.);
#6680=ORIENTED_EDGE('',*,*,#3254,.T.);
#6681=ORIENTED_EDGE('',*,*,#4904,.F.);
#6682=ORIENTED_EDGE('',*,*,#3488,.T.);
#6683=ORIENTED_EDGE('',*,*,#6662,.F.);
#6684=EDGE_LOOP('',(#6678,#6679,#6680,#6681,#6682,#6683));
#6685=FACE_BOUND('',#6684,.T.);
#6686=ADVANCED_FACE('',(#6677,#6685),#6674,.T.);
#6687=OVER_RIDING_STYLED_ITEM('',(#3311),#6686,#26);
#6688=CARTESIAN_POINT('',(-7.5184,-2.4003,1.248171875));
#6689=DIRECTION('',(0.,0.,1.));
#6690=DIRECTION('',(1.,0.,-0.));
#6691=AXIS2_PLACEMENT_3D('',#6688,#6689,#6690);
#6692=CYLINDRICAL_SURFACE('',#6691,0.7366);
#6693=CARTESIAN_POINT('',(-6.7818,-2.4003,1.248171875));
#6694=VERTEX_POINT('',#6693);
#6695=CARTESIAN_POINT('',(-6.7818,-2.4003,1.27));
#6696=DIRECTION('',(-0.,-0.,-1.));
#6697=VECTOR('',#6696,0.021828125);
#6698=LINE('',#6695,#6697);
#6699=EDGE_CURVE('',#2643,#6694,#6698,.T.);
#6700=ORIENTED_EDGE('',*,*,#6699,.F.);
#6701=ORIENTED_EDGE('',*,*,#2649,.T.);
#6702=CARTESIAN_POINT('',(-7.5184,-1.6637,1.248171875));
#6703=VERTEX_POINT('',#6702);
#6704=CARTESIAN_POINT('',(-7.5184,-1.6637,1.248171875));
#6705=DIRECTION('',(0.,0.,1.));
#6706=VECTOR('',#6705,0.021828125);
#6707=LINE('',#6704,#6706);
#6708=EDGE_CURVE('',#6703,#2635,#6707,.T.);
#6709=ORIENTED_EDGE('',*,*,#6708,.F.);
#6710=CARTESIAN_POINT('',(-7.5184,-2.4003,1.248171875));
#6711=DIRECTION('',(0.,0.,1.));
#6712=DIRECTION('',(1.,0.,-0.));
#6713=AXIS2_PLACEMENT_3D('',#6710,#6711,#6712);
#6714=CIRCLE('',#6713,0.7366);
#6715=EDGE_CURVE('',#6694,#6703,#6714,.T.);
#6716=ORIENTED_EDGE('',*,*,#6715,.F.);
#6717=EDGE_LOOP('',(#6700,#6701,#6709,#6716));
#6718=FACE_BOUND('',#6717,.T.);
#6719=ADVANCED_FACE('',(#6718),#6692,.F.);
#6720=OVER_RIDING_STYLED_ITEM('',(#5238),#6719,#26);
#6721=CARTESIAN_POINT('',(-8.2677,-1.6637,1.248171875));
#6722=DIRECTION('',(0.,1.,0.));
#6723=DIRECTION('',(0.,0.,1.));
#6724=AXIS2_PLACEMENT_3D('',#6721,#6722,#6723);
#6725=PLANE('',#6724);
#6726=ORIENTED_EDGE('',*,*,#2640,.T.);
#6727=ORIENTED_EDGE('',*,*,#3656,.F.);
#6728=CARTESIAN_POINT('',(-7.5184,-1.6637,1.248171875));
#6729=DIRECTION('',(-1.,0.,0.));
#6730=VECTOR('',#6729,1.4986);
#6731=LINE('',#6728,#6730);
#6732=EDGE_CURVE('',#6703,#3643,#6731,.T.);
#6733=ORIENTED_EDGE('',*,*,#6732,.F.);
#6734=ORIENTED_EDGE('',*,*,#6708,.T.);
#6735=EDGE_LOOP('',(#6726,#6727,#6733,#6734));
#6736=FACE_BOUND('',#6735,.T.);
#6737=ADVANCED_FACE('',(#6736),#6725,.F.);
#6738=OVER_RIDING_STYLED_ITEM('',(#5238),#6737,#26);
#6739=CARTESIAN_POINT('',(-8.2677,-3.1369,1.248171875));
#6740=DIRECTION('',(0.,1.,0.));
#6741=DIRECTION('',(-1.,0.,0.));
#6742=AXIS2_PLACEMENT_3D('',#6739,#6740,#6741);
#6743=PLANE('',#6742);
#6744=CARTESIAN_POINT('',(-7.5184,-3.1369,1.248171875));
#6745=VERTEX_POINT('',#6744);
#6746=CARTESIAN_POINT('',(-7.5184,-3.1369,1.248171875));
#6747=DIRECTION('',(0.,0.,1.));
#6748=VECTOR('',#6747,0.021828125);
#6749=LINE('',#6746,#6748);
#6750=EDGE_CURVE('',#6745,#2652,#6749,.T.);
#6751=ORIENTED_EDGE('',*,*,#6750,.F.);
#6752=CARTESIAN_POINT('',(-7.5184,-3.1369,1.248171875));
#6753=DIRECTION('',(-1.,0.,0.));
#6754=VECTOR('',#6753,1.4986);
#6755=LINE('',#6752,#6754);
#6756=EDGE_CURVE('',#6745,#3402,#6755,.T.);
#6757=ORIENTED_EDGE('',*,*,#6756,.T.);
#6758=ORIENTED_EDGE('',*,*,#3443,.T.);
#6759=ORIENTED_EDGE('',*,*,#2666,.F.);
#6760=EDGE_LOOP('',(#6751,#6757,#6758,#6759));
#6761=FACE_BOUND('',#6760,.T.);
#6762=ADVANCED_FACE('',(#6761),#6743,.T.);
#6763=OVER_RIDING_STYLED_ITEM('',(#5238),#6762,#26);
#6764=CARTESIAN_POINT('',(0.,0.,1.248171875));
#6765=DIRECTION('',(0.,0.,1.));
#6766=DIRECTION('',(1.,0.,0.));
#6767=AXIS2_PLACEMENT_3D('',#6764,#6765,#6766);
#6768=PLANE('',#6767);
#6769=ORIENTED_EDGE('',*,*,#3467,.F.);
#6770=EDGE_LOOP('',(#6769));
#6771=FACE_BOUND('',#6770,.T.);
#6772=CARTESIAN_POINT('',(-7.5184,-2.4003,1.248171875));
#6773=DIRECTION('',(0.,0.,1.));
#6774=DIRECTION('',(1.,0.,-0.));
#6775=AXIS2_PLACEMENT_3D('',#6772,#6773,#6774);
#6776=CIRCLE('',#6775,0.7366);
#6777=EDGE_CURVE('',#6745,#6694,#6776,.T.);
#6778=ORIENTED_EDGE('',*,*,#6777,.T.);
#6779=ORIENTED_EDGE('',*,*,#6715,.T.);
#6780=ORIENTED_EDGE('',*,*,#6732,.T.);
#6781=ORIENTED_EDGE('',*,*,#3650,.T.);
#6782=ORIENTED_EDGE('',*,*,#5058,.F.);
#6783=CARTESIAN_POINT('',(-9.017,-2.4003,1.248171875));
#6784=DIRECTION('',(0.,0.,1.));
#6785=DIRECTION('',(1.,0.,-0.));
#6786=AXIS2_PLACEMENT_3D('',#6783,#6784,#6785);
#6787=CIRCLE('',#6786,0.4064);
#6788=EDGE_CURVE('',#3400,#5046,#6787,.T.);
#6789=ORIENTED_EDGE('',*,*,#6788,.F.);
#6790=ORIENTED_EDGE('',*,*,#3407,.T.);
#6791=ORIENTED_EDGE('',*,*,#6756,.F.);
#6792=EDGE_LOOP('',(#6778,#6779,#6780,#6781,#6782,#6789,#6790,#6791));
#6793=FACE_BOUND('',#6792,.T.);
#6794=ADVANCED_FACE('',(#6771,#6793),#6768,.T.);
#6795=OVER_RIDING_STYLED_ITEM('',(#3311),#6794,#26);
#6796=CARTESIAN_POINT('',(7.5184,5.1054,1.248171875));
#6797=DIRECTION('',(0.,0.,1.));
#6798=DIRECTION('',(1.,0.,-0.));
#6799=AXIS2_PLACEMENT_3D('',#6796,#6797,#6798);
#6800=CYLINDRICAL_SURFACE('',#6799,0.7366);
#6801=ORIENTED_EDGE('',*,*,#3031,.T.);
#6802=CARTESIAN_POINT('',(7.5184,4.3688,1.248171875));
#6803=VERTEX_POINT('',#6802);
#6804=CARTESIAN_POINT('',(7.5184,4.3688,1.248171875));
#6805=DIRECTION('',(0.,0.,1.));
#6806=VECTOR('',#6805,0.021828125);
#6807=LINE('',#6804,#6806);
#6808=EDGE_CURVE('',#6803,#3017,#6807,.T.);
#6809=ORIENTED_EDGE('',*,*,#6808,.F.);
#6810=CARTESIAN_POINT('',(7.5184,5.842,1.248171875));
#6811=VERTEX_POINT('',#6810);
#6812=CARTESIAN_POINT('',(7.5184,5.1054,1.248171875));
#6813=DIRECTION('',(0.,0.,1.));
#6814=DIRECTION('',(1.,0.,-0.));
#6815=AXIS2_PLACEMENT_3D('',#6812,#6813,#6814);
#6816=CIRCLE('',#6815,0.7366);
#6817=EDGE_CURVE('',#6811,#6803,#6816,.T.);
#6818=ORIENTED_EDGE('',*,*,#6817,.F.);
#6819=CARTESIAN_POINT('',(7.5184,5.842,1.248171875));
#6820=DIRECTION('',(0.,0.,1.));
#6821=VECTOR('',#6820,0.021828125);
#6822=LINE('',#6819,#6821);
#6823=EDGE_CURVE('',#6811,#3025,#6822,.T.);
#6824=ORIENTED_EDGE('',*,*,#6823,.T.);
#6825=EDGE_LOOP('',(#6801,#6809,#6818,#6824));
#6826=FACE_BOUND('',#6825,.T.);
#6827=ADVANCED_FACE('',(#6826),#6800,.F.);
#6828=OVER_RIDING_STYLED_ITEM('',(#5238),#6827,#26);
#6829=CARTESIAN_POINT('',(8.2677,4.3688,1.248171875));
#6830=DIRECTION('',(0.,-1.,0.));
#6831=DIRECTION('',(1.,0.,0.));
#6832=AXIS2_PLACEMENT_3D('',#6829,#6830,#6831);
#6833=PLANE('',#6832);
#6834=ORIENTED_EDGE('',*,*,#3022,.T.);
#6835=ORIENTED_EDGE('',*,*,#4223,.F.);
#6836=CARTESIAN_POINT('',(7.5184,4.3688,1.248171875));
#6837=DIRECTION('',(1.,0.,0.));
#6838=VECTOR('',#6837,1.4986);
#6839=LINE('',#6836,#6838);
#6840=EDGE_CURVE('',#6803,#4210,#6839,.T.);
#6841=ORIENTED_EDGE('',*,*,#6840,.F.);
#6842=ORIENTED_EDGE('',*,*,#6808,.T.);
#6843=EDGE_LOOP('',(#6834,#6835,#6841,#6842));
#6844=FACE_BOUND('',#6843,.T.);
#6845=ADVANCED_FACE('',(#6844),#6833,.F.);
#6846=OVER_RIDING_STYLED_ITEM('',(#5238),#6845,#26);
#6847=CARTESIAN_POINT('',(8.2677,5.842,1.248171875));
#6848=DIRECTION('',(0.,-1.,0.));
#6849=DIRECTION('',(0.,0.,-1.));
#6850=AXIS2_PLACEMENT_3D('',#6847,#6848,#6849);
#6851=PLANE('',#6850);
#6852=ORIENTED_EDGE('',*,*,#6823,.F.);
#6853=CARTESIAN_POINT('',(7.5184,5.842,1.248171875));
#6854=DIRECTION('',(1.,0.,-0.));
#6855=VECTOR('',#6854,1.4986);
#6856=LINE('',#6853,#6855);
#6857=EDGE_CURVE('',#6811,#3321,#6856,.T.);
#6858=ORIENTED_EDGE('',*,*,#6857,.T.);
#6859=ORIENTED_EDGE('',*,*,#3362,.T.);
#6860=ORIENTED_EDGE('',*,*,#3039,.F.);
#6861=EDGE_LOOP('',(#6852,#6858,#6859,#6860));
#6862=FACE_BOUND('',#6861,.T.);
#6863=ADVANCED_FACE('',(#6862),#6851,.T.);
#6864=OVER_RIDING_STYLED_ITEM('',(#5238),#6863,#26);
#6865=CARTESIAN_POINT('',(0.,0.,1.248171875));
#6866=DIRECTION('',(0.,0.,1.));
#6867=DIRECTION('',(1.,0.,0.));
#6868=AXIS2_PLACEMENT_3D('',#6865,#6866,#6867);
#6869=PLANE('',#6868);
#6870=ORIENTED_EDGE('',*,*,#3386,.F.);
#6871=EDGE_LOOP('',(#6870));
#6872=FACE_BOUND('',#6871,.T.);
#6873=ORIENTED_EDGE('',*,*,#6817,.T.);
#6874=ORIENTED_EDGE('',*,*,#6840,.T.);
#6875=ORIENTED_EDGE('',*,*,#4217,.T.);
#6876=ORIENTED_EDGE('',*,*,#5122,.F.);
#6877=ORIENTED_EDGE('',*,*,#3326,.T.);
#6878=ORIENTED_EDGE('',*,*,#6857,.F.);
#6879=EDGE_LOOP('',(#6873,#6874,#6875,#6876,#6877,#6878));
#6880=FACE_BOUND('',#6879,.T.);
#6881=ADVANCED_FACE('',(#6872,#6880),#6869,.T.);
#6882=OVER_RIDING_STYLED_ITEM('',(#3311),#6881,#26);
#6883=CARTESIAN_POINT('',(8.2677,-5.6388,1.248171875));
#6884=DIRECTION('',(0.,-1.,0.));
#6885=DIRECTION('',(1.,0.,0.));
#6886=AXIS2_PLACEMENT_3D('',#6883,#6884,#6885);
#6887=PLANE('',#6886);
#6888=ORIENTED_EDGE('',*,*,#2890,.T.);
#6889=ORIENTED_EDGE('',*,*,#3899,.F.);
#6890=CARTESIAN_POINT('',(7.5184,-5.6388,1.248171875));
#6891=VERTEX_POINT('',#6890);
#6892=CARTESIAN_POINT('',(7.5184,-5.6388,1.248171875));
#6893=DIRECTION('',(1.,0.,0.));
#6894=VECTOR('',#6893,1.4986);
#6895=LINE('',#6892,#6894);
#6896=EDGE_CURVE('',#6891,#3886,#6895,.T.);
#6897=ORIENTED_EDGE('',*,*,#6896,.F.);
#6898=CARTESIAN_POINT('',(7.5184,-5.6388,1.248171875));
#6899=DIRECTION('',(0.,0.,1.));
#6900=VECTOR('',#6899,0.021828125);
#6901=LINE('',#6898,#6900);
#6902=EDGE_CURVE('',#6891,#2885,#6901,.T.);
#6903=ORIENTED_EDGE('',*,*,#6902,.T.);
#6904=EDGE_LOOP('',(#6888,#6889,#6897,#6903));
#6905=FACE_BOUND('',#6904,.T.);
#6906=ADVANCED_FACE('',(#6905),#6887,.F.);
#6907=OVER_RIDING_STYLED_ITEM('',(#5238),#6906,#26);
#6908=CARTESIAN_POINT('',(8.2677,-4.1656,1.248171875));
#6909=DIRECTION('',(0.,-1.,0.));
#6910=DIRECTION('',(0.,0.,-1.));
#6911=AXIS2_PLACEMENT_3D('',#6908,#6909,#6910);
#6912=PLANE('',#6911);
#6913=CARTESIAN_POINT('',(7.5184,-4.1656,1.248171875));
#6914=VERTEX_POINT('',#6913);
#6915=CARTESIAN_POINT('',(7.5184,-4.1656,1.248171875));
#6916=DIRECTION('',(0.,0.,1.));
#6917=VECTOR('',#6916,0.021828125);
#6918=LINE('',#6915,#6917);
#6919=EDGE_CURVE('',#6914,#2893,#6918,.T.);
#6920=ORIENTED_EDGE('',*,*,#6919,.F.);
#6921=CARTESIAN_POINT('',(7.5184,-4.1656,1.248171875));
#6922=DIRECTION('',(1.,0.,-0.));
#6923=VECTOR('',#6922,1.4986);
#6924=LINE('',#6921,#6923);
#6925=EDGE_CURVE('',#6914,#3226,#6924,.T.);
#6926=ORIENTED_EDGE('',*,*,#6925,.T.);
#6927=ORIENTED_EDGE('',*,*,#3267,.T.);
#6928=ORIENTED_EDGE('',*,*,#2907,.F.);
#6929=EDGE_LOOP('',(#6920,#6926,#6927,#6928));
#6930=FACE_BOUND('',#6929,.T.);
#6931=ADVANCED_FACE('',(#6930),#6912,.T.);
#6932=OVER_RIDING_STYLED_ITEM('',(#5238),#6931,#26);
#6933=CARTESIAN_POINT('',(7.5184,-4.9022,1.248171875));
#6934=DIRECTION('',(0.,0.,1.));
#6935=DIRECTION('',(1.,0.,-0.));
#6936=AXIS2_PLACEMENT_3D('',#6933,#6934,#6935);
#6937=CYLINDRICAL_SURFACE('',#6936,0.7366);
#6938=ORIENTED_EDGE('',*,*,#2899,.T.);
#6939=ORIENTED_EDGE('',*,*,#6902,.F.);
#6940=CARTESIAN_POINT('',(7.5184,-4.9022,1.248171875));
#6941=DIRECTION('',(0.,0.,1.));
#6942=DIRECTION('',(1.,0.,-0.));
#6943=AXIS2_PLACEMENT_3D('',#6940,#6941,#6942);
#6944=CIRCLE('',#6943,0.7366);
#6945=EDGE_CURVE('',#6914,#6891,#6944,.T.);
#6946=ORIENTED_EDGE('',*,*,#6945,.F.);
#6947=ORIENTED_EDGE('',*,*,#6919,.T.);
#6948=EDGE_LOOP('',(#6938,#6939,#6946,#6947));
#6949=FACE_BOUND('',#6948,.T.);
#6950=ADVANCED_FACE('',(#6949),#6937,.F.);
#6951=OVER_RIDING_STYLED_ITEM('',(#5238),#6950,#26);
#6952=CARTESIAN_POINT('',(0.,0.,1.248171875));
#6953=DIRECTION('',(0.,0.,1.));
#6954=DIRECTION('',(1.,0.,0.));
#6955=AXIS2_PLACEMENT_3D('',#6952,#6953,#6954);
#6956=PLANE('',#6955);
#6957=ORIENTED_EDGE('',*,*,#6896,.T.);
#6958=ORIENTED_EDGE('',*,*,#3893,.T.);
#6959=ORIENTED_EDGE('',*,*,#4987,.F.);
#6960=ORIENTED_EDGE('',*,*,#3231,.T.);
#6961=ORIENTED_EDGE('',*,*,#6925,.F.);
#6962=ORIENTED_EDGE('',*,*,#6945,.T.);
#6963=EDGE_LOOP('',(#6957,#6958,#6959,#6960,#6961,#6962));
#6964=FACE_BOUND('',#6963,.T.);
#6965=ORIENTED_EDGE('',*,*,#3298,.F.);
#6966=EDGE_LOOP('',(#6965));
#6967=FACE_BOUND('',#6966,.T.);
#6968=ADVANCED_FACE('',(#6964,#6967),#6956,.T.);
#6969=OVER_RIDING_STYLED_ITEM('',(#3311),#6968,#26);
#6970=CARTESIAN_POINT('',(0.,0.,1.27));
#6971=DIRECTION('',(0.,0.,1.));
#6972=DIRECTION('',(1.,0.,0.));
#6973=AXIS2_PLACEMENT_3D('',#6970,#6971,#6972);
#6974=PLANE('',#6973);
#6975=ORIENTED_EDGE('',*,*,#4746,.T.);
#6976=CARTESIAN_POINT('',(-2.8702,13.5382,1.27));
#6977=VERTEX_POINT('',#6976);
#6978=CARTESIAN_POINT('',(-2.8702,11.8618,1.27));
#6979=DIRECTION('',(-0.,1.,0.));
#6980=VECTOR('',#6979,1.6764);
#6981=LINE('',#6978,#6980);
#6982=EDGE_CURVE('',#4732,#6977,#6981,.T.);
#6983=ORIENTED_EDGE('',*,*,#6982,.T.);
#6984=CARTESIAN_POINT('',(2.8702,13.5382,1.27));
#6985=VERTEX_POINT('',#6984);
#6986=CARTESIAN_POINT('',(-2.8702,13.5382,1.27));
#6987=DIRECTION('',(1.,0.,-0.));
#6988=VECTOR('',#6987,5.7404);
#6989=LINE('',#6986,#6988);
#6990=EDGE_CURVE('',#6977,#6985,#6989,.T.);
#6991=ORIENTED_EDGE('',*,*,#6990,.T.);
#6992=CARTESIAN_POINT('',(2.8702,13.5382,1.27));
#6993=DIRECTION('',(-0.,-1.,0.));
#6994=VECTOR('',#6993,1.6764);
#6995=LINE('',#6992,#6994);
#6996=EDGE_CURVE('',#6985,#4741,#6995,.T.);
#6997=ORIENTED_EDGE('',*,*,#6996,.T.);
#6998=EDGE_LOOP('',(#6975,#6983,#6991,#6997));
#6999=FACE_BOUND('',#6998,.T.);
#7000=ADVANCED_FACE('',(#6999),#6974,.F.);
#7001=COLOUR_RGB('',0.807843149,0.807843149,0.807843149);
#7002=FILL_AREA_STYLE_COLOUR('',#7001);
#7003=FILL_AREA_STYLE('',(#7002));
#7004=SURFACE_STYLE_FILL_AREA(#7003);
#7005=SURFACE_SIDE_STYLE('',(#7004));
#7006=SURFACE_STYLE_USAGE(.BOTH.,#7005);
#7007=PRESENTATION_STYLE_ASSIGNMENT((#7006));
#7008=OVER_RIDING_STYLED_ITEM('',(#7007),#7000,#26);
#7009=CARTESIAN_POINT('',(-2.22885,13.5382,4.445));
#7010=DIRECTION('',(0.,1.,0.));
#7011=DIRECTION('',(0.,0.,1.));
#7012=AXIS2_PLACEMENT_3D('',#7009,#7010,#7011);
#7013=PLANE('',#7012);
#7014=CARTESIAN_POINT('',(-2.8702,13.5382,1.905));
#7015=VERTEX_POINT('',#7014);
#7016=CARTESIAN_POINT('',(-2.8702,13.5382,3.81));
#7017=VERTEX_POINT('',#7016);
#7018=CARTESIAN_POINT('',(-2.8702,13.5382,2.8575));
#7019=DIRECTION('',(0.,1.,0.));
#7020=DIRECTION('',(0.,-0.,1.));
#7021=AXIS2_PLACEMENT_3D('',#7018,#7019,#7020);
#7022=CIRCLE('',#7021,0.9525);
#7023=EDGE_CURVE('',#7015,#7017,#7022,.T.);
#7024=ORIENTED_EDGE('',*,*,#7023,.F.);
#7025=CARTESIAN_POINT('',(2.8702,13.5382,1.905));
#7026=VERTEX_POINT('',#7025);
#7027=CARTESIAN_POINT('',(2.8702,13.5382,1.905));
#7028=DIRECTION('',(-1.,0.,0.));
#7029=VECTOR('',#7028,5.7404);
#7030=LINE('',#7027,#7029);
#7031=EDGE_CURVE('',#7026,#7015,#7030,.T.);
#7032=ORIENTED_EDGE('',*,*,#7031,.F.);
#7033=CARTESIAN_POINT('',(2.8702,13.5382,3.81));
#7034=VERTEX_POINT('',#7033);
#7035=CARTESIAN_POINT('',(2.8702,13.5382,2.8575));
#7036=DIRECTION('',(0.,1.,0.));
#7037=DIRECTION('',(0.,-0.,1.));
#7038=AXIS2_PLACEMENT_3D('',#7035,#7036,#7037);
#7039=CIRCLE('',#7038,0.9525);
#7040=EDGE_CURVE('',#7034,#7026,#7039,.T.);
#7041=ORIENTED_EDGE('',*,*,#7040,.F.);
#7042=CARTESIAN_POINT('',(-2.8702,13.5382,3.81));
#7043=DIRECTION('',(1.,0.,-0.));
#7044=VECTOR('',#7043,5.7404);
#7045=LINE('',#7042,#7044);
#7046=EDGE_CURVE('',#7017,#7034,#7045,.T.);
#7047=ORIENTED_EDGE('',*,*,#7046,.F.);
#7048=EDGE_LOOP('',(#7024,#7032,#7041,#7047));
#7049=FACE_BOUND('',#7048,.T.);
#7050=CARTESIAN_POINT('',(-2.8702,13.5382,4.445));
#7051=VERTEX_POINT('',#7050);
#7052=CARTESIAN_POINT('',(2.8702,13.5382,4.445));
#7053=VERTEX_POINT('',#7052);
#7054=CARTESIAN_POINT('',(-2.8702,13.5382,4.445));
#7055=DIRECTION('',(1.,0.,-0.));
#7056=VECTOR('',#7055,5.7404);
#7057=LINE('',#7054,#7056);
#7058=EDGE_CURVE('',#7051,#7053,#7057,.T.);
#7059=ORIENTED_EDGE('',*,*,#7058,.T.);
#7060=CARTESIAN_POINT('',(4.4577,13.5382,2.8575));
#7061=VERTEX_POINT('',#7060);
#7062=CARTESIAN_POINT('',(2.8702,13.5382,2.8575));
#7063=DIRECTION('',(0.,1.,0.));
#7064=DIRECTION('',(0.,-0.,1.));
#7065=AXIS2_PLACEMENT_3D('',#7062,#7063,#7064);
#7066=CIRCLE('',#7065,1.5875);
#7067=EDGE_CURVE('',#7053,#7061,#7066,.T.);
#7068=ORIENTED_EDGE('',*,*,#7067,.T.);
#7069=CARTESIAN_POINT('',(2.8702,13.5382,2.8575));
#7070=DIRECTION('',(0.,1.,0.));
#7071=DIRECTION('',(0.,-0.,1.));
#7072=AXIS2_PLACEMENT_3D('',#7069,#7070,#7071);
#7073=CIRCLE('',#7072,1.5875);
#7074=EDGE_CURVE('',#7061,#6985,#7073,.T.);
#7075=ORIENTED_EDGE('',*,*,#7074,.T.);
#7076=ORIENTED_EDGE('',*,*,#6990,.F.);
#7077=CARTESIAN_POINT('',(-4.4577,13.5382,2.8575));
#7078=VERTEX_POINT('',#7077);
#7079=CARTESIAN_POINT('',(-2.8702,13.5382,2.8575));
#7080=DIRECTION('',(0.,1.,0.));
#7081=DIRECTION('',(0.,-0.,1.));
#7082=AXIS2_PLACEMENT_3D('',#7079,#7080,#7081);
#7083=CIRCLE('',#7082,1.5875);
#7084=EDGE_CURVE('',#6977,#7078,#7083,.T.);
#7085=ORIENTED_EDGE('',*,*,#7084,.T.);
#7086=CARTESIAN_POINT('',(-2.8702,13.5382,2.8575));
#7087=DIRECTION('',(0.,1.,0.));
#7088=DIRECTION('',(0.,-0.,1.));
#7089=AXIS2_PLACEMENT_3D('',#7086,#7087,#7088);
#7090=CIRCLE('',#7089,1.5875);
#7091=EDGE_CURVE('',#7078,#7051,#7090,.T.);
#7092=ORIENTED_EDGE('',*,*,#7091,.T.);
#7093=EDGE_LOOP('',(#7059,#7068,#7075,#7076,#7085,#7092));
#7094=FACE_BOUND('',#7093,.T.);
#7095=ADVANCED_FACE('',(#7049,#7094),#7013,.T.);
#7096=OVER_RIDING_STYLED_ITEM('',(#7007),#7095,#26);
#7097=CARTESIAN_POINT('',(-4.4577,9.8171,4.445));
#7098=DIRECTION('',(-1.,-0.,0.));
#7099=DIRECTION('',(0.,-1.,0.));
#7100=AXIS2_PLACEMENT_3D('',#7097,#7098,#7099);
#7101=PLANE('',#7100);
#7102=CARTESIAN_POINT('',(-4.4577,6.096,2.8575));
#7103=VERTEX_POINT('',#7102);
#7104=CARTESIAN_POINT('',(-4.4577,6.096,2.8575));
#7105=DIRECTION('',(0.,0.,-1.));
#7106=VECTOR('',#7105,1.5875);
#7107=LINE('',#7104,#7106);
#7108=EDGE_CURVE('',#7103,#2393,#7107,.T.);
#7109=ORIENTED_EDGE('',*,*,#7108,.F.);
#7110=CARTESIAN_POINT('',(-4.4577,6.096,2.8575));
#7111=DIRECTION('',(-0.,1.,0.));
#7112=VECTOR('',#7111,5.7658);
#7113=LINE('',#7110,#7112);
#7114=EDGE_CURVE('',#7103,#4724,#7113,.T.);
#7115=ORIENTED_EDGE('',*,*,#7114,.T.);
#7116=ORIENTED_EDGE('',*,*,#4729,.T.);
#7117=ORIENTED_EDGE('',*,*,#2406,.F.);
#7118=EDGE_LOOP('',(#7109,#7115,#7116,#7117));
#7119=FACE_BOUND('',#7118,.T.);
#7120=ADVANCED_FACE('',(#7119),#7101,.T.);
#7121=OVER_RIDING_STYLED_ITEM('',(#7007),#7120,#26);
#7122=CARTESIAN_POINT('',(0.,6.096,4.445));
#7123=DIRECTION('',(0.,-1.,0.));
#7124=DIRECTION('',(0.,0.,-1.));
#7125=AXIS2_PLACEMENT_3D('',#7122,#7123,#7124);
#7126=PLANE('',#7125);
#7127=CARTESIAN_POINT('',(4.4577,6.096,2.8575));
#7128=VERTEX_POINT('',#7127);
#7129=CARTESIAN_POINT('',(4.4577,6.096,2.8575));
#7130=DIRECTION('',(0.,0.,-1.));
#7131=VECTOR('',#7130,1.5875);
#7132=LINE('',#7129,#7131);
#7133=EDGE_CURVE('',#7128,#2385,#7132,.T.);
#7134=ORIENTED_EDGE('',*,*,#7133,.F.);
#7135=CARTESIAN_POINT('',(2.8702,6.096,4.445));
#7136=VERTEX_POINT('',#7135);
#7137=CARTESIAN_POINT('',(2.8702,6.096,2.8575));
#7138=DIRECTION('',(0.,-1.,0.));
#7139=DIRECTION('',(0.,0.,-1.));
#7140=AXIS2_PLACEMENT_3D('',#7137,#7138,#7139);
#7141=CIRCLE('',#7140,1.5875);
#7142=EDGE_CURVE('',#7128,#7136,#7141,.T.);
#7143=ORIENTED_EDGE('',*,*,#7142,.T.);
#7144=CARTESIAN_POINT('',(-2.8702,6.096,4.445));
#7145=VERTEX_POINT('',#7144);
#7146=CARTESIAN_POINT('',(2.8702,6.096,4.445));
#7147=DIRECTION('',(-1.,0.,0.));
#7148=VECTOR('',#7147,5.7404);
#7149=LINE('',#7146,#7148);
#7150=EDGE_CURVE('',#7136,#7145,#7149,.T.);
#7151=ORIENTED_EDGE('',*,*,#7150,.T.);
#7152=CARTESIAN_POINT('',(-2.8702,6.096,2.8575));
#7153=DIRECTION('',(0.,-1.,0.));
#7154=DIRECTION('',(0.,0.,-1.));
#7155=AXIS2_PLACEMENT_3D('',#7152,#7153,#7154);
#7156=CIRCLE('',#7155,1.5875);
#7157=EDGE_CURVE('',#7145,#7103,#7156,.T.);
#7158=ORIENTED_EDGE('',*,*,#7157,.T.);
#7159=ORIENTED_EDGE('',*,*,#7108,.T.);
#7160=ORIENTED_EDGE('',*,*,#2398,.F.);
#7161=EDGE_LOOP('',(#7134,#7143,#7151,#7158,#7159,#7160));
#7162=FACE_BOUND('',#7161,.T.);
#7163=ADVANCED_FACE('',(#7162),#7126,.T.);
#7164=OVER_RIDING_STYLED_ITEM('',(#7007),#7163,#26);
#7165=CARTESIAN_POINT('',(4.4577,9.8171,4.445));
#7166=DIRECTION('',(1.,-0.,0.));
#7167=DIRECTION('',(0.,1.,0.));
#7168=AXIS2_PLACEMENT_3D('',#7165,#7166,#7167);
#7169=PLANE('',#7168);
#7170=ORIENTED_EDGE('',*,*,#4761,.T.);
#7171=CARTESIAN_POINT('',(4.4577,11.8618,2.8575));
#7172=DIRECTION('',(-0.,-1.,0.));
#7173=VECTOR('',#7172,5.7658);
#7174=LINE('',#7171,#7173);
#7175=EDGE_CURVE('',#4749,#7128,#7174,.T.);
#7176=ORIENTED_EDGE('',*,*,#7175,.T.);
#7177=ORIENTED_EDGE('',*,*,#7133,.T.);
#7178=ORIENTED_EDGE('',*,*,#2390,.F.);
#7179=EDGE_LOOP('',(#7170,#7176,#7177,#7178));
#7180=FACE_BOUND('',#7179,.T.);
#7181=ADVANCED_FACE('',(#7180),#7169,.T.);
#7182=OVER_RIDING_STYLED_ITEM('',(#7007),#7181,#26);
#7183=CARTESIAN_POINT('',(0.,0.,4.445));
#7184=DIRECTION('',(0.,0.,1.));
#7185=DIRECTION('',(1.,0.,0.));
#7186=AXIS2_PLACEMENT_3D('',#7183,#7184,#7185);
#7187=PLANE('',#7186);
#7188=ORIENTED_EDGE('',*,*,#7150,.F.);
#7189=CARTESIAN_POINT('',(2.8702,6.096,4.445));
#7190=DIRECTION('',(0.,1.,-0.));
#7191=VECTOR('',#7190,7.4422);
#7192=LINE('',#7189,#7191);
#7193=EDGE_CURVE('',#7136,#7053,#7192,.T.);
#7194=ORIENTED_EDGE('',*,*,#7193,.T.);
#7195=ORIENTED_EDGE('',*,*,#7058,.F.);
#7196=CARTESIAN_POINT('',(-2.8702,13.5382,4.445));
#7197=DIRECTION('',(0.,-1.,-0.));
#7198=VECTOR('',#7197,7.4422);
#7199=LINE('',#7196,#7198);
#7200=EDGE_CURVE('',#7051,#7145,#7199,.T.);
#7201=ORIENTED_EDGE('',*,*,#7200,.T.);
#7202=EDGE_LOOP('',(#7188,#7194,#7195,#7201));
#7203=FACE_BOUND('',#7202,.T.);
#7204=ADVANCED_FACE('',(#7203),#7187,.T.);
#7205=OVER_RIDING_STYLED_ITEM('',(#7007),#7204,#26);
#7206=CARTESIAN_POINT('',(-2.8702,-0.,2.8575));
#7207=DIRECTION('',(0.,-1.,0.));
#7208=DIRECTION('',(1.,0.,0.));
#7209=AXIS2_PLACEMENT_3D('',#7206,#7207,#7208);
#7210=CYLINDRICAL_SURFACE('',#7209,1.5875);
#7211=ORIENTED_EDGE('',*,*,#4738,.F.);
#7212=CARTESIAN_POINT('',(-4.4577,13.5382,2.8575));
#7213=DIRECTION('',(0.,-1.,-0.));
#7214=VECTOR('',#7213,1.6764);
#7215=LINE('',#7212,#7214);
#7216=EDGE_CURVE('',#7078,#4724,#7215,.T.);
#7217=ORIENTED_EDGE('',*,*,#7216,.F.);
#7218=ORIENTED_EDGE('',*,*,#7084,.F.);
#7219=ORIENTED_EDGE('',*,*,#6982,.F.);
#7220=EDGE_LOOP('',(#7211,#7217,#7218,#7219));
#7221=FACE_BOUND('',#7220,.T.);
#7222=ADVANCED_FACE('',(#7221),#7210,.T.);
#7223=OVER_RIDING_STYLED_ITEM('',(#7007),#7222,#26);
#7224=CARTESIAN_POINT('',(2.8702,-0.,2.8575));
#7225=DIRECTION('',(0.,1.,0.));
#7226=DIRECTION('',(-1.,0.,0.));
#7227=AXIS2_PLACEMENT_3D('',#7224,#7225,#7226);
#7228=CYLINDRICAL_SURFACE('',#7227,1.5875);
#7229=ORIENTED_EDGE('',*,*,#7074,.F.);
#7230=CARTESIAN_POINT('',(4.4577,11.8618,2.8575));
#7231=DIRECTION('',(0.,1.,-0.));
#7232=VECTOR('',#7231,1.6764);
#7233=LINE('',#7230,#7232);
#7234=EDGE_CURVE('',#4749,#7061,#7233,.T.);
#7235=ORIENTED_EDGE('',*,*,#7234,.F.);
#7236=ORIENTED_EDGE('',*,*,#4755,.F.);
#7237=ORIENTED_EDGE('',*,*,#6996,.F.);
#7238=EDGE_LOOP('',(#7229,#7235,#7236,#7237));
#7239=FACE_BOUND('',#7238,.T.);
#7240=ADVANCED_FACE('',(#7239),#7228,.T.);
#7241=OVER_RIDING_STYLED_ITEM('',(#7007),#7240,#26);
#7242=CARTESIAN_POINT('',(2.8702,9.8171,2.8575));
#7243=DIRECTION('',(-0.,-1.,0.));
#7244=DIRECTION('',(1.,-0.,0.));
#7245=AXIS2_PLACEMENT_3D('',#7242,#7243,#7244);
#7246=CYLINDRICAL_SURFACE('',#7245,1.5875);
#7247=ORIENTED_EDGE('',*,*,#7067,.F.);
#7248=ORIENTED_EDGE('',*,*,#7193,.F.);
#7249=ORIENTED_EDGE('',*,*,#7142,.F.);
#7250=ORIENTED_EDGE('',*,*,#7175,.F.);
#7251=ORIENTED_EDGE('',*,*,#7234,.T.);
#7252=EDGE_LOOP('',(#7247,#7248,#7249,#7250,#7251));
#7253=FACE_BOUND('',#7252,.T.);
#7254=ADVANCED_FACE('',(#7253),#7246,.T.);
#7255=OVER_RIDING_STYLED_ITEM('',(#7007),#7254,#26);
#7256=CARTESIAN_POINT('',(-2.8702,9.8171,2.8575));
#7257=DIRECTION('',(-0.,1.,0.));
#7258=DIRECTION('',(-1.,-0.,0.));
#7259=AXIS2_PLACEMENT_3D('',#7256,#7257,#7258);
#7260=CYLINDRICAL_SURFACE('',#7259,1.5875);
#7261=ORIENTED_EDGE('',*,*,#7157,.F.);
#7262=ORIENTED_EDGE('',*,*,#7200,.F.);
#7263=ORIENTED_EDGE('',*,*,#7091,.F.);
#7264=ORIENTED_EDGE('',*,*,#7216,.T.);
#7265=ORIENTED_EDGE('',*,*,#7114,.F.);
#7266=EDGE_LOOP('',(#7261,#7262,#7263,#7264,#7265));
#7267=FACE_BOUND('',#7266,.T.);
#7268=ADVANCED_FACE('',(#7267),#7260,.T.);
#7269=OVER_RIDING_STYLED_ITEM('',(#7007),#7268,#26);
#7270=CARTESIAN_POINT('',(-2.8702,6.5928875,2.8575));
#7271=DIRECTION('',(0.,1.,0.));
#7272=DIRECTION('',(0.,-0.,1.));
#7273=AXIS2_PLACEMENT_3D('',#7270,#7271,#7272);
#7274=CYLINDRICAL_SURFACE('',#7273,0.9525);
#7275=ORIENTED_EDGE('',*,*,#7023,.T.);
#7276=CARTESIAN_POINT('',(-2.8702,6.5928875,3.81));
#7277=VERTEX_POINT('',#7276);
#7278=CARTESIAN_POINT('',(-2.8702,6.5928875,3.81));
#7279=DIRECTION('',(0.,1.,0.));
#7280=VECTOR('',#7279,6.9453125);
#7281=LINE('',#7278,#7280);
#7282=EDGE_CURVE('',#7277,#7017,#7281,.T.);
#7283=ORIENTED_EDGE('',*,*,#7282,.F.);
#7284=CARTESIAN_POINT('',(-2.8702,6.5928875,1.905));
#7285=VERTEX_POINT('',#7284);
#7286=CARTESIAN_POINT('',(-2.8702,6.5928875,2.8575));
#7287=DIRECTION('',(0.,1.,0.));
#7288=DIRECTION('',(0.,-0.,1.));
#7289=AXIS2_PLACEMENT_3D('',#7286,#7287,#7288);
#7290=CIRCLE('',#7289,0.9525);
#7291=EDGE_CURVE('',#7285,#7277,#7290,.T.);
#7292=ORIENTED_EDGE('',*,*,#7291,.F.);
#7293=CARTESIAN_POINT('',(-2.8702,6.5928875,1.905));
#7294=DIRECTION('',(0.,1.,0.));
#7295=VECTOR('',#7294,6.9453125);
#7296=LINE('',#7293,#7295);
#7297=EDGE_CURVE('',#7285,#7015,#7296,.T.);
#7298=ORIENTED_EDGE('',*,*,#7297,.T.);
#7299=EDGE_LOOP('',(#7275,#7283,#7292,#7298));
#7300=FACE_BOUND('',#7299,.T.);
#7301=ADVANCED_FACE('',(#7300),#7274,.F.);
#7302=OVER_RIDING_STYLED_ITEM('',(#5238),#7301,#26);
#7303=CARTESIAN_POINT('',(0.,6.5928875,3.81));
#7304=DIRECTION('',(0.,0.,1.));
#7305=DIRECTION('',(1.,0.,0.));
#7306=AXIS2_PLACEMENT_3D('',#7303,#7304,#7305);
#7307=PLANE('',#7306);
#7308=ORIENTED_EDGE('',*,*,#7046,.T.);
#7309=CARTESIAN_POINT('',(2.8702,6.5928875,3.81));
#7310=VERTEX_POINT('',#7309);
#7311=CARTESIAN_POINT('',(2.8702,6.5928875,3.81));
#7312=DIRECTION('',(0.,1.,0.));
#7313=VECTOR('',#7312,6.9453125);
#7314=LINE('',#7311,#7313);
#7315=EDGE_CURVE('',#7310,#7034,#7314,.T.);
#7316=ORIENTED_EDGE('',*,*,#7315,.F.);
#7317=CARTESIAN_POINT('',(-2.8702,6.5928875,3.81));
#7318=DIRECTION('',(1.,0.,-0.));
#7319=VECTOR('',#7318,5.7404);
#7320=LINE('',#7317,#7319);
#7321=EDGE_CURVE('',#7277,#7310,#7320,.T.);
#7322=ORIENTED_EDGE('',*,*,#7321,.F.);
#7323=ORIENTED_EDGE('',*,*,#7282,.T.);
#7324=EDGE_LOOP('',(#7308,#7316,#7322,#7323));
#7325=FACE_BOUND('',#7324,.T.);
#7326=ADVANCED_FACE('',(#7325),#7307,.F.);
#7327=OVER_RIDING_STYLED_ITEM('',(#5238),#7326,#26);
#7328=CARTESIAN_POINT('',(2.8702,6.5928875,2.8575));
#7329=DIRECTION('',(0.,1.,0.));
#7330=DIRECTION('',(0.,-0.,1.));
#7331=AXIS2_PLACEMENT_3D('',#7328,#7329,#7330);
#7332=CYLINDRICAL_SURFACE('',#7331,0.9525);
#7333=ORIENTED_EDGE('',*,*,#7040,.T.);
#7334=CARTESIAN_POINT('',(2.8702,6.5928875,1.905));
#7335=VERTEX_POINT('',#7334);
#7336=CARTESIAN_POINT('',(2.8702,6.5928875,1.905));
#7337=DIRECTION('',(0.,1.,0.));
#7338=VECTOR('',#7337,6.9453125);
#7339=LINE('',#7336,#7338);
#7340=EDGE_CURVE('',#7335,#7026,#7339,.T.);
#7341=ORIENTED_EDGE('',*,*,#7340,.F.);
#7342=CARTESIAN_POINT('',(2.8702,6.5928875,2.8575));
#7343=DIRECTION('',(0.,1.,0.));
#7344=DIRECTION('',(0.,-0.,1.));
#7345=AXIS2_PLACEMENT_3D('',#7342,#7343,#7344);
#7346=CIRCLE('',#7345,0.9525);
#7347=EDGE_CURVE('',#7310,#7335,#7346,.T.);
#7348=ORIENTED_EDGE('',*,*,#7347,.F.);
#7349=ORIENTED_EDGE('',*,*,#7315,.T.);
#7350=EDGE_LOOP('',(#7333,#7341,#7348,#7349));
#7351=FACE_BOUND('',#7350,.T.);
#7352=ADVANCED_FACE('',(#7351),#7332,.F.);
#7353=OVER_RIDING_STYLED_ITEM('',(#7007),#7352,#26);
#7354=CARTESIAN_POINT('',(0.,6.5928875,1.905));
#7355=DIRECTION('',(0.,0.,-1.));
#7356=DIRECTION('',(-1.,0.,0.));
#7357=AXIS2_PLACEMENT_3D('',#7354,#7355,#7356);
#7358=PLANE('',#7357);
#7359=ORIENTED_EDGE('',*,*,#7031,.T.);
#7360=ORIENTED_EDGE('',*,*,#7297,.F.);
#7361=CARTESIAN_POINT('',(2.8702,6.5928875,1.905));
#7362=DIRECTION('',(-1.,0.,0.));
#7363=VECTOR('',#7362,5.7404);
#7364=LINE('',#7361,#7363);
#7365=EDGE_CURVE('',#7335,#7285,#7364,.T.);
#7366=ORIENTED_EDGE('',*,*,#7365,.F.);
#7367=ORIENTED_EDGE('',*,*,#7340,.T.);
#7368=EDGE_LOOP('',(#7359,#7360,#7366,#7367));
#7369=FACE_BOUND('',#7368,.T.);
#7370=ADVANCED_FACE('',(#7369),#7358,.F.);
#7371=OVER_RIDING_STYLED_ITEM('',(#7007),#7370,#26);
#7372=CARTESIAN_POINT('',(-2.22885,6.5928875,4.445));
#7373=DIRECTION('',(0.,1.,0.));
#7374=DIRECTION('',(0.,0.,1.));
#7375=AXIS2_PLACEMENT_3D('',#7372,#7373,#7374);
#7376=PLANE('',#7375);
#7377=ORIENTED_EDGE('',*,*,#7291,.T.);
#7378=ORIENTED_EDGE('',*,*,#7321,.T.);
#7379=ORIENTED_EDGE('',*,*,#7347,.T.);
#7380=ORIENTED_EDGE('',*,*,#7365,.T.);
#7381=EDGE_LOOP('',(#7377,#7378,#7379,#7380));
#7382=FACE_BOUND('',#7381,.T.);
#7383=ADVANCED_FACE('',(#7382),#7376,.T.);
#7384=OVER_RIDING_STYLED_ITEM('',(#7007),#7383,#26);
#7385=CARTESIAN_POINT('',(4.4577,2.302314299,2.54));
#7386=DIRECTION('',(0.,1.,0.));
#7387=DIRECTION('',(0.,0.,1.));
#7388=AXIS2_PLACEMENT_3D('',#7385,#7386,#7387);
#7389=PLANE('',#7388);
#7390=ORIENTED_EDGE('',*,*,#3131,.T.);
#7391=CARTESIAN_POINT('',(5.9436,2.302314299,2.54));
#7392=VERTEX_POINT('',#7391);
#7393=CARTESIAN_POINT('',(5.9436,2.302314299,2.54));
#7394=DIRECTION('',(0.,0.,-1.));
#7395=VECTOR('',#7394,1.27);
#7396=LINE('',#7393,#7395);
#7397=EDGE_CURVE('',#7392,#3116,#7396,.T.);
#7398=ORIENTED_EDGE('',*,*,#7397,.F.);
#7399=CARTESIAN_POINT('',(2.9718,2.302314299,2.54));
#7400=VERTEX_POINT('',#7399);
#7401=CARTESIAN_POINT('',(2.9718,2.302314299,2.54));
#7402=DIRECTION('',(1.,0.,-0.));
#7403=VECTOR('',#7402,2.9718);
#7404=LINE('',#7401,#7403);
#7405=EDGE_CURVE('',#7400,#7392,#7404,.T.);
#7406=ORIENTED_EDGE('',*,*,#7405,.F.);
#7407=CARTESIAN_POINT('',(2.9718,2.302314299,2.54));
#7408=DIRECTION('',(0.,0.,-1.));
#7409=VECTOR('',#7408,1.27);
#7410=LINE('',#7407,#7409);
#7411=EDGE_CURVE('',#7400,#3126,#7410,.T.);
#7412=ORIENTED_EDGE('',*,*,#7411,.T.);
#7413=EDGE_LOOP('',(#7390,#7398,#7406,#7412));
#7414=FACE_BOUND('',#7413,.T.);
#7415=ADVANCED_FACE('',(#7414),#7389,.F.);
#7416=COLOUR_RGB('',0.529411793,0.529411793,0.529411793);
#7417=FILL_AREA_STYLE_COLOUR('',#7416);
#7418=FILL_AREA_STYLE('',(#7417));
#7419=SURFACE_STYLE_FILL_AREA(#7418);
#7420=SURFACE_SIDE_STYLE('',(#7419));
#7421=SURFACE_STYLE_USAGE(.BOTH.,#7420);
#7422=PRESENTATION_STYLE_ASSIGNMENT((#7421));
#7423=OVER_RIDING_STYLED_ITEM('',(#7422),#7415,#26);
#7424=CARTESIAN_POINT('',(5.9436,3.559614299,2.54));
#7425=DIRECTION('',(-1.,-0.,0.));
#7426=DIRECTION('',(0.,-1.,0.));
#7427=AXIS2_PLACEMENT_3D('',#7424,#7425,#7426);
#7428=PLANE('',#7427);
#7429=ORIENTED_EDGE('',*,*,#3123,.T.);
#7430=CARTESIAN_POINT('',(5.9436,4.816914299,2.54));
#7431=VERTEX_POINT('',#7430);
#7432=CARTESIAN_POINT('',(5.9436,4.816914299,2.54));
#7433=DIRECTION('',(0.,0.,-1.));
#7434=VECTOR('',#7433,1.27);
#7435=LINE('',#7432,#7434);
#7436=EDGE_CURVE('',#7431,#3118,#7435,.T.);
#7437=ORIENTED_EDGE('',*,*,#7436,.F.);
#7438=CARTESIAN_POINT('',(5.9436,2.302314299,2.54));
#7439=DIRECTION('',(-0.,1.,0.));
#7440=VECTOR('',#7439,2.5146);
#7441=LINE('',#7438,#7440);
#7442=EDGE_CURVE('',#7392,#7431,#7441,.T.);
#7443=ORIENTED_EDGE('',*,*,#7442,.F.);
#7444=ORIENTED_EDGE('',*,*,#7397,.T.);
#7445=EDGE_LOOP('',(#7429,#7437,#7443,#7444));
#7446=FACE_BOUND('',#7445,.T.);
#7447=ADVANCED_FACE('',(#7446),#7428,.F.);
#7448=OVER_RIDING_STYLED_ITEM('',(#7422),#7447,#26);
#7449=CARTESIAN_POINT('',(4.4577,4.816914299,2.54));
#7450=DIRECTION('',(0.,-1.,0.));
#7451=DIRECTION('',(0.,0.,-1.));
#7452=AXIS2_PLACEMENT_3D('',#7449,#7450,#7451);
#7453=PLANE('',#7452);
#7454=ORIENTED_EDGE('',*,*,#3145,.T.);
#7455=CARTESIAN_POINT('',(2.9718,4.816914299,2.54));
#7456=VERTEX_POINT('',#7455);
#7457=CARTESIAN_POINT('',(2.9718,4.816914299,2.54));
#7458=DIRECTION('',(0.,0.,-1.));
#7459=VECTOR('',#7458,1.27);
#7460=LINE('',#7457,#7459);
#7461=EDGE_CURVE('',#7456,#3134,#7460,.T.);
#7462=ORIENTED_EDGE('',*,*,#7461,.F.);
#7463=CARTESIAN_POINT('',(5.9436,4.816914299,2.54));
#7464=DIRECTION('',(-1.,0.,0.));
#7465=VECTOR('',#7464,2.9718);
#7466=LINE('',#7463,#7465);
#7467=EDGE_CURVE('',#7431,#7456,#7466,.T.);
#7468=ORIENTED_EDGE('',*,*,#7467,.F.);
#7469=ORIENTED_EDGE('',*,*,#7436,.T.);
#7470=EDGE_LOOP('',(#7454,#7462,#7468,#7469));
#7471=FACE_BOUND('',#7470,.T.);
#7472=ADVANCED_FACE('',(#7471),#7453,.F.);
#7473=OVER_RIDING_STYLED_ITEM('',(#7422),#7472,#26);
#7474=CARTESIAN_POINT('',(2.9718,3.559614299,2.54));
#7475=DIRECTION('',(1.,0.,0.));
#7476=DIRECTION('',(-0.,1.,0.));
#7477=AXIS2_PLACEMENT_3D('',#7474,#7475,#7476);
#7478=PLANE('',#7477);
#7479=ORIENTED_EDGE('',*,*,#3139,.T.);
#7480=ORIENTED_EDGE('',*,*,#7411,.F.);
#7481=CARTESIAN_POINT('',(2.9718,4.816914299,2.54));
#7482=DIRECTION('',(0.,-1.,0.));
#7483=VECTOR('',#7482,2.5146);
#7484=LINE('',#7481,#7483);
#7485=EDGE_CURVE('',#7456,#7400,#7484,.T.);
#7486=ORIENTED_EDGE('',*,*,#7485,.F.);
#7487=ORIENTED_EDGE('',*,*,#7461,.T.);
#7488=EDGE_LOOP('',(#7479,#7480,#7486,#7487));
#7489=FACE_BOUND('',#7488,.T.);
#7490=ADVANCED_FACE('',(#7489),#7478,.F.);
#7491=OVER_RIDING_STYLED_ITEM('',(#7422),#7490,#26);
#7492=CARTESIAN_POINT('',(0.,0.,2.54));
#7493=DIRECTION('',(0.,0.,1.));
#7494=DIRECTION('',(1.,0.,0.));
#7495=AXIS2_PLACEMENT_3D('',#7492,#7493,#7494);
#7496=PLANE('',#7495);
#7497=CARTESIAN_POINT('',(3.8227,3.559614299,2.54));
#7498=VERTEX_POINT('',#7497);
#7499=CARTESIAN_POINT('',(5.0927,3.559614299,2.54));
#7500=VERTEX_POINT('',#7499);
#7501=CARTESIAN_POINT('',(4.4577,3.559614299,2.54));
#7502=DIRECTION('',(0.,0.,1.));
#7503=DIRECTION('',(1.,0.,-0.));
#7504=AXIS2_PLACEMENT_3D('',#7501,#7502,#7503);
#7505=CIRCLE('',#7504,0.635);
#7506=EDGE_CURVE('',#7498,#7500,#7505,.T.);
#7507=ORIENTED_EDGE('',*,*,#7506,.F.);
#7508=CARTESIAN_POINT('',(4.4577,3.559614299,2.54));
#7509=DIRECTION('',(0.,0.,1.));
#7510=DIRECTION('',(1.,0.,-0.));
#7511=AXIS2_PLACEMENT_3D('',#7508,#7509,#7510);
#7512=CIRCLE('',#7511,0.635);
#7513=EDGE_CURVE('',#7500,#7498,#7512,.T.);
#7514=ORIENTED_EDGE('',*,*,#7513,.F.);
#7515=EDGE_LOOP('',(#7507,#7514));
#7516=FACE_BOUND('',#7515,.T.);
#7517=ORIENTED_EDGE('',*,*,#7405,.T.);
#7518=ORIENTED_EDGE('',*,*,#7442,.T.);
#7519=ORIENTED_EDGE('',*,*,#7467,.T.);
#7520=ORIENTED_EDGE('',*,*,#7485,.T.);
#7521=EDGE_LOOP('',(#7517,#7518,#7519,#7520));
#7522=FACE_BOUND('',#7521,.T.);
#7523=ADVANCED_FACE('',(#7516,#7522),#7496,.T.);
#7524=OVER_RIDING_STYLED_ITEM('',(#7422),#7523,#26);
#7525=CARTESIAN_POINT('',(-2.9718,3.559614299,2.54));
#7526=DIRECTION('',(1.,0.,0.));
#7527=DIRECTION('',(-0.,1.,0.));
#7528=AXIS2_PLACEMENT_3D('',#7525,#7526,#7527);
#7529=PLANE('',#7528);
#7530=ORIENTED_EDGE('',*,*,#2348,.F.);
#7531=CARTESIAN_POINT('',(-2.9718,4.816914299,2.54));
#7532=VERTEX_POINT('',#7531);
#7533=CARTESIAN_POINT('',(-2.9718,4.816914299,2.54));
#7534=DIRECTION('',(0.,0.,-1.));
#7535=VECTOR('',#7534,1.27);
#7536=LINE('',#7533,#7535);
#7537=EDGE_CURVE('',#7532,#2341,#7536,.T.);
#7538=ORIENTED_EDGE('',*,*,#7537,.F.);
#7539=CARTESIAN_POINT('',(-2.9718,2.302314299,2.54));
#7540=VERTEX_POINT('',#7539);
#7541=CARTESIAN_POINT('',(-2.9718,4.816914299,2.54));
#7542=DIRECTION('',(0.,-1.,0.));
#7543=VECTOR('',#7542,2.5146);
#7544=LINE('',#7541,#7543);
#7545=EDGE_CURVE('',#7532,#7540,#7544,.T.);
#7546=ORIENTED_EDGE('',*,*,#7545,.T.);
#7547=CARTESIAN_POINT('',(-2.9718,2.302314299,2.54));
#7548=DIRECTION('',(0.,0.,-1.));
#7549=VECTOR('',#7548,1.27);
#7550=LINE('',#7547,#7549);
#7551=EDGE_CURVE('',#7540,#2343,#7550,.T.);
#7552=ORIENTED_EDGE('',*,*,#7551,.T.);
#7553=EDGE_LOOP('',(#7530,#7538,#7546,#7552));
#7554=FACE_BOUND('',#7553,.T.);
#7555=ADVANCED_FACE('',(#7554),#7529,.T.);
#7556=OVER_RIDING_STYLED_ITEM('',(#7422),#7555,#26);
#7557=CARTESIAN_POINT('',(-4.4577,4.816914299,2.54));
#7558=DIRECTION('',(0.,1.,0.));
#7559=DIRECTION('',(-1.,0.,0.));
#7560=AXIS2_PLACEMENT_3D('',#7557,#7558,#7559);
#7561=PLANE('',#7560);
#7562=ORIENTED_EDGE('',*,*,#2370,.F.);
#7563=CARTESIAN_POINT('',(-5.9436,4.816914299,2.54));
#7564=VERTEX_POINT('',#7563);
#7565=CARTESIAN_POINT('',(-5.9436,4.816914299,2.54));
#7566=DIRECTION('',(0.,0.,-1.));
#7567=VECTOR('',#7566,1.27);
#7568=LINE('',#7565,#7567);
#7569=EDGE_CURVE('',#7564,#2359,#7568,.T.);
#7570=ORIENTED_EDGE('',*,*,#7569,.F.);
#7571=CARTESIAN_POINT('',(-5.9436,4.816914299,2.54));
#7572=DIRECTION('',(1.,-0.,0.));
#7573=VECTOR('',#7572,2.9718);
#7574=LINE('',#7571,#7573);
#7575=EDGE_CURVE('',#7564,#7532,#7574,.T.);
#7576=ORIENTED_EDGE('',*,*,#7575,.T.);
#7577=ORIENTED_EDGE('',*,*,#7537,.T.);
#7578=EDGE_LOOP('',(#7562,#7570,#7576,#7577));
#7579=FACE_BOUND('',#7578,.T.);
#7580=ADVANCED_FACE('',(#7579),#7561,.T.);
#7581=OVER_RIDING_STYLED_ITEM('',(#7422),#7580,#26);
#7582=CARTESIAN_POINT('',(-5.9436,3.559614299,2.54));
#7583=DIRECTION('',(-1.,-0.,0.));
#7584=DIRECTION('',(0.,-1.,0.));
#7585=AXIS2_PLACEMENT_3D('',#7582,#7583,#7584);
#7586=PLANE('',#7585);
#7587=ORIENTED_EDGE('',*,*,#2364,.F.);
#7588=CARTESIAN_POINT('',(-5.9436,2.302314299,2.54));
#7589=VERTEX_POINT('',#7588);
#7590=CARTESIAN_POINT('',(-5.9436,2.302314299,2.54));
#7591=DIRECTION('',(0.,0.,-1.));
#7592=VECTOR('',#7591,1.27);
#7593=LINE('',#7590,#7592);
#7594=EDGE_CURVE('',#7589,#2351,#7593,.T.);
#7595=ORIENTED_EDGE('',*,*,#7594,.F.);
#7596=CARTESIAN_POINT('',(-5.9436,2.302314299,2.54));
#7597=DIRECTION('',(-0.,1.,0.));
#7598=VECTOR('',#7597,2.5146);
#7599=LINE('',#7596,#7598);
#7600=EDGE_CURVE('',#7589,#7564,#7599,.T.);
#7601=ORIENTED_EDGE('',*,*,#7600,.T.);
#7602=ORIENTED_EDGE('',*,*,#7569,.T.);
#7603=EDGE_LOOP('',(#7587,#7595,#7601,#7602));
#7604=FACE_BOUND('',#7603,.T.);
#7605=ADVANCED_FACE('',(#7604),#7586,.T.);
#7606=OVER_RIDING_STYLED_ITEM('',(#7422),#7605,#26);
#7607=CARTESIAN_POINT('',(-4.4577,2.302314299,2.54));
#7608=DIRECTION('',(0.,-1.,0.));
#7609=DIRECTION('',(0.,0.,-1.));
#7610=AXIS2_PLACEMENT_3D('',#7607,#7608,#7609);
#7611=PLANE('',#7610);
#7612=ORIENTED_EDGE('',*,*,#2356,.F.);
#7613=ORIENTED_EDGE('',*,*,#7551,.F.);
#7614=CARTESIAN_POINT('',(-2.9718,2.302314299,2.54));
#7615=DIRECTION('',(-1.,0.,0.));
#7616=VECTOR('',#7615,2.9718);
#7617=LINE('',#7614,#7616);
#7618=EDGE_CURVE('',#7540,#7589,#7617,.T.);
#7619=ORIENTED_EDGE('',*,*,#7618,.T.);
#7620=ORIENTED_EDGE('',*,*,#7594,.T.);
#7621=EDGE_LOOP('',(#7612,#7613,#7619,#7620));
#7622=FACE_BOUND('',#7621,.T.);
#7623=ADVANCED_FACE('',(#7622),#7611,.T.);
#7624=OVER_RIDING_STYLED_ITEM('',(#7422),#7623,#26);
#7625=CARTESIAN_POINT('',(0.,0.,2.54));
#7626=DIRECTION('',(0.,0.,1.));
#7627=DIRECTION('',(1.,0.,0.));
#7628=AXIS2_PLACEMENT_3D('',#7625,#7626,#7627);
#7629=PLANE('',#7628);
#7630=CARTESIAN_POINT('',(-5.0927,3.559614299,2.54));
#7631=VERTEX_POINT('',#7630);
#7632=CARTESIAN_POINT('',(-3.8227,3.559614299,2.54));
#7633=VERTEX_POINT('',#7632);
#7634=CARTESIAN_POINT('',(-4.4577,3.559614299,2.54));
#7635=DIRECTION('',(0.,0.,1.));
#7636=DIRECTION('',(1.,0.,-0.));
#7637=AXIS2_PLACEMENT_3D('',#7634,#7635,#7636);
#7638=CIRCLE('',#7637,0.635);
#7639=EDGE_CURVE('',#7631,#7633,#7638,.T.);
#7640=ORIENTED_EDGE('',*,*,#7639,.F.);
#7641=CARTESIAN_POINT('',(-4.4577,3.559614299,2.54));
#7642=DIRECTION('',(0.,0.,1.));
#7643=DIRECTION('',(1.,0.,-0.));
#7644=AXIS2_PLACEMENT_3D('',#7641,#7642,#7643);
#7645=CIRCLE('',#7644,0.635);
#7646=EDGE_CURVE('',#7633,#7631,#7645,.T.);
#7647=ORIENTED_EDGE('',*,*,#7646,.F.);
#7648=EDGE_LOOP('',(#7640,#7647));
#7649=FACE_BOUND('',#7648,.T.);
#7650=ORIENTED_EDGE('',*,*,#7545,.F.);
#7651=ORIENTED_EDGE('',*,*,#7575,.F.);
#7652=ORIENTED_EDGE('',*,*,#7600,.F.);
#7653=ORIENTED_EDGE('',*,*,#7618,.F.);
#7654=EDGE_LOOP('',(#7650,#7651,#7652,#7653));
#7655=FACE_BOUND('',#7654,.T.);
#7656=ADVANCED_FACE('',(#7649,#7655),#7629,.T.);
#7657=OVER_RIDING_STYLED_ITEM('',(#7422),#7656,#26);
#7658=CARTESIAN_POINT('',(-4.4577,3.559614299,3.175));
#7659=DIRECTION('',(0.,0.,-1.));
#7660=DIRECTION('',(-1.,0.,0.));
#7661=AXIS2_PLACEMENT_3D('',#7658,#7659,#7660);
#7662=CYLINDRICAL_SURFACE('',#7661,0.635);
#7663=CARTESIAN_POINT('',(-5.0927,3.559614299,3.175));
#7664=VERTEX_POINT('',#7663);
#7665=CARTESIAN_POINT('',(-5.0927,3.559614299,2.54));
#7666=DIRECTION('',(-0.,-0.,1.));
#7667=VECTOR('',#7666,0.635);
#7668=LINE('',#7665,#7667);
#7669=EDGE_CURVE('',#7631,#7664,#7668,.T.);
#7670=ORIENTED_EDGE('',*,*,#7669,.T.);
#7671=CARTESIAN_POINT('',(-3.8227,3.559614299,3.175));
#7672=VERTEX_POINT('',#7671);
#7673=CARTESIAN_POINT('',(-4.4577,3.559614299,3.175));
#7674=DIRECTION('',(0.,0.,1.));
#7675=DIRECTION('',(1.,0.,-0.));
#7676=AXIS2_PLACEMENT_3D('',#7673,#7674,#7675);
#7677=CIRCLE('',#7676,0.635);
#7678=EDGE_CURVE('',#7672,#7664,#7677,.T.);
#7679=ORIENTED_EDGE('',*,*,#7678,.F.);
#7680=CARTESIAN_POINT('',(-4.4577,3.559614299,3.175));
#7681=DIRECTION('',(0.,0.,1.));
#7682=DIRECTION('',(1.,0.,-0.));
#7683=AXIS2_PLACEMENT_3D('',#7680,#7681,#7682);
#7684=CIRCLE('',#7683,0.635);
#7685=EDGE_CURVE('',#7664,#7672,#7684,.T.);
#7686=ORIENTED_EDGE('',*,*,#7685,.F.);
#7687=ORIENTED_EDGE('',*,*,#7669,.F.);
#7688=ORIENTED_EDGE('',*,*,#7639,.T.);
#7689=ORIENTED_EDGE('',*,*,#7646,.T.);
#7690=EDGE_LOOP('',(#7670,#7679,#7686,#7687,#7688,#7689));
#7691=FACE_BOUND('',#7690,.T.);
#7692=ADVANCED_FACE('',(#7691),#7662,.T.);
#7693=DRAUGHTING_PRE_DEFINED_COLOUR('black');
#7694=FILL_AREA_STYLE_COLOUR('',#7693);
#7695=FILL_AREA_STYLE('',(#7694));
#7696=SURFACE_STYLE_FILL_AREA(#7695);
#7697=SURFACE_SIDE_STYLE('',(#7696));
#7698=SURFACE_STYLE_USAGE(.BOTH.,#7697);
#7699=PRESENTATION_STYLE_ASSIGNMENT((#7698));
#7700=OVER_RIDING_STYLED_ITEM('',(#7699),#7692,#26);
#7701=CARTESIAN_POINT('',(0.,0.,3.175));
#7702=DIRECTION('',(0.,0.,1.));
#7703=DIRECTION('',(1.,0.,0.));
#7704=AXIS2_PLACEMENT_3D('',#7701,#7702,#7703);
#7705=PLANE('',#7704);
#7706=ORIENTED_EDGE('',*,*,#7678,.T.);
#7707=ORIENTED_EDGE('',*,*,#7685,.T.);
#7708=EDGE_LOOP('',(#7706,#7707));
#7709=FACE_BOUND('',#7708,.T.);
#7710=ADVANCED_FACE('',(#7709),#7705,.T.);
#7711=OVER_RIDING_STYLED_ITEM('',(#7699),#7710,#26);
#7712=CARTESIAN_POINT('',(4.4577,3.559614299,3.175));
#7713=DIRECTION('',(0.,0.,-1.));
#7714=DIRECTION('',(-1.,0.,0.));
#7715=AXIS2_PLACEMENT_3D('',#7712,#7713,#7714);
#7716=CYLINDRICAL_SURFACE('',#7715,0.635);
#7717=CARTESIAN_POINT('',(3.8227,3.559614299,3.175));
#7718=VERTEX_POINT('',#7717);
#7719=CARTESIAN_POINT('',(3.8227,3.559614299,2.54));
#7720=DIRECTION('',(-0.,-0.,1.));
#7721=VECTOR('',#7720,0.635);
#7722=LINE('',#7719,#7721);
#7723=EDGE_CURVE('',#7498,#7718,#7722,.T.);
#7724=ORIENTED_EDGE('',*,*,#7723,.T.);
#7725=CARTESIAN_POINT('',(5.0927,3.559614299,3.175));
#7726=VERTEX_POINT('',#7725);
#7727=CARTESIAN_POINT('',(4.4577,3.559614299,3.175));
#7728=DIRECTION('',(0.,0.,1.));
#7729=DIRECTION('',(1.,0.,-0.));
#7730=AXIS2_PLACEMENT_3D('',#7727,#7728,#7729);
#7731=CIRCLE('',#7730,0.635);
#7732=EDGE_CURVE('',#7726,#7718,#7731,.T.);
#7733=ORIENTED_EDGE('',*,*,#7732,.F.);
#7734=CARTESIAN_POINT('',(4.4577,3.559614299,3.175));
#7735=DIRECTION('',(0.,0.,1.));
#7736=DIRECTION('',(1.,0.,-0.));
#7737=AXIS2_PLACEMENT_3D('',#7734,#7735,#7736);
#7738=CIRCLE('',#7737,0.635);
#7739=EDGE_CURVE('',#7718,#7726,#7738,.T.);
#7740=ORIENTED_EDGE('',*,*,#7739,.F.);
#7741=ORIENTED_EDGE('',*,*,#7723,.F.);
#7742=ORIENTED_EDGE('',*,*,#7506,.T.);
#7743=ORIENTED_EDGE('',*,*,#7513,.T.);
#7744=EDGE_LOOP('',(#7724,#7733,#7740,#7741,#7742,#7743));
#7745=FACE_BOUND('',#7744,.T.);
#7746=ADVANCED_FACE('',(#7745),#7716,.T.);
#7747=OVER_RIDING_STYLED_ITEM('',(#7699),#7746,#26);
#7748=CARTESIAN_POINT('',(0.,0.,3.175));
#7749=DIRECTION('',(0.,0.,1.));
#7750=DIRECTION('',(1.,0.,0.));
#7751=AXIS2_PLACEMENT_3D('',#7748,#7749,#7750);
#7752=PLANE('',#7751);
#7753=ORIENTED_EDGE('',*,*,#7732,.T.);
#7754=ORIENTED_EDGE('',*,*,#7739,.T.);
#7755=EDGE_LOOP('',(#7753,#7754));
#7756=FACE_BOUND('',#7755,.T.);
#7757=ADVANCED_FACE('',(#7756),#7752,.T.);
#7758=OVER_RIDING_STYLED_ITEM('',(#7699),#7757,#26);
#7759=CARTESIAN_POINT('',(2.469570433,-5.352470433,2.54));
#7760=DIRECTION('',(-0.707106781,0.707106781,0.));
#7761=DIRECTION('',(-0.707106781,-0.707106781,0.));
#7762=AXIS2_PLACEMENT_3D('',#7759,#7760,#7761);
#7763=PLANE('',#7762);
#7764=ORIENTED_EDGE('',*,*,#3165,.T.);
#7765=CARTESIAN_POINT('',(4.939140867,-2.8829,2.54));
#7766=VERTEX_POINT('',#7765);
#7767=CARTESIAN_POINT('',(4.939140867,-2.8829,2.54));
#7768=DIRECTION('',(0.,0.,-1.));
#7769=VECTOR('',#7768,1.27);
#7770=LINE('',#7767,#7769);
#7771=EDGE_CURVE('',#7766,#3150,#7770,.T.);
#7772=ORIENTED_EDGE('',*,*,#7771,.F.);
#7773=CARTESIAN_POINT('',(0.,-7.822040867,2.54));
#7774=VERTEX_POINT('',#7773);
#7775=CARTESIAN_POINT('',(0.,-7.822040867,2.54));
#7776=DIRECTION('',(0.707106781,0.707106781,0.));
#7777=VECTOR('',#7776,6.985);
#7778=LINE('',#7775,#7777);
#7779=EDGE_CURVE('',#7774,#7766,#7778,.T.);
#7780=ORIENTED_EDGE('',*,*,#7779,.F.);
#7781=CARTESIAN_POINT('',(0.,-7.822040867,2.54));
#7782=DIRECTION('',(0.,0.,-1.));
#7783=VECTOR('',#7782,1.27);
#7784=LINE('',#7781,#7783);
#7785=EDGE_CURVE('',#7774,#3160,#7784,.T.);
#7786=ORIENTED_EDGE('',*,*,#7785,.T.);
#7787=EDGE_LOOP('',(#7764,#7772,#7780,#7786));
#7788=FACE_BOUND('',#7787,.T.);
#7789=ADVANCED_FACE('',(#7788),#7763,.F.);
#7790=COLOUR_RGB('',0.250980407,0.243137255,0.243137255);
#7791=FILL_AREA_STYLE_COLOUR('',#7790);
#7792=FILL_AREA_STYLE('',(#7791));
#7793=SURFACE_STYLE_FILL_AREA(#7792);
#7794=SURFACE_SIDE_STYLE('',(#7793));
#7795=SURFACE_STYLE_USAGE(.BOTH.,#7794);
#7796=PRESENTATION_STYLE_ASSIGNMENT((#7795));
#7797=OVER_RIDING_STYLED_ITEM('',(#7796),#7789,#26);
#7798=CARTESIAN_POINT('',(2.469570433,-0.413329567,2.54));
#7799=DIRECTION('',(-0.707106781,-0.707106781,0.));
#7800=DIRECTION('',(0.707106781,-0.707106781,0.));
#7801=AXIS2_PLACEMENT_3D('',#7798,#7799,#7800);
#7802=PLANE('',#7801);
#7803=ORIENTED_EDGE('',*,*,#3157,.T.);
#7804=CARTESIAN_POINT('',(-0.,2.056240867,2.54));
#7805=VERTEX_POINT('',#7804);
#7806=CARTESIAN_POINT('',(-0.,2.056240867,2.54));
#7807=DIRECTION('',(0.,0.,-1.));
#7808=VECTOR('',#7807,1.27);
#7809=LINE('',#7806,#7808);
#7810=EDGE_CURVE('',#7805,#3152,#7809,.T.);
#7811=ORIENTED_EDGE('',*,*,#7810,.F.);
#7812=CARTESIAN_POINT('',(4.939140867,-2.8829,2.54));
#7813=DIRECTION('',(-0.707106781,0.707106781,0.));
#7814=VECTOR('',#7813,6.985);
#7815=LINE('',#7812,#7814);
#7816=EDGE_CURVE('',#7766,#7805,#7815,.T.);
#7817=ORIENTED_EDGE('',*,*,#7816,.F.);
#7818=ORIENTED_EDGE('',*,*,#7771,.T.);
#7819=EDGE_LOOP('',(#7803,#7811,#7817,#7818));
#7820=FACE_BOUND('',#7819,.T.);
#7821=ADVANCED_FACE('',(#7820),#7802,.F.);
#7822=OVER_RIDING_STYLED_ITEM('',(#7796),#7821,#26);
#7823=CARTESIAN_POINT('',(-2.469570433,-0.413329567,2.54));
#7824=DIRECTION('',(0.707106781,-0.707106781,0.));
#7825=DIRECTION('',(0.707106781,0.707106781,0.));
#7826=AXIS2_PLACEMENT_3D('',#7823,#7824,#7825);
#7827=PLANE('',#7826);
#7828=ORIENTED_EDGE('',*,*,#3179,.T.);
#7829=CARTESIAN_POINT('',(-4.939140867,-2.8829,2.54));
#7830=VERTEX_POINT('',#7829);
#7831=CARTESIAN_POINT('',(-4.939140867,-2.8829,2.54));
#7832=DIRECTION('',(0.,0.,-1.));
#7833=VECTOR('',#7832,1.27);
#7834=LINE('',#7831,#7833);
#7835=EDGE_CURVE('',#7830,#3168,#7834,.T.);
#7836=ORIENTED_EDGE('',*,*,#7835,.F.);
#7837=CARTESIAN_POINT('',(0.,2.056240867,2.54));
#7838=DIRECTION('',(-0.707106781,-0.707106781,0.));
#7839=VECTOR('',#7838,6.985);
#7840=LINE('',#7837,#7839);
#7841=EDGE_CURVE('',#7805,#7830,#7840,.T.);
#7842=ORIENTED_EDGE('',*,*,#7841,.F.);
#7843=ORIENTED_EDGE('',*,*,#7810,.T.);
#7844=EDGE_LOOP('',(#7828,#7836,#7842,#7843));
#7845=FACE_BOUND('',#7844,.T.);
#7846=ADVANCED_FACE('',(#7845),#7827,.F.);
#7847=OVER_RIDING_STYLED_ITEM('',(#7796),#7846,#26);
#7848=CARTESIAN_POINT('',(-2.469570433,-5.352470433,2.54));
#7849=DIRECTION('',(0.707106781,0.707106781,0.));
#7850=DIRECTION('',(-0.707106781,0.707106781,0.));
#7851=AXIS2_PLACEMENT_3D('',#7848,#7849,#7850);
#7852=PLANE('',#7851);
#7853=ORIENTED_EDGE('',*,*,#3173,.T.);
#7854=ORIENTED_EDGE('',*,*,#7785,.F.);
#7855=CARTESIAN_POINT('',(-4.939140867,-2.8829,2.54));
#7856=DIRECTION('',(0.707106781,-0.707106781,0.));
#7857=VECTOR('',#7856,6.985);
#7858=LINE('',#7855,#7857);
#7859=EDGE_CURVE('',#7830,#7774,#7858,.T.);
#7860=ORIENTED_EDGE('',*,*,#7859,.F.);
#7861=ORIENTED_EDGE('',*,*,#7835,.T.);
#7862=EDGE_LOOP('',(#7853,#7854,#7860,#7861));
#7863=FACE_BOUND('',#7862,.T.);
#7864=ADVANCED_FACE('',(#7863),#7852,.F.);
#7865=OVER_RIDING_STYLED_ITEM('',(#7796),#7864,#26);
#7866=CARTESIAN_POINT('',(0.,0.,2.54));
#7867=DIRECTION('',(0.,0.,1.));
#7868=DIRECTION('',(1.,0.,0.));
#7869=AXIS2_PLACEMENT_3D('',#7866,#7867,#7868);
#7870=PLANE('',#7869);
#7871=ORIENTED_EDGE('',*,*,#7779,.T.);
#7872=ORIENTED_EDGE('',*,*,#7816,.T.);
#7873=ORIENTED_EDGE('',*,*,#7841,.T.);
#7874=ORIENTED_EDGE('',*,*,#7859,.T.);
#7875=EDGE_LOOP('',(#7871,#7872,#7873,#7874));
#7876=FACE_BOUND('',#7875,.T.);
#7877=ADVANCED_FACE('',(#7876),#7870,.T.);
#7878=OVER_RIDING_STYLED_ITEM('',(#7796),#7877,#26);
#7879=CARTESIAN_POINT('',(-2.794,-11.43,2.54));
#7880=DIRECTION('',(0.,1.,0.));
#7881=DIRECTION('',(0.,0.,1.));
#7882=AXIS2_PLACEMENT_3D('',#7879,#7880,#7881);
#7883=PLANE('',#7882);
#7884=ORIENTED_EDGE('',*,*,#3199,.T.);
#7885=CARTESIAN_POINT('',(-0.0254,-11.43,2.54));
#7886=VERTEX_POINT('',#7885);
#7887=CARTESIAN_POINT('',(-0.0254,-11.43,2.54));
#7888=DIRECTION('',(0.,0.,-1.));
#7889=VECTOR('',#7888,1.27);
#7890=LINE('',#7887,#7889);
#7891=EDGE_CURVE('',#7886,#3184,#7890,.T.);
#7892=ORIENTED_EDGE('',*,*,#7891,.F.);
#7893=CARTESIAN_POINT('',(-5.5626,-11.43,2.54));
#7894=VERTEX_POINT('',#7893);
#7895=CARTESIAN_POINT('',(-5.5626,-11.43,2.54));
#7896=DIRECTION('',(1.,0.,-0.));
#7897=VECTOR('',#7896,5.5372);
#7898=LINE('',#7895,#7897);
#7899=EDGE_CURVE('',#7894,#7886,#7898,.T.);
#7900=ORIENTED_EDGE('',*,*,#7899,.F.);
#7901=CARTESIAN_POINT('',(-5.5626,-11.43,2.54));
#7902=DIRECTION('',(0.,0.,-1.));
#7903=VECTOR('',#7902,1.27);
#7904=LINE('',#7901,#7903);
#7905=EDGE_CURVE('',#7894,#3194,#7904,.T.);
#7906=ORIENTED_EDGE('',*,*,#7905,.T.);
#7907=EDGE_LOOP('',(#7884,#7892,#7900,#7906));
#7908=FACE_BOUND('',#7907,.T.);
#7909=ADVANCED_FACE('',(#7908),#7883,.F.);
#7910=COLOUR_RGB('',0.772549033,0.145098045,0.145098045);
#7911=FILL_AREA_STYLE_COLOUR('',#7910);
#7912=FILL_AREA_STYLE('',(#7911));
#7913=SURFACE_STYLE_FILL_AREA(#7912);
#7914=SURFACE_SIDE_STYLE('',(#7913));
#7915=SURFACE_STYLE_USAGE(.BOTH.,#7914);
#7916=PRESENTATION_STYLE_ASSIGNMENT((#7915));
#7917=OVER_RIDING_STYLED_ITEM('',(#7916),#7909,#26);
#7918=CARTESIAN_POINT('',(-0.0254,-10.414,2.54));
#7919=DIRECTION('',(-1.,-0.,0.));
#7920=DIRECTION('',(0.,-1.,0.));
#7921=AXIS2_PLACEMENT_3D('',#7918,#7919,#7920);
#7922=PLANE('',#7921);
#7923=ORIENTED_EDGE('',*,*,#3191,.T.);
#7924=CARTESIAN_POINT('',(-0.0254,-9.398,2.54));
#7925=VERTEX_POINT('',#7924);
#7926=CARTESIAN_POINT('',(-0.0254,-9.398,2.54));
#7927=DIRECTION('',(0.,0.,-1.));
#7928=VECTOR('',#7927,1.27);
#7929=LINE('',#7926,#7928);
#7930=EDGE_CURVE('',#7925,#3186,#7929,.T.);
#7931=ORIENTED_EDGE('',*,*,#7930,.F.);
#7932=CARTESIAN_POINT('',(-0.0254,-11.43,2.54));
#7933=DIRECTION('',(-0.,1.,0.));
#7934=VECTOR('',#7933,2.032);
#7935=LINE('',#7932,#7934);
#7936=EDGE_CURVE('',#7886,#7925,#7935,.T.);
#7937=ORIENTED_EDGE('',*,*,#7936,.F.);
#7938=ORIENTED_EDGE('',*,*,#7891,.T.);
#7939=EDGE_LOOP('',(#7923,#7931,#7937,#7938));
#7940=FACE_BOUND('',#7939,.T.);
#7941=ADVANCED_FACE('',(#7940),#7922,.F.);
#7942=OVER_RIDING_STYLED_ITEM('',(#7916),#7941,#26);
#7943=CARTESIAN_POINT('',(-2.794,-9.398,2.54));
#7944=DIRECTION('',(0.,-1.,0.));
#7945=DIRECTION('',(0.,0.,-1.));
#7946=AXIS2_PLACEMENT_3D('',#7943,#7944,#7945);
#7947=PLANE('',#7946);
#7948=ORIENTED_EDGE('',*,*,#3213,.T.);
#7949=CARTESIAN_POINT('',(-5.5626,-9.398,2.54));
#7950=VERTEX_POINT('',#7949);
#7951=CARTESIAN_POINT('',(-5.5626,-9.398,2.54));
#7952=DIRECTION('',(0.,0.,-1.));
#7953=VECTOR('',#7952,1.27);
#7954=LINE('',#7951,#7953);
#7955=EDGE_CURVE('',#7950,#3202,#7954,.T.);
#7956=ORIENTED_EDGE('',*,*,#7955,.F.);
#7957=CARTESIAN_POINT('',(-0.0254,-9.398,2.54));
#7958=DIRECTION('',(-1.,0.,0.));
#7959=VECTOR('',#7958,5.5372);
#7960=LINE('',#7957,#7959);
#7961=EDGE_CURVE('',#7925,#7950,#7960,.T.);
#7962=ORIENTED_EDGE('',*,*,#7961,.F.);
#7963=ORIENTED_EDGE('',*,*,#7930,.T.);
#7964=EDGE_LOOP('',(#7948,#7956,#7962,#7963));
#7965=FACE_BOUND('',#7964,.T.);
#7966=ADVANCED_FACE('',(#7965),#7947,.F.);
#7967=OVER_RIDING_STYLED_ITEM('',(#7916),#7966,#26);
#7968=CARTESIAN_POINT('',(-5.5626,-10.414,2.54));
#7969=DIRECTION('',(1.,0.,0.));
#7970=DIRECTION('',(-0.,1.,0.));
#7971=AXIS2_PLACEMENT_3D('',#7968,#7969,#7970);
#7972=PLANE('',#7971);
#7973=ORIENTED_EDGE('',*,*,#3207,.T.);
#7974=ORIENTED_EDGE('',*,*,#7905,.F.);
#7975=CARTESIAN_POINT('',(-5.5626,-9.398,2.54));
#7976=DIRECTION('',(0.,-1.,0.));
#7977=VECTOR('',#7976,2.032);
#7978=LINE('',#7975,#7977);
#7979=EDGE_CURVE('',#7950,#7894,#7978,.T.);
#7980=ORIENTED_EDGE('',*,*,#7979,.F.);
#7981=ORIENTED_EDGE('',*,*,#7955,.T.);
#7982=EDGE_LOOP('',(#7973,#7974,#7980,#7981));
#7983=FACE_BOUND('',#7982,.T.);
#7984=ADVANCED_FACE('',(#7983),#7972,.F.);
#7985=OVER_RIDING_STYLED_ITEM('',(#7916),#7984,#26);
#7986=CARTESIAN_POINT('',(0.,0.,2.54));
#7987=DIRECTION('',(0.,0.,1.));
#7988=DIRECTION('',(1.,0.,0.));
#7989=AXIS2_PLACEMENT_3D('',#7986,#7987,#7988);
#7990=PLANE('',#7989);
#7991=ORIENTED_EDGE('',*,*,#7899,.T.);
#7992=ORIENTED_EDGE('',*,*,#7936,.T.);
#7993=ORIENTED_EDGE('',*,*,#7961,.T.);
#7994=ORIENTED_EDGE('',*,*,#7979,.T.);
#7995=EDGE_LOOP('',(#7991,#7992,#7993,#7994));
#7996=FACE_BOUND('',#7995,.T.);
#7997=ADVANCED_FACE('',(#7996),#7990,.T.);
#7998=OVER_RIDING_STYLED_ITEM('',(#7916),#7997,#26);
#7999=CARTESIAN_POINT('',(1.032775832,-1.825701581,0.635));
#8000=DIRECTION('',(0.,-1.,0.));
#8001=DIRECTION('',(0.,0.,-1.));
#8002=AXIS2_PLACEMENT_3D('',#7999,#8000,#8001);
#8003=PLANE('',#8002);
#8004=ORIENTED_EDGE('',*,*,#756,.F.);
#8005=CARTESIAN_POINT('',(1.445547485,-1.825701581,0.635));
#8006=VERTEX_POINT('',#8005);
#8007=CARTESIAN_POINT('',(1.445547485,-1.825701581,0.635));
#8008=DIRECTION('',(0.,0.,-1.));
#8009=VECTOR('',#8008,0.635);
#8010=LINE('',#8007,#8009);
#8011=EDGE_CURVE('',#8006,#749,#8010,.T.);
#8012=ORIENTED_EDGE('',*,*,#8011,.F.);
#8013=CARTESIAN_POINT('',(0.620004179,-1.825701581,0.635));
#8014=VERTEX_POINT('',#8013);
#8015=CARTESIAN_POINT('',(1.445547485,-1.825701581,0.635));
#8016=DIRECTION('',(-1.,0.,0.));
#8017=VECTOR('',#8016,0.825543306);
#8018=LINE('',#8015,#8017);
#8019=EDGE_CURVE('',#8006,#8014,#8018,.T.);
#8020=ORIENTED_EDGE('',*,*,#8019,.T.);
#8021=CARTESIAN_POINT('',(0.620004179,-1.825701581,0.635));
#8022=DIRECTION('',(0.,0.,-1.));
#8023=VECTOR('',#8022,0.635);
#8024=LINE('',#8021,#8023);
#8025=EDGE_CURVE('',#8014,#751,#8024,.T.);
#8026=ORIENTED_EDGE('',*,*,#8025,.T.);
#8027=EDGE_LOOP('',(#8004,#8012,#8020,#8026));
#8028=FACE_BOUND('',#8027,.T.);
#8029=ADVANCED_FACE('',(#8028),#8003,.T.);
#8030=CARTESIAN_POINT('',(1.445547485,-1.565295175,0.635));
#8031=DIRECTION('',(1.,0.,0.));
#8032=DIRECTION('',(0.,0.,-1.));
#8033=AXIS2_PLACEMENT_3D('',#8030,#8031,#8032);
#8034=PLANE('',#8033);
#8035=ORIENTED_EDGE('',*,*,#816,.F.);
#8036=CARTESIAN_POINT('',(1.445547485,-1.304888768,0.635));
#8037=VERTEX_POINT('',#8036);
#8038=CARTESIAN_POINT('',(1.445547485,-1.304888768,0.635));
#8039=DIRECTION('',(0.,0.,-1.));
#8040=VECTOR('',#8039,0.635);
#8041=LINE('',#8038,#8040);
#8042=EDGE_CURVE('',#8037,#792,#8041,.T.);
#8043=ORIENTED_EDGE('',*,*,#8042,.F.);
#8044=CARTESIAN_POINT('',(1.445547485,-1.304888768,0.635));
#8045=DIRECTION('',(0.,-1.,0.));
#8046=VECTOR('',#8045,0.520812813);
#8047=LINE('',#8044,#8046);
#8048=EDGE_CURVE('',#8037,#8006,#8047,.T.);
#8049=ORIENTED_EDGE('',*,*,#8048,.T.);
#8050=ORIENTED_EDGE('',*,*,#8011,.T.);
#8051=EDGE_LOOP('',(#8035,#8043,#8049,#8050));
#8052=FACE_BOUND('',#8051,.T.);
#8053=ADVANCED_FACE('',(#8052),#8034,.T.);
#8054=CARTESIAN_POINT('',(2.631227177,-1.019550158,0.635));
#8055=CARTESIAN_POINT('',(2.631227177,-1.019550158,0.));
#8056=CARTESIAN_POINT('',(2.614605397,-0.919820411,0.635));
#8057=CARTESIAN_POINT('',(2.614605397,-0.919820411,0.));
#8058=CARTESIAN_POINT('',(2.582977916,-0.836250508,0.635));
#8059=CARTESIAN_POINT('',(2.582977916,-0.836250508,0.));
#8060=CARTESIAN_POINT('',(2.536344964,-0.768839983,0.635));
#8061=CARTESIAN_POINT('',(2.536344964,-0.768839983,0.));
#8062=CARTESIAN_POINT('',(2.489711897,-0.701429924,0.635));
#8063=CARTESIAN_POINT('',(2.489711897,-0.701429924,0.));
#8064=CARTESIAN_POINT('',(2.424379502,-0.647178521,0.635));
#8065=CARTESIAN_POINT('',(2.424379502,-0.647178521,0.));
#8066=CARTESIAN_POINT('',(2.340347779,-0.606085775,0.635));
#8067=CARTESIAN_POINT('',(2.340347779,-0.606085775,0.));
#8068=CARTESIAN_POINT('',(2.256315824,-0.564993495,0.635));
#8069=CARTESIAN_POINT('',(2.256315824,-0.564993495,0.));
#8070=CARTESIAN_POINT('',(2.163973212,-0.544447122,0.635));
#8071=CARTESIAN_POINT('',(2.163973212,-0.544447122,0.));
#8072=CARTESIAN_POINT('',(2.063319826,-0.544447122,0.635));
#8073=CARTESIAN_POINT('',(2.063319826,-0.544447122,0.));
#8074=CARTESIAN_POINT('',(1.890638884,-0.544447122,0.635));
#8075=CARTESIAN_POINT('',(1.890638884,-0.544447122,0.));
#8076=CARTESIAN_POINT('',(1.744506688,-0.599390963,0.635));
#8077=CARTESIAN_POINT('',(1.744506688,-0.599390963,0.));
#8078=CARTESIAN_POINT('',(1.624923007,-0.709278645,0.635));
#8079=CARTESIAN_POINT('',(1.624923007,-0.709278645,0.));
#8080=CARTESIAN_POINT('',(1.505339268,-0.819166793,0.635));
#8081=CARTESIAN_POINT('',(1.505339268,-0.819166793,0.));
#8082=CARTESIAN_POINT('',(1.445547485,-1.017703811,0.635));
#8083=CARTESIAN_POINT('',(1.445547485,-1.017703811,0.));
#8084=CARTESIAN_POINT('',(1.445547485,-1.304888768,0.635));
#8085=CARTESIAN_POINT('',(1.445547485,-1.304888768,0.));
#8086=B_SPLINE_SURFACE_WITH_KNOTS('',3,1,((#8054,#8055),(#8056,#8057),(#8058,#8059),(#8060,#8061),(#8062,#8063),(#8064,#8065),(#8066,#8067),(#8068,#8069),(#8070,#8071),(#8072,#8073),(#8074,#8075),(#8076,#8077),(#8078,#8079),(#8080,#8081),(#8082,#8083),(#8084,#8085)),.UNSPECIFIED.,.F.,.F.,.U.,(4,3,3,3,3,4),(2,2),(0.100027798,0.239966627,0.379904915,0.51984321,0.75992134,1.),(0.,1.),.UNSPECIFIED.);
#8087=ORIENTED_EDGE('',*,*,#810,.F.);
#8088=CARTESIAN_POINT('',(2.631227177,-1.019550158,0.635));
#8089=VERTEX_POINT('',#8088);
#8090=CARTESIAN_POINT('',(2.631227177,-1.019550158,0.635));
#8091=DIRECTION('',(0.,0.,-1.));
#8092=VECTOR('',#8091,0.635);
#8093=LINE('',#8090,#8092);
#8094=EDGE_CURVE('',#8089,#783,#8093,.T.);
#8095=ORIENTED_EDGE('',*,*,#8094,.F.);
#8096=CARTESIAN_POINT('',(2.631227177,-1.019550158,0.635));
#8097=CARTESIAN_POINT('',(2.614605397,-0.919820411,0.635));
#8098=CARTESIAN_POINT('',(2.582977916,-0.836250508,0.635));
#8099=CARTESIAN_POINT('',(2.536344964,-0.768839983,0.635));
#8100=CARTESIAN_POINT('',(2.489711897,-0.701429924,0.635));
#8101=CARTESIAN_POINT('',(2.424379502,-0.647178521,0.635));
#8102=CARTESIAN_POINT('',(2.340347779,-0.606085775,0.635));
#8103=CARTESIAN_POINT('',(2.256315824,-0.564993495,0.635));
#8104=CARTESIAN_POINT('',(2.163973212,-0.544447122,0.635));
#8105=CARTESIAN_POINT('',(2.063319826,-0.544447122,0.635));
#8106=CARTESIAN_POINT('',(1.890638884,-0.544447122,0.635));
#8107=CARTESIAN_POINT('',(1.744506688,-0.599390963,0.635));
#8108=CARTESIAN_POINT('',(1.624923007,-0.709278645,0.635));
#8109=CARTESIAN_POINT('',(1.505339268,-0.819166793,0.635));
#8110=CARTESIAN_POINT('',(1.445547485,-1.017703811,0.635));
#8111=CARTESIAN_POINT('',(1.445547485,-1.304888768,0.635));
#8112=B_SPLINE_CURVE_WITH_KNOTS('',3,(#8096,#8097,#8098,#8099,#8100,#8101,#8102,#8103,#8104,#8105,#8106,#8107,#8108,#8109,#8110,#8111),.UNSPECIFIED.,.F.,.F.,(4,3,3,3,3,4),(0.100027798,0.239966627,0.379904915,0.51984321,0.75992134,1.),.UNSPECIFIED.);
#8113=EDGE_CURVE('',#8089,#8037,#8112,.T.);
#8114=ORIENTED_EDGE('',*,*,#8113,.T.);
#8115=ORIENTED_EDGE('',*,*,#8042,.T.);
#8116=EDGE_LOOP('',(#8087,#8095,#8114,#8115));
#8117=FACE_BOUND('',#8116,.T.);
#8118=ADVANCED_FACE('',(#8117),#8086,.T.);
#8119=CARTESIAN_POINT('',(2.650618943,-1.328436328,0.635));
#8120=CARTESIAN_POINT('',(2.650618943,-1.328436328,0.));
#8121=CARTESIAN_POINT('',(2.650618943,-1.19361621,0.635));
#8122=CARTESIAN_POINT('',(2.650618943,-1.19361621,0.));
#8123=CARTESIAN_POINT('',(2.644154866,-1.090654308,0.635));
#8124=CARTESIAN_POINT('',(2.644154866,-1.090654308,0.));
#8125=CARTESIAN_POINT('',(2.631227177,-1.019550158,0.635));
#8126=CARTESIAN_POINT('',(2.631227177,-1.019550158,0.));
#8127=B_SPLINE_SURFACE_WITH_KNOTS('',3,1,((#8119,#8120),(#8121,#8122),(#8123,#8124),(#8125,#8126)),.UNSPECIFIED.,.F.,.F.,.U.,(4,4),(2,2),(0.,0.100027797),(0.,1.),.UNSPECIFIED.);
#8128=ORIENTED_EDGE('',*,*,#789,.F.);
#8129=CARTESIAN_POINT('',(2.650618943,-1.328436328,0.635));
#8130=VERTEX_POINT('',#8129);
#8131=CARTESIAN_POINT('',(2.650618943,-1.328436328,0.635));
#8132=DIRECTION('',(0.,0.,-1.));
#8133=VECTOR('',#8132,0.635);
#8134=LINE('',#8131,#8133);
#8135=EDGE_CURVE('',#8130,#775,#8134,.T.);
#8136=ORIENTED_EDGE('',*,*,#8135,.F.);
#8137=CARTESIAN_POINT('',(2.650618943,-1.328436328,0.635));
#8138=CARTESIAN_POINT('',(2.650618943,-1.19361621,0.635));
#8139=CARTESIAN_POINT('',(2.644154866,-1.090654308,0.635));
#8140=CARTESIAN_POINT('',(2.631227177,-1.019550158,0.635));
#8141=B_SPLINE_CURVE_WITH_KNOTS('',3,(#8137,#8138,#8139,#8140),.UNSPECIFIED.,.F.,.F.,(4,4),(0.,0.100027798),.UNSPECIFIED.);
#8142=EDGE_CURVE('',#8130,#8089,#8141,.T.);
#8143=ORIENTED_EDGE('',*,*,#8142,.T.);
#8144=ORIENTED_EDGE('',*,*,#8094,.T.);
#8145=EDGE_LOOP('',(#8128,#8136,#8143,#8144));
#8146=FACE_BOUND('',#8145,.T.);
#8147=ADVANCED_FACE('',(#8146),#8127,.T.);
#8148=CARTESIAN_POINT('',(2.650618943,-1.711427254,0.635));
#8149=DIRECTION('',(-1.,0.,0.));
#8150=DIRECTION('',(0.,0.,1.));
#8151=AXIS2_PLACEMENT_3D('',#8148,#8149,#8150);
#8152=PLANE('',#8151);
#8153=ORIENTED_EDGE('',*,*,#780,.F.);
#8154=CARTESIAN_POINT('',(2.650618943,-2.094418179,0.635));
#8155=VERTEX_POINT('',#8154);
#8156=CARTESIAN_POINT('',(2.650618943,-2.094418179,0.635));
#8157=DIRECTION('',(0.,0.,-1.));
#8158=VECTOR('',#8157,0.635);
#8159=LINE('',#8156,#8158);
#8160=EDGE_CURVE('',#8155,#767,#8159,.T.);
#8161=ORIENTED_EDGE('',*,*,#8160,.F.);
#8162=CARTESIAN_POINT('',(2.650618943,-2.094418179,0.635));
#8163=DIRECTION('',(0.,1.,0.));
#8164=VECTOR('',#8163,0.765981851);
#8165=LINE('',#8162,#8164);
#8166=EDGE_CURVE('',#8155,#8130,#8165,.T.);
#8167=ORIENTED_EDGE('',*,*,#8166,.T.);
#8168=ORIENTED_EDGE('',*,*,#8135,.T.);
#8169=EDGE_LOOP('',(#8153,#8161,#8167,#8168));
#8170=FACE_BOUND('',#8169,.T.);
#8171=ADVANCED_FACE('',(#8170),#8152,.T.);
#8172=CARTESIAN_POINT('',(1.635311561,-2.094418179,0.635));
#8173=DIRECTION('',(0.,1.,0.));
#8174=DIRECTION('',(0.,0.,1.));
#8175=AXIS2_PLACEMENT_3D('',#8172,#8173,#8174);
#8176=PLANE('',#8175);
#8177=ORIENTED_EDGE('',*,*,#772,.F.);
#8178=CARTESIAN_POINT('',(0.620004179,-2.094418179,0.635));
#8179=VERTEX_POINT('',#8178);
#8180=CARTESIAN_POINT('',(0.620004179,-2.094418179,0.635));
#8181=DIRECTION('',(0.,0.,-1.));
#8182=VECTOR('',#8181,0.635);
#8183=LINE('',#8180,#8182);
#8184=EDGE_CURVE('',#8179,#759,#8183,.T.);
#8185=ORIENTED_EDGE('',*,*,#8184,.F.);
#8186=CARTESIAN_POINT('',(0.620004179,-2.094418179,0.635));
#8187=DIRECTION('',(1.,0.,-0.));
#8188=VECTOR('',#8187,2.030614763);
#8189=LINE('',#8186,#8188);
#8190=EDGE_CURVE('',#8179,#8155,#8189,.T.);
#8191=ORIENTED_EDGE('',*,*,#8190,.T.);
#8192=ORIENTED_EDGE('',*,*,#8160,.T.);
#8193=EDGE_LOOP('',(#8177,#8185,#8191,#8192));
#8194=FACE_BOUND('',#8193,.T.);
#8195=ADVANCED_FACE('',(#8194),#8176,.T.);
#8196=CARTESIAN_POINT('',(1.685176667,-1.300733672,0.635));
#8197=CARTESIAN_POINT('',(1.685176667,-1.300733672,0.));
#8198=CARTESIAN_POINT('',(1.685176667,-1.127129557,0.635));
#8199=CARTESIAN_POINT('',(1.685176667,-1.127129557,0.));
#8200=CARTESIAN_POINT('',(1.717496587,-1.00385225,0.635));
#8201=CARTESIAN_POINT('',(1.717496587,-1.00385225,0.));
#8202=CARTESIAN_POINT('',(1.782136428,-0.930901287,0.635));
#8203=CARTESIAN_POINT('',(1.782136428,-0.930901287,0.));
#8204=CARTESIAN_POINT('',(1.846776268,-0.85795079,0.635));
#8205=CARTESIAN_POINT('',(1.846776268,-0.85795079,0.));
#8206=CARTESIAN_POINT('',(1.937733654,-0.821475076,0.635));
#8207=CARTESIAN_POINT('',(1.937733654,-0.821475076,0.));
#8208=CARTESIAN_POINT('',(2.055008936,-0.821475076,0.635));
#8209=CARTESIAN_POINT('',(2.055008936,-0.821475076,0.));
#8210=CARTESIAN_POINT('',(2.139964065,-0.821475076,0.635));
#8211=CARTESIAN_POINT('',(2.139964065,-0.821475076,0.));
#8212=CARTESIAN_POINT('',(2.212683944,-0.842944855,0.635));
#8213=CARTESIAN_POINT('',(2.212683944,-0.842944855,0.));
#8214=CARTESIAN_POINT('',(2.273168455,-0.885883948,0.635));
#8215=CARTESIAN_POINT('',(2.273168455,-0.885883948,0.));
#8216=CARTESIAN_POINT('',(2.333652851,-0.928823506,0.635));
#8217=CARTESIAN_POINT('',(2.333652851,-0.928823506,0.));
#8218=CARTESIAN_POINT('',(2.373591106,-0.985383658,0.635));
#8219=CARTESIAN_POINT('',(2.373591106,-0.985383658,0.));
#8220=CARTESIAN_POINT('',(2.392982988,-1.055563936,0.635));
#8221=CARTESIAN_POINT('',(2.392982988,-1.055563936,0.));
#8222=B_SPLINE_SURFACE_WITH_KNOTS('',3,1,((#8196,#8197),(#8198,#8199),(#8200,#8201),(#8202,#8203),(#8204,#8205),(#8206,#8207),(#8208,#8209),(#8210,#8211),(#8212,#8213),(#8214,#8215),(#8216,#8217),(#8218,#8219),(#8220,#8221)),.UNSPECIFIED.,.F.,.F.,.U.,(4,3,3,3,4),(2,2),(0.,0.255455923,0.510910932,0.695964533,0.88101857),(0.,1.),.UNSPECIFIED.);
#8223=CARTESIAN_POINT('',(1.685176667,-1.300733672,0.));
#8224=VERTEX_POINT('',#8223);
#8225=CARTESIAN_POINT('',(2.392982988,-1.055563936,0.));
#8226=VERTEX_POINT('',#8225);
#8227=CARTESIAN_POINT('',(1.685176667,-1.300733672,0.));
#8228=CARTESIAN_POINT('',(1.685176667,-1.127129557,0.));
#8229=CARTESIAN_POINT('',(1.717496587,-1.00385225,0.));
#8230=CARTESIAN_POINT('',(1.782136428,-0.930901287,0.));
#8231=CARTESIAN_POINT('',(1.846776268,-0.85795079,0.));
#8232=CARTESIAN_POINT('',(1.937733654,-0.821475076,0.));
#8233=CARTESIAN_POINT('',(2.055008936,-0.821475076,0.));
#8234=CARTESIAN_POINT('',(2.139964065,-0.821475076,0.));
#8235=CARTESIAN_POINT('',(2.212683944,-0.842944855,0.));
#8236=CARTESIAN_POINT('',(2.273168455,-0.885883948,0.));
#8237=CARTESIAN_POINT('',(2.333652851,-0.928823506,0.));
#8238=CARTESIAN_POINT('',(2.373591106,-0.985383658,0.));
#8239=CARTESIAN_POINT('',(2.392982988,-1.055563936,0.));
#8240=B_SPLINE_CURVE_WITH_KNOTS('',3,(#8227,#8228,#8229,#8230,#8231,#8232,#8233,#8234,#8235,#8236,#8237,#8238,#8239),.UNSPECIFIED.,.F.,.F.,(4,3,3,3,4),(0.,0.255455923,0.510910932,0.695964533,0.88101857),.UNSPECIFIED.);
#8241=EDGE_CURVE('',#8224,#8226,#8240,.T.);
#8242=ORIENTED_EDGE('',*,*,#8241,.F.);
#8243=CARTESIAN_POINT('',(1.685176667,-1.300733672,0.635));
#8244=VERTEX_POINT('',#8243);
#8245=CARTESIAN_POINT('',(1.685176667,-1.300733672,0.635));
#8246=DIRECTION('',(0.,0.,-1.));
#8247=VECTOR('',#8246,0.635);
#8248=LINE('',#8245,#8247);
#8249=EDGE_CURVE('',#8244,#8224,#8248,.T.);
#8250=ORIENTED_EDGE('',*,*,#8249,.F.);
#8251=CARTESIAN_POINT('',(2.392982988,-1.055563936,0.635));
#8252=VERTEX_POINT('',#8251);
#8253=CARTESIAN_POINT('',(1.685176667,-1.300733672,0.635));
#8254=CARTESIAN_POINT('',(1.685176667,-1.127129557,0.635));
#8255=CARTESIAN_POINT('',(1.717496587,-1.00385225,0.635));
#8256=CARTESIAN_POINT('',(1.782136428,-0.930901287,0.635));
#8257=CARTESIAN_POINT('',(1.846776268,-0.85795079,0.635));
#8258=CARTESIAN_POINT('',(1.937733654,-0.821475076,0.635));
#8259=CARTESIAN_POINT('',(2.055008936,-0.821475076,0.635));
#8260=CARTESIAN_POINT('',(2.139964065,-0.821475076,0.635));
#8261=CARTESIAN_POINT('',(2.212683944,-0.842944855,0.635));
#8262=CARTESIAN_POINT('',(2.273168455,-0.885883948,0.635));
#8263=CARTESIAN_POINT('',(2.333652851,-0.928823506,0.635));
#8264=CARTESIAN_POINT('',(2.373591106,-0.985383658,0.635));
#8265=CARTESIAN_POINT('',(2.392982988,-1.055563936,0.635));
#8266=B_SPLINE_CURVE_WITH_KNOTS('',3,(#8253,#8254,#8255,#8256,#8257,#8258,#8259,#8260,#8261,#8262,#8263,#8264,#8265),.UNSPECIFIED.,.F.,.F.,(4,3,3,3,4),(0.,0.255455923,0.510910932,0.695964533,0.88101857),.UNSPECIFIED.);
#8267=EDGE_CURVE('',#8244,#8252,#8266,.T.);
#8268=ORIENTED_EDGE('',*,*,#8267,.T.);
#8269=CARTESIAN_POINT('',(2.392982988,-1.055563936,0.635));
#8270=DIRECTION('',(0.,0.,-1.));
#8271=VECTOR('',#8270,0.635);
#8272=LINE('',#8269,#8271);
#8273=EDGE_CURVE('',#8252,#8226,#8272,.T.);
#8274=ORIENTED_EDGE('',*,*,#8273,.T.);
#8275=EDGE_LOOP('',(#8242,#8250,#8268,#8274));
#8276=FACE_BOUND('',#8275,.T.);
#8277=ADVANCED_FACE('',(#8276),#8222,.T.);
#8278=CARTESIAN_POINT('',(1.685176667,-1.563217627,0.635));
#8279=DIRECTION('',(-1.,0.,0.));
#8280=DIRECTION('',(0.,0.,1.));
#8281=AXIS2_PLACEMENT_3D('',#8278,#8279,#8280);
#8282=PLANE('',#8281);
#8283=CARTESIAN_POINT('',(1.685176667,-1.825701581,0.));
#8284=VERTEX_POINT('',#8283);
#8285=CARTESIAN_POINT('',(1.685176667,-1.825701581,0.));
#8286=DIRECTION('',(0.,1.,0.));
#8287=VECTOR('',#8286,0.524967909);
#8288=LINE('',#8285,#8287);
#8289=EDGE_CURVE('',#8284,#8224,#8288,.T.);
#8290=ORIENTED_EDGE('',*,*,#8289,.F.);
#8291=CARTESIAN_POINT('',(1.685176667,-1.825701581,0.635));
#8292=VERTEX_POINT('',#8291);
#8293=CARTESIAN_POINT('',(1.685176667,-1.825701581,0.635));
#8294=DIRECTION('',(0.,0.,-1.));
#8295=VECTOR('',#8294,0.635);
#8296=LINE('',#8293,#8295);
#8297=EDGE_CURVE('',#8292,#8284,#8296,.T.);
#8298=ORIENTED_EDGE('',*,*,#8297,.F.);
#8299=CARTESIAN_POINT('',(1.685176667,-1.825701581,0.635));
#8300=DIRECTION('',(0.,1.,0.));
#8301=VECTOR('',#8300,0.524967909);
#8302=LINE('',#8299,#8301);
#8303=EDGE_CURVE('',#8292,#8244,#8302,.T.);
#8304=ORIENTED_EDGE('',*,*,#8303,.T.);
#8305=ORIENTED_EDGE('',*,*,#8249,.T.);
#8306=EDGE_LOOP('',(#8290,#8298,#8304,#8305));
#8307=FACE_BOUND('',#8306,.T.);
#8308=ADVANCED_FACE('',(#8307),#8282,.T.);
#8309=CARTESIAN_POINT('',(2.048083272,-1.825701581,0.635));
#8310=DIRECTION('',(0.,-1.,0.));
#8311=DIRECTION('',(0.,0.,-1.));
#8312=AXIS2_PLACEMENT_3D('',#8309,#8310,#8311);
#8313=PLANE('',#8312);
#8314=CARTESIAN_POINT('',(2.410989877,-1.825701581,0.));
#8315=VERTEX_POINT('',#8314);
#8316=CARTESIAN_POINT('',(2.410989877,-1.825701581,0.));
#8317=DIRECTION('',(-1.,0.,0.));
#8318=VECTOR('',#8317,0.72581321);
#8319=LINE('',#8316,#8318);
#8320=EDGE_CURVE('',#8315,#8284,#8319,.T.);
#8321=ORIENTED_EDGE('',*,*,#8320,.F.);
#8322=CARTESIAN_POINT('',(2.410989877,-1.825701581,0.635));
#8323=VERTEX_POINT('',#8322);
#8324=CARTESIAN_POINT('',(2.410989877,-1.825701581,0.635));
#8325=DIRECTION('',(0.,0.,-1.));
#8326=VECTOR('',#8325,0.635);
#8327=LINE('',#8324,#8326);
#8328=EDGE_CURVE('',#8323,#8315,#8327,.T.);
#8329=ORIENTED_EDGE('',*,*,#8328,.F.);
#8330=CARTESIAN_POINT('',(2.410989877,-1.825701581,0.635));
#8331=DIRECTION('',(-1.,0.,0.));
#8332=VECTOR('',#8331,0.72581321);
#8333=LINE('',#8330,#8332);
#8334=EDGE_CURVE('',#8323,#8292,#8333,.T.);
#8335=ORIENTED_EDGE('',*,*,#8334,.T.);
#8336=ORIENTED_EDGE('',*,*,#8297,.T.);
#8337=EDGE_LOOP('',(#8321,#8329,#8335,#8336));
#8338=FACE_BOUND('',#8337,.T.);
#8339=ADVANCED_FACE('',(#8338),#8313,.T.);
#8340=CARTESIAN_POINT('',(2.410989877,-1.565987846,0.635));
#8341=DIRECTION('',(1.,0.,0.));
#8342=DIRECTION('',(0.,0.,-1.));
#8343=AXIS2_PLACEMENT_3D('',#8340,#8341,#8342);
#8344=PLANE('',#8343);
#8345=CARTESIAN_POINT('',(2.410989877,-1.30627411,0.));
#8346=VERTEX_POINT('',#8345);
#8347=CARTESIAN_POINT('',(2.410989877,-1.30627411,0.));
#8348=DIRECTION('',(0.,-1.,0.));
#8349=VECTOR('',#8348,0.519427471);
#8350=LINE('',#8347,#8349);
#8351=EDGE_CURVE('',#8346,#8315,#8350,.T.);
#8352=ORIENTED_EDGE('',*,*,#8351,.F.);
#8353=CARTESIAN_POINT('',(2.410989877,-1.30627411,0.635));
#8354=VERTEX_POINT('',#8353);
#8355=CARTESIAN_POINT('',(2.410989877,-1.30627411,0.635));
#8356=DIRECTION('',(0.,0.,-1.));
#8357=VECTOR('',#8356,0.635);
#8358=LINE('',#8355,#8357);
#8359=EDGE_CURVE('',#8354,#8346,#8358,.T.);
#8360=ORIENTED_EDGE('',*,*,#8359,.F.);
#8361=CARTESIAN_POINT('',(2.410989877,-1.30627411,0.635));
#8362=DIRECTION('',(0.,-1.,0.));
#8363=VECTOR('',#8362,0.519427471);
#8364=LINE('',#8361,#8363);
#8365=EDGE_CURVE('',#8354,#8323,#8364,.T.);
#8366=ORIENTED_EDGE('',*,*,#8365,.T.);
#8367=ORIENTED_EDGE('',*,*,#8328,.T.);
#8368=EDGE_LOOP('',(#8352,#8360,#8366,#8367));
#8369=FACE_BOUND('',#8368,.T.);
#8370=ADVANCED_FACE('',(#8369),#8344,.T.);
#8371=CARTESIAN_POINT('',(2.392982988,-1.055563936,0.635));
#8372=CARTESIAN_POINT('',(2.392982988,-1.055563936,0.));
#8373=CARTESIAN_POINT('',(2.404987503,-1.100812243,0.635));
#8374=CARTESIAN_POINT('',(2.404987503,-1.100812243,0.));
#8375=CARTESIAN_POINT('',(2.410989877,-1.184382146,0.635));
#8376=CARTESIAN_POINT('',(2.410989877,-1.184382146,0.));
#8377=CARTESIAN_POINT('',(2.410989877,-1.30627411,0.635));
#8378=CARTESIAN_POINT('',(2.410989877,-1.30627411,0.));
#8379=B_SPLINE_SURFACE_WITH_KNOTS('',3,1,((#8371,#8372),(#8373,#8374),(#8375,#8376),(#8377,#8378)),.UNSPECIFIED.,.F.,.F.,.U.,(4,4),(2,2),(0.88101857,1.),(0.,1.),.UNSPECIFIED.);
#8380=CARTESIAN_POINT('',(2.392982988,-1.055563936,0.));
#8381=CARTESIAN_POINT('',(2.404987503,-1.100812243,0.));
#8382=CARTESIAN_POINT('',(2.410989877,-1.184382146,0.));
#8383=CARTESIAN_POINT('',(2.410989877,-1.30627411,0.));
#8384=B_SPLINE_CURVE_WITH_KNOTS('',3,(#8380,#8381,#8382,#8383),.UNSPECIFIED.,.F.,.F.,(4,4),(0.88101857,1.),.UNSPECIFIED.);
#8385=EDGE_CURVE('',#8226,#8346,#8384,.T.);
#8386=ORIENTED_EDGE('',*,*,#8385,.F.);
#8387=ORIENTED_EDGE('',*,*,#8273,.F.);
#8388=CARTESIAN_POINT('',(2.392982988,-1.055563936,0.635));
#8389=CARTESIAN_POINT('',(2.404987503,-1.100812243,0.635));
#8390=CARTESIAN_POINT('',(2.410989877,-1.184382146,0.635));
#8391=CARTESIAN_POINT('',(2.410989877,-1.30627411,0.635));
#8392=B_SPLINE_CURVE_WITH_KNOTS('',3,(#8388,#8389,#8390,#8391),.UNSPECIFIED.,.F.,.F.,(4,4),(0.88101857,1.),.UNSPECIFIED.);
#8393=EDGE_CURVE('',#8252,#8354,#8392,.T.);
#8394=ORIENTED_EDGE('',*,*,#8393,.T.);
#8395=ORIENTED_EDGE('',*,*,#8359,.T.);
#8396=EDGE_LOOP('',(#8386,#8387,#8394,#8395));
#8397=FACE_BOUND('',#8396,.T.);
#8398=ADVANCED_FACE('',(#8397),#8379,.T.);
#8399=CARTESIAN_POINT('',(0.620004179,-1.96005988,0.635));
#8400=DIRECTION('',(1.,0.,0.));
#8401=DIRECTION('',(0.,0.,-1.));
#8402=AXIS2_PLACEMENT_3D('',#8399,#8400,#8401);
#8403=PLANE('',#8402);
#8404=ORIENTED_EDGE('',*,*,#764,.F.);
#8405=ORIENTED_EDGE('',*,*,#8025,.F.);
#8406=CARTESIAN_POINT('',(0.620004179,-1.825701581,0.635));
#8407=DIRECTION('',(0.,-1.,0.));
#8408=VECTOR('',#8407,0.268716598);
#8409=LINE('',#8406,#8408);
#8410=EDGE_CURVE('',#8014,#8179,#8409,.T.);
#8411=ORIENTED_EDGE('',*,*,#8410,.T.);
#8412=ORIENTED_EDGE('',*,*,#8184,.T.);
#8413=EDGE_LOOP('',(#8404,#8405,#8411,#8412));
#8414=FACE_BOUND('',#8413,.T.);
#8415=ADVANCED_FACE('',(#8414),#8403,.T.);
#8416=CARTESIAN_POINT('',(0.,0.,0.635));
#8417=DIRECTION('',(0.,0.,-1.));
#8418=DIRECTION('',(-1.,0.,0.));
#8419=AXIS2_PLACEMENT_3D('',#8416,#8417,#8418);
#8420=PLANE('',#8419);
#8421=ORIENTED_EDGE('',*,*,#8267,.F.);
#8422=ORIENTED_EDGE('',*,*,#8303,.F.);
#8423=ORIENTED_EDGE('',*,*,#8334,.F.);
#8424=ORIENTED_EDGE('',*,*,#8365,.F.);
#8425=ORIENTED_EDGE('',*,*,#8393,.F.);
#8426=EDGE_LOOP('',(#8421,#8422,#8423,#8424,#8425));
#8427=FACE_BOUND('',#8426,.T.);
#8428=ORIENTED_EDGE('',*,*,#8019,.F.);
#8429=ORIENTED_EDGE('',*,*,#8048,.F.);
#8430=ORIENTED_EDGE('',*,*,#8113,.F.);
#8431=ORIENTED_EDGE('',*,*,#8142,.F.);
#8432=ORIENTED_EDGE('',*,*,#8166,.F.);
#8433=ORIENTED_EDGE('',*,*,#8190,.F.);
#8434=ORIENTED_EDGE('',*,*,#8410,.F.);
#8435=EDGE_LOOP('',(#8428,#8429,#8430,#8431,#8432,#8433,#8434));
#8436=FACE_BOUND('',#8435,.T.);
#8437=ADVANCED_FACE('',(#8427,#8436),#8420,.T.);
#8438=CARTESIAN_POINT('',(0.,0.,0.));
#8439=DIRECTION('',(0.,0.,1.));
#8440=DIRECTION('',(1.,0.,0.));
#8441=AXIS2_PLACEMENT_3D('',#8438,#8439,#8440);
#8442=PLANE('',#8441);
#8443=ORIENTED_EDGE('',*,*,#8241,.T.);
#8444=ORIENTED_EDGE('',*,*,#8385,.T.);
#8445=ORIENTED_EDGE('',*,*,#8351,.T.);
#8446=ORIENTED_EDGE('',*,*,#8320,.T.);
#8447=ORIENTED_EDGE('',*,*,#8289,.T.);
#8448=EDGE_LOOP('',(#8443,#8444,#8445,#8446,#8447));
#8449=FACE_BOUND('',#8448,.T.);
#8450=ADVANCED_FACE('',(#8449),#8442,.F.);
#8451=CARTESIAN_POINT('',(0.620004179,1.242383247,0.635));
#8452=CARTESIAN_POINT('',(0.620004179,1.242383247,0.));
#8453=CARTESIAN_POINT('',(0.680026872,1.240535969,0.635));
#8454=CARTESIAN_POINT('',(0.680026872,1.240535969,0.));
#8455=CARTESIAN_POINT('',(0.737741048,1.250231968,0.635));
#8456=CARTESIAN_POINT('',(0.737741048,1.250231968,0.));
#8457=CARTESIAN_POINT('',(0.79314665,1.27147078,0.635));
#8458=CARTESIAN_POINT('',(0.79314665,1.27147078,0.));
#8459=B_SPLINE_SURFACE_WITH_KNOTS('',3,1,((#8451,#8452),(#8453,#8454),(#8455,#8456),(#8457,#8458)),.UNSPECIFIED.,.F.,.F.,.U.,(4,4),(2,2),(0.,0.048958765),(0.,1.),.UNSPECIFIED.);
#8460=ORIENTED_EDGE('',*,*,#1448,.F.);
#8461=CARTESIAN_POINT('',(0.620004179,1.242383247,0.635));
#8462=VERTEX_POINT('',#8461);
#8463=CARTESIAN_POINT('',(0.620004179,1.242383247,0.635));
#8464=DIRECTION('',(0.,0.,-1.));
#8465=VECTOR('',#8464,0.635);
#8466=LINE('',#8463,#8465);
#8467=EDGE_CURVE('',#8462,#1440,#8466,.T.);
#8468=ORIENTED_EDGE('',*,*,#8467,.F.);
#8469=CARTESIAN_POINT('',(0.79314665,1.27147078,0.635));
#8470=VERTEX_POINT('',#8469);
#8471=CARTESIAN_POINT('',(0.620004179,1.242383247,0.635));
#8472=CARTESIAN_POINT('',(0.680026872,1.240535969,0.635));
#8473=CARTESIAN_POINT('',(0.737741048,1.250231968,0.635));
#8474=CARTESIAN_POINT('',(0.79314665,1.27147078,0.635));
#8475=B_SPLINE_CURVE_WITH_KNOTS('',3,(#8471,#8472,#8473,#8474),.UNSPECIFIED.,.F.,.F.,(4,4),(0.,0.048958765),.UNSPECIFIED.);
#8476=EDGE_CURVE('',#8462,#8470,#8475,.T.);
#8477=ORIENTED_EDGE('',*,*,#8476,.T.);
#8478=CARTESIAN_POINT('',(0.79314665,1.27147078,0.635));
#8479=DIRECTION('',(0.,0.,-1.));
#8480=VECTOR('',#8479,0.635);
#8481=LINE('',#8478,#8480);
#8482=EDGE_CURVE('',#8470,#1442,#8481,.T.);
#8483=ORIENTED_EDGE('',*,*,#8482,.T.);
#8484=EDGE_LOOP('',(#8460,#8468,#8477,#8483));
#8485=FACE_BOUND('',#8484,.T.);
#8486=ADVANCED_FACE('',(#8485),#8459,.T.);
#8487=CARTESIAN_POINT('',(0.620004179,1.913483817,0.635));
#8488=DIRECTION('',(1.,0.,0.));
#8489=DIRECTION('',(-0.,1.,0.));
#8490=AXIS2_PLACEMENT_3D('',#8487,#8488,#8489);
#8491=PLANE('',#8490);
#8492=ORIENTED_EDGE('',*,*,#1553,.F.);
#8493=CARTESIAN_POINT('',(0.620004179,2.584584387,0.635));
#8494=VERTEX_POINT('',#8493);
#8495=CARTESIAN_POINT('',(0.620004179,2.584584387,0.635));
#8496=DIRECTION('',(0.,0.,-1.));
#8497=VECTOR('',#8496,0.635);
#8498=LINE('',#8495,#8497);
#8499=EDGE_CURVE('',#8494,#1542,#8498,.T.);
#8500=ORIENTED_EDGE('',*,*,#8499,.F.);
#8501=CARTESIAN_POINT('',(0.620004179,2.584584387,0.635));
#8502=DIRECTION('',(0.,-1.,0.));
#8503=VECTOR('',#8502,1.34220114);
#8504=LINE('',#8501,#8503);
#8505=EDGE_CURVE('',#8494,#8462,#8504,.T.);
#8506=ORIENTED_EDGE('',*,*,#8505,.T.);
#8507=ORIENTED_EDGE('',*,*,#8467,.T.);
#8508=EDGE_LOOP('',(#8492,#8500,#8506,#8507));
#8509=FACE_BOUND('',#8508,.T.);
#8510=ADVANCED_FACE('',(#8509),#8491,.T.);
#8511=CARTESIAN_POINT('',(0.73981877,2.584584387,0.635));
#8512=DIRECTION('',(0.,-1.,0.));
#8513=DIRECTION('',(0.,0.,-1.));
#8514=AXIS2_PLACEMENT_3D('',#8511,#8512,#8513);
#8515=PLANE('',#8514);
#8516=ORIENTED_EDGE('',*,*,#1547,.F.);
#8517=CARTESIAN_POINT('',(0.859633361,2.584584387,0.635));
#8518=VERTEX_POINT('',#8517);
#8519=CARTESIAN_POINT('',(0.859633361,2.584584387,0.635));
#8520=DIRECTION('',(0.,0.,-1.));
#8521=VECTOR('',#8520,0.635);
#8522=LINE('',#8519,#8521);
#8523=EDGE_CURVE('',#8518,#1534,#8522,.T.);
#8524=ORIENTED_EDGE('',*,*,#8523,.F.);
#8525=CARTESIAN_POINT('',(0.859633361,2.584584387,0.635));
#8526=DIRECTION('',(-1.,0.,0.));
#8527=VECTOR('',#8526,0.239629182);
#8528=LINE('',#8525,#8527);
#8529=EDGE_CURVE('',#8518,#8494,#8528,.T.);
#8530=ORIENTED_EDGE('',*,*,#8529,.T.);
#8531=ORIENTED_EDGE('',*,*,#8499,.T.);
#8532=EDGE_LOOP('',(#8516,#8524,#8530,#8531));
#8533=FACE_BOUND('',#8532,.T.);
#8534=ADVANCED_FACE('',(#8533),#8515,.T.);
#8535=CARTESIAN_POINT('',(0.859633361,2.08662623,0.635));
#8536=DIRECTION('',(-1.,-0.,0.));
#8537=DIRECTION('',(0.,-1.,0.));
#8538=AXIS2_PLACEMENT_3D('',#8535,#8536,#8537);
#8539=PLANE('',#8538);
#8540=ORIENTED_EDGE('',*,*,#1539,.F.);
#8541=CARTESIAN_POINT('',(0.859633361,1.588668073,0.635));
#8542=VERTEX_POINT('',#8541);
#8543=CARTESIAN_POINT('',(0.859633361,1.588668073,0.635));
#8544=DIRECTION('',(0.,0.,-1.));
#8545=VECTOR('',#8544,0.635);
#8546=LINE('',#8543,#8545);
#8547=EDGE_CURVE('',#8542,#1522,#8546,.T.);
#8548=ORIENTED_EDGE('',*,*,#8547,.F.);
#8549=CARTESIAN_POINT('',(0.859633361,1.588668073,0.635));
#8550=DIRECTION('',(-0.,1.,0.));
#8551=VECTOR('',#8550,0.995916314);
#8552=LINE('',#8549,#8551);
#8553=EDGE_CURVE('',#8542,#8518,#8552,.T.);
#8554=ORIENTED_EDGE('',*,*,#8553,.T.);
#8555=ORIENTED_EDGE('',*,*,#8523,.T.);
#8556=EDGE_LOOP('',(#8540,#8548,#8554,#8555));
#8557=FACE_BOUND('',#8556,.T.);
#8558=ADVANCED_FACE('',(#8557),#8539,.T.);
#8559=CARTESIAN_POINT('',(1.250242738,1.982048018,0.635));
#8560=CARTESIAN_POINT('',(1.250242738,1.982048018,0.));
#8561=CARTESIAN_POINT('',(1.124656741,1.832452467,0.635));
#8562=CARTESIAN_POINT('',(1.124656741,1.832452467,0.));
#8563=CARTESIAN_POINT('',(1.039470645,1.736416345,0.635));
#8564=CARTESIAN_POINT('',(1.039470645,1.736416345,0.));
#8565=CARTESIAN_POINT('',(0.994684477,1.693938723,0.635));
#8566=CARTESIAN_POINT('',(0.994684477,1.693938723,0.));
#8567=CARTESIAN_POINT('',(0.94989828,1.651460635,0.635));
#8568=CARTESIAN_POINT('',(0.94989828,1.651460635,0.));
#8569=CARTESIAN_POINT('',(0.904881232,1.616370728,0.635));
#8570=CARTESIAN_POINT('',(0.904881232,1.616370728,0.));
#8571=CARTESIAN_POINT('',(0.859633361,1.588668073,0.635));
#8572=CARTESIAN_POINT('',(0.859633361,1.588668073,0.));
#8573=B_SPLINE_SURFACE_WITH_KNOTS('',3,1,((#8559,#8560),(#8561,#8562),(#8563,#8564),(#8565,#8566),(#8567,#8568),(#8569,#8570),(#8571,#8572)),.UNSPECIFIED.,.F.,.F.,.U.,(4,3,4),(2,2),(0.866685381,0.933342506,1.),(0.,1.),.UNSPECIFIED.);
#8574=ORIENTED_EDGE('',*,*,#1531,.F.);
#8575=CARTESIAN_POINT('',(1.250242738,1.982048018,0.635));
#8576=VERTEX_POINT('',#8575);
#8577=CARTESIAN_POINT('',(1.250242738,1.982048018,0.635));
#8578=DIRECTION('',(0.,0.,-1.));
#8579=VECTOR('',#8578,0.635);
#8580=LINE('',#8577,#8579);
#8581=EDGE_CURVE('',#8576,#1495,#8580,.T.);
#8582=ORIENTED_EDGE('',*,*,#8581,.F.);
#8583=CARTESIAN_POINT('',(1.250242738,1.982048018,0.635));
#8584=CARTESIAN_POINT('',(1.124656741,1.832452467,0.635));
#8585=CARTESIAN_POINT('',(1.039470645,1.736416345,0.635));
#8586=CARTESIAN_POINT('',(0.994684477,1.693938723,0.635));
#8587=CARTESIAN_POINT('',(0.94989828,1.651460635,0.635));
#8588=CARTESIAN_POINT('',(0.904881232,1.616370728,0.635));
#8589=CARTESIAN_POINT('',(0.859633361,1.588668073,0.635));
#8590=B_SPLINE_CURVE_WITH_KNOTS('',3,(#8583,#8584,#8585,#8586,#8587,#8588,#8589),.UNSPECIFIED.,.F.,.F.,(4,3,4),(0.866685381,0.933342506,1.),.UNSPECIFIED.);
#8591=EDGE_CURVE('',#8576,#8542,#8590,.T.);
#8592=ORIENTED_EDGE('',*,*,#8591,.T.);
#8593=ORIENTED_EDGE('',*,*,#8547,.T.);
#8594=EDGE_LOOP('',(#8574,#8582,#8592,#8593));
#8595=FACE_BOUND('',#8594,.T.);
#8596=ADVANCED_FACE('',(#8595),#8573,.T.);
#8597=CARTESIAN_POINT('',(2.071630599,1.289477902,0.635));
#8598=CARTESIAN_POINT('',(2.071630599,1.289477902,0.));
#8599=CARTESIAN_POINT('',(2.262779901,1.307022622,0.635));
#8600=CARTESIAN_POINT('',(2.262779901,1.307022622,0.));
#8601=CARTESIAN_POINT('',(2.408450393,1.373047339,0.635));
#8602=CARTESIAN_POINT('',(2.408450393,1.373047339,0.));
#8603=CARTESIAN_POINT('',(2.508642192,1.487552984,0.635));
#8604=CARTESIAN_POINT('',(2.508642192,1.487552984,0.));
#8605=CARTESIAN_POINT('',(2.608833991,1.602057697,0.635));
#8606=CARTESIAN_POINT('',(2.608833991,1.602057697,0.));
#8607=CARTESIAN_POINT('',(2.658929833,1.755808344,0.635));
#8608=CARTESIAN_POINT('',(2.658929833,1.755808344,0.));
#8609=CARTESIAN_POINT('',(2.658929833,1.948804459,0.635));
#8610=CARTESIAN_POINT('',(2.658929833,1.948804459,0.));
#8611=CARTESIAN_POINT('',(2.658929833,2.143647851,0.635));
#8612=CARTESIAN_POINT('',(2.658929833,2.143647851,0.));
#8613=CARTESIAN_POINT('',(2.604909398,2.297859969,0.635));
#8614=CARTESIAN_POINT('',(2.604909398,2.297859969,0.));
#8615=CARTESIAN_POINT('',(2.496868529,2.411441276,0.635));
#8616=CARTESIAN_POINT('',(2.496868529,2.411441276,0.));
#8617=CARTESIAN_POINT('',(2.38882766,2.525022583,0.635));
#8618=CARTESIAN_POINT('',(2.38882766,2.525022583,0.));
#8619=CARTESIAN_POINT('',(2.254930715,2.581813702,0.635));
#8620=CARTESIAN_POINT('',(2.254930715,2.581813702,0.));
#8621=CARTESIAN_POINT('',(2.095178043,2.581813702,0.635));
#8622=CARTESIAN_POINT('',(2.095178043,2.581813702,0.));
#8623=CARTESIAN_POINT('',(2.013916423,2.581813702,0.635));
#8624=CARTESIAN_POINT('',(2.013916423,2.581813702,0.));
#8625=CARTESIAN_POINT('',(1.934040029,2.565192388,0.635));
#8626=CARTESIAN_POINT('',(1.934040029,2.565192388,0.));
#8627=CARTESIAN_POINT('',(1.855548861,2.531948829,0.635));
#8628=CARTESIAN_POINT('',(1.855548861,2.531948829,0.));
#8629=CARTESIAN_POINT('',(1.77705746,2.49870527,0.635));
#8630=CARTESIAN_POINT('',(1.77705746,2.49870527,0.));
#8631=CARTESIAN_POINT('',(1.694410847,2.443529995,0.635));
#8632=CARTESIAN_POINT('',(1.694410847,2.443529995,0.));
#8633=CARTESIAN_POINT('',(1.607608789,2.366424868,0.635));
#8634=CARTESIAN_POINT('',(1.607608789,2.366424868,0.));
#8635=CARTESIAN_POINT('',(1.520806673,2.289317878,0.635));
#8636=CARTESIAN_POINT('',(1.520806673,2.289317878,0.));
#8637=CARTESIAN_POINT('',(1.401684695,2.161192106,0.635));
#8638=CARTESIAN_POINT('',(1.401684695,2.161192106,0.));
#8639=CARTESIAN_POINT('',(1.250242738,1.982048018,0.635));
#8640=CARTESIAN_POINT('',(1.250242738,1.982048018,0.));
#8641=B_SPLINE_SURFACE_WITH_KNOTS('',3,1,((#8597,#8598),(#8599,#8600),(#8601,#8602),(#8603,#8604),(#8605,#8606),(#8607,#8608),(#8609,#8610),(#8611,#8612),(#8613,#8614),(#8615,#8616),(#8617,#8618),(#8619,#8620),(#8621,#8622),(#8623,#8624),(#8625,#8626),(#8627,#8628),(#8629,#8630),(#8631,#8632),(#8633,#8634),(#8635,#8636),(#8637,#8638),(#8639,#8640)),.UNSPECIFIED.,.F.,.F.,.U.,(4,3,3,3,3,3,3,4),(2,2),(0.,0.155885645,0.311770572,0.469147564,0.626524556,0.706577736,0.786631117,0.866685381),(0.,1.),.UNSPECIFIED.);
#8642=ORIENTED_EDGE('',*,*,#1519,.F.);
#8643=CARTESIAN_POINT('',(2.071630599,1.289477902,0.635));
#8644=VERTEX_POINT('',#8643);
#8645=CARTESIAN_POINT('',(2.071630599,1.289477902,0.635));
#8646=DIRECTION('',(0.,0.,-1.));
#8647=VECTOR('',#8646,0.635);
#8648=LINE('',#8645,#8647);
#8649=EDGE_CURVE('',#8644,#1487,#8648,.T.);
#8650=ORIENTED_EDGE('',*,*,#8649,.F.);
#8651=CARTESIAN_POINT('',(2.071630599,1.289477902,0.635));
#8652=CARTESIAN_POINT('',(2.262779901,1.307022622,0.635));
#8653=CARTESIAN_POINT('',(2.408450393,1.373047339,0.635));
#8654=CARTESIAN_POINT('',(2.508642192,1.487552984,0.635));
#8655=CARTESIAN_POINT('',(2.608833991,1.602057697,0.635));
#8656=CARTESIAN_POINT('',(2.658929833,1.755808344,0.635));
#8657=CARTESIAN_POINT('',(2.658929833,1.948804459,0.635));
#8658=CARTESIAN_POINT('',(2.658929833,2.143647851,0.635));
#8659=CARTESIAN_POINT('',(2.604909398,2.297859969,0.635));
#8660=CARTESIAN_POINT('',(2.496868529,2.411441276,0.635));
#8661=CARTESIAN_POINT('',(2.38882766,2.525022583,0.635));
#8662=CARTESIAN_POINT('',(2.254930715,2.581813702,0.635));
#8663=CARTESIAN_POINT('',(2.095178043,2.581813702,0.635));
#8664=CARTESIAN_POINT('',(2.013916423,2.581813702,0.635));
#8665=CARTESIAN_POINT('',(1.934040029,2.565192388,0.635));
#8666=CARTESIAN_POINT('',(1.855548861,2.531948829,0.635));
#8667=CARTESIAN_POINT('',(1.77705746,2.49870527,0.635));
#8668=CARTESIAN_POINT('',(1.694410847,2.443529995,0.635));
#8669=CARTESIAN_POINT('',(1.607608789,2.366424868,0.635));
#8670=CARTESIAN_POINT('',(1.520806673,2.289317878,0.635));
#8671=CARTESIAN_POINT('',(1.401684695,2.161192106,0.635));
#8672=CARTESIAN_POINT('',(1.250242738,1.982048018,0.635));
#8673=B_SPLINE_CURVE_WITH_KNOTS('',3,(#8651,#8652,#8653,#8654,#8655,#8656,#8657,#8658,#8659,#8660,#8661,#8662,#8663,#8664,#8665,#8666,#8667,#8668,#8669,#8670,#8671,#8672),.UNSPECIFIED.,.F.,.F.,(4,3,3,3,3,3,3,4),(0.,0.155885645,0.311770572,0.469147564,0.626524556,0.706577736,0.786631117,0.866685381),.UNSPECIFIED.);
#8674=EDGE_CURVE('',#8644,#8576,#8673,.T.);
#8675=ORIENTED_EDGE('',*,*,#8674,.T.);
#8676=ORIENTED_EDGE('',*,*,#8581,.T.);
#8677=EDGE_LOOP('',(#8642,#8650,#8675,#8676));
#8678=FACE_BOUND('',#8677,.T.);
#8679=ADVANCED_FACE('',(#8678),#8641,.T.);
#8680=CARTESIAN_POINT('',(2.058471768,1.417603208,0.635));
#8681=DIRECTION('',(0.994767423,0.102165427,0.));
#8682=DIRECTION('',(-0.102165427,0.994767423,0.));
#8683=AXIS2_PLACEMENT_3D('',#8680,#8681,#8682);
#8684=PLANE('',#8683);
#8685=ORIENTED_EDGE('',*,*,#1492,.F.);
#8686=CARTESIAN_POINT('',(2.045312937,1.545728514,0.635));
#8687=VERTEX_POINT('',#8686);
#8688=CARTESIAN_POINT('',(2.045312937,1.545728514,0.635));
#8689=DIRECTION('',(0.,0.,-1.));
#8690=VECTOR('',#8689,0.635);
#8691=LINE('',#8688,#8690);
#8692=EDGE_CURVE('',#8687,#1463,#8691,.T.);
#8693=ORIENTED_EDGE('',*,*,#8692,.F.);
#8694=CARTESIAN_POINT('',(2.045312937,1.545728514,0.635));
#8695=DIRECTION('',(0.102165427,-0.994767423,0.));
#8696=VECTOR('',#8695,0.257598517);
#8697=LINE('',#8694,#8696);
#8698=EDGE_CURVE('',#8687,#8644,#8697,.T.);
#8699=ORIENTED_EDGE('',*,*,#8698,.T.);
#8700=ORIENTED_EDGE('',*,*,#8649,.T.);
#8701=EDGE_LOOP('',(#8685,#8693,#8699,#8700));
#8702=FACE_BOUND('',#8701,.T.);
#8703=ADVANCED_FACE('',(#8702),#8684,.T.);
#8704=CARTESIAN_POINT('',(1.370749942,1.761810718,0.635));
#8705=CARTESIAN_POINT('',(1.370749942,1.761810718,0.));
#8706=CARTESIAN_POINT('',(1.551741484,1.982509023,0.635));
#8707=CARTESIAN_POINT('',(1.551741484,1.982509023,0.));
#8708=CARTESIAN_POINT('',(1.695103402,2.131643103,0.635));
#8709=CARTESIAN_POINT('',(1.695103402,2.131643103,0.));
#8710=CARTESIAN_POINT('',(1.800835755,2.209211098,0.635));
#8711=CARTESIAN_POINT('',(1.800835755,2.209211098,0.));
#8712=CARTESIAN_POINT('',(1.906568109,2.286779093,0.635));
#8713=CARTESIAN_POINT('',(1.906568109,2.286779093,0.));
#8714=CARTESIAN_POINT('',(2.006529056,2.32556309,0.635));
#8715=CARTESIAN_POINT('',(2.006529056,2.32556309,0.));
#8716=CARTESIAN_POINT('',(2.100718597,2.32556309,0.635));
#8717=CARTESIAN_POINT('',(2.100718597,2.32556309,0.));
#8718=CARTESIAN_POINT('',(2.199525054,2.32556309,0.635));
#8719=CARTESIAN_POINT('',(2.199525054,2.32556309,0.));
#8720=CARTESIAN_POINT('',(2.282864455,2.29024175,0.635));
#8721=CARTESIAN_POINT('',(2.282864455,2.29024175,0.));
#8722=CARTESIAN_POINT('',(2.350736333,2.219600001,0.635));
#8723=CARTESIAN_POINT('',(2.350736333,2.219600001,0.));
#8724=CARTESIAN_POINT('',(2.418608096,2.148957321,0.635));
#8725=CARTESIAN_POINT('',(2.418608096,2.148957321,0.));
#8726=CARTESIAN_POINT('',(2.452544094,2.056845794,0.635));
#8727=CARTESIAN_POINT('',(2.452544094,2.056845794,0.));
#8728=CARTESIAN_POINT('',(2.452544094,1.943264021,0.635));
#8729=CARTESIAN_POINT('',(2.452544094,1.943264021,0.));
#8730=CARTESIAN_POINT('',(2.452544094,1.823217472,0.635));
#8731=CARTESIAN_POINT('',(2.452544094,1.823217472,0.));
#8732=CARTESIAN_POINT('',(2.416530432,1.727182282,0.635));
#8733=CARTESIAN_POINT('',(2.416530432,1.727182282,0.));
#8734=CARTESIAN_POINT('',(2.344503108,1.655154726,0.635));
#8735=CARTESIAN_POINT('',(2.344503108,1.655154726,0.));
#8736=CARTESIAN_POINT('',(2.272475901,1.583127635,0.635));
#8737=CARTESIAN_POINT('',(2.272475901,1.583127635,0.));
#8738=CARTESIAN_POINT('',(2.172745805,1.54665192,0.635));
#8739=CARTESIAN_POINT('',(2.172745805,1.54665192,0.));
#8740=CARTESIAN_POINT('',(2.045312937,1.545728514,0.635));
#8741=CARTESIAN_POINT('',(2.045312937,1.545728514,0.));
#8742=B_SPLINE_SURFACE_WITH_KNOTS('',3,1,((#8704,#8705),(#8706,#8707),(#8708,#8709),(#8710,#8711),(#8712,#8713),(#8714,#8715),(#8716,#8717),(#8718,#8719),(#8720,#8721),(#8722,#8723),(#8724,#8725),(#8726,#8727),(#8728,#8729),(#8730,#8731),(#8732,#8733),(#8734,#8735),(#8736,#8737),(#8738,#8739),(#8740,#8741)),.UNSPECIFIED.,.F.,.F.,.U.,(4,3,3,3,3,3,4),(2,2),(0.210010067,0.33509756,0.460185053,0.591403995,0.722623729,0.861312145,1.),(0.,1.),.UNSPECIFIED.);
#8743=ORIENTED_EDGE('',*,*,#1484,.F.);
#8744=CARTESIAN_POINT('',(1.370749942,1.761810718,0.635));
#8745=VERTEX_POINT('',#8744);
#8746=CARTESIAN_POINT('',(1.370749942,1.761810718,0.635));
#8747=DIRECTION('',(0.,0.,-1.));
#8748=VECTOR('',#8747,0.635);
#8749=LINE('',#8746,#8748);
#8750=EDGE_CURVE('',#8745,#1451,#8749,.T.);
#8751=ORIENTED_EDGE('',*,*,#8750,.F.);
#8752=CARTESIAN_POINT('',(1.370749942,1.761810718,0.635));
#8753=CARTESIAN_POINT('',(1.551741484,1.982509023,0.635));
#8754=CARTESIAN_POINT('',(1.695103402,2.131643103,0.635));
#8755=CARTESIAN_POINT('',(1.800835755,2.209211098,0.635));
#8756=CARTESIAN_POINT('',(1.906568109,2.286779093,0.635));
#8757=CARTESIAN_POINT('',(2.006529056,2.32556309,0.635));
#8758=CARTESIAN_POINT('',(2.100718597,2.32556309,0.635));
#8759=CARTESIAN_POINT('',(2.199525054,2.32556309,0.635));
#8760=CARTESIAN_POINT('',(2.282864455,2.29024175,0.635));
#8761=CARTESIAN_POINT('',(2.350736333,2.219600001,0.635));
#8762=CARTESIAN_POINT('',(2.418608096,2.148957321,0.635));
#8763=CARTESIAN_POINT('',(2.452544094,2.056845794,0.635));
#8764=CARTESIAN_POINT('',(2.452544094,1.943264021,0.635));
#8765=CARTESIAN_POINT('',(2.452544094,1.823217472,0.635));
#8766=CARTESIAN_POINT('',(2.416530432,1.727182282,0.635));
#8767=CARTESIAN_POINT('',(2.344503108,1.655154726,0.635));
#8768=CARTESIAN_POINT('',(2.272475901,1.583127635,0.635));
#8769=CARTESIAN_POINT('',(2.172745805,1.54665192,0.635));
#8770=CARTESIAN_POINT('',(2.045312937,1.545728514,0.635));
#8771=B_SPLINE_CURVE_WITH_KNOTS('',3,(#8752,#8753,#8754,#8755,#8756,#8757,#8758,#8759,#8760,#8761,#8762,#8763,#8764,#8765,#8766,#8767,#8768,#8769,#8770),.UNSPECIFIED.,.F.,.F.,(4,3,3,3,3,3,4),(0.210010067,0.33509756,0.460185053,0.591403995,0.722623729,0.861312145,1.),.UNSPECIFIED.);
#8772=EDGE_CURVE('',#8745,#8687,#8771,.T.);
#8773=ORIENTED_EDGE('',*,*,#8772,.T.);
#8774=ORIENTED_EDGE('',*,*,#8692,.T.);
#8775=EDGE_LOOP('',(#8743,#8751,#8773,#8774));
#8776=FACE_BOUND('',#8775,.T.);
#8777=ADVANCED_FACE('',(#8776),#8742,.T.);
#8778=CARTESIAN_POINT('',(0.79314665,1.27147078,0.635));
#8779=CARTESIAN_POINT('',(0.79314665,1.27147078,0.));
#8780=CARTESIAN_POINT('',(0.884565856,1.305637745,0.635));
#8781=CARTESIAN_POINT('',(0.884565856,1.305637745,0.));
#8782=CARTESIAN_POINT('',(0.974599953,1.360350618,0.635));
#8783=CARTESIAN_POINT('',(0.974599953,1.360350618,0.));
#8784=CARTESIAN_POINT('',(1.063248882,1.435609864,0.635));
#8785=CARTESIAN_POINT('',(1.063248882,1.435609864,0.));
#8786=CARTESIAN_POINT('',(1.151897869,1.510868644,0.635));
#8787=CARTESIAN_POINT('',(1.151897869,1.510868644,0.));
#8788=CARTESIAN_POINT('',(1.254398183,1.619602418,0.635));
#8789=CARTESIAN_POINT('',(1.254398183,1.619602418,0.));
#8790=CARTESIAN_POINT('',(1.370749942,1.761810718,0.635));
#8791=CARTESIAN_POINT('',(1.370749942,1.761810718,0.));
#8792=B_SPLINE_SURFACE_WITH_KNOTS('',3,1,((#8778,#8779),(#8780,#8781),(#8782,#8783),(#8784,#8785),(#8786,#8787),(#8788,#8789),(#8790,#8791)),.UNSPECIFIED.,.F.,.F.,.U.,(4,3,4),(2,2),(0.048958765,0.129484505,0.210010067),(0.,1.),.UNSPECIFIED.);
#8793=ORIENTED_EDGE('',*,*,#1460,.F.);
#8794=ORIENTED_EDGE('',*,*,#8482,.F.);
#8795=CARTESIAN_POINT('',(0.79314665,1.27147078,0.635));
#8796=CARTESIAN_POINT('',(0.884565856,1.305637745,0.635));
#8797=CARTESIAN_POINT('',(0.974599953,1.360350618,0.635));
#8798=CARTESIAN_POINT('',(1.063248882,1.435609864,0.635));
#8799=CARTESIAN_POINT('',(1.151897869,1.510868644,0.635));
#8800=CARTESIAN_POINT('',(1.254398183,1.619602418,0.635));
#8801=CARTESIAN_POINT('',(1.370749942,1.761810718,0.635));
#8802=B_SPLINE_CURVE_WITH_KNOTS('',3,(#8795,#8796,#8797,#8798,#8799,#8800,#8801),.UNSPECIFIED.,.F.,.F.,(4,3,4),(0.048958765,0.129484505,0.210010067),.UNSPECIFIED.);
#8803=EDGE_CURVE('',#8470,#8745,#8802,.T.);
#8804=ORIENTED_EDGE('',*,*,#8803,.T.);
#8805=ORIENTED_EDGE('',*,*,#8750,.T.);
#8806=EDGE_LOOP('',(#8793,#8794,#8804,#8805));
#8807=FACE_BOUND('',#8806,.T.);
#8808=ADVANCED_FACE('',(#8807),#8792,.T.);
#8809=CARTESIAN_POINT('',(0.,0.,0.635));
#8810=DIRECTION('',(0.,0.,-1.));
#8811=DIRECTION('',(-1.,0.,0.));
#8812=AXIS2_PLACEMENT_3D('',#8809,#8810,#8811);
#8813=PLANE('',#8812);
#8814=ORIENTED_EDGE('',*,*,#8476,.F.);
#8815=ORIENTED_EDGE('',*,*,#8505,.F.);
#8816=ORIENTED_EDGE('',*,*,#8529,.F.);
#8817=ORIENTED_EDGE('',*,*,#8553,.F.);
#8818=ORIENTED_EDGE('',*,*,#8591,.F.);
#8819=ORIENTED_EDGE('',*,*,#8674,.F.);
#8820=ORIENTED_EDGE('',*,*,#8698,.F.);
#8821=ORIENTED_EDGE('',*,*,#8772,.F.);
#8822=ORIENTED_EDGE('',*,*,#8803,.F.);
#8823=EDGE_LOOP('',(#8814,#8815,#8816,#8817,#8818,#8819,#8820,#8821,#8822));
#8824=FACE_BOUND('',#8823,.T.);
#8825=ADVANCED_FACE('',(#8824),#8813,.T.);
#8826=CARTESIAN_POINT('',(-2.642000054,4.358947607,0.635));
#8827=DIRECTION('',(1.,0.,0.));
#8828=DIRECTION('',(0.,0.,-1.));
#8829=AXIS2_PLACEMENT_3D('',#8826,#8827,#8828);
#8830=PLANE('',#8829);
#8831=ORIENTED_EDGE('',*,*,#632,.F.);
#8832=CARTESIAN_POINT('',(-2.642000054,4.488458255,0.635));
#8833=VERTEX_POINT('',#8832);
#8834=CARTESIAN_POINT('',(-2.642000054,4.488458255,0.635));
#8835=DIRECTION('',(0.,0.,-1.));
#8836=VECTOR('',#8835,0.635);
#8837=LINE('',#8834,#8836);
#8838=EDGE_CURVE('',#8833,#625,#8837,.T.);
#8839=ORIENTED_EDGE('',*,*,#8838,.F.);
#8840=CARTESIAN_POINT('',(-2.642000054,4.229436958,0.635));
#8841=VERTEX_POINT('',#8840);
#8842=CARTESIAN_POINT('',(-2.642000054,4.488458255,0.635));
#8843=DIRECTION('',(0.,-1.,0.));
#8844=VECTOR('',#8843,0.259021297);
#8845=LINE('',#8842,#8844);
#8846=EDGE_CURVE('',#8833,#8841,#8845,.T.);
#8847=ORIENTED_EDGE('',*,*,#8846,.T.);
#8848=CARTESIAN_POINT('',(-2.642000054,4.229436958,0.635));
#8849=DIRECTION('',(0.,0.,-1.));
#8850=VECTOR('',#8849,0.635);
#8851=LINE('',#8848,#8850);
#8852=EDGE_CURVE('',#8841,#627,#8851,.T.);
#8853=ORIENTED_EDGE('',*,*,#8852,.T.);
#8854=EDGE_LOOP('',(#8831,#8839,#8847,#8853));
#8855=FACE_BOUND('',#8854,.T.);
#8856=ADVANCED_FACE('',(#8855),#8830,.T.);
#8857=CARTESIAN_POINT('',(-1.626692672,4.488458255,0.635));
#8858=DIRECTION('',(0.,-1.,0.));
#8859=DIRECTION('',(0.,0.,-1.));
#8860=AXIS2_PLACEMENT_3D('',#8857,#8858,#8859);
#8861=PLANE('',#8860);
#8862=ORIENTED_EDGE('',*,*,#744,.F.);
#8863=CARTESIAN_POINT('',(-0.61138529,4.488458255,0.635));
#8864=VERTEX_POINT('',#8863);
#8865=CARTESIAN_POINT('',(-0.61138529,4.488458255,0.635));
#8866=DIRECTION('',(0.,0.,-1.));
#8867=VECTOR('',#8866,0.635);
#8868=LINE('',#8865,#8867);
#8869=EDGE_CURVE('',#8864,#733,#8868,.T.);
#8870=ORIENTED_EDGE('',*,*,#8869,.F.);
#8871=CARTESIAN_POINT('',(-0.61138529,4.488458255,0.635));
#8872=DIRECTION('',(-1.,0.,0.));
#8873=VECTOR('',#8872,2.030614763);
#8874=LINE('',#8871,#8873);
#8875=EDGE_CURVE('',#8864,#8833,#8874,.T.);
#8876=ORIENTED_EDGE('',*,*,#8875,.T.);
#8877=ORIENTED_EDGE('',*,*,#8838,.T.);
#8878=EDGE_LOOP('',(#8862,#8870,#8876,#8877));
#8879=FACE_BOUND('',#8878,.T.);
#8880=ADVANCED_FACE('',(#8879),#8861,.T.);
#8881=CARTESIAN_POINT('',(-0.61138529,4.307697391,0.635));
#8882=DIRECTION('',(-1.,0.,0.));
#8883=DIRECTION('',(0.,0.,1.));
#8884=AXIS2_PLACEMENT_3D('',#8881,#8882,#8883);
#8885=PLANE('',#8884);
#8886=ORIENTED_EDGE('',*,*,#738,.F.);
#8887=CARTESIAN_POINT('',(-0.61138529,4.126936527,0.635));
#8888=VERTEX_POINT('',#8887);
#8889=CARTESIAN_POINT('',(-0.61138529,4.126936527,0.635));
#8890=DIRECTION('',(0.,0.,-1.));
#8891=VECTOR('',#8890,0.635);
#8892=LINE('',#8889,#8891);
#8893=EDGE_CURVE('',#8888,#725,#8892,.T.);
#8894=ORIENTED_EDGE('',*,*,#8893,.F.);
#8895=CARTESIAN_POINT('',(-0.61138529,4.126936527,0.635));
#8896=DIRECTION('',(0.,1.,0.));
#8897=VECTOR('',#8896,0.361521728);
#8898=LINE('',#8895,#8897);
#8899=EDGE_CURVE('',#8888,#8864,#8898,.T.);
#8900=ORIENTED_EDGE('',*,*,#8899,.T.);
#8901=ORIENTED_EDGE('',*,*,#8869,.T.);
#8902=EDGE_LOOP('',(#8886,#8894,#8900,#8901));
#8903=FACE_BOUND('',#8902,.T.);
#8904=ADVANCED_FACE('',(#8903),#8885,.T.);
#8905=CARTESIAN_POINT('',(-1.317806501,3.883844571,0.635));
#8906=DIRECTION('',(-0.325390594,0.945579696,0.));
#8907=DIRECTION('',(-0.945579696,-0.325390594,0.));
#8908=AXIS2_PLACEMENT_3D('',#8905,#8906,#8907);
#8909=PLANE('',#8908);
#8910=ORIENTED_EDGE('',*,*,#730,.F.);
#8911=CARTESIAN_POINT('',(-2.024227713,3.640752615,0.635));
#8912=VERTEX_POINT('',#8911);
#8913=CARTESIAN_POINT('',(-2.024227713,3.640752615,0.635));
#8914=DIRECTION('',(0.,0.,-1.));
#8915=VECTOR('',#8914,0.635);
#8916=LINE('',#8913,#8915);
#8917=EDGE_CURVE('',#8912,#716,#8916,.T.);
#8918=ORIENTED_EDGE('',*,*,#8917,.F.);
#8919=CARTESIAN_POINT('',(-2.024227713,3.640752615,0.635));
#8920=DIRECTION('',(0.945579696,0.325390594,0.));
#8921=VECTOR('',#8920,1.49415478);
#8922=LINE('',#8919,#8921);
#8923=EDGE_CURVE('',#8912,#8888,#8922,.T.);
#8924=ORIENTED_EDGE('',*,*,#8923,.T.);
#8925=ORIENTED_EDGE('',*,*,#8893,.T.);
#8926=EDGE_LOOP('',(#8910,#8918,#8924,#8925));
#8927=FACE_BOUND('',#8926,.T.);
#8928=ADVANCED_FACE('',(#8927),#8909,.T.);
#8929=CARTESIAN_POINT('',(-2.349735662,3.532711746,0.635));
#8930=CARTESIAN_POINT('',(-2.349735662,3.532711746,0.));
#8931=CARTESIAN_POINT('',(-2.275861526,3.555796439,0.635));
#8932=CARTESIAN_POINT('',(-2.275861526,3.555796439,0.));
#8933=CARTESIAN_POINT('',(-2.167358954,3.591809752,0.635));
#8934=CARTESIAN_POINT('',(-2.167358954,3.591809752,0.));
#8935=CARTESIAN_POINT('',(-2.024227713,3.640752615,0.635));
#8936=CARTESIAN_POINT('',(-2.024227713,3.640752615,0.));
#8937=B_SPLINE_SURFACE_WITH_KNOTS('',3,1,((#8929,#8930),(#8931,#8932),(#8933,#8934),(#8935,#8936)),.UNSPECIFIED.,.F.,.F.,.U.,(4,4),(2,2),(0.473197863,1.),(0.,1.),.UNSPECIFIED.);
#8938=ORIENTED_EDGE('',*,*,#722,.F.);
#8939=CARTESIAN_POINT('',(-2.349735663,3.532711746,0.635));
#8940=VERTEX_POINT('',#8939);
#8941=CARTESIAN_POINT('',(-2.349735663,3.532711746,0.635));
#8942=DIRECTION('',(0.,0.,-1.));
#8943=VECTOR('',#8942,0.635);
#8944=LINE('',#8941,#8943);
#8945=EDGE_CURVE('',#8940,#707,#8944,.T.);
#8946=ORIENTED_EDGE('',*,*,#8945,.F.);
#8947=CARTESIAN_POINT('',(-2.349735663,3.532711746,0.635));
#8948=CARTESIAN_POINT('',(-2.275861526,3.555796439,0.635));
#8949=CARTESIAN_POINT('',(-2.167358954,3.591809751,0.635));
#8950=CARTESIAN_POINT('',(-2.024227713,3.640752615,0.635));
#8951=B_SPLINE_CURVE_WITH_KNOTS('',3,(#8947,#8948,#8949,#8950),.UNSPECIFIED.,.F.,.F.,(4,4),(0.473197861,1.),.UNSPECIFIED.);
#8952=EDGE_CURVE('',#8940,#8912,#8951,.T.);
#8953=ORIENTED_EDGE('',*,*,#8952,.T.);
#8954=ORIENTED_EDGE('',*,*,#8917,.T.);
#8955=EDGE_LOOP('',(#8938,#8946,#8953,#8954));
#8956=FACE_BOUND('',#8955,.T.);
#8957=ADVANCED_FACE('',(#8956),#8937,.T.);
#8958=CARTESIAN_POINT('',(-2.049160149,3.435751753,0.635));
#8959=CARTESIAN_POINT('',(-2.049160149,3.435751753,0.));
#8960=CARTESIAN_POINT('',(-2.183057094,3.480076188,0.635));
#8961=CARTESIAN_POINT('',(-2.183057094,3.480076188,0.));
#8962=CARTESIAN_POINT('',(-2.283248776,3.512395875,0.635));
#8963=CARTESIAN_POINT('',(-2.283248776,3.512395875,0.));
#8964=CARTESIAN_POINT('',(-2.349735662,3.532711746,0.635));
#8965=CARTESIAN_POINT('',(-2.349735662,3.532711746,0.));
#8966=B_SPLINE_SURFACE_WITH_KNOTS('',3,1,((#8958,#8959),(#8960,#8961),(#8962,#8963),(#8964,#8965)),.UNSPECIFIED.,.F.,.F.,.U.,(4,4),(2,2),(0.,0.473197859),(0.,1.),.UNSPECIFIED.);
#8967=ORIENTED_EDGE('',*,*,#713,.F.);
#8968=CARTESIAN_POINT('',(-2.049160149,3.435751753,0.635));
#8969=VERTEX_POINT('',#8968);
#8970=CARTESIAN_POINT('',(-2.049160149,3.435751753,0.635));
#8971=DIRECTION('',(0.,0.,-1.));
#8972=VECTOR('',#8971,0.635);
#8973=LINE('',#8970,#8972);
#8974=EDGE_CURVE('',#8969,#699,#8973,.T.);
#8975=ORIENTED_EDGE('',*,*,#8974,.F.);
#8976=CARTESIAN_POINT('',(-2.049160149,3.435751753,0.635));
#8977=CARTESIAN_POINT('',(-2.183057094,3.480076188,0.635));
#8978=CARTESIAN_POINT('',(-2.283248777,3.512395876,0.635));
#8979=CARTESIAN_POINT('',(-2.349735663,3.532711746,0.635));
#8980=B_SPLINE_CURVE_WITH_KNOTS('',3,(#8976,#8977,#8978,#8979),.UNSPECIFIED.,.F.,.F.,(4,4),(0.,0.473197861),.UNSPECIFIED.);
#8981=EDGE_CURVE('',#8969,#8940,#8980,.T.);
#8982=ORIENTED_EDGE('',*,*,#8981,.T.);
#8983=ORIENTED_EDGE('',*,*,#8945,.T.);
#8984=EDGE_LOOP('',(#8967,#8975,#8982,#8983));
#8985=FACE_BOUND('',#8984,.T.);
#8986=ADVANCED_FACE('',(#8985),#8966,.T.);
#8987=CARTESIAN_POINT('',(-1.33027272,3.195430016,0.635));
#8988=DIRECTION('',(-0.317049995,-0.948408826,0.));
#8989=DIRECTION('',(0.948408826,-0.317049995,0.));
#8990=AXIS2_PLACEMENT_3D('',#8987,#8988,#8989);
#8991=PLANE('',#8990);
#8992=ORIENTED_EDGE('',*,*,#704,.F.);
#8993=CARTESIAN_POINT('',(-0.61138529,2.955108279,0.635));
#8994=VERTEX_POINT('',#8993);
#8995=CARTESIAN_POINT('',(-0.61138529,2.955108279,0.635));
#8996=DIRECTION('',(0.,0.,-1.));
#8997=VECTOR('',#8996,0.635);
#8998=LINE('',#8995,#8997);
#8999=EDGE_CURVE('',#8994,#691,#8998,.T.);
#9000=ORIENTED_EDGE('',*,*,#8999,.F.);
#9001=CARTESIAN_POINT('',(-0.61138529,2.955108279,0.635));
#9002=DIRECTION('',(-0.948408826,0.317049995,0.));
#9003=VECTOR('',#9002,1.515986377);
#9004=LINE('',#9001,#9003);
#9005=EDGE_CURVE('',#8994,#8969,#9004,.T.);
#9006=ORIENTED_EDGE('',*,*,#9005,.T.);
#9007=ORIENTED_EDGE('',*,*,#8974,.T.);
#9008=EDGE_LOOP('',(#8992,#9000,#9006,#9007));
#9009=FACE_BOUND('',#9008,.T.);
#9010=ADVANCED_FACE('',(#9009),#8991,.T.);
#9011=CARTESIAN_POINT('',(-0.61138529,2.752878102,0.635));
#9012=DIRECTION('',(-1.,0.,0.));
#9013=DIRECTION('',(0.,0.,1.));
#9014=AXIS2_PLACEMENT_3D('',#9011,#9012,#9013);
#9015=PLANE('',#9014);
#9016=ORIENTED_EDGE('',*,*,#696,.F.);
#9017=CARTESIAN_POINT('',(-0.61138529,2.550647924,0.635));
#9018=VERTEX_POINT('',#9017);
#9019=CARTESIAN_POINT('',(-0.61138529,2.550647924,0.635));
#9020=DIRECTION('',(0.,0.,-1.));
#9021=VECTOR('',#9020,0.635);
#9022=LINE('',#9019,#9021);
#9023=EDGE_CURVE('',#9018,#683,#9022,.T.);
#9024=ORIENTED_EDGE('',*,*,#9023,.F.);
#9025=CARTESIAN_POINT('',(-0.61138529,2.550647924,0.635));
#9026=DIRECTION('',(0.,1.,0.));
#9027=VECTOR('',#9026,0.404460356);
#9028=LINE('',#9025,#9027);
#9029=EDGE_CURVE('',#9018,#8994,#9028,.T.);
#9030=ORIENTED_EDGE('',*,*,#9029,.T.);
#9031=ORIENTED_EDGE('',*,*,#8999,.T.);
#9032=EDGE_LOOP('',(#9016,#9024,#9030,#9031));
#9033=FACE_BOUND('',#9032,.T.);
#9034=ADVANCED_FACE('',(#9033),#9015,.T.);
#9035=CARTESIAN_POINT('',(-1.626692672,2.550647924,0.635));
#9036=DIRECTION('',(0.,1.,0.));
#9037=DIRECTION('',(0.,0.,1.));
#9038=AXIS2_PLACEMENT_3D('',#9035,#9036,#9037);
#9039=PLANE('',#9038);
#9040=ORIENTED_EDGE('',*,*,#688,.F.);
#9041=CARTESIAN_POINT('',(-2.642000054,2.550647924,0.635));
#9042=VERTEX_POINT('',#9041);
#9043=CARTESIAN_POINT('',(-2.642000054,2.550647924,0.635));
#9044=DIRECTION('',(0.,0.,-1.));
#9045=VECTOR('',#9044,0.635);
#9046=LINE('',#9043,#9045);
#9047=EDGE_CURVE('',#9042,#675,#9046,.T.);
#9048=ORIENTED_EDGE('',*,*,#9047,.F.);
#9049=CARTESIAN_POINT('',(-2.642000054,2.550647924,0.635));
#9050=DIRECTION('',(1.,0.,-0.));
#9051=VECTOR('',#9050,2.030614763);
#9052=LINE('',#9049,#9051);
#9053=EDGE_CURVE('',#9042,#9018,#9052,.T.);
#9054=ORIENTED_EDGE('',*,*,#9053,.T.);
#9055=ORIENTED_EDGE('',*,*,#9023,.T.);
#9056=EDGE_LOOP('',(#9040,#9048,#9054,#9055));
#9057=FACE_BOUND('',#9056,.T.);
#9058=ADVANCED_FACE('',(#9057),#9039,.T.);
#9059=CARTESIAN_POINT('',(-2.642000054,2.680158572,0.635));
#9060=DIRECTION('',(1.,0.,0.));
#9061=DIRECTION('',(0.,0.,-1.));
#9062=AXIS2_PLACEMENT_3D('',#9059,#9060,#9061);
#9063=PLANE('',#9062);
#9064=ORIENTED_EDGE('',*,*,#680,.F.);
#9065=CARTESIAN_POINT('',(-2.642000054,2.809669221,0.635));
#9066=VERTEX_POINT('',#9065);
#9067=CARTESIAN_POINT('',(-2.642000054,2.809669221,0.635));
#9068=DIRECTION('',(0.,0.,-1.));
#9069=VECTOR('',#9068,0.635);
#9070=LINE('',#9067,#9069);
#9071=EDGE_CURVE('',#9066,#667,#9070,.T.);
#9072=ORIENTED_EDGE('',*,*,#9071,.F.);
#9073=CARTESIAN_POINT('',(-2.642000054,2.809669221,0.635));
#9074=DIRECTION('',(0.,-1.,0.));
#9075=VECTOR('',#9074,0.259021297);
#9076=LINE('',#9073,#9075);
#9077=EDGE_CURVE('',#9066,#9042,#9076,.T.);
#9078=ORIENTED_EDGE('',*,*,#9077,.T.);
#9079=ORIENTED_EDGE('',*,*,#9047,.T.);
#9080=EDGE_LOOP('',(#9064,#9072,#9078,#9079));
#9081=FACE_BOUND('',#9080,.T.);
#9082=ADVANCED_FACE('',(#9081),#9063,.T.);
#9083=CARTESIAN_POINT('',(-1.777672867,2.809669221,0.635));
#9084=DIRECTION('',(0.,-1.,0.));
#9085=DIRECTION('',(0.,0.,-1.));
#9086=AXIS2_PLACEMENT_3D('',#9083,#9084,#9085);
#9087=PLANE('',#9086);
#9088=ORIENTED_EDGE('',*,*,#672,.F.);
#9089=CARTESIAN_POINT('',(-0.91334568,2.809669221,0.635));
#9090=VERTEX_POINT('',#9089);
#9091=CARTESIAN_POINT('',(-0.91334568,2.809669221,0.635));
#9092=DIRECTION('',(0.,0.,-1.));
#9093=VECTOR('',#9092,0.635);
#9094=LINE('',#9091,#9093);
#9095=EDGE_CURVE('',#9090,#659,#9094,.T.);
#9096=ORIENTED_EDGE('',*,*,#9095,.F.);
#9097=CARTESIAN_POINT('',(-0.91334568,2.809669221,0.635));
#9098=DIRECTION('',(-1.,0.,0.));
#9099=VECTOR('',#9098,1.728654373);
#9100=LINE('',#9097,#9099);
#9101=EDGE_CURVE('',#9090,#9066,#9100,.T.);
#9102=ORIENTED_EDGE('',*,*,#9101,.T.);
#9103=ORIENTED_EDGE('',*,*,#9071,.T.);
#9104=EDGE_LOOP('',(#9088,#9096,#9102,#9103));
#9105=FACE_BOUND('',#9104,.T.);
#9106=ADVANCED_FACE('',(#9105),#9087,.T.);
#9107=CARTESIAN_POINT('',(-1.777672867,3.103318488,0.635));
#9108=DIRECTION('',(0.321684753,0.94684683,0.));
#9109=DIRECTION('',(-0.94684683,0.321684753,0.));
#9110=AXIS2_PLACEMENT_3D('',#9107,#9108,#9109);
#9111=PLANE('',#9110);
#9112=ORIENTED_EDGE('',*,*,#664,.F.);
#9113=CARTESIAN_POINT('',(-2.642000054,3.396967756,0.635));
#9114=VERTEX_POINT('',#9113);
#9115=CARTESIAN_POINT('',(-2.642000054,3.396967756,0.635));
#9116=DIRECTION('',(0.,0.,-1.));
#9117=VECTOR('',#9116,0.635);
#9118=LINE('',#9115,#9117);
#9119=EDGE_CURVE('',#9114,#651,#9118,.T.);
#9120=ORIENTED_EDGE('',*,*,#9119,.F.);
#9121=CARTESIAN_POINT('',(-2.642000054,3.396967756,0.635));
#9122=DIRECTION('',(0.94684683,-0.321684753,0.));
#9123=VECTOR('',#9122,1.825695898);
#9124=LINE('',#9121,#9123);
#9125=EDGE_CURVE('',#9114,#9090,#9124,.T.);
#9126=ORIENTED_EDGE('',*,*,#9125,.T.);
#9127=ORIENTED_EDGE('',*,*,#9095,.T.);
#9128=EDGE_LOOP('',(#9112,#9120,#9126,#9127));
#9129=FACE_BOUND('',#9128,.T.);
#9130=ADVANCED_FACE('',(#9129),#9111,.T.);
#9131=CARTESIAN_POINT('',(-2.642000054,3.518167747,0.635));
#9132=DIRECTION('',(1.,0.,0.));
#9133=DIRECTION('',(0.,0.,-1.));
#9134=AXIS2_PLACEMENT_3D('',#9131,#9132,#9133);
#9135=PLANE('',#9134);
#9136=ORIENTED_EDGE('',*,*,#656,.F.);
#9137=CARTESIAN_POINT('',(-2.642000054,3.639367739,0.635));
#9138=VERTEX_POINT('',#9137);
#9139=CARTESIAN_POINT('',(-2.642000054,3.639367739,0.635));
#9140=DIRECTION('',(0.,0.,-1.));
#9141=VECTOR('',#9140,0.635);
#9142=LINE('',#9139,#9141);
#9143=EDGE_CURVE('',#9138,#643,#9142,.T.);
#9144=ORIENTED_EDGE('',*,*,#9143,.F.);
#9145=CARTESIAN_POINT('',(-2.642000054,3.639367739,0.635));
#9146=DIRECTION('',(0.,-1.,0.));
#9147=VECTOR('',#9146,0.242399983);
#9148=LINE('',#9145,#9147);
#9149=EDGE_CURVE('',#9138,#9114,#9148,.T.);
#9150=ORIENTED_EDGE('',*,*,#9149,.T.);
#9151=ORIENTED_EDGE('',*,*,#9119,.T.);
#9152=EDGE_LOOP('',(#9136,#9144,#9150,#9151));
#9153=FACE_BOUND('',#9152,.T.);
#9154=ADVANCED_FACE('',(#9153),#9135,.T.);
#9155=CARTESIAN_POINT('',(-1.792216866,3.934402348,0.635));
#9156=DIRECTION('',(0.327982922,-0.944683652,0.));
#9157=DIRECTION('',(0.944683652,0.327982922,0.));
#9158=AXIS2_PLACEMENT_3D('',#9155,#9156,#9157);
#9159=PLANE('',#9158);
#9160=ORIENTED_EDGE('',*,*,#648,.F.);
#9161=CARTESIAN_POINT('',(-0.942433678,4.229436958,0.635));
#9162=VERTEX_POINT('',#9161);
#9163=CARTESIAN_POINT('',(-0.942433678,4.229436958,0.635));
#9164=DIRECTION('',(0.,0.,-1.));
#9165=VECTOR('',#9164,0.635);
#9166=LINE('',#9163,#9165);
#9167=EDGE_CURVE('',#9162,#635,#9166,.T.);
#9168=ORIENTED_EDGE('',*,*,#9167,.F.);
#9169=CARTESIAN_POINT('',(-0.942433678,4.229436958,0.635));
#9170=DIRECTION('',(-0.944683652,-0.327982922,0.));
#9171=VECTOR('',#9170,1.799085198);
#9172=LINE('',#9169,#9171);
#9173=EDGE_CURVE('',#9162,#9138,#9172,.T.);
#9174=ORIENTED_EDGE('',*,*,#9173,.T.);
#9175=ORIENTED_EDGE('',*,*,#9143,.T.);
#9176=EDGE_LOOP('',(#9160,#9168,#9174,#9175));
#9177=FACE_BOUND('',#9176,.T.);
#9178=ADVANCED_FACE('',(#9177),#9159,.T.);
#9179=CARTESIAN_POINT('',(-1.792216866,4.229436958,0.635));
#9180=DIRECTION('',(0.,1.,0.));
#9181=DIRECTION('',(0.,0.,1.));
#9182=AXIS2_PLACEMENT_3D('',#9179,#9180,#9181);
#9183=PLANE('',#9182);
#9184=ORIENTED_EDGE('',*,*,#640,.F.);
#9185=ORIENTED_EDGE('',*,*,#8852,.F.);
#9186=CARTESIAN_POINT('',(-2.642000054,4.229436958,0.635));
#9187=DIRECTION('',(1.,0.,-0.));
#9188=VECTOR('',#9187,1.699566375);
#9189=LINE('',#9186,#9188);
#9190=EDGE_CURVE('',#8841,#9162,#9189,.T.);
#9191=ORIENTED_EDGE('',*,*,#9190,.T.);
#9192=ORIENTED_EDGE('',*,*,#9167,.T.);
#9193=EDGE_LOOP('',(#9184,#9185,#9191,#9192));
#9194=FACE_BOUND('',#9193,.T.);
#9195=ADVANCED_FACE('',(#9194),#9183,.T.);
#9196=CARTESIAN_POINT('',(0.,0.,0.635));
#9197=DIRECTION('',(0.,0.,-1.));
#9198=DIRECTION('',(-1.,0.,0.));
#9199=AXIS2_PLACEMENT_3D('',#9196,#9197,#9198);
#9200=PLANE('',#9199);
#9201=ORIENTED_EDGE('',*,*,#8846,.F.);
#9202=ORIENTED_EDGE('',*,*,#8875,.F.);
#9203=ORIENTED_EDGE('',*,*,#8899,.F.);
#9204=ORIENTED_EDGE('',*,*,#8923,.F.);
#9205=ORIENTED_EDGE('',*,*,#8952,.F.);
#9206=ORIENTED_EDGE('',*,*,#8981,.F.);
#9207=ORIENTED_EDGE('',*,*,#9005,.F.);
#9208=ORIENTED_EDGE('',*,*,#9029,.F.);
#9209=ORIENTED_EDGE('',*,*,#9053,.F.);
#9210=ORIENTED_EDGE('',*,*,#9077,.F.);
#9211=ORIENTED_EDGE('',*,*,#9101,.F.);
#9212=ORIENTED_EDGE('',*,*,#9125,.F.);
#9213=ORIENTED_EDGE('',*,*,#9149,.F.);
#9214=ORIENTED_EDGE('',*,*,#9173,.F.);
#9215=ORIENTED_EDGE('',*,*,#9190,.F.);
#9216=EDGE_LOOP('',(#9201,#9202,#9203,#9204,#9205,#9206,#9207,#9208,#9209,#9210,#9211,#9212,#9213,#9214,#9215));
#9217=FACE_BOUND('',#9216,.T.);
#9218=ADVANCED_FACE('',(#9217),#9200,.T.);
#9219=CARTESIAN_POINT('',(0.620004179,-5.115408142,0.635));
#9220=DIRECTION('',(1.,0.,0.));
#9221=DIRECTION('',(-0.,1.,0.));
#9222=AXIS2_PLACEMENT_3D('',#9219,#9220,#9221);
#9223=PLANE('',#9222);
#9224=ORIENTED_EDGE('',*,*,#1565,.F.);
#9225=CARTESIAN_POINT('',(0.620004179,-4.357736694,0.635));
#9226=VERTEX_POINT('',#9225);
#9227=CARTESIAN_POINT('',(0.620004179,-4.357736694,0.635));
#9228=DIRECTION('',(0.,0.,-1.));
#9229=VECTOR('',#9228,0.635);
#9230=LINE('',#9227,#9229);
#9231=EDGE_CURVE('',#9226,#1558,#9230,.T.);
#9232=ORIENTED_EDGE('',*,*,#9231,.F.);
#9233=CARTESIAN_POINT('',(0.620004179,-5.873079591,0.635));
#9234=VERTEX_POINT('',#9233);
#9235=CARTESIAN_POINT('',(0.620004179,-4.357736694,0.635));
#9236=DIRECTION('',(0.,-1.,0.));
#9237=VECTOR('',#9236,1.515342898);
#9238=LINE('',#9235,#9237);
#9239=EDGE_CURVE('',#9226,#9234,#9238,.T.);
#9240=ORIENTED_EDGE('',*,*,#9239,.T.);
#9241=CARTESIAN_POINT('',(0.620004179,-5.873079591,0.635));
#9242=DIRECTION('',(0.,0.,-1.));
#9243=VECTOR('',#9242,0.635);
#9244=LINE('',#9241,#9243);
#9245=EDGE_CURVE('',#9234,#1560,#9244,.T.);
#9246=ORIENTED_EDGE('',*,*,#9245,.T.);
#9247=EDGE_LOOP('',(#9224,#9232,#9240,#9246));
#9248=FACE_BOUND('',#9247,.T.);
#9249=ADVANCED_FACE('',(#9248),#9223,.T.);
#9250=CARTESIAN_POINT('',(0.73981877,-4.357736694,0.635));
#9251=DIRECTION('',(0.,-1.,0.));
#9252=DIRECTION('',(0.,0.,-1.));
#9253=AXIS2_PLACEMENT_3D('',#9250,#9251,#9252);
#9254=PLANE('',#9253);
#9255=ORIENTED_EDGE('',*,*,#1651,.F.);
#9256=CARTESIAN_POINT('',(0.859633361,-4.357736694,0.635));
#9257=VERTEX_POINT('',#9256);
#9258=CARTESIAN_POINT('',(0.859633361,-4.357736694,0.635));
#9259=DIRECTION('',(0.,0.,-1.));
#9260=VECTOR('',#9259,0.635);
#9261=LINE('',#9258,#9260);
#9262=EDGE_CURVE('',#9257,#1640,#9261,.T.);
#9263=ORIENTED_EDGE('',*,*,#9262,.F.);
#9264=CARTESIAN_POINT('',(0.859633361,-4.357736694,0.635));
#9265=DIRECTION('',(-1.,0.,0.));
#9266=VECTOR('',#9265,0.239629182);
#9267=LINE('',#9264,#9266);
#9268=EDGE_CURVE('',#9257,#9226,#9267,.T.);
#9269=ORIENTED_EDGE('',*,*,#9268,.T.);
#9270=ORIENTED_EDGE('',*,*,#9231,.T.);
#9271=EDGE_LOOP('',(#9255,#9263,#9269,#9270));
#9272=FACE_BOUND('',#9271,.T.);
#9273=ADVANCED_FACE('',(#9272),#9254,.T.);
#9274=CARTESIAN_POINT('',(0.859633361,-4.981049589,0.635));
#9275=DIRECTION('',(-1.,-0.,0.));
#9276=DIRECTION('',(0.,-1.,0.));
#9277=AXIS2_PLACEMENT_3D('',#9274,#9275,#9276);
#9278=PLANE('',#9277);
#9279=ORIENTED_EDGE('',*,*,#1645,.F.);
#9280=CARTESIAN_POINT('',(0.859633361,-5.604362484,0.635));
#9281=VERTEX_POINT('',#9280);
#9282=CARTESIAN_POINT('',(0.859633361,-5.604362484,0.635));
#9283=DIRECTION('',(0.,0.,-1.));
#9284=VECTOR('',#9283,0.635);
#9285=LINE('',#9282,#9284);
#9286=EDGE_CURVE('',#9281,#1632,#9285,.T.);
#9287=ORIENTED_EDGE('',*,*,#9286,.F.);
#9288=CARTESIAN_POINT('',(0.859633361,-5.604362484,0.635));
#9289=DIRECTION('',(-0.,1.,0.));
#9290=VECTOR('',#9289,1.24662579);
#9291=LINE('',#9288,#9290);
#9292=EDGE_CURVE('',#9281,#9257,#9291,.T.);
#9293=ORIENTED_EDGE('',*,*,#9292,.T.);
#9294=ORIENTED_EDGE('',*,*,#9262,.T.);
#9295=EDGE_LOOP('',(#9279,#9287,#9293,#9294));
#9296=FACE_BOUND('',#9295,.T.);
#9297=ADVANCED_FACE('',(#9296),#9278,.T.);
#9298=CARTESIAN_POINT('',(1.205225719,-5.604362484,0.635));
#9299=DIRECTION('',(0.,-1.,0.));
#9300=DIRECTION('',(0.,0.,-1.));
#9301=AXIS2_PLACEMENT_3D('',#9298,#9299,#9300);
#9302=PLANE('',#9301);
#9303=ORIENTED_EDGE('',*,*,#1637,.F.);
#9304=CARTESIAN_POINT('',(1.550818077,-5.604362484,0.635));
#9305=VERTEX_POINT('',#9304);
#9306=CARTESIAN_POINT('',(1.550818077,-5.604362484,0.635));
#9307=DIRECTION('',(0.,0.,-1.));
#9308=VECTOR('',#9307,0.635);
#9309=LINE('',#9306,#9308);
#9310=EDGE_CURVE('',#9305,#1624,#9309,.T.);
#9311=ORIENTED_EDGE('',*,*,#9310,.F.);
#9312=CARTESIAN_POINT('',(1.550818077,-5.604362484,0.635));
#9313=DIRECTION('',(-1.,0.,0.));
#9314=VECTOR('',#9313,0.691184716);
#9315=LINE('',#9312,#9314);
#9316=EDGE_CURVE('',#9305,#9281,#9315,.T.);
#9317=ORIENTED_EDGE('',*,*,#9316,.T.);
#9318=ORIENTED_EDGE('',*,*,#9286,.T.);
#9319=EDGE_LOOP('',(#9303,#9311,#9317,#9318));
#9320=FACE_BOUND('',#9319,.T.);
#9321=ADVANCED_FACE('',(#9320),#9302,.T.);
#9322=CARTESIAN_POINT('',(1.550818077,-5.042688359,0.635));
#9323=DIRECTION('',(1.,0.,0.));
#9324=DIRECTION('',(0.,0.,-1.));
#9325=AXIS2_PLACEMENT_3D('',#9322,#9323,#9324);
#9326=PLANE('',#9325);
#9327=ORIENTED_EDGE('',*,*,#1629,.F.);
#9328=CARTESIAN_POINT('',(1.550818077,-4.481014233,0.635));
#9329=VERTEX_POINT('',#9328);
#9330=CARTESIAN_POINT('',(1.550818077,-4.481014233,0.635));
#9331=DIRECTION('',(0.,0.,-1.));
#9332=VECTOR('',#9331,0.635);
#9333=LINE('',#9330,#9332);
#9334=EDGE_CURVE('',#9329,#1616,#9333,.T.);
#9335=ORIENTED_EDGE('',*,*,#9334,.F.);
#9336=CARTESIAN_POINT('',(1.550818077,-4.481014233,0.635));
#9337=DIRECTION('',(0.,-1.,0.));
#9338=VECTOR('',#9337,1.123348251);
#9339=LINE('',#9336,#9338);
#9340=EDGE_CURVE('',#9329,#9305,#9339,.T.);
#9341=ORIENTED_EDGE('',*,*,#9340,.T.);
#9342=ORIENTED_EDGE('',*,*,#9310,.T.);
#9343=EDGE_LOOP('',(#9327,#9335,#9341,#9342));
#9344=FACE_BOUND('',#9343,.T.);
#9345=ADVANCED_FACE('',(#9344),#9326,.T.);
#9346=CARTESIAN_POINT('',(1.669940084,-4.481014233,0.635));
#9347=DIRECTION('',(0.,-1.,0.));
#9348=DIRECTION('',(0.,0.,-1.));
#9349=AXIS2_PLACEMENT_3D('',#9346,#9347,#9348);
#9350=PLANE('',#9349);
#9351=ORIENTED_EDGE('',*,*,#1621,.F.);
#9352=CARTESIAN_POINT('',(1.789062092,-4.481014233,0.635));
#9353=VERTEX_POINT('',#9352);
#9354=CARTESIAN_POINT('',(1.789062092,-4.481014233,0.635));
#9355=DIRECTION('',(0.,0.,-1.));
#9356=VECTOR('',#9355,0.635);
#9357=LINE('',#9354,#9356);
#9358=EDGE_CURVE('',#9353,#1608,#9357,.T.);
#9359=ORIENTED_EDGE('',*,*,#9358,.F.);
#9360=CARTESIAN_POINT('',(1.789062092,-4.481014233,0.635));
#9361=DIRECTION('',(-1.,0.,0.));
#9362=VECTOR('',#9361,0.238244014);
#9363=LINE('',#9360,#9362);
#9364=EDGE_CURVE('',#9353,#9329,#9363,.T.);
#9365=ORIENTED_EDGE('',*,*,#9364,.T.);
#9366=ORIENTED_EDGE('',*,*,#9334,.T.);
#9367=EDGE_LOOP('',(#9351,#9359,#9365,#9366));
#9368=FACE_BOUND('',#9367,.T.);
#9369=ADVANCED_FACE('',(#9368),#9350,.T.);
#9370=CARTESIAN_POINT('',(1.789062092,-5.042688359,0.635));
#9371=DIRECTION('',(-1.,0.,0.));
#9372=DIRECTION('',(0.,0.,1.));
#9373=AXIS2_PLACEMENT_3D('',#9370,#9371,#9372);
#9374=PLANE('',#9373);
#9375=ORIENTED_EDGE('',*,*,#1613,.F.);
#9376=CARTESIAN_POINT('',(1.789062092,-5.604362484,0.635));
#9377=VERTEX_POINT('',#9376);
#9378=CARTESIAN_POINT('',(1.789062092,-5.604362484,0.635));
#9379=DIRECTION('',(0.,0.,-1.));
#9380=VECTOR('',#9379,0.635);
#9381=LINE('',#9378,#9380);
#9382=EDGE_CURVE('',#9377,#1600,#9381,.T.);
#9383=ORIENTED_EDGE('',*,*,#9382,.F.);
#9384=CARTESIAN_POINT('',(1.789062092,-5.604362484,0.635));
#9385=DIRECTION('',(0.,1.,0.));
#9386=VECTOR('',#9385,1.123348251);
#9387=LINE('',#9384,#9386);
#9388=EDGE_CURVE('',#9377,#9353,#9387,.T.);
#9389=ORIENTED_EDGE('',*,*,#9388,.T.);
#9390=ORIENTED_EDGE('',*,*,#9358,.T.);
#9391=EDGE_LOOP('',(#9375,#9383,#9389,#9390));
#9392=FACE_BOUND('',#9391,.T.);
#9393=ADVANCED_FACE('',(#9392),#9374,.T.);
#9394=CARTESIAN_POINT('',(2.100025984,-5.604362484,0.635));
#9395=DIRECTION('',(0.,-1.,0.));
#9396=DIRECTION('',(0.,0.,-1.));
#9397=AXIS2_PLACEMENT_3D('',#9394,#9395,#9396);
#9398=PLANE('',#9397);
#9399=ORIENTED_EDGE('',*,*,#1605,.F.);
#9400=CARTESIAN_POINT('',(2.410989877,-5.604362484,0.635));
#9401=VERTEX_POINT('',#9400);
#9402=CARTESIAN_POINT('',(2.410989877,-5.604362484,0.635));
#9403=DIRECTION('',(0.,0.,-1.));
#9404=VECTOR('',#9403,0.635);
#9405=LINE('',#9402,#9404);
#9406=EDGE_CURVE('',#9401,#1592,#9405,.T.);
#9407=ORIENTED_EDGE('',*,*,#9406,.F.);
#9408=CARTESIAN_POINT('',(2.410989877,-5.604362484,0.635));
#9409=DIRECTION('',(-1.,0.,0.));
#9410=VECTOR('',#9409,0.621927786);
#9411=LINE('',#9408,#9410);
#9412=EDGE_CURVE('',#9401,#9377,#9411,.T.);
#9413=ORIENTED_EDGE('',*,*,#9412,.T.);
#9414=ORIENTED_EDGE('',*,*,#9382,.T.);
#9415=EDGE_LOOP('',(#9399,#9407,#9413,#9414));
#9416=FACE_BOUND('',#9415,.T.);
#9417=ADVANCED_FACE('',(#9416),#9398,.T.);
#9418=CARTESIAN_POINT('',(2.410989877,-5.004597032,0.635));
#9419=DIRECTION('',(1.,0.,0.));
#9420=DIRECTION('',(0.,0.,-1.));
#9421=AXIS2_PLACEMENT_3D('',#9418,#9419,#9420);
#9422=PLANE('',#9421);
#9423=ORIENTED_EDGE('',*,*,#1597,.F.);
#9424=CARTESIAN_POINT('',(2.410989877,-4.404831581,0.635));
#9425=VERTEX_POINT('',#9424);
#9426=CARTESIAN_POINT('',(2.410989877,-4.404831581,0.635));
#9427=DIRECTION('',(0.,0.,-1.));
#9428=VECTOR('',#9427,0.635);
#9429=LINE('',#9426,#9428);
#9430=EDGE_CURVE('',#9425,#1584,#9429,.T.);
#9431=ORIENTED_EDGE('',*,*,#9430,.F.);
#9432=CARTESIAN_POINT('',(2.410989877,-4.404831581,0.635));
#9433=DIRECTION('',(0.,-1.,0.));
#9434=VECTOR('',#9433,1.199530903);
#9435=LINE('',#9432,#9434);
#9436=EDGE_CURVE('',#9425,#9401,#9435,.T.);
#9437=ORIENTED_EDGE('',*,*,#9436,.T.);
#9438=ORIENTED_EDGE('',*,*,#9406,.T.);
#9439=EDGE_LOOP('',(#9423,#9431,#9437,#9438));
#9440=FACE_BOUND('',#9439,.T.);
#9441=ADVANCED_FACE('',(#9440),#9422,.T.);
#9442=CARTESIAN_POINT('',(2.53080441,-4.404831581,0.635));
#9443=DIRECTION('',(0.,-1.,0.));
#9444=DIRECTION('',(0.,0.,-1.));
#9445=AXIS2_PLACEMENT_3D('',#9442,#9443,#9444);
#9446=PLANE('',#9445);
#9447=ORIENTED_EDGE('',*,*,#1589,.F.);
#9448=CARTESIAN_POINT('',(2.650618943,-4.404831581,0.635));
#9449=VERTEX_POINT('',#9448);
#9450=CARTESIAN_POINT('',(2.650618943,-4.404831581,0.635));
#9451=DIRECTION('',(0.,0.,-1.));
#9452=VECTOR('',#9451,0.635);
#9453=LINE('',#9450,#9452);
#9454=EDGE_CURVE('',#9449,#1576,#9453,.T.);
#9455=ORIENTED_EDGE('',*,*,#9454,.F.);
#9456=CARTESIAN_POINT('',(2.650618943,-4.404831581,0.635));
#9457=DIRECTION('',(-1.,0.,0.));
#9458=VECTOR('',#9457,0.239629066);
#9459=LINE('',#9456,#9458);
#9460=EDGE_CURVE('',#9449,#9425,#9459,.T.);
#9461=ORIENTED_EDGE('',*,*,#9460,.T.);
#9462=ORIENTED_EDGE('',*,*,#9430,.T.);
#9463=EDGE_LOOP('',(#9447,#9455,#9461,#9462));
#9464=FACE_BOUND('',#9463,.T.);
#9465=ADVANCED_FACE('',(#9464),#9446,.T.);
#9466=CARTESIAN_POINT('',(2.650618943,-5.138955586,0.635));
#9467=DIRECTION('',(-1.,0.,0.));
#9468=DIRECTION('',(0.,0.,1.));
#9469=AXIS2_PLACEMENT_3D('',#9466,#9467,#9468);
#9470=PLANE('',#9469);
#9471=ORIENTED_EDGE('',*,*,#1581,.F.);
#9472=CARTESIAN_POINT('',(2.650618943,-5.873079591,0.635));
#9473=VERTEX_POINT('',#9472);
#9474=CARTESIAN_POINT('',(2.650618943,-5.873079591,0.635));
#9475=DIRECTION('',(0.,0.,-1.));
#9476=VECTOR('',#9475,0.635);
#9477=LINE('',#9474,#9476);
#9478=EDGE_CURVE('',#9473,#1568,#9477,.T.);
#9479=ORIENTED_EDGE('',*,*,#9478,.F.);
#9480=CARTESIAN_POINT('',(2.650618943,-5.873079591,0.635));
#9481=DIRECTION('',(0.,1.,0.));
#9482=VECTOR('',#9481,1.46824801);
#9483=LINE('',#9480,#9482);
#9484=EDGE_CURVE('',#9473,#9449,#9483,.T.);
#9485=ORIENTED_EDGE('',*,*,#9484,.T.);
#9486=ORIENTED_EDGE('',*,*,#9454,.T.);
#9487=EDGE_LOOP('',(#9471,#9479,#9485,#9486));
#9488=FACE_BOUND('',#9487,.T.);
#9489=ADVANCED_FACE('',(#9488),#9470,.T.);
#9490=CARTESIAN_POINT('',(1.635311561,-5.873079591,0.635));
#9491=DIRECTION('',(0.,1.,0.));
#9492=DIRECTION('',(0.,0.,1.));
#9493=AXIS2_PLACEMENT_3D('',#9490,#9491,#9492);
#9494=PLANE('',#9493);
#9495=ORIENTED_EDGE('',*,*,#1573,.F.);
#9496=ORIENTED_EDGE('',*,*,#9245,.F.);
#9497=CARTESIAN_POINT('',(0.620004179,-5.873079591,0.635));
#9498=DIRECTION('',(1.,0.,-0.));
#9499=VECTOR('',#9498,2.030614763);
#9500=LINE('',#9497,#9499);
#9501=EDGE_CURVE('',#9234,#9473,#9500,.T.);
#9502=ORIENTED_EDGE('',*,*,#9501,.T.);
#9503=ORIENTED_EDGE('',*,*,#9478,.T.);
#9504=EDGE_LOOP('',(#9495,#9496,#9502,#9503));
#9505=FACE_BOUND('',#9504,.T.);
#9506=ADVANCED_FACE('',(#9505),#9494,.T.);
#9507=CARTESIAN_POINT('',(0.,0.,0.635));
#9508=DIRECTION('',(0.,0.,-1.));
#9509=DIRECTION('',(-1.,0.,0.));
#9510=AXIS2_PLACEMENT_3D('',#9507,#9508,#9509);
#9511=PLANE('',#9510);
#9512=ORIENTED_EDGE('',*,*,#9239,.F.);
#9513=ORIENTED_EDGE('',*,*,#9268,.F.);
#9514=ORIENTED_EDGE('',*,*,#9292,.F.);
#9515=ORIENTED_EDGE('',*,*,#9316,.F.);
#9516=ORIENTED_EDGE('',*,*,#9340,.F.);
#9517=ORIENTED_EDGE('',*,*,#9364,.F.);
#9518=ORIENTED_EDGE('',*,*,#9388,.F.);
#9519=ORIENTED_EDGE('',*,*,#9412,.F.);
#9520=ORIENTED_EDGE('',*,*,#9436,.F.);
#9521=ORIENTED_EDGE('',*,*,#9460,.F.);
#9522=ORIENTED_EDGE('',*,*,#9484,.F.);
#9523=ORIENTED_EDGE('',*,*,#9501,.F.);
#9524=EDGE_LOOP('',(#9512,#9513,#9514,#9515,#9516,#9517,#9518,#9519,#9520,#9521,#9522,#9523));
#9525=FACE_BOUND('',#9524,.T.);
#9526=ADVANCED_FACE('',(#9525),#9511,.T.);
#9527=CARTESIAN_POINT('',(-2.642000054,7.938840756,0.635));
#9528=DIRECTION('',(1.,0.,0.));
#9529=DIRECTION('',(0.,0.,-1.));
#9530=AXIS2_PLACEMENT_3D('',#9527,#9528,#9529);
#9531=PLANE('',#9530);
#9532=ORIENTED_EDGE('',*,*,#598,.F.);
#9533=CARTESIAN_POINT('',(-2.642000054,8.073198939,0.635));
#9534=VERTEX_POINT('',#9533);
#9535=CARTESIAN_POINT('',(-2.642000054,8.073198939,0.635));
#9536=DIRECTION('',(0.,0.,-1.));
#9537=VECTOR('',#9536,0.635);
#9538=LINE('',#9535,#9537);
#9539=EDGE_CURVE('',#9534,#591,#9538,.T.);
#9540=ORIENTED_EDGE('',*,*,#9539,.F.);
#9541=CARTESIAN_POINT('',(-2.642000054,7.804482574,0.635));
#9542=VERTEX_POINT('',#9541);
#9543=CARTESIAN_POINT('',(-2.642000054,8.073198939,0.635));
#9544=DIRECTION('',(0.,-1.,0.));
#9545=VECTOR('',#9544,0.268716365);
#9546=LINE('',#9543,#9545);
#9547=EDGE_CURVE('',#9534,#9542,#9546,.T.);
#9548=ORIENTED_EDGE('',*,*,#9547,.T.);
#9549=CARTESIAN_POINT('',(-2.642000054,7.804482574,0.635));
#9550=DIRECTION('',(0.,0.,-1.));
#9551=VECTOR('',#9550,0.635);
#9552=LINE('',#9549,#9551);
#9553=EDGE_CURVE('',#9542,#593,#9552,.T.);
#9554=ORIENTED_EDGE('',*,*,#9553,.T.);
#9555=EDGE_LOOP('',(#9532,#9540,#9548,#9554));
#9556=FACE_BOUND('',#9555,.T.);
#9557=ADVANCED_FACE('',(#9556),#9531,.T.);
#9558=CARTESIAN_POINT('',(-1.626692672,8.073198939,0.635));
#9559=DIRECTION('',(0.,-1.,0.));
#9560=DIRECTION('',(0.,0.,-1.));
#9561=AXIS2_PLACEMENT_3D('',#9558,#9559,#9560);
#9562=PLANE('',#9561);
#9563=ORIENTED_EDGE('',*,*,#620,.F.);
#9564=CARTESIAN_POINT('',(-0.61138529,8.073198939,0.635));
#9565=VERTEX_POINT('',#9564);
#9566=CARTESIAN_POINT('',(-0.61138529,8.073198939,0.635));
#9567=DIRECTION('',(0.,0.,-1.));
#9568=VECTOR('',#9567,0.635);
#9569=LINE('',#9566,#9568);
#9570=EDGE_CURVE('',#9565,#609,#9569,.T.);
#9571=ORIENTED_EDGE('',*,*,#9570,.F.);
#9572=CARTESIAN_POINT('',(-0.61138529,8.073198939,0.635));
#9573=DIRECTION('',(-1.,0.,0.));
#9574=VECTOR('',#9573,2.030614763);
#9575=LINE('',#9572,#9574);
#9576=EDGE_CURVE('',#9565,#9534,#9575,.T.);
#9577=ORIENTED_EDGE('',*,*,#9576,.T.);
#9578=ORIENTED_EDGE('',*,*,#9539,.T.);
#9579=EDGE_LOOP('',(#9563,#9571,#9577,#9578));
#9580=FACE_BOUND('',#9579,.T.);
#9581=ADVANCED_FACE('',(#9580),#9562,.T.);
#9582=CARTESIAN_POINT('',(-0.61138529,7.938840756,0.635));
#9583=DIRECTION('',(-1.,0.,0.));
#9584=DIRECTION('',(0.,0.,1.));
#9585=AXIS2_PLACEMENT_3D('',#9582,#9583,#9584);
#9586=PLANE('',#9585);
#9587=ORIENTED_EDGE('',*,*,#614,.F.);
#9588=CARTESIAN_POINT('',(-0.61138529,7.804482574,0.635));
#9589=VERTEX_POINT('',#9588);
#9590=CARTESIAN_POINT('',(-0.61138529,7.804482574,0.635));
#9591=DIRECTION('',(0.,0.,-1.));
#9592=VECTOR('',#9591,0.635);
#9593=LINE('',#9590,#9592);
#9594=EDGE_CURVE('',#9589,#601,#9593,.T.);
#9595=ORIENTED_EDGE('',*,*,#9594,.F.);
#9596=CARTESIAN_POINT('',(-0.61138529,7.804482574,0.635));
#9597=DIRECTION('',(0.,1.,0.));
#9598=VECTOR('',#9597,0.268716365);
#9599=LINE('',#9596,#9598);
#9600=EDGE_CURVE('',#9589,#9565,#9599,.T.);
#9601=ORIENTED_EDGE('',*,*,#9600,.T.);
#9602=ORIENTED_EDGE('',*,*,#9570,.T.);
#9603=EDGE_LOOP('',(#9587,#9595,#9601,#9602));
#9604=FACE_BOUND('',#9603,.T.);
#9605=ADVANCED_FACE('',(#9604),#9586,.T.);
#9606=CARTESIAN_POINT('',(-1.626692672,7.804482574,0.635));
#9607=DIRECTION('',(0.,1.,0.));
#9608=DIRECTION('',(0.,0.,1.));
#9609=AXIS2_PLACEMENT_3D('',#9606,#9607,#9608);
#9610=PLANE('',#9609);
#9611=ORIENTED_EDGE('',*,*,#606,.F.);
#9612=ORIENTED_EDGE('',*,*,#9553,.F.);
#9613=CARTESIAN_POINT('',(-2.642000054,7.804482574,0.635));
#9614=DIRECTION('',(1.,0.,-0.));
#9615=VECTOR('',#9614,2.030614763);
#9616=LINE('',#9613,#9615);
#9617=EDGE_CURVE('',#9542,#9589,#9616,.T.);
#9618=ORIENTED_EDGE('',*,*,#9617,.T.);
#9619=ORIENTED_EDGE('',*,*,#9594,.T.);
#9620=EDGE_LOOP('',(#9611,#9612,#9618,#9619));
#9621=FACE_BOUND('',#9620,.T.);
#9622=ADVANCED_FACE('',(#9621),#9610,.T.);
#9623=CARTESIAN_POINT('',(0.,0.,0.635));
#9624=DIRECTION('',(0.,0.,-1.));
#9625=DIRECTION('',(-1.,0.,0.));
#9626=AXIS2_PLACEMENT_3D('',#9623,#9624,#9625);
#9627=PLANE('',#9626);
#9628=ORIENTED_EDGE('',*,*,#9547,.F.);
#9629=ORIENTED_EDGE('',*,*,#9576,.F.);
#9630=ORIENTED_EDGE('',*,*,#9600,.F.);
#9631=ORIENTED_EDGE('',*,*,#9617,.F.);
#9632=EDGE_LOOP('',(#9628,#9629,#9630,#9631));
#9633=FACE_BOUND('',#9632,.T.);
#9634=ADVANCED_FACE('',(#9633),#9627,.T.);
#9635=CARTESIAN_POINT('',(-0.61138529,-4.643768092,0.635));
#9636=DIRECTION('',(-1.,0.,0.));
#9637=DIRECTION('',(0.,0.,1.));
#9638=AXIS2_PLACEMENT_3D('',#9635,#9636,#9637);
#9639=PLANE('',#9638);
#9640=ORIENTED_EDGE('',*,*,#1663,.F.);
#9641=CARTESIAN_POINT('',(-0.61138529,-4.778126623,0.635));
#9642=VERTEX_POINT('',#9641);
#9643=CARTESIAN_POINT('',(-0.61138529,-4.778126623,0.635));
#9644=DIRECTION('',(0.,0.,-1.));
#9645=VECTOR('',#9644,0.635);
#9646=LINE('',#9643,#9645);
#9647=EDGE_CURVE('',#9642,#1656,#9646,.T.);
#9648=ORIENTED_EDGE('',*,*,#9647,.F.);
#9649=CARTESIAN_POINT('',(-0.61138529,-4.50940956,0.635));
#9650=VERTEX_POINT('',#9649);
#9651=CARTESIAN_POINT('',(-0.61138529,-4.778126623,0.635));
#9652=DIRECTION('',(0.,1.,0.));
#9653=VECTOR('',#9652,0.268717064);
#9654=LINE('',#9651,#9653);
#9655=EDGE_CURVE('',#9642,#9650,#9654,.T.);
#9656=ORIENTED_EDGE('',*,*,#9655,.T.);
#9657=CARTESIAN_POINT('',(-0.61138529,-4.50940956,0.635));
#9658=DIRECTION('',(0.,0.,-1.));
#9659=VECTOR('',#9658,0.635);
#9660=LINE('',#9657,#9659);
#9661=EDGE_CURVE('',#9650,#1658,#9660,.T.);
#9662=ORIENTED_EDGE('',*,*,#9661,.T.);
#9663=EDGE_LOOP('',(#9640,#9648,#9656,#9662));
#9664=FACE_BOUND('',#9663,.T.);
#9665=ADVANCED_FACE('',(#9664),#9639,.T.);
#9666=CARTESIAN_POINT('',(-1.197299414,-4.778126623,0.635));
#9667=DIRECTION('',(0.,1.,0.));
#9668=DIRECTION('',(0.,0.,1.));
#9669=AXIS2_PLACEMENT_3D('',#9666,#9667,#9668);
#9670=PLANE('',#9669);
#9671=ORIENTED_EDGE('',*,*,#1752,.F.);
#9672=CARTESIAN_POINT('',(-1.783213538,-4.778126623,0.635));
#9673=VERTEX_POINT('',#9672);
#9674=CARTESIAN_POINT('',(-1.783213538,-4.778126623,0.635));
#9675=DIRECTION('',(0.,0.,-1.));
#9676=VECTOR('',#9675,0.635);
#9677=LINE('',#9674,#9676);
#9678=EDGE_CURVE('',#9673,#1731,#9677,.T.);
#9679=ORIENTED_EDGE('',*,*,#9678,.F.);
#9680=CARTESIAN_POINT('',(-1.783213538,-4.778126623,0.635));
#9681=DIRECTION('',(1.,0.,-0.));
#9682=VECTOR('',#9681,1.171828248);
#9683=LINE('',#9680,#9682);
#9684=EDGE_CURVE('',#9673,#9642,#9683,.T.);
#9685=ORIENTED_EDGE('',*,*,#9684,.T.);
#9686=ORIENTED_EDGE('',*,*,#9647,.T.);
#9687=EDGE_LOOP('',(#9671,#9679,#9685,#9686));
#9688=FACE_BOUND('',#9687,.T.);
#9689=ADVANCED_FACE('',(#9688),#9670,.T.);
#9690=CARTESIAN_POINT('',(-2.17313036,-5.788586006,0.635));
#9691=CARTESIAN_POINT('',(-2.17313036,-5.788586006,0.));
#9692=CARTESIAN_POINT('',(-2.256700263,-5.755804615,0.635));
#9693=CARTESIAN_POINT('',(-2.256700263,-5.755804615,0.));
#9694=CARTESIAN_POINT('',(-2.321109368,-5.699475432,0.635));
#9695=CARTESIAN_POINT('',(-2.321109368,-5.699475432,0.));
#9696=CARTESIAN_POINT('',(-2.36635721,-5.619599154,0.635));
#9697=CARTESIAN_POINT('',(-2.36635721,-5.619599154,0.));
#9698=CARTESIAN_POINT('',(-2.411605051,-5.539722877,0.635));
#9699=CARTESIAN_POINT('',(-2.411605051,-5.539722877,0.));
#9700=CARTESIAN_POINT('',(-2.434228972,-5.442070445,0.635));
#9701=CARTESIAN_POINT('',(-2.434228972,-5.442070445,0.));
#9702=CARTESIAN_POINT('',(-2.434228972,-5.326642092,0.635));
#9703=CARTESIAN_POINT('',(-2.434228972,-5.326642092,0.));
#9704=CARTESIAN_POINT('',(-2.434228972,-5.129028946,0.635));
#9705=CARTESIAN_POINT('',(-2.434228972,-5.129028946,0.));
#9706=CARTESIAN_POINT('',(-2.389442834,-4.988206221,0.635));
#9707=CARTESIAN_POINT('',(-2.389442834,-4.988206221,0.));
#9708=CARTESIAN_POINT('',(-2.299870557,-4.904174382,0.635));
#9709=CARTESIAN_POINT('',(-2.299870557,-4.904174382,0.));
#9710=CARTESIAN_POINT('',(-2.21029828,-4.820142776,0.635));
#9711=CARTESIAN_POINT('',(-2.21029828,-4.820142776,0.));
#9712=CARTESIAN_POINT('',(-2.038079041,-4.778126623,0.635));
#9713=CARTESIAN_POINT('',(-2.038079041,-4.778126623,0.));
#9714=CARTESIAN_POINT('',(-1.783213538,-4.778126623,0.635));
#9715=CARTESIAN_POINT('',(-1.783213538,-4.778126623,0.));
#9716=B_SPLINE_SURFACE_WITH_KNOTS('',3,1,((#9690,#9691),(#9692,#9693),(#9694,#9695),(#9696,#9697),(#9698,#9699),(#9700,#9701),(#9702,#9703),(#9704,#9705),(#9706,#9707),(#9708,#9709),(#9710,#9711),(#9712,#9713),(#9714,#9715)),.UNSPECIFIED.,.F.,.F.,.U.,(4,3,3,3,4),(2,2),(0.,0.184365971,0.368731943,0.684366176,1.),(0.,1.),.UNSPECIFIED.);
#9717=ORIENTED_EDGE('',*,*,#1746,.F.);
#9718=CARTESIAN_POINT('',(-2.17313036,-5.788586006,0.635));
#9719=VERTEX_POINT('',#9718);
#9720=CARTESIAN_POINT('',(-2.17313036,-5.788586006,0.635));
#9721=DIRECTION('',(0.,0.,-1.));
#9722=VECTOR('',#9721,0.635);
#9723=LINE('',#9720,#9722);
#9724=EDGE_CURVE('',#9719,#1722,#9723,.T.);
#9725=ORIENTED_EDGE('',*,*,#9724,.F.);
#9726=CARTESIAN_POINT('',(-2.17313036,-5.788586006,0.635));
#9727=CARTESIAN_POINT('',(-2.256700263,-5.755804615,0.635));
#9728=CARTESIAN_POINT('',(-2.321109368,-5.699475432,0.635));
#9729=CARTESIAN_POINT('',(-2.36635721,-5.619599154,0.635));
#9730=CARTESIAN_POINT('',(-2.411605051,-5.539722877,0.635));
#9731=CARTESIAN_POINT('',(-2.434228972,-5.442070445,0.635));
#9732=CARTESIAN_POINT('',(-2.434228972,-5.326642092,0.635));
#9733=CARTESIAN_POINT('',(-2.434228972,-5.129028946,0.635));
#9734=CARTESIAN_POINT('',(-2.389442834,-4.988206221,0.635));
#9735=CARTESIAN_POINT('',(-2.299870557,-4.904174382,0.635));
#9736=CARTESIAN_POINT('',(-2.21029828,-4.820142776,0.635));
#9737=CARTESIAN_POINT('',(-2.038079041,-4.778126623,0.635));
#9738=CARTESIAN_POINT('',(-1.783213538,-4.778126623,0.635));
#9739=B_SPLINE_CURVE_WITH_KNOTS('',3,(#9726,#9727,#9728,#9729,#9730,#9731,#9732,#9733,#9734,#9735,#9736,#9737,#9738),.UNSPECIFIED.,.F.,.F.,(4,3,3,3,4),(0.,0.184365971,0.368731943,0.684366176,1.),.UNSPECIFIED.);
#9740=EDGE_CURVE('',#9719,#9673,#9739,.T.);
#9741=ORIENTED_EDGE('',*,*,#9740,.T.);
#9742=ORIENTED_EDGE('',*,*,#9678,.T.);
#9743=EDGE_LOOP('',(#9717,#9725,#9741,#9742));
#9744=FACE_BOUND('',#9743,.T.);
#9745=ADVANCED_FACE('',(#9744),#9716,.T.);
#9746=CARTESIAN_POINT('',(-1.783213538,-5.837758441,0.635));
#9747=CARTESIAN_POINT('',(-1.783213538,-5.837758441,0.));
#9748=CARTESIAN_POINT('',(-1.959587873,-5.837758441,0.635));
#9749=CARTESIAN_POINT('',(-1.959587873,-5.837758441,0.));
#9750=CARTESIAN_POINT('',(-2.089560224,-5.821367862,0.635));
#9751=CARTESIAN_POINT('',(-2.089560224,-5.821367862,0.));
#9752=CARTESIAN_POINT('',(-2.17313036,-5.788586006,0.635));
#9753=CARTESIAN_POINT('',(-2.17313036,-5.788586006,0.));
#9754=B_SPLINE_SURFACE_WITH_KNOTS('',3,1,((#9746,#9747),(#9748,#9749),(#9750,#9751),(#9752,#9753)),.UNSPECIFIED.,.F.,.F.,.U.,(4,4),(2,2),(0.,1.),(0.,1.),.UNSPECIFIED.);
#9755=ORIENTED_EDGE('',*,*,#1728,.F.);
#9756=CARTESIAN_POINT('',(-1.783213538,-5.837758441,0.635));
#9757=VERTEX_POINT('',#9756);
#9758=CARTESIAN_POINT('',(-1.783213538,-5.837758441,0.635));
#9759=DIRECTION('',(0.,0.,-1.));
#9760=VECTOR('',#9759,0.635);
#9761=LINE('',#9758,#9760);
#9762=EDGE_CURVE('',#9757,#1714,#9761,.T.);
#9763=ORIENTED_EDGE('',*,*,#9762,.F.);
#9764=CARTESIAN_POINT('',(-1.783213538,-5.837758441,0.635));
#9765=CARTESIAN_POINT('',(-1.959587873,-5.837758441,0.635));
#9766=CARTESIAN_POINT('',(-2.089560224,-5.821367862,0.635));
#9767=CARTESIAN_POINT('',(-2.17313036,-5.788586006,0.635));
#9768=B_SPLINE_CURVE_WITH_KNOTS('',3,(#9764,#9765,#9766,#9767),.UNSPECIFIED.,.F.,.F.,(4,4),(0.,1.),.UNSPECIFIED.);
#9769=EDGE_CURVE('',#9757,#9719,#9768,.T.);
#9770=ORIENTED_EDGE('',*,*,#9769,.T.);
#9771=ORIENTED_EDGE('',*,*,#9724,.T.);
#9772=EDGE_LOOP('',(#9755,#9763,#9770,#9771));
#9773=FACE_BOUND('',#9772,.T.);
#9774=ADVANCED_FACE('',(#9773),#9754,.T.);
#9775=CARTESIAN_POINT('',(-1.197299414,-5.837758441,0.635));
#9776=DIRECTION('',(0.,-1.,0.));
#9777=DIRECTION('',(0.,0.,-1.));
#9778=AXIS2_PLACEMENT_3D('',#9775,#9776,#9777);
#9779=PLANE('',#9778);
#9780=ORIENTED_EDGE('',*,*,#1719,.F.);
#9781=CARTESIAN_POINT('',(-0.61138529,-5.837758441,0.635));
#9782=VERTEX_POINT('',#9781);
#9783=CARTESIAN_POINT('',(-0.61138529,-5.837758441,0.635));
#9784=DIRECTION('',(0.,0.,-1.));
#9785=VECTOR('',#9784,0.635);
#9786=LINE('',#9783,#9785);
#9787=EDGE_CURVE('',#9782,#1706,#9786,.T.);
#9788=ORIENTED_EDGE('',*,*,#9787,.F.);
#9789=CARTESIAN_POINT('',(-0.61138529,-5.837758441,0.635));
#9790=DIRECTION('',(-1.,0.,0.));
#9791=VECTOR('',#9790,1.171828248);
#9792=LINE('',#9789,#9791);
#9793=EDGE_CURVE('',#9782,#9757,#9792,.T.);
#9794=ORIENTED_EDGE('',*,*,#9793,.T.);
#9795=ORIENTED_EDGE('',*,*,#9762,.T.);
#9796=EDGE_LOOP('',(#9780,#9788,#9794,#9795));
#9797=FACE_BOUND('',#9796,.T.);
#9798=ADVANCED_FACE('',(#9797),#9779,.T.);
#9799=CARTESIAN_POINT('',(-0.61138529,-5.972117089,0.635));
#9800=DIRECTION('',(-1.,0.,0.));
#9801=DIRECTION('',(0.,0.,1.));
#9802=AXIS2_PLACEMENT_3D('',#9799,#9800,#9801);
#9803=PLANE('',#9802);
#9804=ORIENTED_EDGE('',*,*,#1711,.F.);
#9805=CARTESIAN_POINT('',(-0.61138529,-6.106475737,0.635));
#9806=VERTEX_POINT('',#9805);
#9807=CARTESIAN_POINT('',(-0.61138529,-6.106475737,0.635));
#9808=DIRECTION('',(0.,0.,-1.));
#9809=VECTOR('',#9808,0.635);
#9810=LINE('',#9807,#9809);
#9811=EDGE_CURVE('',#9806,#1698,#9810,.T.);
#9812=ORIENTED_EDGE('',*,*,#9811,.F.);
#9813=CARTESIAN_POINT('',(-0.61138529,-6.106475737,0.635));
#9814=DIRECTION('',(0.,1.,0.));
#9815=VECTOR('',#9814,0.268717296);
#9816=LINE('',#9813,#9815);
#9817=EDGE_CURVE('',#9806,#9782,#9816,.T.);
#9818=ORIENTED_EDGE('',*,*,#9817,.T.);
#9819=ORIENTED_EDGE('',*,*,#9787,.T.);
#9820=EDGE_LOOP('',(#9804,#9812,#9818,#9819));
#9821=FACE_BOUND('',#9820,.T.);
#9822=ADVANCED_FACE('',(#9821),#9803,.T.);
#9823=CARTESIAN_POINT('',(-1.197991852,-6.106475737,0.635));
#9824=DIRECTION('',(0.,1.,0.));
#9825=DIRECTION('',(0.,0.,1.));
#9826=AXIS2_PLACEMENT_3D('',#9823,#9824,#9825);
#9827=PLANE('',#9826);
#9828=ORIENTED_EDGE('',*,*,#1703,.F.);
#9829=CARTESIAN_POINT('',(-1.784598414,-6.106475737,0.635));
#9830=VERTEX_POINT('',#9829);
#9831=CARTESIAN_POINT('',(-1.784598414,-6.106475737,0.635));
#9832=DIRECTION('',(0.,0.,-1.));
#9833=VECTOR('',#9832,0.635);
#9834=LINE('',#9831,#9833);
#9835=EDGE_CURVE('',#9830,#1674,#9834,.T.);
#9836=ORIENTED_EDGE('',*,*,#9835,.F.);
#9837=CARTESIAN_POINT('',(-1.784598414,-6.106475737,0.635));
#9838=DIRECTION('',(1.,0.,-0.));
#9839=VECTOR('',#9838,1.173213124);
#9840=LINE('',#9837,#9839);
#9841=EDGE_CURVE('',#9830,#9806,#9840,.T.);
#9842=ORIENTED_EDGE('',*,*,#9841,.T.);
#9843=ORIENTED_EDGE('',*,*,#9811,.T.);
#9844=EDGE_LOOP('',(#9828,#9836,#9842,#9843));
#9845=FACE_BOUND('',#9844,.T.);
#9846=ADVANCED_FACE('',(#9845),#9827,.T.);
#9847=CARTESIAN_POINT('',(-1.784598414,-4.50940956,0.635));
#9848=CARTESIAN_POINT('',(-1.784598414,-4.50940956,0.));
#9849=CARTESIAN_POINT('',(-1.98867587,-4.50940956,0.635));
#9850=CARTESIAN_POINT('',(-1.98867587,-4.50940956,0.));
#9851=CARTESIAN_POINT('',(-2.150737174,-4.532495417,0.635));
#9852=CARTESIAN_POINT('',(-2.150737174,-4.532495417,0.));
#9853=CARTESIAN_POINT('',(-2.270782559,-4.578666432,0.635));
#9854=CARTESIAN_POINT('',(-2.270782559,-4.578666432,0.));
#9855=CARTESIAN_POINT('',(-2.390827943,-4.624838145,0.635));
#9856=CARTESIAN_POINT('',(-2.390827943,-4.624838145,0.));
#9857=CARTESIAN_POINT('',(-2.488480375,-4.70817708,0.635));
#9858=CARTESIAN_POINT('',(-2.488480375,-4.70817708,0.));
#9859=CARTESIAN_POINT('',(-2.563739621,-4.828684168,0.635));
#9860=CARTESIAN_POINT('',(-2.563739621,-4.828684168,0.));
#9861=CARTESIAN_POINT('',(-2.638998867,-4.949191488,0.635));
#9862=CARTESIAN_POINT('',(-2.638998867,-4.949191488,0.));
#9863=CARTESIAN_POINT('',(-2.67662849,-5.107328199,0.635));
#9864=CARTESIAN_POINT('',(-2.67662849,-5.107328199,0.));
#9865=CARTESIAN_POINT('',(-2.67662849,-5.303094532,0.635));
#9866=CARTESIAN_POINT('',(-2.67662849,-5.303094532,0.));
#9867=CARTESIAN_POINT('',(-2.67662849,-5.493320428,0.635));
#9868=CARTESIAN_POINT('',(-2.67662849,-5.493320428,0.));
#9869=CARTESIAN_POINT('',(-2.643846866,-5.648917887,0.635));
#9870=CARTESIAN_POINT('',(-2.643846866,-5.648917887,0.));
#9871=CARTESIAN_POINT('',(-2.57828362,-5.769886678,0.635));
#9872=CARTESIAN_POINT('',(-2.57828362,-5.769886678,0.));
#9873=CARTESIAN_POINT('',(-2.512720373,-5.890855702,0.635));
#9874=CARTESIAN_POINT('',(-2.512720373,-5.890855702,0.));
#9875=CARTESIAN_POINT('',(-2.41783816,-5.977196056,0.635));
#9876=CARTESIAN_POINT('',(-2.41783816,-5.977196056,0.));
#9877=CARTESIAN_POINT('',(-2.293637448,-6.028907742,0.635));
#9878=CARTESIAN_POINT('',(-2.293637448,-6.028907742,0.));
#9879=CARTESIAN_POINT('',(-2.169436502,-6.080619661,0.635));
#9880=CARTESIAN_POINT('',(-2.169436502,-6.080619661,0.));
#9881=CARTESIAN_POINT('',(-1.999756979,-6.106475737,0.635));
#9882=CARTESIAN_POINT('',(-1.999756979,-6.106475737,0.));
#9883=CARTESIAN_POINT('',(-1.784598414,-6.106475737,0.635));
#9884=CARTESIAN_POINT('',(-1.784598414,-6.106475737,0.));
#9885=B_SPLINE_SURFACE_WITH_KNOTS('',3,1,((#9847,#9848),(#9849,#9850),(#9851,#9852),(#9853,#9854),(#9855,#9856),(#9857,#9858),(#9859,#9860),(#9861,#9862),(#9863,#9864),(#9865,#9866),(#9867,#9868),(#9869,#9870),(#9871,#9872),(#9873,#9874),(#9875,#9876),(#9877,#9878),(#9879,#9880),(#9881,#9882),(#9883,#9884)),.UNSPECIFIED.,.F.,.F.,.U.,(4,3,3,3,3,3,4),(2,2),(0.,0.169058384,0.338117098,0.507176047,0.671450411,0.83572502,1.),(0.,1.),.UNSPECIFIED.);
#9886=ORIENTED_EDGE('',*,*,#1695,.F.);
#9887=CARTESIAN_POINT('',(-1.784598414,-4.50940956,0.635));
#9888=VERTEX_POINT('',#9887);
#9889=CARTESIAN_POINT('',(-1.784598414,-4.50940956,0.635));
#9890=DIRECTION('',(0.,0.,-1.));
#9891=VECTOR('',#9890,0.635);
#9892=LINE('',#9889,#9891);
#9893=EDGE_CURVE('',#9888,#1666,#9892,.T.);
#9894=ORIENTED_EDGE('',*,*,#9893,.F.);
#9895=CARTESIAN_POINT('',(-1.784598414,-4.50940956,0.635));
#9896=CARTESIAN_POINT('',(-1.98867587,-4.50940956,0.635));
#9897=CARTESIAN_POINT('',(-2.150737174,-4.532495417,0.635));
#9898=CARTESIAN_POINT('',(-2.270782559,-4.578666432,0.635));
#9899=CARTESIAN_POINT('',(-2.390827943,-4.624838145,0.635));
#9900=CARTESIAN_POINT('',(-2.488480375,-4.70817708,0.635));
#9901=CARTESIAN_POINT('',(-2.563739621,-4.828684168,0.635));
#9902=CARTESIAN_POINT('',(-2.638998867,-4.949191488,0.635));
#9903=CARTESIAN_POINT('',(-2.67662849,-5.107328199,0.635));
#9904=CARTESIAN_POINT('',(-2.67662849,-5.303094532,0.635));
#9905=CARTESIAN_POINT('',(-2.67662849,-5.493320428,0.635));
#9906=CARTESIAN_POINT('',(-2.643846866,-5.648917887,0.635));
#9907=CARTESIAN_POINT('',(-2.57828362,-5.769886678,0.635));
#9908=CARTESIAN_POINT('',(-2.512720373,-5.890855702,0.635));
#9909=CARTESIAN_POINT('',(-2.41783816,-5.977196056,0.635));
#9910=CARTESIAN_POINT('',(-2.293637448,-6.028907742,0.635));
#9911=CARTESIAN_POINT('',(-2.169436502,-6.080619661,0.635));
#9912=CARTESIAN_POINT('',(-1.999756979,-6.106475737,0.635));
#9913=CARTESIAN_POINT('',(-1.784598414,-6.106475737,0.635));
#9914=B_SPLINE_CURVE_WITH_KNOTS('',3,(#9895,#9896,#9897,#9898,#9899,#9900,#9901,#9902,#9903,#9904,#9905,#9906,#9907,#9908,#9909,#9910,#9911,#9912,#9913),.UNSPECIFIED.,.F.,.F.,(4,3,3,3,3,3,4),(0.,0.169058384,0.338117098,0.507176047,0.671450411,0.83572502,1.),.UNSPECIFIED.);
#9915=EDGE_CURVE('',#9888,#9830,#9914,.T.);
#9916=ORIENTED_EDGE('',*,*,#9915,.T.);
#9917=ORIENTED_EDGE('',*,*,#9835,.T.);
#9918=EDGE_LOOP('',(#9886,#9894,#9916,#9917));
#9919=FACE_BOUND('',#9918,.T.);
#9920=ADVANCED_FACE('',(#9919),#9885,.T.);
#9921=CARTESIAN_POINT('',(-1.197991852,-4.50940956,0.635));
#9922=DIRECTION('',(0.,-1.,0.));
#9923=DIRECTION('',(0.,0.,-1.));
#9924=AXIS2_PLACEMENT_3D('',#9921,#9922,#9923);
#9925=PLANE('',#9924);
#9926=ORIENTED_EDGE('',*,*,#1671,.F.);
#9927=ORIENTED_EDGE('',*,*,#9661,.F.);
#9928=CARTESIAN_POINT('',(-0.61138529,-4.50940956,0.635));
#9929=DIRECTION('',(-1.,0.,0.));
#9930=VECTOR('',#9929,1.173213124);
#9931=LINE('',#9928,#9930);
#9932=EDGE_CURVE('',#9650,#9888,#9931,.T.);
#9933=ORIENTED_EDGE('',*,*,#9932,.T.);
#9934=ORIENTED_EDGE('',*,*,#9893,.T.);
#9935=EDGE_LOOP('',(#9926,#9927,#9933,#9934));
#9936=FACE_BOUND('',#9935,.T.);
#9937=ADVANCED_FACE('',(#9936),#9925,.T.);
#9938=CARTESIAN_POINT('',(0.,0.,0.635));
#9939=DIRECTION('',(0.,0.,-1.));
#9940=DIRECTION('',(-1.,0.,0.));
#9941=AXIS2_PLACEMENT_3D('',#9938,#9939,#9940);
#9942=PLANE('',#9941);
#9943=ORIENTED_EDGE('',*,*,#9655,.F.);
#9944=ORIENTED_EDGE('',*,*,#9684,.F.);
#9945=ORIENTED_EDGE('',*,*,#9740,.F.);
#9946=ORIENTED_EDGE('',*,*,#9769,.F.);
#9947=ORIENTED_EDGE('',*,*,#9793,.F.);
#9948=ORIENTED_EDGE('',*,*,#9817,.F.);
#9949=ORIENTED_EDGE('',*,*,#9841,.F.);
#9950=ORIENTED_EDGE('',*,*,#9915,.F.);
#9951=ORIENTED_EDGE('',*,*,#9932,.F.);
#9952=EDGE_LOOP('',(#9943,#9944,#9945,#9946,#9947,#9948,#9949,#9950,#9951));
#9953=FACE_BOUND('',#9952,.T.);
#9954=ADVANCED_FACE('',(#9953),#9942,.T.);
#9955=CARTESIAN_POINT('',(-2.229228342,-3.793292349,0.635));
#9956=DIRECTION('',(0.,-1.,0.));
#9957=DIRECTION('',(0.,0.,-1.));
#9958=AXIS2_PLACEMENT_3D('',#9955,#9956,#9957);
#9959=PLANE('',#9958);
#9960=ORIENTED_EDGE('',*,*,#526,.F.);
#9961=CARTESIAN_POINT('',(-1.816456631,-3.793292349,0.635));
#9962=VERTEX_POINT('',#9961);
#9963=CARTESIAN_POINT('',(-1.816456631,-3.793292349,0.635));
#9964=DIRECTION('',(0.,0.,-1.));
#9965=VECTOR('',#9964,0.635);
#9966=LINE('',#9963,#9965);
#9967=EDGE_CURVE('',#9962,#519,#9966,.T.);
#9968=ORIENTED_EDGE('',*,*,#9967,.F.);
#9969=CARTESIAN_POINT('',(-2.642000054,-3.793292349,0.635));
#9970=VERTEX_POINT('',#9969);
#9971=CARTESIAN_POINT('',(-1.816456631,-3.793292349,0.635));
#9972=DIRECTION('',(-1.,0.,0.));
#9973=VECTOR('',#9972,0.825543422);
#9974=LINE('',#9971,#9973);
#9975=EDGE_CURVE('',#9962,#9970,#9974,.T.);
#9976=ORIENTED_EDGE('',*,*,#9975,.T.);
#9977=CARTESIAN_POINT('',(-2.642000054,-3.793292349,0.635));
#9978=DIRECTION('',(0.,0.,-1.));
#9979=VECTOR('',#9978,0.635);
#9980=LINE('',#9977,#9979);
#9981=EDGE_CURVE('',#9970,#521,#9980,.T.);
#9982=ORIENTED_EDGE('',*,*,#9981,.T.);
#9983=EDGE_LOOP('',(#9960,#9968,#9976,#9982));
#9984=FACE_BOUND('',#9983,.T.);
#9985=ADVANCED_FACE('',(#9984),#9959,.T.);
#9986=CARTESIAN_POINT('',(-1.816456631,-3.532885943,0.635));
#9987=DIRECTION('',(1.,0.,0.));
#9988=DIRECTION('',(0.,0.,-1.));
#9989=AXIS2_PLACEMENT_3D('',#9986,#9987,#9988);
#9990=PLANE('',#9989);
#9991=ORIENTED_EDGE('',*,*,#586,.F.);
#9992=CARTESIAN_POINT('',(-1.816456631,-3.272479536,0.635));
#9993=VERTEX_POINT('',#9992);
#9994=CARTESIAN_POINT('',(-1.816456631,-3.272479536,0.635));
#9995=DIRECTION('',(0.,0.,-1.));
#9996=VECTOR('',#9995,0.635);
#9997=LINE('',#9994,#9996);
#9998=EDGE_CURVE('',#9993,#562,#9997,.T.);
#9999=ORIENTED_EDGE('',*,*,#9998,.F.);
#10000=CARTESIAN_POINT('',(-1.816456631,-3.272479536,0.635));
#10001=DIRECTION('',(0.,-1.,0.));
#10002=VECTOR('',#10001,0.520812813);
#10003=LINE('',#10000,#10002);
#10004=EDGE_CURVE('',#9993,#9962,#10003,.T.);
#10005=ORIENTED_EDGE('',*,*,#10004,.T.);
#10006=ORIENTED_EDGE('',*,*,#9967,.T.);
#10007=EDGE_LOOP('',(#9991,#9999,#10005,#10006));
#10008=FACE_BOUND('',#10007,.T.);
#10009=ADVANCED_FACE('',(#10008),#9990,.T.);
#10010=CARTESIAN_POINT('',(-0.630777056,-2.987140926,0.635));
#10011=CARTESIAN_POINT('',(-0.630777056,-2.987140926,0.));
#10012=CARTESIAN_POINT('',(-0.647398836,-2.887410713,0.635));
#10013=CARTESIAN_POINT('',(-0.647398836,-2.887410713,0.));
#10014=CARTESIAN_POINT('',(-0.679026317,-2.80384081,0.635));
#10015=CARTESIAN_POINT('',(-0.679026317,-2.80384081,0.));
#10016=CARTESIAN_POINT('',(-0.725659268,-2.736430751,0.635));
#10017=CARTESIAN_POINT('',(-0.725659268,-2.736430751,0.));
#10018=CARTESIAN_POINT('',(-0.77229222,-2.669020692,0.635));
#10019=CARTESIAN_POINT('',(-0.77229222,-2.669020692,0.));
#10020=CARTESIAN_POINT('',(-0.837624731,-2.614769289,0.635));
#10021=CARTESIAN_POINT('',(-0.837624731,-2.614769289,0.));
#10022=CARTESIAN_POINT('',(-0.921656337,-2.573676543,0.635));
#10023=CARTESIAN_POINT('',(-0.921656337,-2.573676543,0.));
#10024=CARTESIAN_POINT('',(-1.005688409,-2.532584729,0.635));
#10025=CARTESIAN_POINT('',(-1.005688409,-2.532584729,0.));
#10026=CARTESIAN_POINT('',(-1.098031138,-2.51203789,0.635));
#10027=CARTESIAN_POINT('',(-1.098031138,-2.51203789,0.));
#10028=CARTESIAN_POINT('',(-1.198684291,-2.51203789,0.635));
#10029=CARTESIAN_POINT('',(-1.198684291,-2.51203789,0.));
#10030=CARTESIAN_POINT('',(-1.371365466,-2.51203789,0.635));
#10031=CARTESIAN_POINT('',(-1.371365466,-2.51203789,0.));
#10032=CARTESIAN_POINT('',(-1.517497428,-2.566982197,0.635));
#10033=CARTESIAN_POINT('',(-1.517497428,-2.566982197,0.));
#10034=CARTESIAN_POINT('',(-1.637081109,-2.676869879,0.635));
#10035=CARTESIAN_POINT('',(-1.637081109,-2.676869879,0.));
#10036=CARTESIAN_POINT('',(-1.756665024,-2.78675756,0.635));
#10037=CARTESIAN_POINT('',(-1.756665024,-2.78675756,0.));
#10038=CARTESIAN_POINT('',(-1.816456631,-2.985294113,0.635));
#10039=CARTESIAN_POINT('',(-1.816456631,-2.985294113,0.));
#10040=CARTESIAN_POINT('',(-1.816456631,-3.272479536,0.635));
#10041=CARTESIAN_POINT('',(-1.816456631,-3.272479536,0.));
#10042=B_SPLINE_SURFACE_WITH_KNOTS('',3,1,((#10010,#10011),(#10012,#10013),(#10014,#10015),(#10016,#10017),(#10018,#10019),(#10020,#10021),(#10022,#10023),(#10024,#10025),(#10026,#10027),(#10028,#10029),(#10030,#10031),(#10032,#10033),(#10034,#10035),(#10036,#10037),(#10038,#10039),(#10040,#10041)),.UNSPECIFIED.,.F.,.F.,.U.,(4,3,3,3,3,4),(2,2),(0.100026944,0.239965213,0.379903483,0.519841767,0.759920757,1.),(0.,1.),.UNSPECIFIED.);
#10043=ORIENTED_EDGE('',*,*,#580,.F.);
#10044=CARTESIAN_POINT('',(-0.630777056,-2.987140926,0.635));
#10045=VERTEX_POINT('',#10044);
#10046=CARTESIAN_POINT('',(-0.630777056,-2.987140926,0.635));
#10047=DIRECTION('',(0.,0.,-1.));
#10048=VECTOR('',#10047,0.635);
#10049=LINE('',#10046,#10048);
#10050=EDGE_CURVE('',#10045,#553,#10049,.T.);
#10051=ORIENTED_EDGE('',*,*,#10050,.F.);
#10052=CARTESIAN_POINT('',(-0.630777056,-2.987140926,0.635));
#10053=CARTESIAN_POINT('',(-0.647398836,-2.887410713,0.635));
#10054=CARTESIAN_POINT('',(-0.679026317,-2.80384081,0.635));
#10055=CARTESIAN_POINT('',(-0.725659268,-2.736430751,0.635));
#10056=CARTESIAN_POINT('',(-0.77229222,-2.669020692,0.635));
#10057=CARTESIAN_POINT('',(-0.837624731,-2.614769289,0.635));
#10058=CARTESIAN_POINT('',(-0.921656337,-2.573676543,0.635));
#10059=CARTESIAN_POINT('',(-1.005688409,-2.532584729,0.635));
#10060=CARTESIAN_POINT('',(-1.098031138,-2.51203789,0.635));
#10061=CARTESIAN_POINT('',(-1.198684291,-2.51203789,0.635));
#10062=CARTESIAN_POINT('',(-1.371365466,-2.51203789,0.635));
#10063=CARTESIAN_POINT('',(-1.517497428,-2.566982197,0.635));
#10064=CARTESIAN_POINT('',(-1.637081109,-2.676869879,0.635));
#10065=CARTESIAN_POINT('',(-1.756665024,-2.78675756,0.635));
#10066=CARTESIAN_POINT('',(-1.816456631,-2.985294113,0.635));
#10067=CARTESIAN_POINT('',(-1.816456631,-3.272479536,0.635));
#10068=B_SPLINE_CURVE_WITH_KNOTS('',3,(#10052,#10053,#10054,#10055,#10056,#10057,#10058,#10059,#10060,#10061,#10062,#10063,#10064,#10065,#10066,#10067),.UNSPECIFIED.,.F.,.F.,(4,3,3,3,3,4),(0.100026944,0.239965213,0.379903483,0.519841767,0.759920757,1.),.UNSPECIFIED.);
#10069=EDGE_CURVE('',#10045,#9993,#10068,.T.);
#10070=ORIENTED_EDGE('',*,*,#10069,.T.);
#10071=ORIENTED_EDGE('',*,*,#9998,.T.);
#10072=EDGE_LOOP('',(#10043,#10051,#10070,#10071));
#10073=FACE_BOUND('',#10072,.T.);
#10074=ADVANCED_FACE('',(#10073),#10042,.T.);
#10075=CARTESIAN_POINT('',(-0.61138529,-3.296027096,0.635));
#10076=CARTESIAN_POINT('',(-0.61138529,-3.296027096,0.));
#10077=CARTESIAN_POINT('',(-0.61138529,-3.161207444,0.635));
#10078=CARTESIAN_POINT('',(-0.61138529,-3.161207444,0.));
#10079=CARTESIAN_POINT('',(-0.617849367,-3.058245077,0.635));
#10080=CARTESIAN_POINT('',(-0.617849367,-3.058245077,0.));
#10081=CARTESIAN_POINT('',(-0.630777056,-2.987140926,0.635));
#10082=CARTESIAN_POINT('',(-0.630777056,-2.987140926,0.));
#10083=B_SPLINE_SURFACE_WITH_KNOTS('',3,1,((#10075,#10076),(#10077,#10078),(#10079,#10080),(#10081,#10082)),.UNSPECIFIED.,.F.,.F.,.U.,(4,4),(2,2),(0.,0.100026943),(0.,1.),.UNSPECIFIED.);
#10084=ORIENTED_EDGE('',*,*,#559,.F.);
#10085=CARTESIAN_POINT('',(-0.61138529,-3.296027096,0.635));
#10086=VERTEX_POINT('',#10085);
#10087=CARTESIAN_POINT('',(-0.61138529,-3.296027096,0.635));
#10088=DIRECTION('',(0.,0.,-1.));
#10089=VECTOR('',#10088,0.635);
#10090=LINE('',#10087,#10089);
#10091=EDGE_CURVE('',#10086,#545,#10090,.T.);
#10092=ORIENTED_EDGE('',*,*,#10091,.F.);
#10093=CARTESIAN_POINT('',(-0.61138529,-3.296027096,0.635));
#10094=CARTESIAN_POINT('',(-0.61138529,-3.161207443,0.635));
#10095=CARTESIAN_POINT('',(-0.617849367,-3.058245076,0.635));
#10096=CARTESIAN_POINT('',(-0.630777056,-2.987140926,0.635));
#10097=B_SPLINE_CURVE_WITH_KNOTS('',3,(#10093,#10094,#10095,#10096),.UNSPECIFIED.,.F.,.F.,(4,4),(0.,0.100026944),.UNSPECIFIED.);
#10098=EDGE_CURVE('',#10086,#10045,#10097,.T.);
#10099=ORIENTED_EDGE('',*,*,#10098,.T.);
#10100=ORIENTED_EDGE('',*,*,#10050,.T.);
#10101=EDGE_LOOP('',(#10084,#10092,#10099,#10100));
#10102=FACE_BOUND('',#10101,.T.);
#10103=ADVANCED_FACE('',(#10102),#10083,.T.);
#10104=CARTESIAN_POINT('',(-0.61138529,-3.679018138,0.635));
#10105=DIRECTION('',(-1.,0.,0.));
#10106=DIRECTION('',(0.,0.,1.));
#10107=AXIS2_PLACEMENT_3D('',#10104,#10105,#10106);
#10108=PLANE('',#10107);
#10109=ORIENTED_EDGE('',*,*,#550,.F.);
#10110=CARTESIAN_POINT('',(-0.61138529,-4.06200918,0.635));
#10111=VERTEX_POINT('',#10110);
#10112=CARTESIAN_POINT('',(-0.61138529,-4.06200918,0.635));
#10113=DIRECTION('',(0.,0.,-1.));
#10114=VECTOR('',#10113,0.635);
#10115=LINE('',#10112,#10114);
#10116=EDGE_CURVE('',#10111,#537,#10115,.T.);
#10117=ORIENTED_EDGE('',*,*,#10116,.F.);
#10118=CARTESIAN_POINT('',(-0.61138529,-4.06200918,0.635));
#10119=DIRECTION('',(0.,1.,0.));
#10120=VECTOR('',#10119,0.765982084);
#10121=LINE('',#10118,#10120);
#10122=EDGE_CURVE('',#10111,#10086,#10121,.T.);
#10123=ORIENTED_EDGE('',*,*,#10122,.T.);
#10124=ORIENTED_EDGE('',*,*,#10091,.T.);
#10125=EDGE_LOOP('',(#10109,#10117,#10123,#10124));
#10126=FACE_BOUND('',#10125,.T.);
#10127=ADVANCED_FACE('',(#10126),#10108,.T.);
#10128=CARTESIAN_POINT('',(-1.626692672,-4.06200918,0.635));
#10129=DIRECTION('',(0.,1.,0.));
#10130=DIRECTION('',(0.,0.,1.));
#10131=AXIS2_PLACEMENT_3D('',#10128,#10129,#10130);
#10132=PLANE('',#10131);
#10133=ORIENTED_EDGE('',*,*,#542,.F.);
#10134=CARTESIAN_POINT('',(-2.642000054,-4.06200918,0.635));
#10135=VERTEX_POINT('',#10134);
#10136=CARTESIAN_POINT('',(-2.642000054,-4.06200918,0.635));
#10137=DIRECTION('',(0.,0.,-1.));
#10138=VECTOR('',#10137,0.635);
#10139=LINE('',#10136,#10138);
#10140=EDGE_CURVE('',#10135,#529,#10139,.T.);
#10141=ORIENTED_EDGE('',*,*,#10140,.F.);
#10142=CARTESIAN_POINT('',(-2.642000054,-4.06200918,0.635));
#10143=DIRECTION('',(1.,0.,-0.));
#10144=VECTOR('',#10143,2.030614763);
#10145=LINE('',#10142,#10144);
#10146=EDGE_CURVE('',#10135,#10111,#10145,.T.);
#10147=ORIENTED_EDGE('',*,*,#10146,.T.);
#10148=ORIENTED_EDGE('',*,*,#10116,.T.);
#10149=EDGE_LOOP('',(#10133,#10141,#10147,#10148));
#10150=FACE_BOUND('',#10149,.T.);
#10151=ADVANCED_FACE('',(#10150),#10132,.T.);
#10152=CARTESIAN_POINT('',(-1.576827566,-3.26832444,0.635));
#10153=CARTESIAN_POINT('',(-1.576827566,-3.26832444,0.));
#10154=CARTESIAN_POINT('',(-1.576827566,-3.094720324,0.635));
#10155=CARTESIAN_POINT('',(-1.576827566,-3.094720324,0.));
#10156=CARTESIAN_POINT('',(-1.544507646,-2.971443018,0.635));
#10157=CARTESIAN_POINT('',(-1.544507646,-2.971443018,0.));
#10158=CARTESIAN_POINT('',(-1.479867805,-2.898492055,0.635));
#10159=CARTESIAN_POINT('',(-1.479867805,-2.898492055,0.));
#10160=CARTESIAN_POINT('',(-1.415227965,-2.825541558,0.635));
#10161=CARTESIAN_POINT('',(-1.415227965,-2.825541558,0.));
#10162=CARTESIAN_POINT('',(-1.324270579,-2.789065843,0.635));
#10163=CARTESIAN_POINT('',(-1.324270579,-2.789065843,0.));
#10164=CARTESIAN_POINT('',(-1.206995413,-2.789065843,0.635));
#10165=CARTESIAN_POINT('',(-1.206995413,-2.789065843,0.));
#10166=CARTESIAN_POINT('',(-1.122040168,-2.789065843,0.635));
#10167=CARTESIAN_POINT('',(-1.122040168,-2.789065843,0.));
#10168=CARTESIAN_POINT('',(-1.049320173,-2.810535623,0.635));
#10169=CARTESIAN_POINT('',(-1.049320173,-2.810535623,0.));
#10170=CARTESIAN_POINT('',(-0.988835894,-2.853475181,0.635));
#10171=CARTESIAN_POINT('',(-0.988835894,-2.853475181,0.));
#10172=CARTESIAN_POINT('',(-0.928351382,-2.896414274,0.635));
#10173=CARTESIAN_POINT('',(-0.928351382,-2.896414274,0.));
#10174=CARTESIAN_POINT('',(-0.888413243,-2.952974426,0.635));
#10175=CARTESIAN_POINT('',(-0.888413243,-2.952974426,0.));
#10176=CARTESIAN_POINT('',(-0.869021245,-3.023154704,0.635));
#10177=CARTESIAN_POINT('',(-0.869021245,-3.023154704,0.));
#10178=B_SPLINE_SURFACE_WITH_KNOTS('',3,1,((#10152,#10153),(#10154,#10155),(#10156,#10157),(#10158,#10159),(#10160,#10161),(#10162,#10163),(#10164,#10165),(#10166,#10167),(#10168,#10169),(#10170,#10171),(#10172,#10173),(#10174,#10175),(#10176,#10177)),.UNSPECIFIED.,.F.,.F.,.U.,(4,3,3,3,4),(2,2),(0.,0.255456199,0.510911484,0.695965723,0.881019762),(0.,1.),.UNSPECIFIED.);
#10179=CARTESIAN_POINT('',(-1.576827566,-3.26832444,0.));
#10180=VERTEX_POINT('',#10179);
#10181=CARTESIAN_POINT('',(-0.869021245,-3.023154704,0.));
#10182=VERTEX_POINT('',#10181);
#10183=CARTESIAN_POINT('',(-1.576827566,-3.26832444,0.));
#10184=CARTESIAN_POINT('',(-1.576827566,-3.094720324,0.));
#10185=CARTESIAN_POINT('',(-1.544507646,-2.971443018,0.));
#10186=CARTESIAN_POINT('',(-1.479867805,-2.898492055,0.));
#10187=CARTESIAN_POINT('',(-1.415227965,-2.825541558,0.));
#10188=CARTESIAN_POINT('',(-1.324270579,-2.789065843,0.));
#10189=CARTESIAN_POINT('',(-1.206995413,-2.789065843,0.));
#10190=CARTESIAN_POINT('',(-1.122040168,-2.789065843,0.));
#10191=CARTESIAN_POINT('',(-1.049320173,-2.810535623,0.));
#10192=CARTESIAN_POINT('',(-0.988835894,-2.853475181,0.));
#10193=CARTESIAN_POINT('',(-0.928351382,-2.896414274,0.));
#10194=CARTESIAN_POINT('',(-0.888413243,-2.952974426,0.));
#10195=CARTESIAN_POINT('',(-0.869021245,-3.023154704,0.));
#10196=B_SPLINE_CURVE_WITH_KNOTS('',3,(#10183,#10184,#10185,#10186,#10187,#10188,#10189,#10190,#10191,#10192,#10193,#10194,#10195),.UNSPECIFIED.,.F.,.F.,(4,3,3,3,4),(0.,0.255456199,0.510911484,0.695965723,0.881019762),.UNSPECIFIED.);
#10197=EDGE_CURVE('',#10180,#10182,#10196,.T.);
#10198=ORIENTED_EDGE('',*,*,#10197,.F.);
#10199=CARTESIAN_POINT('',(-1.576827566,-3.26832444,0.635));
#10200=VERTEX_POINT('',#10199);
#10201=CARTESIAN_POINT('',(-1.576827566,-3.26832444,0.635));
#10202=DIRECTION('',(0.,0.,-1.));
#10203=VECTOR('',#10202,0.635);
#10204=LINE('',#10201,#10203);
#10205=EDGE_CURVE('',#10200,#10180,#10204,.T.);
#10206=ORIENTED_EDGE('',*,*,#10205,.F.);
#10207=CARTESIAN_POINT('',(-0.869021245,-3.023154704,0.635));
#10208=VERTEX_POINT('',#10207);
#10209=CARTESIAN_POINT('',(-1.576827566,-3.26832444,0.635));
#10210=CARTESIAN_POINT('',(-1.576827566,-3.094720324,0.635));
#10211=CARTESIAN_POINT('',(-1.544507646,-2.971443018,0.635));
#10212=CARTESIAN_POINT('',(-1.479867805,-2.898492055,0.635));
#10213=CARTESIAN_POINT('',(-1.415227965,-2.825541558,0.635));
#10214=CARTESIAN_POINT('',(-1.324270579,-2.789065843,0.635));
#10215=CARTESIAN_POINT('',(-1.206995413,-2.789065843,0.635));
#10216=CARTESIAN_POINT('',(-1.122040168,-2.789065843,0.635));
#10217=CARTESIAN_POINT('',(-1.049320173,-2.810535623,0.635));
#10218=CARTESIAN_POINT('',(-0.988835894,-2.853475181,0.635));
#10219=CARTESIAN_POINT('',(-0.928351382,-2.896414274,0.635));
#10220=CARTESIAN_POINT('',(-0.888413243,-2.952974426,0.635));
#10221=CARTESIAN_POINT('',(-0.869021245,-3.023154704,0.635));
#10222=B_SPLINE_CURVE_WITH_KNOTS('',3,(#10209,#10210,#10211,#10212,#10213,#10214,#10215,#10216,#10217,#10218,#10219,#10220,#10221),.UNSPECIFIED.,.F.,.F.,(4,3,3,3,4),(0.,0.255456199,0.510911484,0.695965723,0.881019762),.UNSPECIFIED.);
#10223=EDGE_CURVE('',#10200,#10208,#10222,.T.);
#10224=ORIENTED_EDGE('',*,*,#10223,.T.);
#10225=CARTESIAN_POINT('',(-0.869021245,-3.023154704,0.635));
#10226=DIRECTION('',(0.,0.,-1.));
#10227=VECTOR('',#10226,0.635);
#10228=LINE('',#10225,#10227);
#10229=EDGE_CURVE('',#10208,#10182,#10228,.T.);
#10230=ORIENTED_EDGE('',*,*,#10229,.T.);
#10231=EDGE_LOOP('',(#10198,#10206,#10224,#10230));
#10232=FACE_BOUND('',#10231,.T.);
#10233=ADVANCED_FACE('',(#10232),#10178,.T.);
#10234=CARTESIAN_POINT('',(-1.576827566,-3.530808395,0.635));
#10235=DIRECTION('',(-1.,0.,0.));
#10236=DIRECTION('',(0.,0.,1.));
#10237=AXIS2_PLACEMENT_3D('',#10234,#10235,#10236);
#10238=PLANE('',#10237);
#10239=CARTESIAN_POINT('',(-1.576827566,-3.793292349,0.));
#10240=VERTEX_POINT('',#10239);
#10241=CARTESIAN_POINT('',(-1.576827566,-3.793292349,0.));
#10242=DIRECTION('',(0.,1.,0.));
#10243=VECTOR('',#10242,0.524967909);
#10244=LINE('',#10241,#10243);
#10245=EDGE_CURVE('',#10240,#10180,#10244,.T.);
#10246=ORIENTED_EDGE('',*,*,#10245,.F.);
#10247=CARTESIAN_POINT('',(-1.576827566,-3.793292349,0.635));
#10248=VERTEX_POINT('',#10247);
#10249=CARTESIAN_POINT('',(-1.576827566,-3.793292349,0.635));
#10250=DIRECTION('',(0.,0.,-1.));
#10251=VECTOR('',#10250,0.635);
#10252=LINE('',#10249,#10251);
#10253=EDGE_CURVE('',#10248,#10240,#10252,.T.);
#10254=ORIENTED_EDGE('',*,*,#10253,.F.);
#10255=CARTESIAN_POINT('',(-1.576827566,-3.793292349,0.635));
#10256=DIRECTION('',(0.,1.,0.));
#10257=VECTOR('',#10256,0.524967909);
#10258=LINE('',#10255,#10257);
#10259=EDGE_CURVE('',#10248,#10200,#10258,.T.);
#10260=ORIENTED_EDGE('',*,*,#10259,.T.);
#10261=ORIENTED_EDGE('',*,*,#10205,.T.);
#10262=EDGE_LOOP('',(#10246,#10254,#10260,#10261));
#10263=FACE_BOUND('',#10262,.T.);
#10264=ADVANCED_FACE('',(#10263),#10238,.T.);
#10265=CARTESIAN_POINT('',(-1.213920961,-3.793292349,0.635));
#10266=DIRECTION('',(0.,-1.,0.));
#10267=DIRECTION('',(0.,0.,-1.));
#10268=AXIS2_PLACEMENT_3D('',#10265,#10266,#10267);
#10269=PLANE('',#10268);
#10270=CARTESIAN_POINT('',(-0.851014356,-3.793292349,0.));
#10271=VERTEX_POINT('',#10270);
#10272=CARTESIAN_POINT('',(-0.851014356,-3.793292349,0.));
#10273=DIRECTION('',(-1.,0.,0.));
#10274=VECTOR('',#10273,0.72581321);
#10275=LINE('',#10272,#10274);
#10276=EDGE_CURVE('',#10271,#10240,#10275,.T.);
#10277=ORIENTED_EDGE('',*,*,#10276,.F.);
#10278=CARTESIAN_POINT('',(-0.851014356,-3.793292349,0.635));
#10279=VERTEX_POINT('',#10278);
#10280=CARTESIAN_POINT('',(-0.851014356,-3.793292349,0.635));
#10281=DIRECTION('',(0.,0.,-1.));
#10282=VECTOR('',#10281,0.635);
#10283=LINE('',#10280,#10282);
#10284=EDGE_CURVE('',#10279,#10271,#10283,.T.);
#10285=ORIENTED_EDGE('',*,*,#10284,.F.);
#10286=CARTESIAN_POINT('',(-0.851014356,-3.793292349,0.635));
#10287=DIRECTION('',(-1.,0.,0.));
#10288=VECTOR('',#10287,0.72581321);
#10289=LINE('',#10286,#10288);
#10290=EDGE_CURVE('',#10279,#10248,#10289,.T.);
#10291=ORIENTED_EDGE('',*,*,#10290,.T.);
#10292=ORIENTED_EDGE('',*,*,#10253,.T.);
#10293=EDGE_LOOP('',(#10277,#10285,#10291,#10292));
#10294=FACE_BOUND('',#10293,.T.);
#10295=ADVANCED_FACE('',(#10294),#10269,.T.);
#10296=CARTESIAN_POINT('',(-0.851014356,-3.533578614,0.635));
#10297=DIRECTION('',(1.,0.,0.));
#10298=DIRECTION('',(0.,0.,-1.));
#10299=AXIS2_PLACEMENT_3D('',#10296,#10297,#10298);
#10300=PLANE('',#10299);
#10301=CARTESIAN_POINT('',(-0.851014356,-3.273864878,0.));
#10302=VERTEX_POINT('',#10301);
#10303=CARTESIAN_POINT('',(-0.851014356,-3.273864878,0.));
#10304=DIRECTION('',(0.,-1.,0.));
#10305=VECTOR('',#10304,0.519427471);
#10306=LINE('',#10303,#10305);
#10307=EDGE_CURVE('',#10302,#10271,#10306,.T.);
#10308=ORIENTED_EDGE('',*,*,#10307,.F.);
#10309=CARTESIAN_POINT('',(-0.851014356,-3.273864878,0.635));
#10310=VERTEX_POINT('',#10309);
#10311=CARTESIAN_POINT('',(-0.851014356,-3.273864878,0.635));
#10312=DIRECTION('',(0.,0.,-1.));
#10313=VECTOR('',#10312,0.635);
#10314=LINE('',#10311,#10313);
#10315=EDGE_CURVE('',#10310,#10302,#10314,.T.);
#10316=ORIENTED_EDGE('',*,*,#10315,.F.);
#10317=CARTESIAN_POINT('',(-0.851014356,-3.273864878,0.635));
#10318=DIRECTION('',(0.,-1.,0.));
#10319=VECTOR('',#10318,0.519427471);
#10320=LINE('',#10317,#10319);
#10321=EDGE_CURVE('',#10310,#10279,#10320,.T.);
#10322=ORIENTED_EDGE('',*,*,#10321,.T.);
#10323=ORIENTED_EDGE('',*,*,#10284,.T.);
#10324=EDGE_LOOP('',(#10308,#10316,#10322,#10323));
#10325=FACE_BOUND('',#10324,.T.);
#10326=ADVANCED_FACE('',(#10325),#10300,.T.);
#10327=CARTESIAN_POINT('',(-0.869021245,-3.023154704,0.635));
#10328=CARTESIAN_POINT('',(-0.869021245,-3.023154704,0.));
#10329=CARTESIAN_POINT('',(-0.85701673,-3.068402546,0.635));
#10330=CARTESIAN_POINT('',(-0.85701673,-3.068402546,0.));
#10331=CARTESIAN_POINT('',(-0.851014356,-3.151972448,0.635));
#10332=CARTESIAN_POINT('',(-0.851014356,-3.151972448,0.));
#10333=CARTESIAN_POINT('',(-0.851014356,-3.273864878,0.635));
#10334=CARTESIAN_POINT('',(-0.851014356,-3.273864878,0.));
#10335=B_SPLINE_SURFACE_WITH_KNOTS('',3,1,((#10327,#10328),(#10329,#10330),(#10331,#10332),(#10333,#10334)),.UNSPECIFIED.,.F.,.F.,.U.,(4,4),(2,2),(0.881019762,1.),(0.,1.),.UNSPECIFIED.);
#10336=CARTESIAN_POINT('',(-0.869021245,-3.023154704,0.));
#10337=CARTESIAN_POINT('',(-0.85701673,-3.068402546,0.));
#10338=CARTESIAN_POINT('',(-0.851014356,-3.151972448,0.));
#10339=CARTESIAN_POINT('',(-0.851014356,-3.273864878,0.));
#10340=B_SPLINE_CURVE_WITH_KNOTS('',3,(#10336,#10337,#10338,#10339),.UNSPECIFIED.,.F.,.F.,(4,4),(0.881019762,1.),.UNSPECIFIED.);
#10341=EDGE_CURVE('',#10182,#10302,#10340,.T.);
#10342=ORIENTED_EDGE('',*,*,#10341,.F.);
#10343=ORIENTED_EDGE('',*,*,#10229,.F.);
#10344=CARTESIAN_POINT('',(-0.869021245,-3.023154704,0.635));
#10345=CARTESIAN_POINT('',(-0.85701673,-3.068402546,0.635));
#10346=CARTESIAN_POINT('',(-0.851014356,-3.151972448,0.635));
#10347=CARTESIAN_POINT('',(-0.851014356,-3.273864878,0.635));
#10348=B_SPLINE_CURVE_WITH_KNOTS('',3,(#10344,#10345,#10346,#10347),.UNSPECIFIED.,.F.,.F.,(4,4),(0.881019762,1.),.UNSPECIFIED.);
#10349=EDGE_CURVE('',#10208,#10310,#10348,.T.);
#10350=ORIENTED_EDGE('',*,*,#10349,.T.);
#10351=ORIENTED_EDGE('',*,*,#10315,.T.);
#10352=EDGE_LOOP('',(#10342,#10343,#10350,#10351));
#10353=FACE_BOUND('',#10352,.T.);
#10354=ADVANCED_FACE('',(#10353),#10335,.T.);
#10355=CARTESIAN_POINT('',(-2.642000054,-3.927650765,0.635));
#10356=DIRECTION('',(1.,0.,0.));
#10357=DIRECTION('',(0.,0.,-1.));
#10358=AXIS2_PLACEMENT_3D('',#10355,#10356,#10357);
#10359=PLANE('',#10358);
#10360=ORIENTED_EDGE('',*,*,#534,.F.);
#10361=ORIENTED_EDGE('',*,*,#9981,.F.);
#10362=CARTESIAN_POINT('',(-2.642000054,-3.793292349,0.635));
#10363=DIRECTION('',(0.,-1.,0.));
#10364=VECTOR('',#10363,0.268716831);
#10365=LINE('',#10362,#10364);
#10366=EDGE_CURVE('',#9970,#10135,#10365,.T.);
#10367=ORIENTED_EDGE('',*,*,#10366,.T.);
#10368=ORIENTED_EDGE('',*,*,#10140,.T.);
#10369=EDGE_LOOP('',(#10360,#10361,#10367,#10368));
#10370=FACE_BOUND('',#10369,.T.);
#10371=ADVANCED_FACE('',(#10370),#10359,.T.);
#10372=CARTESIAN_POINT('',(0.,0.,0.635));
#10373=DIRECTION('',(0.,0.,-1.));
#10374=DIRECTION('',(-1.,0.,0.));
#10375=AXIS2_PLACEMENT_3D('',#10372,#10373,#10374);
#10376=PLANE('',#10375);
#10377=ORIENTED_EDGE('',*,*,#10223,.F.);
#10378=ORIENTED_EDGE('',*,*,#10259,.F.);
#10379=ORIENTED_EDGE('',*,*,#10290,.F.);
#10380=ORIENTED_EDGE('',*,*,#10321,.F.);
#10381=ORIENTED_EDGE('',*,*,#10349,.F.);
#10382=EDGE_LOOP('',(#10377,#10378,#10379,#10380,#10381));
#10383=FACE_BOUND('',#10382,.T.);
#10384=ORIENTED_EDGE('',*,*,#9975,.F.);
#10385=ORIENTED_EDGE('',*,*,#10004,.F.);
#10386=ORIENTED_EDGE('',*,*,#10069,.F.);
#10387=ORIENTED_EDGE('',*,*,#10098,.F.);
#10388=ORIENTED_EDGE('',*,*,#10122,.F.);
#10389=ORIENTED_EDGE('',*,*,#10146,.F.);
#10390=ORIENTED_EDGE('',*,*,#10366,.F.);
#10391=EDGE_LOOP('',(#10384,#10385,#10386,#10387,#10388,#10389,#10390));
#10392=FACE_BOUND('',#10391,.T.);
#10393=ADVANCED_FACE('',(#10383,#10392),#10376,.T.);
#10394=CARTESIAN_POINT('',(0.,0.,0.));
#10395=DIRECTION('',(0.,0.,1.));
#10396=DIRECTION('',(1.,0.,0.));
#10397=AXIS2_PLACEMENT_3D('',#10394,#10395,#10396);
#10398=PLANE('',#10397);
#10399=ORIENTED_EDGE('',*,*,#10197,.T.);
#10400=ORIENTED_EDGE('',*,*,#10341,.T.);
#10401=ORIENTED_EDGE('',*,*,#10307,.T.);
#10402=ORIENTED_EDGE('',*,*,#10276,.T.);
#10403=ORIENTED_EDGE('',*,*,#10245,.T.);
#10404=EDGE_LOOP('',(#10399,#10400,#10401,#10402,#10403));
#10405=FACE_BOUND('',#10404,.T.);
#10406=ADVANCED_FACE('',(#10405),#10398,.F.);
#10407=CARTESIAN_POINT('',(-2.430766198,1.043615727,0.635));
#10408=DIRECTION('',(0.536696657,0.843775265,0.));
#10409=DIRECTION('',(-0.843775265,0.536696657,0.));
#10410=AXIS2_PLACEMENT_3D('',#10407,#10408,#10409);
#10411=PLANE('',#10410);
#10412=ORIENTED_EDGE('',*,*,#1764,.F.);
#10413=CARTESIAN_POINT('',(-2.642000054,1.177974375,0.635));
#10414=VERTEX_POINT('',#10413);
#10415=CARTESIAN_POINT('',(-2.642000054,1.177974375,0.635));
#10416=DIRECTION('',(0.,0.,-1.));
#10417=VECTOR('',#10416,0.635);
#10418=LINE('',#10415,#10417);
#10419=EDGE_CURVE('',#10414,#1757,#10418,.T.);
#10420=ORIENTED_EDGE('',*,*,#10419,.F.);
#10421=CARTESIAN_POINT('',(-2.219532343,0.909257079,0.635));
#10422=VERTEX_POINT('',#10421);
#10423=CARTESIAN_POINT('',(-2.642000054,1.177974375,0.635));
#10424=DIRECTION('',(0.843775265,-0.536696657,0.));
#10425=VECTOR('',#10424,0.500687479);
#10426=LINE('',#10423,#10425);
#10427=EDGE_CURVE('',#10414,#10422,#10426,.T.);
#10428=ORIENTED_EDGE('',*,*,#10427,.T.);
#10429=CARTESIAN_POINT('',(-2.219532343,0.909257079,0.635));
#10430=DIRECTION('',(0.,0.,-1.));
#10431=VECTOR('',#10430,0.635);
#10432=LINE('',#10429,#10431);
#10433=EDGE_CURVE('',#10422,#1759,#10432,.T.);
#10434=ORIENTED_EDGE('',*,*,#10433,.T.);
#10435=EDGE_LOOP('',(#10412,#10420,#10428,#10434));
#10436=FACE_BOUND('',#10435,.T.);
#10437=ADVANCED_FACE('',(#10436),#10411,.T.);
#10438=CARTESIAN_POINT('',(-2.642000054,1.346961459,0.635));
#10439=DIRECTION('',(1.,0.,0.));
#10440=DIRECTION('',(0.,0.,-1.));
#10441=AXIS2_PLACEMENT_3D('',#10438,#10439,#10440);
#10442=PLANE('',#10441);
#10443=ORIENTED_EDGE('',*,*,#1881,.F.);
#10444=CARTESIAN_POINT('',(-2.642000054,1.515948543,0.635));
#10445=VERTEX_POINT('',#10444);
#10446=CARTESIAN_POINT('',(-2.642000054,1.515948543,0.635));
#10447=DIRECTION('',(0.,0.,-1.));
#10448=VECTOR('',#10447,0.635);
#10449=LINE('',#10446,#10448);
#10450=EDGE_CURVE('',#10445,#1870,#10449,.T.);
#10451=ORIENTED_EDGE('',*,*,#10450,.F.);
#10452=CARTESIAN_POINT('',(-2.642000054,1.515948543,0.635));
#10453=DIRECTION('',(0.,-1.,0.));
#10454=VECTOR('',#10453,0.337974168);
#10455=LINE('',#10452,#10454);
#10456=EDGE_CURVE('',#10445,#10414,#10455,.T.);
#10457=ORIENTED_EDGE('',*,*,#10456,.T.);
#10458=ORIENTED_EDGE('',*,*,#10419,.T.);
#10459=EDGE_LOOP('',(#10443,#10451,#10457,#10458));
#10460=FACE_BOUND('',#10459,.T.);
#10461=ADVANCED_FACE('',(#10460),#10442,.T.);
#10462=CARTESIAN_POINT('',(-2.365664655,1.33934324,0.635));
#10463=DIRECTION('',(-0.538514186,-0.842616444,0.));
#10464=DIRECTION('',(0.842616444,-0.538514186,0.));
#10465=AXIS2_PLACEMENT_3D('',#10462,#10463,#10464);
#10466=PLANE('',#10465);
#10467=ORIENTED_EDGE('',*,*,#1875,.F.);
#10468=CARTESIAN_POINT('',(-2.089329256,1.162737938,0.635));
#10469=VERTEX_POINT('',#10468);
#10470=CARTESIAN_POINT('',(-2.089329256,1.162737938,0.635));
#10471=DIRECTION('',(0.,0.,-1.));
#10472=VECTOR('',#10471,0.635);
#10473=LINE('',#10470,#10472);
#10474=EDGE_CURVE('',#10469,#1861,#10473,.T.);
#10475=ORIENTED_EDGE('',*,*,#10474,.F.);
#10476=CARTESIAN_POINT('',(-2.089329256,1.162737938,0.635));
#10477=DIRECTION('',(-0.842616444,0.538514186,0.));
#10478=VECTOR('',#10477,0.655898424);
#10479=LINE('',#10476,#10478);
#10480=EDGE_CURVE('',#10469,#10445,#10479,.T.);
#10481=ORIENTED_EDGE('',*,*,#10480,.T.);
#10482=ORIENTED_EDGE('',*,*,#10450,.T.);
#10483=EDGE_LOOP('',(#10467,#10475,#10481,#10482));
#10484=FACE_BOUND('',#10483,.T.);
#10485=ADVANCED_FACE('',(#10484),#10466,.T.);
#10486=CARTESIAN_POINT('',(-1.819227083,0.939729953,0.635));
#10487=CARTESIAN_POINT('',(-1.819227083,0.939729953,0.));
#10488=CARTESIAN_POINT('',(-1.891254407,1.018220888,0.635));
#10489=CARTESIAN_POINT('',(-1.891254407,1.018220888,0.));
#10490=CARTESIAN_POINT('',(-1.981288387,1.092557194,0.635));
#10491=CARTESIAN_POINT('',(-1.981288387,1.092557194,0.));
#10492=CARTESIAN_POINT('',(-2.089329256,1.162737938,0.635));
#10493=CARTESIAN_POINT('',(-2.089329256,1.162737938,0.));
#10494=B_SPLINE_SURFACE_WITH_KNOTS('',3,1,((#10486,#10487),(#10488,#10489),(#10490,#10491),(#10492,#10493)),.UNSPECIFIED.,.F.,.F.,.U.,(4,4),(2,2),(0.84612039,1.),(0.,1.),.UNSPECIFIED.);
#10495=ORIENTED_EDGE('',*,*,#1867,.F.);
#10496=CARTESIAN_POINT('',(-1.819227083,0.939729953,0.635));
#10497=VERTEX_POINT('',#10496);
#10498=CARTESIAN_POINT('',(-1.819227083,0.939729953,0.635));
#10499=DIRECTION('',(0.,0.,-1.));
#10500=VECTOR('',#10499,0.635);
#10501=LINE('',#10498,#10500);
#10502=EDGE_CURVE('',#10497,#1852,#10501,.T.);
#10503=ORIENTED_EDGE('',*,*,#10502,.F.);
#10504=CARTESIAN_POINT('',(-1.819227083,0.939729953,0.635));
#10505=CARTESIAN_POINT('',(-1.891254407,1.018220888,0.635));
#10506=CARTESIAN_POINT('',(-1.981288387,1.092557194,0.635));
#10507=CARTESIAN_POINT('',(-2.089329256,1.162737938,0.635));
#10508=B_SPLINE_CURVE_WITH_KNOTS('',3,(#10504,#10505,#10506,#10507),.UNSPECIFIED.,.F.,.F.,(4,4),(0.84612039,1.),.UNSPECIFIED.);
#10509=EDGE_CURVE('',#10497,#10469,#10508,.T.);
#10510=ORIENTED_EDGE('',*,*,#10509,.T.);
#10511=ORIENTED_EDGE('',*,*,#10474,.T.);
#10512=EDGE_LOOP('',(#10495,#10503,#10510,#10511));
#10513=FACE_BOUND('',#10512,.T.);
#10514=ADVANCED_FACE('',(#10513),#10494,.T.);
#10515=CARTESIAN_POINT('',(-1.718111761,0.777668649,0.635));
#10516=CARTESIAN_POINT('',(-1.718111761,0.777668649,0.));
#10517=CARTESIAN_POINT('',(-1.752278727,0.848772334,0.635));
#10518=CARTESIAN_POINT('',(-1.752278727,0.848772334,0.));
#10519=CARTESIAN_POINT('',(-1.785983757,0.902792769,0.635));
#10520=CARTESIAN_POINT('',(-1.785983757,0.902792769,0.));
#10521=CARTESIAN_POINT('',(-1.819227083,0.939729953,0.635));
#10522=CARTESIAN_POINT('',(-1.819227083,0.939729953,0.));
#10523=B_SPLINE_SURFACE_WITH_KNOTS('',3,1,((#10515,#10516),(#10517,#10518),(#10519,#10520),(#10521,#10522)),.UNSPECIFIED.,.F.,.F.,.U.,(4,4),(2,2),(0.774339459,0.84612039),(0.,1.),.UNSPECIFIED.);
#10524=ORIENTED_EDGE('',*,*,#1858,.F.);
#10525=CARTESIAN_POINT('',(-1.718111761,0.777668649,0.635));
#10526=VERTEX_POINT('',#10525);
#10527=CARTESIAN_POINT('',(-1.718111761,0.777668649,0.635));
#10528=DIRECTION('',(0.,0.,-1.));
#10529=VECTOR('',#10528,0.635);
#10530=LINE('',#10527,#10529);
#10531=EDGE_CURVE('',#10526,#1831,#10530,.T.);
#10532=ORIENTED_EDGE('',*,*,#10531,.F.);
#10533=CARTESIAN_POINT('',(-1.718111761,0.777668649,0.635));
#10534=CARTESIAN_POINT('',(-1.752278727,0.848772334,0.635));
#10535=CARTESIAN_POINT('',(-1.785983757,0.902792769,0.635));
#10536=CARTESIAN_POINT('',(-1.819227083,0.939729953,0.635));
#10537=B_SPLINE_CURVE_WITH_KNOTS('',3,(#10533,#10534,#10535,#10536),.UNSPECIFIED.,.F.,.F.,(4,4),(0.774339459,0.84612039),.UNSPECIFIED.);
#10538=EDGE_CURVE('',#10526,#10497,#10537,.T.);
#10539=ORIENTED_EDGE('',*,*,#10538,.T.);
#10540=ORIENTED_EDGE('',*,*,#10502,.T.);
#10541=EDGE_LOOP('',(#10524,#10532,#10539,#10540));
#10542=FACE_BOUND('',#10541,.T.);
#10543=ADVANCED_FACE('',(#10542),#10523,.T.);
#10544=CARTESIAN_POINT('',(-0.61138529,0.626688221,0.635));
#10545=CARTESIAN_POINT('',(-0.61138529,0.626688221,0.));
#10546=CARTESIAN_POINT('',(-0.61138529,0.807679588,0.635));
#10547=CARTESIAN_POINT('',(-0.61138529,0.807679588,0.));
#10548=CARTESIAN_POINT('',(-0.629622914,0.945270391,0.635));
#10549=CARTESIAN_POINT('',(-0.629622914,0.945270391,0.));
#10550=CARTESIAN_POINT('',(-0.666098163,1.039460631,0.635));
#10551=CARTESIAN_POINT('',(-0.666098163,1.039460631,0.));
#10552=CARTESIAN_POINT('',(-0.702573644,1.13364994,0.635));
#10553=CARTESIAN_POINT('',(-0.702573644,1.13364994,0.));
#10554=CARTESIAN_POINT('',(-0.76698275,1.208908254,0.635));
#10555=CARTESIAN_POINT('',(-0.76698275,1.208908254,0.));
#10556=CARTESIAN_POINT('',(-0.859325246,1.265238369,0.635));
#10557=CARTESIAN_POINT('',(-0.859325246,1.265238369,0.));
#10558=CARTESIAN_POINT('',(-0.951667974,1.321566621,0.635));
#10559=CARTESIAN_POINT('',(-0.951667974,1.321566621,0.));
#10560=CARTESIAN_POINT('',(-1.053706702,1.349731678,0.635));
#10561=CARTESIAN_POINT('',(-1.053706702,1.349731678,0.));
#10562=CARTESIAN_POINT('',(-1.165441197,1.349731678,0.635));
#10563=CARTESIAN_POINT('',(-1.165441197,1.349731678,0.));
#10564=CARTESIAN_POINT('',(-1.309495612,1.349731678,0.635));
#10565=CARTESIAN_POINT('',(-1.309495612,1.349731678,0.));
#10566=CARTESIAN_POINT('',(-1.430926338,1.303098494,0.635));
#10567=CARTESIAN_POINT('',(-1.430926338,1.303098494,0.));
#10568=CARTESIAN_POINT('',(-1.529732679,1.209832126,0.635));
#10569=CARTESIAN_POINT('',(-1.529732679,1.209832126,0.));
#10570=CARTESIAN_POINT('',(-1.628539484,1.116565758,0.635));
#10571=CARTESIAN_POINT('',(-1.628539484,1.116565758,0.));
#10572=CARTESIAN_POINT('',(-1.691332512,0.972510645,0.635));
#10573=CARTESIAN_POINT('',(-1.691332512,0.972510645,0.));
#10574=CARTESIAN_POINT('',(-1.718111761,0.777668649,0.635));
#10575=CARTESIAN_POINT('',(-1.718111761,0.777668649,0.));
#10576=B_SPLINE_SURFACE_WITH_KNOTS('',3,1,((#10544,#10545),(#10546,#10547),(#10548,#10549),(#10550,#10551),(#10552,#10553),(#10554,#10555),(#10556,#10557),(#10558,#10559),(#10560,#10561),(#10562,#10563),(#10564,#10565),(#10566,#10567),(#10568,#10569),(#10570,#10571),(#10572,#10573),(#10574,#10575)),.UNSPECIFIED.,.F.,.F.,.U.,(4,3,3,3,3,4),(2,2),(0.,0.138808946,0.277616815,0.416423693,0.595381353,0.774339459),(0.,1.),.UNSPECIFIED.);
#10577=ORIENTED_EDGE('',*,*,#1849,.F.);
#10578=CARTESIAN_POINT('',(-0.61138529,0.626688221,0.635));
#10579=VERTEX_POINT('',#10578);
#10580=CARTESIAN_POINT('',(-0.61138529,0.626688221,0.635));
#10581=DIRECTION('',(0.,0.,-1.));
#10582=VECTOR('',#10581,0.635);
#10583=LINE('',#10580,#10582);
#10584=EDGE_CURVE('',#10579,#1823,#10583,.T.);
#10585=ORIENTED_EDGE('',*,*,#10584,.F.);
#10586=CARTESIAN_POINT('',(-0.61138529,0.626688221,0.635));
#10587=CARTESIAN_POINT('',(-0.61138529,0.807679588,0.635));
#10588=CARTESIAN_POINT('',(-0.629622914,0.945270391,0.635));
#10589=CARTESIAN_POINT('',(-0.666098163,1.039460631,0.635));
#10590=CARTESIAN_POINT('',(-0.702573644,1.13364994,0.635));
#10591=CARTESIAN_POINT('',(-0.76698275,1.208908254,0.635));
#10592=CARTESIAN_POINT('',(-0.859325246,1.265238369,0.635));
#10593=CARTESIAN_POINT('',(-0.951667974,1.321566621,0.635));
#10594=CARTESIAN_POINT('',(-1.053706702,1.349731678,0.635));
#10595=CARTESIAN_POINT('',(-1.165441197,1.349731678,0.635));
#10596=CARTESIAN_POINT('',(-1.309495612,1.349731678,0.635));
#10597=CARTESIAN_POINT('',(-1.430926338,1.303098494,0.635));
#10598=CARTESIAN_POINT('',(-1.529732679,1.209832126,0.635));
#10599=CARTESIAN_POINT('',(-1.628539484,1.116565758,0.635));
#10600=CARTESIAN_POINT('',(-1.691332512,0.972510645,0.635));
#10601=CARTESIAN_POINT('',(-1.718111761,0.777668649,0.635));
#10602=B_SPLINE_CURVE_WITH_KNOTS('',3,(#10586,#10587,#10588,#10589,#10590,#10591,#10592,#10593,#10594,#10595,#10596,#10597,#10598,#10599,#10600,#10601),.UNSPECIFIED.,.F.,.F.,(4,3,3,3,3,4),(0.,0.138808946,0.277616815,0.416423693,0.595381353,0.774339459),.UNSPECIFIED.);
#10603=EDGE_CURVE('',#10579,#10526,#10602,.T.);
#10604=ORIENTED_EDGE('',*,*,#10603,.T.);
#10605=ORIENTED_EDGE('',*,*,#10531,.T.);
#10606=EDGE_LOOP('',(#10577,#10585,#10604,#10605));
#10607=FACE_BOUND('',#10606,.T.);
#10608=ADVANCED_FACE('',(#10607),#10576,.T.);
#10609=CARTESIAN_POINT('',(-0.61138529,0.176518088,0.635));
#10610=DIRECTION('',(-1.,-0.,0.));
#10611=DIRECTION('',(0.,-1.,0.));
#10612=AXIS2_PLACEMENT_3D('',#10609,#10610,#10611);
#10613=PLANE('',#10612);
#10614=ORIENTED_EDGE('',*,*,#1828,.F.);
#10615=CARTESIAN_POINT('',(-0.61138529,-0.273652045,0.635));
#10616=VERTEX_POINT('',#10615);
#10617=CARTESIAN_POINT('',(-0.61138529,-0.273652045,0.635));
#10618=DIRECTION('',(0.,0.,-1.));
#10619=VECTOR('',#10618,0.635);
#10620=LINE('',#10617,#10619);
#10621=EDGE_CURVE('',#10616,#1815,#10620,.T.);
#10622=ORIENTED_EDGE('',*,*,#10621,.F.);
#10623=CARTESIAN_POINT('',(-0.61138529,-0.273652045,0.635));
#10624=DIRECTION('',(-0.,1.,0.));
#10625=VECTOR('',#10624,0.900340267);
#10626=LINE('',#10623,#10625);
#10627=EDGE_CURVE('',#10616,#10579,#10626,.T.);
#10628=ORIENTED_EDGE('',*,*,#10627,.T.);
#10629=ORIENTED_EDGE('',*,*,#10584,.T.);
#10630=EDGE_LOOP('',(#10614,#10622,#10628,#10629));
#10631=FACE_BOUND('',#10630,.T.);
#10632=ADVANCED_FACE('',(#10631),#10613,.T.);
#10633=CARTESIAN_POINT('',(-1.626692672,-0.273652045,0.635));
#10634=DIRECTION('',(-0.,1.,0.));
#10635=DIRECTION('',(-1.,-0.,0.));
#10636=AXIS2_PLACEMENT_3D('',#10633,#10634,#10635);
#10637=PLANE('',#10636);
#10638=ORIENTED_EDGE('',*,*,#1820,.F.);
#10639=CARTESIAN_POINT('',(-2.642000054,-0.273652045,0.635));
#10640=VERTEX_POINT('',#10639);
#10641=CARTESIAN_POINT('',(-2.642000054,-0.273652045,0.635));
#10642=DIRECTION('',(0.,0.,-1.));
#10643=VECTOR('',#10642,0.635);
#10644=LINE('',#10641,#10643);
#10645=EDGE_CURVE('',#10640,#1807,#10644,.T.);
#10646=ORIENTED_EDGE('',*,*,#10645,.F.);
#10647=CARTESIAN_POINT('',(-2.642000054,-0.273652045,0.635));
#10648=DIRECTION('',(1.,0.,0.));
#10649=VECTOR('',#10648,2.030614763);
#10650=LINE('',#10647,#10649);
#10651=EDGE_CURVE('',#10640,#10616,#10650,.T.);
#10652=ORIENTED_EDGE('',*,*,#10651,.T.);
#10653=ORIENTED_EDGE('',*,*,#10621,.T.);
#10654=EDGE_LOOP('',(#10638,#10646,#10652,#10653));
#10655=FACE_BOUND('',#10654,.T.);
#10656=ADVANCED_FACE('',(#10655),#10637,.T.);
#10657=CARTESIAN_POINT('',(-2.642000054,-0.139293397,0.635));
#10658=DIRECTION('',(1.,0.,0.));
#10659=DIRECTION('',(0.,0.,-1.));
#10660=AXIS2_PLACEMENT_3D('',#10657,#10658,#10659);
#10661=PLANE('',#10660);
#10662=ORIENTED_EDGE('',*,*,#1812,.F.);
#10663=CARTESIAN_POINT('',(-2.642000054,-0.004934749,0.635));
#10664=VERTEX_POINT('',#10663);
#10665=CARTESIAN_POINT('',(-2.642000054,-0.004934749,0.635));
#10666=DIRECTION('',(0.,0.,-1.));
#10667=VECTOR('',#10666,0.635);
#10668=LINE('',#10665,#10667);
#10669=EDGE_CURVE('',#10664,#1799,#10668,.T.);
#10670=ORIENTED_EDGE('',*,*,#10669,.F.);
#10671=CARTESIAN_POINT('',(-2.642000054,-0.004934749,0.635));
#10672=DIRECTION('',(0.,-1.,0.));
#10673=VECTOR('',#10672,0.268717296);
#10674=LINE('',#10671,#10673);
#10675=EDGE_CURVE('',#10664,#10640,#10674,.T.);
#10676=ORIENTED_EDGE('',*,*,#10675,.T.);
#10677=ORIENTED_EDGE('',*,*,#10645,.T.);
#10678=EDGE_LOOP('',(#10662,#10670,#10676,#10677));
#10679=FACE_BOUND('',#10678,.T.);
#10680=ADVANCED_FACE('',(#10679),#10661,.T.);
#10681=CARTESIAN_POINT('',(-2.191137016,-0.004934749,0.635));
#10682=DIRECTION('',(0.,-1.,0.));
#10683=DIRECTION('',(1.,0.,0.));
#10684=AXIS2_PLACEMENT_3D('',#10681,#10682,#10683);
#10685=PLANE('',#10684);
#10686=ORIENTED_EDGE('',*,*,#1804,.F.);
#10687=CARTESIAN_POINT('',(-1.740273979,-0.004934749,0.635));
#10688=VERTEX_POINT('',#10687);
#10689=CARTESIAN_POINT('',(-1.740273979,-0.004934749,0.635));
#10690=DIRECTION('',(0.,0.,-1.));
#10691=VECTOR('',#10690,0.635);
#10692=LINE('',#10689,#10691);
#10693=EDGE_CURVE('',#10688,#1791,#10692,.T.);
#10694=ORIENTED_EDGE('',*,*,#10693,.F.);
#10695=CARTESIAN_POINT('',(-1.740273979,-0.004934749,0.635));
#10696=DIRECTION('',(-1.,-0.,0.));
#10697=VECTOR('',#10696,0.901726075);
#10698=LINE('',#10695,#10697);
#10699=EDGE_CURVE('',#10688,#10664,#10698,.T.);
#10700=ORIENTED_EDGE('',*,*,#10699,.T.);
#10701=ORIENTED_EDGE('',*,*,#10669,.T.);
#10702=EDGE_LOOP('',(#10686,#10694,#10700,#10701));
#10703=FACE_BOUND('',#10702,.T.);
#10704=ADVANCED_FACE('',(#10703),#10685,.T.);
#10705=CARTESIAN_POINT('',(-1.740273979,0.150893213,0.635));
#10706=DIRECTION('',(1.,0.,0.));
#10707=DIRECTION('',(0.,0.,-1.));
#10708=AXIS2_PLACEMENT_3D('',#10705,#10706,#10707);
#10709=PLANE('',#10708);
#10710=ORIENTED_EDGE('',*,*,#1796,.F.);
#10711=CARTESIAN_POINT('',(-1.740273979,0.306721175,0.635));
#10712=VERTEX_POINT('',#10711);
#10713=CARTESIAN_POINT('',(-1.740273979,0.306721175,0.635));
#10714=DIRECTION('',(0.,0.,-1.));
#10715=VECTOR('',#10714,0.635);
#10716=LINE('',#10713,#10715);
#10717=EDGE_CURVE('',#10712,#1782,#10716,.T.);
#10718=ORIENTED_EDGE('',*,*,#10717,.F.);
#10719=CARTESIAN_POINT('',(-1.740273979,0.306721175,0.635));
#10720=DIRECTION('',(0.,-1.,0.));
#10721=VECTOR('',#10720,0.311655924);
#10722=LINE('',#10719,#10721);
#10723=EDGE_CURVE('',#10712,#10688,#10722,.T.);
#10724=ORIENTED_EDGE('',*,*,#10723,.T.);
#10725=ORIENTED_EDGE('',*,*,#10693,.T.);
#10726=EDGE_LOOP('',(#10710,#10718,#10724,#10725));
#10727=FACE_BOUND('',#10726,.T.);
#10728=ADVANCED_FACE('',(#10727),#10709,.T.);
#10729=CARTESIAN_POINT('',(-1.749969978,0.456316726,0.635));
#10730=CARTESIAN_POINT('',(-1.749969978,0.456316726,0.));
#10731=CARTESIAN_POINT('',(-1.743506134,0.42584292,0.635));
#10732=CARTESIAN_POINT('',(-1.743506134,0.42584292,0.));
#10733=CARTESIAN_POINT('',(-1.740273979,0.375978047,0.635));
#10734=CARTESIAN_POINT('',(-1.740273979,0.375978047,0.));
#10735=CARTESIAN_POINT('',(-1.740273979,0.306721175,0.635));
#10736=CARTESIAN_POINT('',(-1.740273979,0.306721175,0.));
#10737=B_SPLINE_SURFACE_WITH_KNOTS('',3,1,((#10729,#10730),(#10731,#10732),(#10733,#10734),(#10735,#10736)),.UNSPECIFIED.,.F.,.F.,.U.,(4,4),(2,2),(0.804670185,1.),(0.,1.),.UNSPECIFIED.);
#10738=ORIENTED_EDGE('',*,*,#1788,.F.);
#10739=CARTESIAN_POINT('',(-1.749969978,0.456316726,0.635));
#10740=VERTEX_POINT('',#10739);
#10741=CARTESIAN_POINT('',(-1.749969978,0.456316726,0.635));
#10742=DIRECTION('',(0.,0.,-1.));
#10743=VECTOR('',#10742,0.635);
#10744=LINE('',#10741,#10743);
#10745=EDGE_CURVE('',#10740,#1767,#10744,.T.);
#10746=ORIENTED_EDGE('',*,*,#10745,.F.);
#10747=CARTESIAN_POINT('',(-1.749969978,0.456316726,0.635));
#10748=CARTESIAN_POINT('',(-1.743506134,0.42584292,0.635));
#10749=CARTESIAN_POINT('',(-1.740273979,0.375978047,0.635));
#10750=CARTESIAN_POINT('',(-1.740273979,0.306721175,0.635));
#10751=B_SPLINE_CURVE_WITH_KNOTS('',3,(#10747,#10748,#10749,#10750),.UNSPECIFIED.,.F.,.F.,(4,4),(0.804670184,1.),.UNSPECIFIED.);
#10752=EDGE_CURVE('',#10740,#10712,#10751,.T.);
#10753=ORIENTED_EDGE('',*,*,#10752,.T.);
#10754=ORIENTED_EDGE('',*,*,#10717,.T.);
#10755=EDGE_LOOP('',(#10738,#10746,#10753,#10754));
#10756=FACE_BOUND('',#10755,.T.);
#10757=ADVANCED_FACE('',(#10756),#10737,.T.);
#10758=CARTESIAN_POINT('',(-1.507570461,0.572667787,0.635));
#10759=CARTESIAN_POINT('',(-1.507570461,0.572667787,0.));
#10760=CARTESIAN_POINT('',(-1.507570694,0.695484089,0.635));
#10761=CARTESIAN_POINT('',(-1.507570694,0.695484089,0.));
#10762=CARTESIAN_POINT('',(-1.494873507,0.79152021,0.635));
#10763=CARTESIAN_POINT('',(-1.494873507,0.79152021,0.));
#10764=CARTESIAN_POINT('',(-1.469479368,0.860777082,0.635));
#10765=CARTESIAN_POINT('',(-1.469479368,0.860777082,0.));
#10766=CARTESIAN_POINT('',(-1.444084995,0.930033954,0.635));
#10767=CARTESIAN_POINT('',(-1.444084995,0.930033954,0.));
#10768=CARTESIAN_POINT('',(-1.403454185,0.982669512,0.635));
#10769=CARTESIAN_POINT('',(-1.403454185,0.982669512,0.));
#10770=CARTESIAN_POINT('',(-1.347586938,1.018682824,0.635));
#10771=CARTESIAN_POINT('',(-1.347586938,1.018682824,0.));
#10772=CARTESIAN_POINT('',(-1.29171969,1.054697068,0.635));
#10773=CARTESIAN_POINT('',(-1.29171969,1.054697068,0.));
#10774=CARTESIAN_POINT('',(-1.231004444,1.072703259,0.635));
#10775=CARTESIAN_POINT('',(-1.231004444,1.072703259,0.));
#10776=CARTESIAN_POINT('',(-1.165441197,1.072703259,0.635));
#10777=CARTESIAN_POINT('',(-1.165441197,1.072703259,0.));
#10778=CARTESIAN_POINT('',(-1.069404843,1.072703259,0.635));
#10779=CARTESIAN_POINT('',(-1.069404843,1.072703259,0.));
#10780=CARTESIAN_POINT('',(-0.990451739,1.037843855,0.635));
#10781=CARTESIAN_POINT('',(-0.990451739,1.037843855,0.));
#10782=CARTESIAN_POINT('',(-0.928582117,0.968125978,0.635));
#10783=CARTESIAN_POINT('',(-0.928582117,0.968125978,0.));
#10784=CARTESIAN_POINT('',(-0.866712729,0.898406239,0.635));
#10785=CARTESIAN_POINT('',(-0.866712729,0.898406239,0.));
#10786=CARTESIAN_POINT('',(-0.835777686,0.788287589,0.635));
#10787=CARTESIAN_POINT('',(-0.835777686,0.788287589,0.));
#10788=CARTESIAN_POINT('',(-0.835777686,0.637770029,0.635));
#10789=CARTESIAN_POINT('',(-0.835777686,0.637770029,0.));
#10790=B_SPLINE_SURFACE_WITH_KNOTS('',3,1,((#10758,#10759),(#10760,#10761),(#10762,#10763),(#10764,#10765),(#10766,#10767),(#10768,#10769),(#10770,#10771),(#10772,#10773),(#10774,#10775),(#10776,#10777),(#10778,#10779),(#10780,#10781),(#10782,#10783),(#10784,#10785),(#10786,#10787),(#10788,#10789)),.UNSPECIFIED.,.F.,.F.,.U.,(4,3,3,3,3,4),(2,2),(0.,0.168644484,0.337289151,0.505935098,0.752965908,1.),(0.,1.),.UNSPECIFIED.);
#10791=CARTESIAN_POINT('',(-1.507570461,0.572667787,0.));
#10792=VERTEX_POINT('',#10791);
#10793=CARTESIAN_POINT('',(-0.835777686,0.637770029,0.));
#10794=VERTEX_POINT('',#10793);
#10795=CARTESIAN_POINT('',(-1.507570461,0.572667787,0.));
#10796=CARTESIAN_POINT('',(-1.507570694,0.695484089,0.));
#10797=CARTESIAN_POINT('',(-1.494873507,0.79152021,0.));
#10798=CARTESIAN_POINT('',(-1.469479368,0.860777082,0.));
#10799=CARTESIAN_POINT('',(-1.444084995,0.930033954,0.));
#10800=CARTESIAN_POINT('',(-1.403454185,0.982669512,0.));
#10801=CARTESIAN_POINT('',(-1.347586938,1.018682824,0.));
#10802=CARTESIAN_POINT('',(-1.29171969,1.054697068,0.));
#10803=CARTESIAN_POINT('',(-1.231004444,1.072703259,0.));
#10804=CARTESIAN_POINT('',(-1.165441197,1.072703259,0.));
#10805=CARTESIAN_POINT('',(-1.069404843,1.072703259,0.));
#10806=CARTESIAN_POINT('',(-0.990451739,1.037843855,0.));
#10807=CARTESIAN_POINT('',(-0.928582117,0.968125978,0.));
#10808=CARTESIAN_POINT('',(-0.866712729,0.898406239,0.));
#10809=CARTESIAN_POINT('',(-0.835777686,0.788287589,0.));
#10810=CARTESIAN_POINT('',(-0.835777686,0.637770029,0.));
#10811=B_SPLINE_CURVE_WITH_KNOTS('',3,(#10795,#10796,#10797,#10798,#10799,#10800,#10801,#10802,#10803,#10804,#10805,#10806,#10807,#10808,#10809,#10810),.UNSPECIFIED.,.F.,.F.,(4,3,3,3,3,4),(0.,0.168644484,0.337289151,0.505935098,0.752965908,1.),.UNSPECIFIED.);
#10812=EDGE_CURVE('',#10792,#10794,#10811,.T.);
#10813=ORIENTED_EDGE('',*,*,#10812,.F.);
#10814=CARTESIAN_POINT('',(-1.507570461,0.572667787,0.635));
#10815=VERTEX_POINT('',#10814);
#10816=CARTESIAN_POINT('',(-1.507570461,0.572667787,0.635));
#10817=DIRECTION('',(0.,0.,-1.));
#10818=VECTOR('',#10817,0.635);
#10819=LINE('',#10816,#10818);
#10820=EDGE_CURVE('',#10815,#10792,#10819,.T.);
#10821=ORIENTED_EDGE('',*,*,#10820,.F.);
#10822=CARTESIAN_POINT('',(-0.835777686,0.637770029,0.635));
#10823=VERTEX_POINT('',#10822);
#10824=CARTESIAN_POINT('',(-1.507570461,0.572667787,0.635));
#10825=CARTESIAN_POINT('',(-1.507570694,0.695484089,0.635));
#10826=CARTESIAN_POINT('',(-1.494873507,0.79152021,0.635));
#10827=CARTESIAN_POINT('',(-1.469479368,0.860777082,0.635));
#10828=CARTESIAN_POINT('',(-1.444084995,0.930033954,0.635));
#10829=CARTESIAN_POINT('',(-1.403454185,0.982669512,0.635));
#10830=CARTESIAN_POINT('',(-1.347586938,1.018682824,0.635));
#10831=CARTESIAN_POINT('',(-1.29171969,1.054697068,0.635));
#10832=CARTESIAN_POINT('',(-1.231004444,1.072703259,0.635));
#10833=CARTESIAN_POINT('',(-1.165441197,1.072703259,0.635));
#10834=CARTESIAN_POINT('',(-1.069404843,1.072703259,0.635));
#10835=CARTESIAN_POINT('',(-0.990451739,1.037843855,0.635));
#10836=CARTESIAN_POINT('',(-0.928582117,0.968125978,0.635));
#10837=CARTESIAN_POINT('',(-0.866712729,0.898406239,0.635));
#10838=CARTESIAN_POINT('',(-0.835777686,0.788287589,0.635));
#10839=CARTESIAN_POINT('',(-0.835777686,0.637770029,0.635));
#10840=B_SPLINE_CURVE_WITH_KNOTS('',3,(#10824,#10825,#10826,#10827,#10828,#10829,#10830,#10831,#10832,#10833,#10834,#10835,#10836,#10837,#10838,#10839),.UNSPECIFIED.,.F.,.F.,(4,3,3,3,3,4),(0.,0.168644484,0.337289151,0.505935098,0.752965908,1.),.UNSPECIFIED.);
#10841=EDGE_CURVE('',#10815,#10823,#10840,.T.);
#10842=ORIENTED_EDGE('',*,*,#10841,.T.);
#10843=CARTESIAN_POINT('',(-0.835777686,0.637770029,0.635));
#10844=DIRECTION('',(0.,0.,-1.));
#10845=VECTOR('',#10844,0.635);
#10846=LINE('',#10843,#10845);
#10847=EDGE_CURVE('',#10823,#10794,#10846,.T.);
#10848=ORIENTED_EDGE('',*,*,#10847,.T.);
#10849=EDGE_LOOP('',(#10813,#10821,#10842,#10848));
#10850=FACE_BOUND('',#10849,.T.);
#10851=ADVANCED_FACE('',(#10850),#10790,.T.);
#10852=CARTESIAN_POINT('',(-1.507570461,0.283866519,0.635));
#10853=DIRECTION('',(-1.,0.,0.));
#10854=DIRECTION('',(0.,0.,1.));
#10855=AXIS2_PLACEMENT_3D('',#10852,#10853,#10854);
#10856=PLANE('',#10855);
#10857=CARTESIAN_POINT('',(-1.507570461,-0.004934749,0.));
#10858=VERTEX_POINT('',#10857);
#10859=CARTESIAN_POINT('',(-1.507570461,-0.004934749,0.));
#10860=DIRECTION('',(0.,1.,0.));
#10861=VECTOR('',#10860,0.577602535);
#10862=LINE('',#10859,#10861);
#10863=EDGE_CURVE('',#10858,#10792,#10862,.T.);
#10864=ORIENTED_EDGE('',*,*,#10863,.F.);
#10865=CARTESIAN_POINT('',(-1.507570461,-0.004934749,0.635));
#10866=VERTEX_POINT('',#10865);
#10867=CARTESIAN_POINT('',(-1.507570461,-0.004934749,0.635));
#10868=DIRECTION('',(0.,0.,-1.));
#10869=VECTOR('',#10868,0.635);
#10870=LINE('',#10867,#10869);
#10871=EDGE_CURVE('',#10866,#10858,#10870,.T.);
#10872=ORIENTED_EDGE('',*,*,#10871,.F.);
#10873=CARTESIAN_POINT('',(-1.507570461,-0.004934749,0.635));
#10874=DIRECTION('',(0.,1.,0.));
#10875=VECTOR('',#10874,0.577602535);
#10876=LINE('',#10873,#10875);
#10877=EDGE_CURVE('',#10866,#10815,#10876,.T.);
#10878=ORIENTED_EDGE('',*,*,#10877,.T.);
#10879=ORIENTED_EDGE('',*,*,#10820,.T.);
#10880=EDGE_LOOP('',(#10864,#10872,#10878,#10879));
#10881=FACE_BOUND('',#10880,.T.);
#10882=ADVANCED_FACE('',(#10881),#10856,.T.);
#10883=CARTESIAN_POINT('',(-1.171674073,-0.004934749,0.635));
#10884=DIRECTION('',(0.,-1.,0.));
#10885=DIRECTION('',(1.,0.,0.));
#10886=AXIS2_PLACEMENT_3D('',#10883,#10884,#10885);
#10887=PLANE('',#10886);
#10888=CARTESIAN_POINT('',(-0.835777686,-0.004934749,0.));
#10889=VERTEX_POINT('',#10888);
#10890=CARTESIAN_POINT('',(-0.835777686,-0.004934749,0.));
#10891=DIRECTION('',(-1.,-0.,0.));
#10892=VECTOR('',#10891,0.671792775);
#10893=LINE('',#10890,#10892);
#10894=EDGE_CURVE('',#10889,#10858,#10893,.T.);
#10895=ORIENTED_EDGE('',*,*,#10894,.F.);
#10896=CARTESIAN_POINT('',(-0.835777686,-0.004934749,0.635));
#10897=VERTEX_POINT('',#10896);
#10898=CARTESIAN_POINT('',(-0.835777686,-0.004934749,0.635));
#10899=DIRECTION('',(0.,0.,-1.));
#10900=VECTOR('',#10899,0.635);
#10901=LINE('',#10898,#10900);
#10902=EDGE_CURVE('',#10897,#10889,#10901,.T.);
#10903=ORIENTED_EDGE('',*,*,#10902,.F.);
#10904=CARTESIAN_POINT('',(-0.835777686,-0.004934749,0.635));
#10905=DIRECTION('',(-1.,-0.,0.));
#10906=VECTOR('',#10905,0.671792775);
#10907=LINE('',#10904,#10906);
#10908=EDGE_CURVE('',#10897,#10866,#10907,.T.);
#10909=ORIENTED_EDGE('',*,*,#10908,.T.);
#10910=ORIENTED_EDGE('',*,*,#10871,.T.);
#10911=EDGE_LOOP('',(#10895,#10903,#10909,#10910));
#10912=FACE_BOUND('',#10911,.T.);
#10913=ADVANCED_FACE('',(#10912),#10887,.T.);
#10914=CARTESIAN_POINT('',(-0.835777686,0.31641764,0.635));
#10915=DIRECTION('',(1.,0.,0.));
#10916=DIRECTION('',(0.,0.,-1.));
#10917=AXIS2_PLACEMENT_3D('',#10914,#10915,#10916);
#10918=PLANE('',#10917);
#10919=CARTESIAN_POINT('',(-0.835777686,0.637770029,0.));
#10920=DIRECTION('',(0.,-1.,0.));
#10921=VECTOR('',#10920,0.642704777);
#10922=LINE('',#10919,#10921);
#10923=EDGE_CURVE('',#10794,#10889,#10922,.T.);
#10924=ORIENTED_EDGE('',*,*,#10923,.F.);
#10925=ORIENTED_EDGE('',*,*,#10847,.F.);
#10926=CARTESIAN_POINT('',(-0.835777686,0.637770029,0.635));
#10927=DIRECTION('',(0.,-1.,0.));
#10928=VECTOR('',#10927,0.642704777);
#10929=LINE('',#10926,#10928);
#10930=EDGE_CURVE('',#10823,#10897,#10929,.T.);
#10931=ORIENTED_EDGE('',*,*,#10930,.T.);
#10932=ORIENTED_EDGE('',*,*,#10902,.T.);
#10933=EDGE_LOOP('',(#10924,#10925,#10931,#10932));
#10934=FACE_BOUND('',#10933,.T.);
#10935=ADVANCED_FACE('',(#10934),#10918,.T.);
#10936=CARTESIAN_POINT('',(-2.219532343,0.909257079,0.635));
#10937=CARTESIAN_POINT('',(-2.219532343,0.909257079,0.));
#10938=CARTESIAN_POINT('',(-2.097640146,0.830765212,0.635));
#10939=CARTESIAN_POINT('',(-2.097640146,0.830765212,0.));
#10940=CARTESIAN_POINT('',(-2.004374011,0.766124906,0.635));
#10941=CARTESIAN_POINT('',(-2.004374011,0.766124906,0.));
#10942=CARTESIAN_POINT('',(-1.939734171,0.715338023,0.635));
#10943=CARTESIAN_POINT('',(-1.939734171,0.715338023,0.));
#10944=CARTESIAN_POINT('',(-1.87509433,0.664548347,0.635));
#10945=CARTESIAN_POINT('',(-1.87509433,0.664548347,0.));
#10946=CARTESIAN_POINT('',(-1.829846489,0.619070003,0.635));
#10947=CARTESIAN_POINT('',(-1.829846489,0.619070003,0.));
#10948=CARTESIAN_POINT('',(-1.803990413,0.578901129,0.635));
#10949=CARTESIAN_POINT('',(-1.803990413,0.578901129,0.));
#10950=CARTESIAN_POINT('',(-1.77813457,0.538732255,0.635));
#10951=CARTESIAN_POINT('',(-1.77813457,0.538732255,0.));
#10952=CARTESIAN_POINT('',(-1.760127914,0.497870477,0.635));
#10953=CARTESIAN_POINT('',(-1.760127914,0.497870477,0.));
#10954=CARTESIAN_POINT('',(-1.749969978,0.456316726,0.635));
#10955=CARTESIAN_POINT('',(-1.749969978,0.456316726,0.));
#10956=B_SPLINE_SURFACE_WITH_KNOTS('',3,1,((#10936,#10937),(#10938,#10939),(#10940,#10941),(#10942,#10943),(#10944,#10945),(#10946,#10947),(#10948,#10949),(#10950,#10951),(#10952,#10953),(#10954,#10955)),.UNSPECIFIED.,.F.,.F.,.U.,(4,3,3,4),(2,2),(0.,0.268219876,0.536445384,0.804670184),(0.,1.),.UNSPECIFIED.);
#10957=ORIENTED_EDGE('',*,*,#1779,.F.);
#10958=ORIENTED_EDGE('',*,*,#10433,.F.);
#10959=CARTESIAN_POINT('',(-2.219532343,0.909257079,0.635));
#10960=CARTESIAN_POINT('',(-2.097640146,0.830765212,0.635));
#10961=CARTESIAN_POINT('',(-2.004374011,0.766124906,0.635));
#10962=CARTESIAN_POINT('',(-1.939734171,0.715338023,0.635));
#10963=CARTESIAN_POINT('',(-1.87509433,0.664548347,0.635));
#10964=CARTESIAN_POINT('',(-1.829846489,0.619070003,0.635));
#10965=CARTESIAN_POINT('',(-1.803990413,0.578901129,0.635));
#10966=CARTESIAN_POINT('',(-1.77813457,0.538732255,0.635));
#10967=CARTESIAN_POINT('',(-1.760127914,0.497870477,0.635));
#10968=CARTESIAN_POINT('',(-1.749969978,0.456316726,0.635));
#10969=B_SPLINE_CURVE_WITH_KNOTS('',3,(#10959,#10960,#10961,#10962,#10963,#10964,#10965,#10966,#10967,#10968),.UNSPECIFIED.,.F.,.F.,(4,3,3,4),(0.,0.268219876,0.536445384,0.804670184),.UNSPECIFIED.);
#10970=EDGE_CURVE('',#10422,#10740,#10969,.T.);
#10971=ORIENTED_EDGE('',*,*,#10970,.T.);
#10972=ORIENTED_EDGE('',*,*,#10745,.T.);
#10973=EDGE_LOOP('',(#10957,#10958,#10971,#10972));
#10974=FACE_BOUND('',#10973,.T.);
#10975=ADVANCED_FACE('',(#10974),#10956,.T.);
#10976=CARTESIAN_POINT('',(0.,0.,0.635));
#10977=DIRECTION('',(0.,0.,-1.));
#10978=DIRECTION('',(-1.,0.,0.));
#10979=AXIS2_PLACEMENT_3D('',#10976,#10977,#10978);
#10980=PLANE('',#10979);
#10981=ORIENTED_EDGE('',*,*,#10841,.F.);
#10982=ORIENTED_EDGE('',*,*,#10877,.F.);
#10983=ORIENTED_EDGE('',*,*,#10908,.F.);
#10984=ORIENTED_EDGE('',*,*,#10930,.F.);
#10985=EDGE_LOOP('',(#10981,#10982,#10983,#10984));
#10986=FACE_BOUND('',#10985,.T.);
#10987=ORIENTED_EDGE('',*,*,#10427,.F.);
#10988=ORIENTED_EDGE('',*,*,#10456,.F.);
#10989=ORIENTED_EDGE('',*,*,#10480,.F.);
#10990=ORIENTED_EDGE('',*,*,#10509,.F.);
#10991=ORIENTED_EDGE('',*,*,#10538,.F.);
#10992=ORIENTED_EDGE('',*,*,#10603,.F.);
#10993=ORIENTED_EDGE('',*,*,#10627,.F.);
#10994=ORIENTED_EDGE('',*,*,#10651,.F.);
#10995=ORIENTED_EDGE('',*,*,#10675,.F.);
#10996=ORIENTED_EDGE('',*,*,#10699,.F.);
#10997=ORIENTED_EDGE('',*,*,#10723,.F.);
#10998=ORIENTED_EDGE('',*,*,#10752,.F.);
#10999=ORIENTED_EDGE('',*,*,#10970,.F.);
#11000=EDGE_LOOP('',(#10987,#10988,#10989,#10990,#10991,#10992,#10993,#10994,#10995,#10996,#10997,#10998,#10999));
#11001=FACE_BOUND('',#11000,.T.);
#11002=ADVANCED_FACE('',(#10986,#11001),#10980,.T.);
#11003=CARTESIAN_POINT('',(0.,0.,0.));
#11004=DIRECTION('',(0.,0.,1.));
#11005=DIRECTION('',(1.,0.,0.));
#11006=AXIS2_PLACEMENT_3D('',#11003,#11004,#11005);
#11007=PLANE('',#11006);
#11008=ORIENTED_EDGE('',*,*,#10812,.T.);
#11009=ORIENTED_EDGE('',*,*,#10923,.T.);
#11010=ORIENTED_EDGE('',*,*,#10894,.T.);
#11011=ORIENTED_EDGE('',*,*,#10863,.T.);
#11012=EDGE_LOOP('',(#11008,#11009,#11010,#11011));
#11013=FACE_BOUND('',#11012,.T.);
#11014=ADVANCED_FACE('',(#11013),#11007,.F.);
#11015=CARTESIAN_POINT('',(-2.642000054,7.169396481,0.635));
#11016=DIRECTION('',(1.,0.,0.));
#11017=DIRECTION('',(0.,0.,-1.));
#11018=AXIS2_PLACEMENT_3D('',#11015,#11016,#11017);
#11019=PLANE('',#11018);
#11020=ORIENTED_EDGE('',*,*,#444,.F.);
#11021=CARTESIAN_POINT('',(-2.642000054,7.307217786,0.635));
#11022=VERTEX_POINT('',#11021);
#11023=CARTESIAN_POINT('',(-2.642000054,7.307217786,0.635));
#11024=DIRECTION('',(0.,0.,-1.));
#11025=VECTOR('',#11024,0.635);
#11026=LINE('',#11023,#11025);
#11027=EDGE_CURVE('',#11022,#437,#11026,.T.);
#11028=ORIENTED_EDGE('',*,*,#11027,.F.);
#11029=CARTESIAN_POINT('',(-2.642000054,7.031575175,0.635));
#11030=VERTEX_POINT('',#11029);
#11031=CARTESIAN_POINT('',(-2.642000054,7.307217786,0.635));
#11032=DIRECTION('',(0.,-1.,0.));
#11033=VECTOR('',#11032,0.275642611);
#11034=LINE('',#11031,#11033);
#11035=EDGE_CURVE('',#11022,#11030,#11034,.T.);
#11036=ORIENTED_EDGE('',*,*,#11035,.T.);
#11037=CARTESIAN_POINT('',(-2.642000054,7.031575175,0.635));
#11038=DIRECTION('',(0.,0.,-1.));
#11039=VECTOR('',#11038,0.635);
#11040=LINE('',#11037,#11039);
#11041=EDGE_CURVE('',#11030,#439,#11040,.T.);
#11042=ORIENTED_EDGE('',*,*,#11041,.T.);
#11043=EDGE_LOOP('',(#11020,#11028,#11036,#11042));
#11044=FACE_BOUND('',#11043,.T.);
#11045=ADVANCED_FACE('',(#11044),#11019,.T.);
#11046=CARTESIAN_POINT('',(-1.626692672,7.307217786,0.635));
#11047=DIRECTION('',(0.,-1.,0.));
#11048=DIRECTION('',(0.,0.,-1.));
#11049=AXIS2_PLACEMENT_3D('',#11046,#11047,#11048);
#11050=PLANE('',#11049);
#11051=ORIENTED_EDGE('',*,*,#514,.F.);
#11052=CARTESIAN_POINT('',(-0.61138529,7.307217786,0.635));
#11053=VERTEX_POINT('',#11052);
#11054=CARTESIAN_POINT('',(-0.61138529,7.307217786,0.635));
#11055=DIRECTION('',(0.,0.,-1.));
#11056=VECTOR('',#11055,0.635);
#11057=LINE('',#11054,#11056);
#11058=EDGE_CURVE('',#11053,#503,#11057,.T.);
#11059=ORIENTED_EDGE('',*,*,#11058,.F.);
#11060=CARTESIAN_POINT('',(-0.61138529,7.307217786,0.635));
#11061=DIRECTION('',(-1.,0.,0.));
#11062=VECTOR('',#11061,2.030614763);
#11063=LINE('',#11060,#11062);
#11064=EDGE_CURVE('',#11053,#11022,#11063,.T.);
#11065=ORIENTED_EDGE('',*,*,#11064,.T.);
#11066=ORIENTED_EDGE('',*,*,#11027,.T.);
#11067=EDGE_LOOP('',(#11051,#11059,#11065,#11066));
#11068=FACE_BOUND('',#11067,.T.);
#11069=ADVANCED_FACE('',(#11068),#11050,.T.);
#11070=CARTESIAN_POINT('',(-0.61138529,7.178399576,0.635));
#11071=DIRECTION('',(-1.,0.,0.));
#11072=DIRECTION('',(0.,0.,1.));
#11073=AXIS2_PLACEMENT_3D('',#11070,#11071,#11072);
#11074=PLANE('',#11073);
#11075=ORIENTED_EDGE('',*,*,#508,.F.);
#11076=CARTESIAN_POINT('',(-0.61138529,7.049581366,0.635));
#11077=VERTEX_POINT('',#11076);
#11078=CARTESIAN_POINT('',(-0.61138529,7.049581366,0.635));
#11079=DIRECTION('',(0.,0.,-1.));
#11080=VECTOR('',#11079,0.635);
#11081=LINE('',#11078,#11080);
#11082=EDGE_CURVE('',#11077,#495,#11081,.T.);
#11083=ORIENTED_EDGE('',*,*,#11082,.F.);
#11084=CARTESIAN_POINT('',(-0.61138529,7.049581366,0.635));
#11085=DIRECTION('',(0.,1.,0.));
#11086=VECTOR('',#11085,0.25763642);
#11087=LINE('',#11084,#11086);
#11088=EDGE_CURVE('',#11077,#11053,#11087,.T.);
#11089=ORIENTED_EDGE('',*,*,#11088,.T.);
#11090=ORIENTED_EDGE('',*,*,#11058,.T.);
#11091=EDGE_LOOP('',(#11075,#11083,#11089,#11090));
#11092=FACE_BOUND('',#11091,.T.);
#11093=ADVANCED_FACE('',(#11092),#11074,.T.);
#11094=CARTESIAN_POINT('',(-1.408533153,7.049581366,0.635));
#11095=DIRECTION('',(0.,1.,0.));
#11096=DIRECTION('',(0.,0.,1.));
#11097=AXIS2_PLACEMENT_3D('',#11094,#11095,#11096);
#11098=PLANE('',#11097);
#11099=ORIENTED_EDGE('',*,*,#500,.F.);
#11100=CARTESIAN_POINT('',(-2.205681015,7.049581366,0.635));
#11101=VERTEX_POINT('',#11100);
#11102=CARTESIAN_POINT('',(-2.205681015,7.049581366,0.635));
#11103=DIRECTION('',(0.,0.,-1.));
#11104=VECTOR('',#11103,0.635);
#11105=LINE('',#11102,#11104);
#11106=EDGE_CURVE('',#11101,#487,#11105,.T.);
#11107=ORIENTED_EDGE('',*,*,#11106,.F.);
#11108=CARTESIAN_POINT('',(-2.205681015,7.049581366,0.635));
#11109=DIRECTION('',(1.,0.,-0.));
#11110=VECTOR('',#11109,1.594295725);
#11111=LINE('',#11108,#11110);
#11112=EDGE_CURVE('',#11101,#11077,#11111,.T.);
#11113=ORIENTED_EDGE('',*,*,#11112,.T.);
#11114=ORIENTED_EDGE('',*,*,#11082,.T.);
#11115=EDGE_LOOP('',(#11099,#11107,#11113,#11114));
#11116=FACE_BOUND('',#11115,.T.);
#11117=ADVANCED_FACE('',(#11116),#11098,.T.);
#11118=CARTESIAN_POINT('',(-1.408533153,6.5163028,0.635));
#11119=DIRECTION('',(-0.556032489,-0.831160557,0.));
#11120=DIRECTION('',(0.831160557,-0.556032489,0.));
#11121=AXIS2_PLACEMENT_3D('',#11118,#11119,#11120);
#11122=PLANE('',#11121);
#11123=ORIENTED_EDGE('',*,*,#492,.F.);
#11124=CARTESIAN_POINT('',(-0.61138529,5.983024234,0.635));
#11125=VERTEX_POINT('',#11124);
#11126=CARTESIAN_POINT('',(-0.61138529,5.983024234,0.635));
#11127=DIRECTION('',(0.,0.,-1.));
#11128=VECTOR('',#11127,0.635);
#11129=LINE('',#11126,#11128);
#11130=EDGE_CURVE('',#11125,#479,#11129,.T.);
#11131=ORIENTED_EDGE('',*,*,#11130,.F.);
#11132=CARTESIAN_POINT('',(-0.61138529,5.983024234,0.635));
#11133=DIRECTION('',(-0.831160557,0.556032489,0.));
#11134=VECTOR('',#11133,1.918156139);
#11135=LINE('',#11132,#11134);
#11136=EDGE_CURVE('',#11125,#11101,#11135,.T.);
#11137=ORIENTED_EDGE('',*,*,#11136,.T.);
#11138=ORIENTED_EDGE('',*,*,#11106,.T.);
#11139=EDGE_LOOP('',(#11123,#11131,#11137,#11138));
#11140=FACE_BOUND('',#11139,.T.);
#11141=ADVANCED_FACE('',(#11140),#11122,.T.);
#11142=CARTESIAN_POINT('',(-0.61138529,5.845202928,0.635));
#11143=DIRECTION('',(-1.,0.,0.));
#11144=DIRECTION('',(0.,0.,1.));
#11145=AXIS2_PLACEMENT_3D('',#11142,#11143,#11144);
#11146=PLANE('',#11145);
#11147=ORIENTED_EDGE('',*,*,#484,.F.);
#11148=CARTESIAN_POINT('',(-0.61138529,5.707381623,0.635));
#11149=VERTEX_POINT('',#11148);
#11150=CARTESIAN_POINT('',(-0.61138529,5.707381623,0.635));
#11151=DIRECTION('',(0.,0.,-1.));
#11152=VECTOR('',#11151,0.635);
#11153=LINE('',#11150,#11152);
#11154=EDGE_CURVE('',#11149,#471,#11153,.T.);
#11155=ORIENTED_EDGE('',*,*,#11154,.F.);
#11156=CARTESIAN_POINT('',(-0.61138529,5.707381623,0.635));
#11157=DIRECTION('',(0.,1.,0.));
#11158=VECTOR('',#11157,0.275642611);
#11159=LINE('',#11156,#11158);
#11160=EDGE_CURVE('',#11149,#11125,#11159,.T.);
#11161=ORIENTED_EDGE('',*,*,#11160,.T.);
#11162=ORIENTED_EDGE('',*,*,#11130,.T.);
#11163=EDGE_LOOP('',(#11147,#11155,#11161,#11162));
#11164=FACE_BOUND('',#11163,.T.);
#11165=ADVANCED_FACE('',(#11164),#11146,.T.);
#11166=CARTESIAN_POINT('',(-1.626692672,5.707381623,0.635));
#11167=DIRECTION('',(0.,1.,0.));
#11168=DIRECTION('',(0.,0.,1.));
#11169=AXIS2_PLACEMENT_3D('',#11166,#11167,#11168);
#11170=PLANE('',#11169);
#11171=ORIENTED_EDGE('',*,*,#476,.F.);
#11172=CARTESIAN_POINT('',(-2.642000054,5.707381623,0.635));
#11173=VERTEX_POINT('',#11172);
#11174=CARTESIAN_POINT('',(-2.642000054,5.707381623,0.635));
#11175=DIRECTION('',(0.,0.,-1.));
#11176=VECTOR('',#11175,0.635);
#11177=LINE('',#11174,#11176);
#11178=EDGE_CURVE('',#11173,#463,#11177,.T.);
#11179=ORIENTED_EDGE('',*,*,#11178,.F.);
#11180=CARTESIAN_POINT('',(-2.642000054,5.707381623,0.635));
#11181=DIRECTION('',(1.,0.,-0.));
#11182=VECTOR('',#11181,2.030614763);
#11183=LINE('',#11180,#11182);
#11184=EDGE_CURVE('',#11173,#11149,#11183,.T.);
#11185=ORIENTED_EDGE('',*,*,#11184,.T.);
#11186=ORIENTED_EDGE('',*,*,#11154,.T.);
#11187=EDGE_LOOP('',(#11171,#11179,#11185,#11186));
#11188=FACE_BOUND('',#11187,.T.);
#11189=ADVANCED_FACE('',(#11188),#11170,.T.);
#11190=CARTESIAN_POINT('',(-2.642000054,5.836199367,0.635));
#11191=DIRECTION('',(1.,0.,0.));
#11192=DIRECTION('',(0.,0.,-1.));
#11193=AXIS2_PLACEMENT_3D('',#11190,#11191,#11192);
#11194=PLANE('',#11193);
#11195=ORIENTED_EDGE('',*,*,#468,.F.);
#11196=CARTESIAN_POINT('',(-2.642000054,5.965017112,0.635));
#11197=VERTEX_POINT('',#11196);
#11198=CARTESIAN_POINT('',(-2.642000054,5.965017112,0.635));
#11199=DIRECTION('',(0.,0.,-1.));
#11200=VECTOR('',#11199,0.635);
#11201=LINE('',#11198,#11200);
#11202=EDGE_CURVE('',#11197,#455,#11201,.T.);
#11203=ORIENTED_EDGE('',*,*,#11202,.F.);
#11204=CARTESIAN_POINT('',(-2.642000054,5.965017112,0.635));
#11205=DIRECTION('',(0.,-1.,0.));
#11206=VECTOR('',#11205,0.257635489);
#11207=LINE('',#11204,#11206);
#11208=EDGE_CURVE('',#11197,#11173,#11207,.T.);
#11209=ORIENTED_EDGE('',*,*,#11208,.T.);
#11210=ORIENTED_EDGE('',*,*,#11178,.T.);
#11211=EDGE_LOOP('',(#11195,#11203,#11209,#11210));
#11212=FACE_BOUND('',#11211,.T.);
#11213=ADVANCED_FACE('',(#11212),#11194,.T.);
#11214=CARTESIAN_POINT('',(-1.84415952,5.965017112,0.635));
#11215=DIRECTION('',(0.,-1.,0.));
#11216=DIRECTION('',(0.,0.,-1.));
#11217=AXIS2_PLACEMENT_3D('',#11214,#11215,#11216);
#11218=PLANE('',#11217);
#11219=ORIENTED_EDGE('',*,*,#460,.F.);
#11220=CARTESIAN_POINT('',(-1.046318986,5.965017112,0.635));
#11221=VERTEX_POINT('',#11220);
#11222=CARTESIAN_POINT('',(-1.046318986,5.965017112,0.635));
#11223=DIRECTION('',(0.,0.,-1.));
#11224=VECTOR('',#11223,0.635);
#11225=LINE('',#11222,#11224);
#11226=EDGE_CURVE('',#11221,#447,#11225,.T.);
#11227=ORIENTED_EDGE('',*,*,#11226,.F.);
#11228=CARTESIAN_POINT('',(-1.046318986,5.965017112,0.635));
#11229=DIRECTION('',(-1.,0.,0.));
#11230=VECTOR('',#11229,1.595681068);
#11231=LINE('',#11228,#11230);
#11232=EDGE_CURVE('',#11221,#11197,#11231,.T.);
#11233=ORIENTED_EDGE('',*,*,#11232,.T.);
#11234=ORIENTED_EDGE('',*,*,#11202,.T.);
#11235=EDGE_LOOP('',(#11219,#11227,#11233,#11234));
#11236=FACE_BOUND('',#11235,.T.);
#11237=ADVANCED_FACE('',(#11236),#11218,.T.);
#11238=CARTESIAN_POINT('',(-1.84415952,6.498296144,0.635));
#11239=DIRECTION('',(0.555699201,0.831383424,0.));
#11240=DIRECTION('',(-0.831383424,0.555699201,0.));
#11241=AXIS2_PLACEMENT_3D('',#11238,#11239,#11240);
#11242=PLANE('',#11241);
#11243=ORIENTED_EDGE('',*,*,#452,.F.);
#11244=ORIENTED_EDGE('',*,*,#11041,.F.);
#11245=CARTESIAN_POINT('',(-2.642000054,7.031575175,0.635));
#11246=DIRECTION('',(0.831383424,-0.555699201,0.));
#11247=VECTOR('',#11246,1.919308253);
#11248=LINE('',#11245,#11247);
#11249=EDGE_CURVE('',#11030,#11221,#11248,.T.);
#11250=ORIENTED_EDGE('',*,*,#11249,.T.);
#11251=ORIENTED_EDGE('',*,*,#11226,.T.);
#11252=EDGE_LOOP('',(#11243,#11244,#11250,#11251));
#11253=FACE_BOUND('',#11252,.T.);
#11254=ADVANCED_FACE('',(#11253),#11242,.T.);
#11255=CARTESIAN_POINT('',(0.,0.,0.635));
#11256=DIRECTION('',(0.,0.,-1.));
#11257=DIRECTION('',(-1.,0.,0.));
#11258=AXIS2_PLACEMENT_3D('',#11255,#11256,#11257);
#11259=PLANE('',#11258);
#11260=ORIENTED_EDGE('',*,*,#11035,.F.);
#11261=ORIENTED_EDGE('',*,*,#11064,.F.);
#11262=ORIENTED_EDGE('',*,*,#11088,.F.);
#11263=ORIENTED_EDGE('',*,*,#11112,.F.);
#11264=ORIENTED_EDGE('',*,*,#11136,.F.);
#11265=ORIENTED_EDGE('',*,*,#11160,.F.);
#11266=ORIENTED_EDGE('',*,*,#11184,.F.);
#11267=ORIENTED_EDGE('',*,*,#11208,.F.);
#11268=ORIENTED_EDGE('',*,*,#11232,.F.);
#11269=ORIENTED_EDGE('',*,*,#11249,.F.);
#11270=EDGE_LOOP('',(#11260,#11261,#11262,#11263,#11264,#11265,#11266,#11267,#11268,#11269));
#11271=FACE_BOUND('',#11270,.T.);
#11272=ADVANCED_FACE('',(#11271),#11259,.T.);
#11273=CARTESIAN_POINT('',(-2.642000054,5.102075035,0.635));
#11274=DIRECTION('',(1.,0.,0.));
#11275=DIRECTION('',(0.,0.,-1.));
#11276=AXIS2_PLACEMENT_3D('',#11273,#11274,#11275);
#11277=PLANE('',#11276);
#11278=ORIENTED_EDGE('',*,*,#1893,.F.);
#11279=CARTESIAN_POINT('',(-2.642000054,5.236433217,0.635));
#11280=VERTEX_POINT('',#11279);
#11281=CARTESIAN_POINT('',(-2.642000054,5.236433217,0.635));
#11282=DIRECTION('',(0.,0.,-1.));
#11283=VECTOR('',#11282,0.635);
#11284=LINE('',#11281,#11283);
#11285=EDGE_CURVE('',#11280,#1886,#11284,.T.);
#11286=ORIENTED_EDGE('',*,*,#11285,.F.);
#11287=CARTESIAN_POINT('',(-2.642000054,4.967716852,0.635));
#11288=VERTEX_POINT('',#11287);
#11289=CARTESIAN_POINT('',(-2.642000054,5.236433217,0.635));
#11290=DIRECTION('',(0.,-1.,0.));
#11291=VECTOR('',#11290,0.268716365);
#11292=LINE('',#11289,#11291);
#11293=EDGE_CURVE('',#11280,#11288,#11292,.T.);
#11294=ORIENTED_EDGE('',*,*,#11293,.T.);
#11295=CARTESIAN_POINT('',(-2.642000054,4.967716852,0.635));
#11296=DIRECTION('',(0.,0.,-1.));
#11297=VECTOR('',#11296,0.635);
#11298=LINE('',#11295,#11297);
#11299=EDGE_CURVE('',#11288,#1888,#11298,.T.);
#11300=ORIENTED_EDGE('',*,*,#11299,.T.);
#11301=EDGE_LOOP('',(#11278,#11286,#11294,#11300));
#11302=FACE_BOUND('',#11301,.T.);
#11303=ADVANCED_FACE('',(#11302),#11277,.T.);
#11304=CARTESIAN_POINT('',(-1.626692672,5.236433217,0.635));
#11305=DIRECTION('',(0.,-1.,0.));
#11306=DIRECTION('',(0.,0.,-1.));
#11307=AXIS2_PLACEMENT_3D('',#11304,#11305,#11306);
#11308=PLANE('',#11307);
#11309=ORIENTED_EDGE('',*,*,#1915,.F.);
#11310=CARTESIAN_POINT('',(-0.61138529,5.236433217,0.635));
#11311=VERTEX_POINT('',#11310);
#11312=CARTESIAN_POINT('',(-0.61138529,5.236433217,0.635));
#11313=DIRECTION('',(0.,0.,-1.));
#11314=VECTOR('',#11313,0.635);
#11315=LINE('',#11312,#11314);
#11316=EDGE_CURVE('',#11311,#1904,#11315,.T.);
#11317=ORIENTED_EDGE('',*,*,#11316,.F.);
#11318=CARTESIAN_POINT('',(-0.61138529,5.236433217,0.635));
#11319=DIRECTION('',(-1.,0.,0.));
#11320=VECTOR('',#11319,2.030614763);
#11321=LINE('',#11318,#11320);
#11322=EDGE_CURVE('',#11311,#11280,#11321,.T.);
#11323=ORIENTED_EDGE('',*,*,#11322,.T.);
#11324=ORIENTED_EDGE('',*,*,#11285,.T.);
#11325=EDGE_LOOP('',(#11309,#11317,#11323,#11324));
#11326=FACE_BOUND('',#11325,.T.);
#11327=ADVANCED_FACE('',(#11326),#11308,.T.);
#11328=CARTESIAN_POINT('',(-0.61138529,5.102075035,0.635));
#11329=DIRECTION('',(-1.,0.,0.));
#11330=DIRECTION('',(0.,0.,1.));
#11331=AXIS2_PLACEMENT_3D('',#11328,#11329,#11330);
#11332=PLANE('',#11331);
#11333=ORIENTED_EDGE('',*,*,#1909,.F.);
#11334=CARTESIAN_POINT('',(-0.61138529,4.967716852,0.635));
#11335=VERTEX_POINT('',#11334);
#11336=CARTESIAN_POINT('',(-0.61138529,4.967716852,0.635));
#11337=DIRECTION('',(0.,0.,-1.));
#11338=VECTOR('',#11337,0.635);
#11339=LINE('',#11336,#11338);
#11340=EDGE_CURVE('',#11335,#1896,#11339,.T.);
#11341=ORIENTED_EDGE('',*,*,#11340,.F.);
#11342=CARTESIAN_POINT('',(-0.61138529,4.967716852,0.635));
#11343=DIRECTION('',(0.,1.,0.));
#11344=VECTOR('',#11343,0.268716365);
#11345=LINE('',#11342,#11344);
#11346=EDGE_CURVE('',#11335,#11311,#11345,.T.);
#11347=ORIENTED_EDGE('',*,*,#11346,.T.);
#11348=ORIENTED_EDGE('',*,*,#11316,.T.);
#11349=EDGE_LOOP('',(#11333,#11341,#11347,#11348));
#11350=FACE_BOUND('',#11349,.T.);
#11351=ADVANCED_FACE('',(#11350),#11332,.T.);
#11352=CARTESIAN_POINT('',(-1.626692672,4.967716852,0.635));
#11353=DIRECTION('',(0.,1.,0.));
#11354=DIRECTION('',(0.,0.,1.));
#11355=AXIS2_PLACEMENT_3D('',#11352,#11353,#11354);
#11356=PLANE('',#11355);
#11357=ORIENTED_EDGE('',*,*,#1901,.F.);
#11358=ORIENTED_EDGE('',*,*,#11299,.F.);
#11359=CARTESIAN_POINT('',(-2.642000054,4.967716852,0.635));
#11360=DIRECTION('',(1.,0.,-0.));
#11361=VECTOR('',#11360,2.030614763);
#11362=LINE('',#11359,#11361);
#11363=EDGE_CURVE('',#11288,#11335,#11362,.T.);
#11364=ORIENTED_EDGE('',*,*,#11363,.T.);
#11365=ORIENTED_EDGE('',*,*,#11340,.T.);
#11366=EDGE_LOOP('',(#11357,#11358,#11364,#11365));
#11367=FACE_BOUND('',#11366,.T.);
#11368=ADVANCED_FACE('',(#11367),#11356,.T.);
#11369=CARTESIAN_POINT('',(0.,0.,0.635));
#11370=DIRECTION('',(0.,0.,-1.));
#11371=DIRECTION('',(-1.,0.,0.));
#11372=AXIS2_PLACEMENT_3D('',#11369,#11370,#11371);
#11373=PLANE('',#11372);
#11374=ORIENTED_EDGE('',*,*,#11293,.F.);
#11375=ORIENTED_EDGE('',*,*,#11322,.F.);
#11376=ORIENTED_EDGE('',*,*,#11346,.F.);
#11377=ORIENTED_EDGE('',*,*,#11363,.F.);
#11378=EDGE_LOOP('',(#11374,#11375,#11376,#11377));
#11379=FACE_BOUND('',#11378,.T.);
#11380=ADVANCED_FACE('',(#11379),#11373,.T.);
#11381=CARTESIAN_POINT('',(-2.642000054,-1.406696528,0.635));
#11382=DIRECTION('',(1.,0.,0.));
#11383=DIRECTION('',(0.,0.,-1.));
#11384=AXIS2_PLACEMENT_3D('',#11381,#11382,#11383);
#11385=PLANE('',#11384);
#11386=ORIENTED_EDGE('',*,*,#346,.F.);
#11387=CARTESIAN_POINT('',(-2.642000054,-0.649024868,0.635));
#11388=VERTEX_POINT('',#11387);
#11389=CARTESIAN_POINT('',(-2.642000054,-0.649024868,0.635));
#11390=DIRECTION('',(0.,0.,-1.));
#11391=VECTOR('',#11390,0.635);
#11392=LINE('',#11389,#11391);
#11393=EDGE_CURVE('',#11388,#339,#11392,.T.);
#11394=ORIENTED_EDGE('',*,*,#11393,.F.);
#11395=CARTESIAN_POINT('',(-2.642000054,-2.164368188,0.635));
#11396=VERTEX_POINT('',#11395);
#11397=CARTESIAN_POINT('',(-2.642000054,-0.649024868,0.635));
#11398=DIRECTION('',(0.,-1.,0.));
#11399=VECTOR('',#11398,1.51534332);
#11400=LINE('',#11397,#11399);
#11401=EDGE_CURVE('',#11388,#11396,#11400,.T.);
#11402=ORIENTED_EDGE('',*,*,#11401,.T.);
#11403=CARTESIAN_POINT('',(-2.642000054,-2.164368188,0.635));
#11404=DIRECTION('',(0.,0.,-1.));
#11405=VECTOR('',#11404,0.635);
#11406=LINE('',#11403,#11405);
#11407=EDGE_CURVE('',#11396,#341,#11406,.T.);
#11408=ORIENTED_EDGE('',*,*,#11407,.T.);
#11409=EDGE_LOOP('',(#11386,#11394,#11402,#11408));
#11410=FACE_BOUND('',#11409,.T.);
#11411=ADVANCED_FACE('',(#11410),#11385,.T.);
#11412=CARTESIAN_POINT('',(-2.522185404,-0.649024868,0.635));
#11413=DIRECTION('',(0.,-1.,0.));
#11414=DIRECTION('',(0.,0.,-1.));
#11415=AXIS2_PLACEMENT_3D('',#11412,#11413,#11414);
#11416=PLANE('',#11415);
#11417=ORIENTED_EDGE('',*,*,#432,.F.);
#11418=CARTESIAN_POINT('',(-2.402370755,-0.649024868,0.635));
#11419=VERTEX_POINT('',#11418);
#11420=CARTESIAN_POINT('',(-2.402370755,-0.649024868,0.635));
#11421=DIRECTION('',(0.,0.,-1.));
#11422=VECTOR('',#11421,0.635);
#11423=LINE('',#11420,#11422);
#11424=EDGE_CURVE('',#11419,#421,#11423,.T.);
#11425=ORIENTED_EDGE('',*,*,#11424,.F.);
#11426=CARTESIAN_POINT('',(-2.402370755,-0.649024868,0.635));
#11427=DIRECTION('',(-1.,0.,0.));
#11428=VECTOR('',#11427,0.239629298);
#11429=LINE('',#11426,#11428);
#11430=EDGE_CURVE('',#11419,#11388,#11429,.T.);
#11431=ORIENTED_EDGE('',*,*,#11430,.T.);
#11432=ORIENTED_EDGE('',*,*,#11393,.T.);
#11433=EDGE_LOOP('',(#11417,#11425,#11431,#11432));
#11434=FACE_BOUND('',#11433,.T.);
#11435=ADVANCED_FACE('',(#11434),#11416,.T.);
#11436=CARTESIAN_POINT('',(-2.402370755,-1.27233788,0.635));
#11437=DIRECTION('',(-1.,0.,0.));
#11438=DIRECTION('',(0.,0.,1.));
#11439=AXIS2_PLACEMENT_3D('',#11436,#11437,#11438);
#11440=PLANE('',#11439);
#11441=ORIENTED_EDGE('',*,*,#426,.F.);
#11442=CARTESIAN_POINT('',(-2.402370755,-1.895650892,0.635));
#11443=VERTEX_POINT('',#11442);
#11444=CARTESIAN_POINT('',(-2.402370755,-1.895650892,0.635));
#11445=DIRECTION('',(0.,0.,-1.));
#11446=VECTOR('',#11445,0.635);
#11447=LINE('',#11444,#11446);
#11448=EDGE_CURVE('',#11443,#413,#11447,.T.);
#11449=ORIENTED_EDGE('',*,*,#11448,.F.);
#11450=CARTESIAN_POINT('',(-2.402370755,-1.895650892,0.635));
#11451=DIRECTION('',(0.,1.,0.));
#11452=VECTOR('',#11451,1.246626023);
#11453=LINE('',#11450,#11452);
#11454=EDGE_CURVE('',#11443,#11419,#11453,.T.);
#11455=ORIENTED_EDGE('',*,*,#11454,.T.);
#11456=ORIENTED_EDGE('',*,*,#11424,.T.);
#11457=EDGE_LOOP('',(#11441,#11449,#11455,#11456));
#11458=FACE_BOUND('',#11457,.T.);
#11459=ADVANCED_FACE('',(#11458),#11440,.T.);
#11460=CARTESIAN_POINT('',(-2.056778485,-1.895650892,0.635));
#11461=DIRECTION('',(0.,-1.,0.));
#11462=DIRECTION('',(0.,0.,-1.));
#11463=AXIS2_PLACEMENT_3D('',#11460,#11461,#11462);
#11464=PLANE('',#11463);
#11465=ORIENTED_EDGE('',*,*,#418,.F.);
#11466=CARTESIAN_POINT('',(-1.711186214,-1.895650892,0.635));
#11467=VERTEX_POINT('',#11466);
#11468=CARTESIAN_POINT('',(-1.711186214,-1.895650892,0.635));
#11469=DIRECTION('',(0.,0.,-1.));
#11470=VECTOR('',#11469,0.635);
#11471=LINE('',#11468,#11470);
#11472=EDGE_CURVE('',#11467,#405,#11471,.T.);
#11473=ORIENTED_EDGE('',*,*,#11472,.F.);
#11474=CARTESIAN_POINT('',(-1.711186214,-1.895650892,0.635));
#11475=DIRECTION('',(-1.,0.,0.));
#11476=VECTOR('',#11475,0.691184541);
#11477=LINE('',#11474,#11476);
#11478=EDGE_CURVE('',#11467,#11443,#11477,.T.);
#11479=ORIENTED_EDGE('',*,*,#11478,.T.);
#11480=ORIENTED_EDGE('',*,*,#11448,.T.);
#11481=EDGE_LOOP('',(#11465,#11473,#11479,#11480));
#11482=FACE_BOUND('',#11481,.T.);
#11483=ADVANCED_FACE('',(#11482),#11464,.T.);
#11484=CARTESIAN_POINT('',(-1.711186214,-1.333976766,0.635));
#11485=DIRECTION('',(1.,0.,0.));
#11486=DIRECTION('',(0.,0.,-1.));
#11487=AXIS2_PLACEMENT_3D('',#11484,#11485,#11486);
#11488=PLANE('',#11487);
#11489=ORIENTED_EDGE('',*,*,#410,.F.);
#11490=CARTESIAN_POINT('',(-1.711186214,-0.772302641,0.635));
#11491=VERTEX_POINT('',#11490);
#11492=CARTESIAN_POINT('',(-1.711186214,-0.772302641,0.635));
#11493=DIRECTION('',(0.,0.,-1.));
#11494=VECTOR('',#11493,0.635);
#11495=LINE('',#11492,#11494);
#11496=EDGE_CURVE('',#11491,#397,#11495,.T.);
#11497=ORIENTED_EDGE('',*,*,#11496,.F.);
#11498=CARTESIAN_POINT('',(-1.711186214,-0.772302641,0.635));
#11499=DIRECTION('',(0.,-1.,0.));
#11500=VECTOR('',#11499,1.123348251);
#11501=LINE('',#11498,#11500);
#11502=EDGE_CURVE('',#11491,#11467,#11501,.T.);
#11503=ORIENTED_EDGE('',*,*,#11502,.T.);
#11504=ORIENTED_EDGE('',*,*,#11472,.T.);
#11505=EDGE_LOOP('',(#11489,#11497,#11503,#11504));
#11506=FACE_BOUND('',#11505,.T.);
#11507=ADVANCED_FACE('',(#11506),#11488,.T.);
#11508=CARTESIAN_POINT('',(-1.592064119,-0.772302641,0.635));
#11509=DIRECTION('',(0.,-1.,0.));
#11510=DIRECTION('',(0.,0.,-1.));
#11511=AXIS2_PLACEMENT_3D('',#11508,#11509,#11510);
#11512=PLANE('',#11511);
#11513=ORIENTED_EDGE('',*,*,#402,.F.);
#11514=CARTESIAN_POINT('',(-1.472942025,-0.772302641,0.635));
#11515=VERTEX_POINT('',#11514);
#11516=CARTESIAN_POINT('',(-1.472942025,-0.772302641,0.635));
#11517=DIRECTION('',(0.,0.,-1.));
#11518=VECTOR('',#11517,0.635);
#11519=LINE('',#11516,#11518);
#11520=EDGE_CURVE('',#11515,#389,#11519,.T.);
#11521=ORIENTED_EDGE('',*,*,#11520,.F.);
#11522=CARTESIAN_POINT('',(-1.472942025,-0.772302641,0.635));
#11523=DIRECTION('',(-1.,0.,0.));
#11524=VECTOR('',#11523,0.238244189);
#11525=LINE('',#11522,#11524);
#11526=EDGE_CURVE('',#11515,#11491,#11525,.T.);
#11527=ORIENTED_EDGE('',*,*,#11526,.T.);
#11528=ORIENTED_EDGE('',*,*,#11496,.T.);
#11529=EDGE_LOOP('',(#11513,#11521,#11527,#11528));
#11530=FACE_BOUND('',#11529,.T.);
#11531=ADVANCED_FACE('',(#11530),#11512,.T.);
#11532=CARTESIAN_POINT('',(-1.472942025,-1.333976766,0.635));
#11533=DIRECTION('',(-1.,0.,0.));
#11534=DIRECTION('',(0.,0.,1.));
#11535=AXIS2_PLACEMENT_3D('',#11532,#11533,#11534);
#11536=PLANE('',#11535);
#11537=ORIENTED_EDGE('',*,*,#394,.F.);
#11538=CARTESIAN_POINT('',(-1.472942025,-1.895650892,0.635));
#11539=VERTEX_POINT('',#11538);
#11540=CARTESIAN_POINT('',(-1.472942025,-1.895650892,0.635));
#11541=DIRECTION('',(0.,0.,-1.));
#11542=VECTOR('',#11541,0.635);
#11543=LINE('',#11540,#11542);
#11544=EDGE_CURVE('',#11539,#381,#11543,.T.);
#11545=ORIENTED_EDGE('',*,*,#11544,.F.);
#11546=CARTESIAN_POINT('',(-1.472942025,-1.895650892,0.635));
#11547=DIRECTION('',(0.,1.,0.));
#11548=VECTOR('',#11547,1.123348251);
#11549=LINE('',#11546,#11548);
#11550=EDGE_CURVE('',#11539,#11515,#11549,.T.);
#11551=ORIENTED_EDGE('',*,*,#11550,.T.);
#11552=ORIENTED_EDGE('',*,*,#11520,.T.);
#11553=EDGE_LOOP('',(#11537,#11545,#11551,#11552));
#11554=FACE_BOUND('',#11553,.T.);
#11555=ADVANCED_FACE('',(#11554),#11536,.T.);
#11556=CARTESIAN_POINT('',(-1.16197819,-1.895650892,0.635));
#11557=DIRECTION('',(0.,-1.,0.));
#11558=DIRECTION('',(0.,0.,-1.));
#11559=AXIS2_PLACEMENT_3D('',#11556,#11557,#11558);
#11560=PLANE('',#11559);
#11561=ORIENTED_EDGE('',*,*,#386,.F.);
#11562=CARTESIAN_POINT('',(-0.851014356,-1.895650892,0.635));
#11563=VERTEX_POINT('',#11562);
#11564=CARTESIAN_POINT('',(-0.851014356,-1.895650892,0.635));
#11565=DIRECTION('',(0.,0.,-1.));
#11566=VECTOR('',#11565,0.635);
#11567=LINE('',#11564,#11566);
#11568=EDGE_CURVE('',#11563,#373,#11567,.T.);
#11569=ORIENTED_EDGE('',*,*,#11568,.F.);
#11570=CARTESIAN_POINT('',(-0.851014356,-1.895650892,0.635));
#11571=DIRECTION('',(-1.,0.,0.));
#11572=VECTOR('',#11571,0.621927669);
#11573=LINE('',#11570,#11572);
#11574=EDGE_CURVE('',#11563,#11539,#11573,.T.);
#11575=ORIENTED_EDGE('',*,*,#11574,.T.);
#11576=ORIENTED_EDGE('',*,*,#11544,.T.);
#11577=EDGE_LOOP('',(#11561,#11569,#11575,#11576));
#11578=FACE_BOUND('',#11577,.T.);
#11579=ADVANCED_FACE('',(#11578),#11560,.T.);
#11580=CARTESIAN_POINT('',(-0.851014356,-1.29588544,0.635));
#11581=DIRECTION('',(1.,0.,0.));
#11582=DIRECTION('',(-0.,1.,0.));
#11583=AXIS2_PLACEMENT_3D('',#11580,#11581,#11582);
#11584=PLANE('',#11583);
#11585=ORIENTED_EDGE('',*,*,#378,.F.);
#11586=CARTESIAN_POINT('',(-0.851014356,-0.696119988,0.635));
#11587=VERTEX_POINT('',#11586);
#11588=CARTESIAN_POINT('',(-0.851014356,-0.696119988,0.635));
#11589=DIRECTION('',(0.,0.,-1.));
#11590=VECTOR('',#11589,0.635);
#11591=LINE('',#11588,#11590);
#11592=EDGE_CURVE('',#11587,#365,#11591,.T.);
#11593=ORIENTED_EDGE('',*,*,#11592,.F.);
#11594=CARTESIAN_POINT('',(-0.851014356,-0.696119988,0.635));
#11595=DIRECTION('',(0.,-1.,0.));
#11596=VECTOR('',#11595,1.199530903);
#11597=LINE('',#11594,#11596);
#11598=EDGE_CURVE('',#11587,#11563,#11597,.T.);
#11599=ORIENTED_EDGE('',*,*,#11598,.T.);
#11600=ORIENTED_EDGE('',*,*,#11568,.T.);
#11601=EDGE_LOOP('',(#11585,#11593,#11599,#11600));
#11602=FACE_BOUND('',#11601,.T.);
#11603=ADVANCED_FACE('',(#11602),#11584,.T.);
#11604=CARTESIAN_POINT('',(-0.731199823,-0.696119988,0.635));
#11605=DIRECTION('',(0.,-1.,0.));
#11606=DIRECTION('',(0.,0.,-1.));
#11607=AXIS2_PLACEMENT_3D('',#11604,#11605,#11606);
#11608=PLANE('',#11607);
#11609=ORIENTED_EDGE('',*,*,#370,.F.);
#11610=CARTESIAN_POINT('',(-0.61138529,-0.696119988,0.635));
#11611=VERTEX_POINT('',#11610);
#11612=CARTESIAN_POINT('',(-0.61138529,-0.696119988,0.635));
#11613=DIRECTION('',(0.,0.,-1.));
#11614=VECTOR('',#11613,0.635);
#11615=LINE('',#11612,#11614);
#11616=EDGE_CURVE('',#11611,#357,#11615,.T.);
#11617=ORIENTED_EDGE('',*,*,#11616,.F.);
#11618=CARTESIAN_POINT('',(-0.61138529,-0.696119988,0.635));
#11619=DIRECTION('',(-1.,0.,0.));
#11620=VECTOR('',#11619,0.239629066);
#11621=LINE('',#11618,#11620);
#11622=EDGE_CURVE('',#11611,#11587,#11621,.T.);
#11623=ORIENTED_EDGE('',*,*,#11622,.T.);
#11624=ORIENTED_EDGE('',*,*,#11592,.T.);
#11625=EDGE_LOOP('',(#11609,#11617,#11623,#11624));
#11626=FACE_BOUND('',#11625,.T.);
#11627=ADVANCED_FACE('',(#11626),#11608,.T.);
#11628=CARTESIAN_POINT('',(-0.61138529,-1.430244088,0.635));
#11629=DIRECTION('',(-1.,-0.,0.));
#11630=DIRECTION('',(0.,-1.,0.));
#11631=AXIS2_PLACEMENT_3D('',#11628,#11629,#11630);
#11632=PLANE('',#11631);
#11633=ORIENTED_EDGE('',*,*,#362,.F.);
#11634=CARTESIAN_POINT('',(-0.61138529,-2.164368188,0.635));
#11635=VERTEX_POINT('',#11634);
#11636=CARTESIAN_POINT('',(-0.61138529,-2.164368188,0.635));
#11637=DIRECTION('',(0.,0.,-1.));
#11638=VECTOR('',#11637,0.635);
#11639=LINE('',#11636,#11638);
#11640=EDGE_CURVE('',#11635,#349,#11639,.T.);
#11641=ORIENTED_EDGE('',*,*,#11640,.F.);
#11642=CARTESIAN_POINT('',(-0.61138529,-2.164368188,0.635));
#11643=DIRECTION('',(-0.,1.,0.));
#11644=VECTOR('',#11643,1.4682482);
#11645=LINE('',#11642,#11644);
#11646=EDGE_CURVE('',#11635,#11611,#11645,.T.);
#11647=ORIENTED_EDGE('',*,*,#11646,.T.);
#11648=ORIENTED_EDGE('',*,*,#11616,.T.);
#11649=EDGE_LOOP('',(#11633,#11641,#11647,#11648));
#11650=FACE_BOUND('',#11649,.T.);
#11651=ADVANCED_FACE('',(#11650),#11632,.T.);
#11652=CARTESIAN_POINT('',(-1.626692672,-2.164368188,0.635));
#11653=DIRECTION('',(0.,1.,0.));
#11654=DIRECTION('',(0.,0.,1.));
#11655=AXIS2_PLACEMENT_3D('',#11652,#11653,#11654);
#11656=PLANE('',#11655);
#11657=ORIENTED_EDGE('',*,*,#354,.F.);
#11658=ORIENTED_EDGE('',*,*,#11407,.F.);
#11659=CARTESIAN_POINT('',(-2.642000054,-2.164368188,0.635));
#11660=DIRECTION('',(1.,0.,-0.));
#11661=VECTOR('',#11660,2.030614763);
#11662=LINE('',#11659,#11661);
#11663=EDGE_CURVE('',#11396,#11635,#11662,.T.);
#11664=ORIENTED_EDGE('',*,*,#11663,.T.);
#11665=ORIENTED_EDGE('',*,*,#11640,.T.);
#11666=EDGE_LOOP('',(#11657,#11658,#11664,#11665));
#11667=FACE_BOUND('',#11666,.T.);
#11668=ADVANCED_FACE('',(#11667),#11656,.T.);
#11669=CARTESIAN_POINT('',(0.,0.,0.635));
#11670=DIRECTION('',(0.,0.,-1.));
#11671=DIRECTION('',(-1.,0.,0.));
#11672=AXIS2_PLACEMENT_3D('',#11669,#11670,#11671);
#11673=PLANE('',#11672);
#11674=ORIENTED_EDGE('',*,*,#11401,.F.);
#11675=ORIENTED_EDGE('',*,*,#11430,.F.);
#11676=ORIENTED_EDGE('',*,*,#11454,.F.);
#11677=ORIENTED_EDGE('',*,*,#11478,.F.);
#11678=ORIENTED_EDGE('',*,*,#11502,.F.);
#11679=ORIENTED_EDGE('',*,*,#11526,.F.);
#11680=ORIENTED_EDGE('',*,*,#11550,.F.);
#11681=ORIENTED_EDGE('',*,*,#11574,.F.);
#11682=ORIENTED_EDGE('',*,*,#11598,.F.);
#11683=ORIENTED_EDGE('',*,*,#11622,.F.);
#11684=ORIENTED_EDGE('',*,*,#11646,.F.);
#11685=ORIENTED_EDGE('',*,*,#11663,.F.);
#11686=EDGE_LOOP('',(#11674,#11675,#11676,#11677,#11678,#11679,#11680,#11681,#11682,#11683,#11684,#11685));
#11687=FACE_BOUND('',#11686,.T.);
#11688=ADVANCED_FACE('',(#11687),#11673,.T.);
#11689=CARTESIAN_POINT('',(-1.978518168,-7.967410862,0.635));
#11690=DIRECTION('',(-0.996199632,0.087099331,0.));
#11691=DIRECTION('',(-0.087099331,-0.996199632,0.));
#11692=AXIS2_PLACEMENT_3D('',#11689,#11690,#11691);
#11693=PLANE('',#11692);
#11694=ORIENTED_EDGE('',*,*,#1927,.F.);
#11695=CARTESIAN_POINT('',(-1.989599277,-8.094151175,0.635));
#11696=VERTEX_POINT('',#11695);
#11697=CARTESIAN_POINT('',(-1.989599277,-8.094151175,0.635));
#11698=DIRECTION('',(0.,0.,-1.));
#11699=VECTOR('',#11698,0.635);
#11700=LINE('',#11697,#11699);
#11701=EDGE_CURVE('',#11696,#1920,#11700,.T.);
#11702=ORIENTED_EDGE('',*,*,#11701,.F.);
#11703=CARTESIAN_POINT('',(-1.967437059,-7.840670548,0.635));
#11704=VERTEX_POINT('',#11703);
#11705=CARTESIAN_POINT('',(-1.989599277,-8.094151175,0.635));
#11706=DIRECTION('',(0.087099331,0.996199632,0.));
#11707=VECTOR('',#11706,0.254447621);
#11708=LINE('',#11705,#11707);
#11709=EDGE_CURVE('',#11696,#11704,#11708,.T.);
#11710=ORIENTED_EDGE('',*,*,#11709,.T.);
#11711=CARTESIAN_POINT('',(-1.967437059,-7.840670548,0.635));
#11712=DIRECTION('',(0.,0.,-1.));
#11713=VECTOR('',#11712,0.635);
#11714=LINE('',#11711,#11713);
#11715=EDGE_CURVE('',#11704,#1922,#11714,.T.);
#11716=ORIENTED_EDGE('',*,*,#11715,.T.);
#11717=EDGE_LOOP('',(#11694,#11702,#11710,#11716));
#11718=FACE_BOUND('',#11717,.T.);
#11719=ADVANCED_FACE('',(#11718),#11693,.T.);
#11720=CARTESIAN_POINT('',(-1.572672237,-6.823978057,0.635));
#11721=CARTESIAN_POINT('',(-1.572672237,-6.823978057,0.));
#11722=CARTESIAN_POINT('',(-1.627154375,-6.705779602,0.635));
#11723=CARTESIAN_POINT('',(-1.627154375,-6.705779602,0.));
#11724=CARTESIAN_POINT('',(-1.696180512,-6.618515724,0.635));
#11725=CARTESIAN_POINT('',(-1.696180512,-6.618515724,0.));
#11726=CARTESIAN_POINT('',(-1.779750648,-6.562186657,0.635));
#11727=CARTESIAN_POINT('',(-1.779750648,-6.562186657,0.));
#11728=CARTESIAN_POINT('',(-1.863320783,-6.505857707,0.635));
#11729=CARTESIAN_POINT('',(-1.863320783,-6.505857707,0.));
#11730=CARTESIAN_POINT('',(-1.959587873,-6.477693115,0.635));
#11731=CARTESIAN_POINT('',(-1.959587873,-6.477693115,0.));
#11732=CARTESIAN_POINT('',(-2.068552148,-6.477693115,0.635));
#11733=CARTESIAN_POINT('',(-2.068552148,-6.477693115,0.));
#11734=CARTESIAN_POINT('',(-2.176593017,-6.477693115,0.635));
#11735=CARTESIAN_POINT('',(-2.176593017,-6.477693115,0.));
#11736=CARTESIAN_POINT('',(-2.278400777,-6.508627926,0.635));
#11737=CARTESIAN_POINT('',(-2.278400777,-6.508627926,0.));
#11738=CARTESIAN_POINT('',(-2.373975428,-6.570497431,0.635));
#11739=CARTESIAN_POINT('',(-2.373975428,-6.570497431,0.));
#11740=CARTESIAN_POINT('',(-2.469550079,-6.632367169,0.635));
#11741=CARTESIAN_POINT('',(-2.469550079,-6.632367169,0.));
#11742=CARTESIAN_POINT('',(-2.543885919,-6.721246891,0.635));
#11743=CARTESIAN_POINT('',(-2.543885919,-6.721246891,0.));
#11744=CARTESIAN_POINT('',(-2.59698318,-6.83713683,0.635));
#11745=CARTESIAN_POINT('',(-2.59698318,-6.83713683,0.));
#11746=CARTESIAN_POINT('',(-2.650080208,-6.953026886,0.635));
#11747=CARTESIAN_POINT('',(-2.650080208,-6.953026886,0.));
#11748=CARTESIAN_POINT('',(-2.67662849,-7.083460941,0.635));
#11749=CARTESIAN_POINT('',(-2.67662849,-7.083460941,0.));
#11750=CARTESIAN_POINT('',(-2.67662849,-7.228438878,0.635));
#11751=CARTESIAN_POINT('',(-2.67662849,-7.228438878,0.));
#11752=CARTESIAN_POINT('',(-2.67662849,-7.412200697,0.635));
#11753=CARTESIAN_POINT('',(-2.67662849,-7.412200697,0.));
#11754=CARTESIAN_POINT('',(-2.64984924,-7.566182079,0.635));
#11755=CARTESIAN_POINT('',(-2.64984924,-7.566182079,0.));
#11756=CARTESIAN_POINT('',(-2.596290276,-7.690383025,0.635));
#11757=CARTESIAN_POINT('',(-2.596290276,-7.690383025,0.));
#11758=CARTESIAN_POINT('',(-2.542731777,-7.81458397,0.635));
#11759=CARTESIAN_POINT('',(-2.542731777,-7.81458397,0.));
#11760=CARTESIAN_POINT('',(-2.462162829,-7.912005434,0.635));
#11761=CARTESIAN_POINT('',(-2.462162829,-7.912005434,0.));
#11762=CARTESIAN_POINT('',(-2.354583662,-7.982647415,0.635));
#11763=CARTESIAN_POINT('',(-2.354583662,-7.982647415,0.));
#11764=CARTESIAN_POINT('',(-2.247004264,-8.05328963,0.635));
#11765=CARTESIAN_POINT('',(-2.247004264,-8.05328963,0.));
#11766=CARTESIAN_POINT('',(-2.125342802,-8.090457549,0.635));
#11767=CARTESIAN_POINT('',(-2.125342802,-8.090457549,0.));
#11768=CARTESIAN_POINT('',(-1.989599277,-8.094151175,0.635));
#11769=CARTESIAN_POINT('',(-1.989599277,-8.094151175,0.));
#11770=B_SPLINE_SURFACE_WITH_KNOTS('',3,1,((#11720,#11721),(#11722,#11723),(#11724,#11725),(#11726,#11727),(#11728,#11729),(#11730,#11731),(#11732,#11733),(#11734,#11735),(#11736,#11737),(#11738,#11739),(#11740,#11741),(#11742,#11743),(#11744,#11745),(#11746,#11747),(#11748,#11749),(#11750,#11751),(#11752,#11753),(#11754,#11755),(#11756,#11757),(#11758,#11759),(#11760,#11761),(#11762,#11763),(#11764,#11765),(#11766,#11767),(#11768,#11769)),.UNSPECIFIED.,.F.,.F.,.U.,(4,3,3,3,3,3,3,3,4),(2,2),(0.372528261,0.444281129,0.51603395,0.58717871,0.658323548,0.729468392,0.819645601,0.909822688,1.),(0.,1.),.UNSPECIFIED.);
#11771=ORIENTED_EDGE('',*,*,#2068,.F.);
#11772=CARTESIAN_POINT('',(-1.572672237,-6.823978057,0.635));
#11773=VERTEX_POINT('',#11772);
#11774=CARTESIAN_POINT('',(-1.572672237,-6.823978057,0.635));
#11775=DIRECTION('',(0.,0.,-1.));
#11776=VECTOR('',#11775,0.635);
#11777=LINE('',#11774,#11776);
#11778=EDGE_CURVE('',#11773,#2031,#11777,.T.);
#11779=ORIENTED_EDGE('',*,*,#11778,.F.);
#11780=CARTESIAN_POINT('',(-1.572672237,-6.823978057,0.635));
#11781=CARTESIAN_POINT('',(-1.627154375,-6.705779602,0.635));
#11782=CARTESIAN_POINT('',(-1.696180512,-6.618515724,0.635));
#11783=CARTESIAN_POINT('',(-1.779750648,-6.562186657,0.635));
#11784=CARTESIAN_POINT('',(-1.863320783,-6.505857707,0.635));
#11785=CARTESIAN_POINT('',(-1.959587873,-6.477693115,0.635));
#11786=CARTESIAN_POINT('',(-2.068552148,-6.477693115,0.635));
#11787=CARTESIAN_POINT('',(-2.176593017,-6.477693115,0.635));
#11788=CARTESIAN_POINT('',(-2.278400777,-6.508627926,0.635));
#11789=CARTESIAN_POINT('',(-2.373975428,-6.570497431,0.635));
#11790=CARTESIAN_POINT('',(-2.469550079,-6.632367169,0.635));
#11791=CARTESIAN_POINT('',(-2.543885919,-6.721246891,0.635));
#11792=CARTESIAN_POINT('',(-2.59698318,-6.83713683,0.635));
#11793=CARTESIAN_POINT('',(-2.650080208,-6.953026886,0.635));
#11794=CARTESIAN_POINT('',(-2.67662849,-7.083460941,0.635));
#11795=CARTESIAN_POINT('',(-2.67662849,-7.228438878,0.635));
#11796=CARTESIAN_POINT('',(-2.67662849,-7.412200697,0.635));
#11797=CARTESIAN_POINT('',(-2.64984924,-7.566182079,0.635));
#11798=CARTESIAN_POINT('',(-2.596290276,-7.690383025,0.635));
#11799=CARTESIAN_POINT('',(-2.542731777,-7.81458397,0.635));
#11800=CARTESIAN_POINT('',(-2.462162829,-7.912005434,0.635));
#11801=CARTESIAN_POINT('',(-2.354583662,-7.982647415,0.635));
#11802=CARTESIAN_POINT('',(-2.247004264,-8.05328963,0.635));
#11803=CARTESIAN_POINT('',(-2.125342802,-8.090457549,0.635));
#11804=CARTESIAN_POINT('',(-1.989599277,-8.094151175,0.635));
#11805=B_SPLINE_CURVE_WITH_KNOTS('',3,(#11780,#11781,#11782,#11783,#11784,#11785,#11786,#11787,#11788,#11789,#11790,#11791,#11792,#11793,#11794,#11795,#11796,#11797,#11798,#11799,#11800,#11801,#11802,#11803,#11804),.UNSPECIFIED.,.F.,.F.,(4,3,3,3,3,3,3,3,4),(0.372528261,0.444281129,0.51603395,0.58717871,0.658323548,0.729468392,0.819645601,0.909822688,1.),.UNSPECIFIED.);
#11806=EDGE_CURVE('',#11773,#11696,#11805,.T.);
#11807=ORIENTED_EDGE('',*,*,#11806,.T.);
#11808=ORIENTED_EDGE('',*,*,#11701,.T.);
#11809=EDGE_LOOP('',(#11771,#11779,#11807,#11808));
#11810=FACE_BOUND('',#11809,.T.);
#11811=ADVANCED_FACE('',(#11810),#11770,.T.);
#11812=CARTESIAN_POINT('',(-1.298414503,-7.678609245,0.635));
#11813=CARTESIAN_POINT('',(-1.298414503,-7.678609245,0.));
#11814=CARTESIAN_POINT('',(-1.345509157,-7.626897326,0.635));
#11815=CARTESIAN_POINT('',(-1.345509157,-7.626897326,0.));
#11816=CARTESIAN_POINT('',(-1.393758186,-7.491846239,0.635));
#11817=CARTESIAN_POINT('',(-1.393758186,-7.491846239,0.));
#11818=CARTESIAN_POINT('',(-1.443161589,-7.273455868,0.635));
#11819=CARTESIAN_POINT('',(-1.443161589,-7.273455868,0.));
#11820=CARTESIAN_POINT('',(-1.492564992,-7.055065614,0.635));
#11821=CARTESIAN_POINT('',(-1.492564992,-7.055065614,0.));
#11822=CARTESIAN_POINT('',(-1.535735053,-6.905239677,0.635));
#11823=CARTESIAN_POINT('',(-1.535735053,-6.905239677,0.));
#11824=CARTESIAN_POINT('',(-1.572672237,-6.823978057,0.635));
#11825=CARTESIAN_POINT('',(-1.572672237,-6.823978057,0.));
#11826=B_SPLINE_SURFACE_WITH_KNOTS('',3,1,((#11812,#11813),(#11814,#11815),(#11816,#11817),(#11818,#11819),(#11820,#11821),(#11822,#11823),(#11824,#11825)),.UNSPECIFIED.,.F.,.F.,.U.,(4,3,4),(2,2),(0.27410617,0.323317228,0.372528261),(0.,1.),.UNSPECIFIED.);
#11827=ORIENTED_EDGE('',*,*,#2040,.F.);
#11828=CARTESIAN_POINT('',(-1.298414503,-7.678609245,0.635));
#11829=VERTEX_POINT('',#11828);
#11830=CARTESIAN_POINT('',(-1.298414503,-7.678609245,0.635));
#11831=DIRECTION('',(0.,0.,-1.));
#11832=VECTOR('',#11831,0.635);
#11833=LINE('',#11830,#11832);
#11834=EDGE_CURVE('',#11829,#2010,#11833,.T.);
#11835=ORIENTED_EDGE('',*,*,#11834,.F.);
#11836=CARTESIAN_POINT('',(-1.298414503,-7.678609245,0.635));
#11837=CARTESIAN_POINT('',(-1.345509157,-7.626897326,0.635));
#11838=CARTESIAN_POINT('',(-1.393758186,-7.491846239,0.635));
#11839=CARTESIAN_POINT('',(-1.443161589,-7.273455868,0.635));
#11840=CARTESIAN_POINT('',(-1.492564992,-7.055065614,0.635));
#11841=CARTESIAN_POINT('',(-1.535735053,-6.905239677,0.635));
#11842=CARTESIAN_POINT('',(-1.572672237,-6.823978057,0.635));
#11843=B_SPLINE_CURVE_WITH_KNOTS('',3,(#11836,#11837,#11838,#11839,#11840,#11841,#11842),.UNSPECIFIED.,.F.,.F.,(4,3,4),(0.27410617,0.323317228,0.372528261),.UNSPECIFIED.);
#11844=EDGE_CURVE('',#11829,#11773,#11843,.T.);
#11845=ORIENTED_EDGE('',*,*,#11844,.T.);
#11846=ORIENTED_EDGE('',*,*,#11778,.T.);
#11847=EDGE_LOOP('',(#11827,#11835,#11845,#11846));
#11848=FACE_BOUND('',#11847,.T.);
#11849=ADVANCED_FACE('',(#11848),#11826,.T.);
#11850=CARTESIAN_POINT('',(-1.202839852,-6.796275285,0.635));
#11851=CARTESIAN_POINT('',(-1.202839852,-6.796275285,0.));
#11852=CARTESIAN_POINT('',(-1.074483578,-6.810126729,0.635));
#11853=CARTESIAN_POINT('',(-1.074483578,-6.810126729,0.));
#11854=CARTESIAN_POINT('',(-0.977523817,-6.856990648,0.635));
#11855=CARTESIAN_POINT('',(-0.977523817,-6.856990648,0.));
#11856=CARTESIAN_POINT('',(-0.911960571,-6.936866926,0.635));
#11857=CARTESIAN_POINT('',(-0.911960571,-6.936866926,0.));
#11858=CARTESIAN_POINT('',(-0.846397324,-7.01674332,0.635));
#11859=CARTESIAN_POINT('',(-0.846397324,-7.01674332,0.));
#11860=CARTESIAN_POINT('',(-0.813615468,-7.134711157,0.635));
#11861=CARTESIAN_POINT('',(-0.813615468,-7.134711157,0.));
#11862=CARTESIAN_POINT('',(-0.813615468,-7.290770203,0.635));
#11863=CARTESIAN_POINT('',(-0.813615468,-7.290770203,0.));
#11864=CARTESIAN_POINT('',(-0.813615468,-7.45329321,0.635));
#11865=CARTESIAN_POINT('',(-0.813615468,-7.45329321,0.));
#11866=CARTESIAN_POINT('',(-0.843396137,-7.571722633,0.635));
#11867=CARTESIAN_POINT('',(-0.843396137,-7.571722633,0.));
#11868=CARTESIAN_POINT('',(-0.902957242,-7.646058473,0.635));
#11869=CARTESIAN_POINT('',(-0.902957242,-7.646058473,0.));
#11870=CARTESIAN_POINT('',(-0.962518115,-7.720394429,0.635));
#11871=CARTESIAN_POINT('',(-0.962518115,-7.720394429,0.));
#11872=CARTESIAN_POINT('',(-1.034314704,-7.757562349,0.635));
#11873=CARTESIAN_POINT('',(-1.034314704,-7.757562349,0.));
#11874=CARTESIAN_POINT('',(-1.11834631,-7.757562349,0.635));
#11875=CARTESIAN_POINT('',(-1.11834631,-7.757562349,0.));
#11876=CARTESIAN_POINT('',(-1.19129704,-7.757562349,0.635));
#11877=CARTESIAN_POINT('',(-1.19129704,-7.757562349,0.));
#11878=CARTESIAN_POINT('',(-1.251319848,-7.73124457,0.635));
#11879=CARTESIAN_POINT('',(-1.251319848,-7.73124457,0.));
#11880=CARTESIAN_POINT('',(-1.298414503,-7.678609245,0.635));
#11881=CARTESIAN_POINT('',(-1.298414503,-7.678609245,0.));
#11882=B_SPLINE_SURFACE_WITH_KNOTS('',3,1,((#11850,#11851),(#11852,#11853),(#11854,#11855),(#11856,#11857),(#11858,#11859),(#11860,#11861),(#11862,#11863),(#11864,#11865),(#11866,#11867),(#11868,#11869),(#11870,#11871),(#11872,#11873),(#11874,#11875),(#11876,#11877),(#11878,#11879),(#11880,#11881)),.UNSPECIFIED.,.F.,.F.,.U.,(4,3,3,3,3,4),(2,2),(0.,0.054964859,0.109929766,0.167171318,0.224412837,0.27410617),(0.,1.),.UNSPECIFIED.);
#11883=ORIENTED_EDGE('',*,*,#2028,.F.);
#11884=CARTESIAN_POINT('',(-1.202839852,-6.796275285,0.635));
#11885=VERTEX_POINT('',#11884);
#11886=CARTESIAN_POINT('',(-1.202839852,-6.796275285,0.635));
#11887=DIRECTION('',(0.,0.,-1.));
#11888=VECTOR('',#11887,0.635);
#11889=LINE('',#11886,#11888);
#11890=EDGE_CURVE('',#11885,#2002,#11889,.T.);
#11891=ORIENTED_EDGE('',*,*,#11890,.F.);
#11892=CARTESIAN_POINT('',(-1.202839852,-6.796275285,0.635));
#11893=CARTESIAN_POINT('',(-1.074483578,-6.810126729,0.635));
#11894=CARTESIAN_POINT('',(-0.977523817,-6.856990648,0.635));
#11895=CARTESIAN_POINT('',(-0.911960571,-6.936866926,0.635));
#11896=CARTESIAN_POINT('',(-0.846397324,-7.01674332,0.635));
#11897=CARTESIAN_POINT('',(-0.813615468,-7.134711157,0.635));
#11898=CARTESIAN_POINT('',(-0.813615468,-7.290770203,0.635));
#11899=CARTESIAN_POINT('',(-0.813615468,-7.45329321,0.635));
#11900=CARTESIAN_POINT('',(-0.843396137,-7.571722633,0.635));
#11901=CARTESIAN_POINT('',(-0.902957242,-7.646058473,0.635));
#11902=CARTESIAN_POINT('',(-0.962518115,-7.720394429,0.635));
#11903=CARTESIAN_POINT('',(-1.034314704,-7.757562349,0.635));
#11904=CARTESIAN_POINT('',(-1.11834631,-7.757562349,0.635));
#11905=CARTESIAN_POINT('',(-1.19129704,-7.757562349,0.635));
#11906=CARTESIAN_POINT('',(-1.251319848,-7.73124457,0.635));
#11907=CARTESIAN_POINT('',(-1.298414503,-7.678609245,0.635));
#11908=B_SPLINE_CURVE_WITH_KNOTS('',3,(#11892,#11893,#11894,#11895,#11896,#11897,#11898,#11899,#11900,#11901,#11902,#11903,#11904,#11905,#11906,#11907),.UNSPECIFIED.,.F.,.F.,(4,3,3,3,3,4),(0.,0.054964859,0.109929766,0.167171318,0.224412837,0.27410617),.UNSPECIFIED.);
#11909=EDGE_CURVE('',#11885,#11829,#11908,.T.);
#11910=ORIENTED_EDGE('',*,*,#11909,.T.);
#11911=ORIENTED_EDGE('',*,*,#11834,.T.);
#11912=EDGE_LOOP('',(#11883,#11891,#11910,#11911));
#11913=FACE_BOUND('',#11912,.T.);
#11914=ADVANCED_FACE('',(#11913),#11882,.T.);
#11915=CARTESIAN_POINT('',(-1.193143853,-6.667457249,0.635));
#11916=DIRECTION('',(0.997179272,-0.075056645,0.));
#11917=DIRECTION('',(0.075056645,0.997179272,0.));
#11918=AXIS2_PLACEMENT_3D('',#11915,#11916,#11917);
#11919=PLANE('',#11918);
#11920=ORIENTED_EDGE('',*,*,#2007,.F.);
#11921=CARTESIAN_POINT('',(-1.183447853,-6.538639214,0.635));
#11922=VERTEX_POINT('',#11921);
#11923=CARTESIAN_POINT('',(-1.183447853,-6.538639214,0.635));
#11924=DIRECTION('',(0.,0.,-1.));
#11925=VECTOR('',#11924,0.635);
#11926=LINE('',#11923,#11925);
#11927=EDGE_CURVE('',#11922,#1972,#11926,.T.);
#11928=ORIENTED_EDGE('',*,*,#11927,.F.);
#11929=CARTESIAN_POINT('',(-1.183447853,-6.538639214,0.635));
#11930=DIRECTION('',(-0.075056645,-0.997179272,0.));
#11931=VECTOR('',#11930,0.258364848);
#11932=LINE('',#11929,#11931);
#11933=EDGE_CURVE('',#11922,#11885,#11932,.T.);
#11934=ORIENTED_EDGE('',*,*,#11933,.T.);
#11935=ORIENTED_EDGE('',*,*,#11890,.T.);
#11936=EDGE_LOOP('',(#11920,#11928,#11934,#11935));
#11937=FACE_BOUND('',#11936,.T.);
#11938=ADVANCED_FACE('',(#11937),#11919,.T.);
#11939=CARTESIAN_POINT('',(-1.578212675,-7.728474351,0.635));
#11940=CARTESIAN_POINT('',(-1.578212675,-7.728474351,0.));
#11941=CARTESIAN_POINT('',(-1.527424396,-7.825434111,0.635));
#11942=CARTESIAN_POINT('',(-1.527424396,-7.825434111,0.));
#11943=CARTESIAN_POINT('',(-1.4644004,-7.89769217,0.635));
#11944=CARTESIAN_POINT('',(-1.4644004,-7.89769217,0.));
#11945=CARTESIAN_POINT('',(-1.389141154,-7.94524876,0.635));
#11946=CARTESIAN_POINT('',(-1.389141154,-7.94524876,0.));
#11947=CARTESIAN_POINT('',(-1.313881908,-7.992805118,0.635));
#11948=CARTESIAN_POINT('',(-1.313881908,-7.992805118,0.));
#11949=CARTESIAN_POINT('',(-1.229619334,-8.016583413,0.635));
#11950=CARTESIAN_POINT('',(-1.229619334,-8.016583413,0.));
#11951=CARTESIAN_POINT('',(-1.136353199,-8.016583413,0.635));
#11952=CARTESIAN_POINT('',(-1.136353199,-8.016583413,0.));
#11953=CARTESIAN_POINT('',(-1.033852768,-8.016583413,0.635));
#11954=CARTESIAN_POINT('',(-1.033852768,-8.016583413,0.));
#11955=CARTESIAN_POINT('',(-0.938047382,-7.987495415,0.635));
#11956=CARTESIAN_POINT('',(-0.938047382,-7.987495415,0.));
#11957=CARTESIAN_POINT('',(-0.848936808,-7.929319652,0.635));
#11958=CARTESIAN_POINT('',(-0.848936808,-7.929319652,0.));
#11959=CARTESIAN_POINT('',(-0.759826001,-7.871143656,0.635));
#11960=CARTESIAN_POINT('',(-0.759826001,-7.871143656,0.));
#11961=CARTESIAN_POINT('',(-0.692184974,-7.786188411,0.635));
#11962=CARTESIAN_POINT('',(-0.692184974,-7.786188411,0.));
#11963=CARTESIAN_POINT('',(-0.646013726,-7.674453916,0.635));
#11964=CARTESIAN_POINT('',(-0.646013726,-7.674453916,0.));
#11965=CARTESIAN_POINT('',(-0.599842478,-7.562719305,0.635));
#11966=CARTESIAN_POINT('',(-0.599842478,-7.562719305,0.));
#11967=CARTESIAN_POINT('',(-0.576756621,-7.438518476,0.635));
#11968=CARTESIAN_POINT('',(-0.576756621,-7.438518476,0.));
#11969=CARTESIAN_POINT('',(-0.576756621,-7.301851312,0.635));
#11970=CARTESIAN_POINT('',(-0.576756621,-7.301851312,0.));
#11971=CARTESIAN_POINT('',(-0.576756621,-7.15133282,0.635));
#11972=CARTESIAN_POINT('',(-0.576756621,-7.15133282,0.));
#11973=CARTESIAN_POINT('',(-0.60099662,-7.018590133,0.635));
#11974=CARTESIAN_POINT('',(-0.60099662,-7.018590133,0.));
#11975=CARTESIAN_POINT('',(-0.649476616,-6.9036236,0.635));
#11976=CARTESIAN_POINT('',(-0.649476616,-6.9036236,0.));
#11977=CARTESIAN_POINT('',(-0.69795638,-6.78865695,0.635));
#11978=CARTESIAN_POINT('',(-0.69795638,-6.78865695,0.));
#11979=CARTESIAN_POINT('',(-0.769291033,-6.700239047,0.635));
#11980=CARTESIAN_POINT('',(-0.769291033,-6.700239047,0.));
#11981=CARTESIAN_POINT('',(-0.863480574,-6.63836931,0.635));
#11982=CARTESIAN_POINT('',(-0.863480574,-6.63836931,0.));
#11983=CARTESIAN_POINT('',(-0.957670115,-6.576499805,0.635));
#11984=CARTESIAN_POINT('',(-0.957670115,-6.576499805,0.));
#11985=CARTESIAN_POINT('',(-1.064325875,-6.543256478,0.635));
#11986=CARTESIAN_POINT('',(-1.064325875,-6.543256478,0.));
#11987=CARTESIAN_POINT('',(-1.183447853,-6.538639214,0.635));
#11988=CARTESIAN_POINT('',(-1.183447853,-6.538639214,0.));
#11989=B_SPLINE_SURFACE_WITH_KNOTS('',3,1,((#11939,#11940),(#11941,#11942),(#11943,#11944),(#11945,#11946),(#11947,#11948),(#11949,#11950),(#11951,#11952),(#11953,#11954),(#11955,#11956),(#11957,#11958),(#11959,#11960),(#11961,#11962),(#11963,#11964),(#11965,#11966),(#11967,#11968),(#11969,#11970),(#11971,#11972),(#11973,#11974),(#11975,#11976),(#11977,#11978),(#11979,#11980),(#11981,#11982),(#11983,#11984),(#11985,#11986),(#11987,#11988)),.UNSPECIFIED.,.F.,.F.,.U.,(4,3,3,3,3,3,3,3,4),(2,2),(0.563207876,0.612130478,0.661053012,0.714819375,0.7685859,0.822352474,0.881568333,0.9407842,1.),(0.,1.),.UNSPECIFIED.);
#11990=ORIENTED_EDGE('',*,*,#1999,.F.);
#11991=CARTESIAN_POINT('',(-1.578212675,-7.728474351,0.635));
#11992=VERTEX_POINT('',#11991);
#11993=CARTESIAN_POINT('',(-1.578212675,-7.728474351,0.635));
#11994=DIRECTION('',(0.,0.,-1.));
#11995=VECTOR('',#11994,0.635);
#11996=LINE('',#11993,#11995);
#11997=EDGE_CURVE('',#11992,#1960,#11996,.T.);
#11998=ORIENTED_EDGE('',*,*,#11997,.F.);
#11999=CARTESIAN_POINT('',(-1.578212675,-7.728474351,0.635));
#12000=CARTESIAN_POINT('',(-1.527424396,-7.825434111,0.635));
#12001=CARTESIAN_POINT('',(-1.4644004,-7.89769217,0.635));
#12002=CARTESIAN_POINT('',(-1.389141154,-7.94524876,0.635));
#12003=CARTESIAN_POINT('',(-1.313881908,-7.992805118,0.635));
#12004=CARTESIAN_POINT('',(-1.229619334,-8.016583413,0.635));
#12005=CARTESIAN_POINT('',(-1.136353199,-8.016583413,0.635));
#12006=CARTESIAN_POINT('',(-1.033852768,-8.016583413,0.635));
#12007=CARTESIAN_POINT('',(-0.938047382,-7.987495415,0.635));
#12008=CARTESIAN_POINT('',(-0.848936808,-7.929319652,0.635));
#12009=CARTESIAN_POINT('',(-0.759826001,-7.871143656,0.635));
#12010=CARTESIAN_POINT('',(-0.692184974,-7.786188411,0.635));
#12011=CARTESIAN_POINT('',(-0.646013726,-7.674453916,0.635));
#12012=CARTESIAN_POINT('',(-0.599842478,-7.562719305,0.635));
#12013=CARTESIAN_POINT('',(-0.576756621,-7.438518476,0.635));
#12014=CARTESIAN_POINT('',(-0.576756621,-7.301851312,0.635));
#12015=CARTESIAN_POINT('',(-0.576756621,-7.15133282,0.635));
#12016=CARTESIAN_POINT('',(-0.60099662,-7.018590133,0.635));
#12017=CARTESIAN_POINT('',(-0.649476616,-6.9036236,0.635));
#12018=CARTESIAN_POINT('',(-0.69795638,-6.78865695,0.635));
#12019=CARTESIAN_POINT('',(-0.769291033,-6.700239047,0.635));
#12020=CARTESIAN_POINT('',(-0.863480574,-6.63836931,0.635));
#12021=CARTESIAN_POINT('',(-0.957670115,-6.576499805,0.635));
#12022=CARTESIAN_POINT('',(-1.064325875,-6.543256478,0.635));
#12023=CARTESIAN_POINT('',(-1.183447853,-6.538639214,0.635));
#12024=B_SPLINE_CURVE_WITH_KNOTS('',3,(#11999,#12000,#12001,#12002,#12003,#12004,#12005,#12006,#12007,#12008,#12009,#12010,#12011,#12012,#12013,#12014,#12015,#12016,#12017,#12018,#12019,#12020,#12021,#12022,#12023),.UNSPECIFIED.,.F.,.F.,(4,3,3,3,3,3,3,3,4),(0.563207876,0.612130478,0.661053012,0.714819375,0.7685859,0.822352474,0.881568333,0.9407842,1.),.UNSPECIFIED.);
#12025=EDGE_CURVE('',#11992,#11922,#12024,.T.);
#12026=ORIENTED_EDGE('',*,*,#12025,.T.);
#12027=ORIENTED_EDGE('',*,*,#11927,.T.);
#12028=EDGE_LOOP('',(#11990,#11998,#12026,#12027));
#12029=FACE_BOUND('',#12028,.T.);
#12030=ADVANCED_FACE('',(#12029),#11989,.T.);
#12031=CARTESIAN_POINT('',(-1.803990413,-6.974958252,0.635));
#12032=CARTESIAN_POINT('',(-1.803990413,-6.974958252,0.));
#12033=CARTESIAN_POINT('',(-1.782751602,-7.029440506,0.635));
#12034=CARTESIAN_POINT('',(-1.782751602,-7.029440506,0.));
#12035=CARTESIAN_POINT('',(-1.749739243,-7.14994771,0.635));
#12036=CARTESIAN_POINT('',(-1.749739243,-7.14994771,0.));
#12037=CARTESIAN_POINT('',(-1.704953105,-7.336479748,0.635));
#12038=CARTESIAN_POINT('',(-1.704953105,-7.336479748,0.));
#12039=CARTESIAN_POINT('',(-1.660166733,-7.523011901,0.635));
#12040=CARTESIAN_POINT('',(-1.660166733,-7.523011901,0.));
#12041=CARTESIAN_POINT('',(-1.617920079,-7.653676808,0.635));
#12042=CARTESIAN_POINT('',(-1.617920079,-7.653676808,0.));
#12043=CARTESIAN_POINT('',(-1.578212675,-7.728474351,0.635));
#12044=CARTESIAN_POINT('',(-1.578212675,-7.728474351,0.));
#12045=B_SPLINE_SURFACE_WITH_KNOTS('',3,1,((#12031,#12032),(#12033,#12034),(#12035,#12036),(#12037,#12038),(#12039,#12040),(#12041,#12042),(#12043,#12044)),.UNSPECIFIED.,.F.,.F.,.U.,(4,3,4),(2,2),(0.487507203,0.525357523,0.563207876),(0.,1.),.UNSPECIFIED.);
#12046=ORIENTED_EDGE('',*,*,#1969,.F.);
#12047=CARTESIAN_POINT('',(-1.803990413,-6.974958252,0.635));
#12048=VERTEX_POINT('',#12047);
#12049=CARTESIAN_POINT('',(-1.803990413,-6.974958252,0.635));
#12050=DIRECTION('',(0.,0.,-1.));
#12051=VECTOR('',#12050,0.635);
#12052=LINE('',#12049,#12051);
#12053=EDGE_CURVE('',#12048,#1930,#12052,.T.);
#12054=ORIENTED_EDGE('',*,*,#12053,.F.);
#12055=CARTESIAN_POINT('',(-1.803990413,-6.974958252,0.635));
#12056=CARTESIAN_POINT('',(-1.782751602,-7.029440506,0.635));
#12057=CARTESIAN_POINT('',(-1.749739243,-7.14994771,0.635));
#12058=CARTESIAN_POINT('',(-1.704953105,-7.336479748,0.635));
#12059=CARTESIAN_POINT('',(-1.660166733,-7.523011901,0.635));
#12060=CARTESIAN_POINT('',(-1.617920079,-7.653676808,0.635));
#12061=CARTESIAN_POINT('',(-1.578212675,-7.728474351,0.635));
#12062=B_SPLINE_CURVE_WITH_KNOTS('',3,(#12055,#12056,#12057,#12058,#12059,#12060,#12061),.UNSPECIFIED.,.F.,.F.,(4,3,4),(0.487507203,0.525357523,0.563207876),.UNSPECIFIED.);
#12063=EDGE_CURVE('',#12048,#11992,#12062,.T.);
#12064=ORIENTED_EDGE('',*,*,#12063,.T.);
#12065=ORIENTED_EDGE('',*,*,#11997,.T.);
#12066=EDGE_LOOP('',(#12046,#12054,#12064,#12065));
#12067=FACE_BOUND('',#12066,.T.);
#12068=ADVANCED_FACE('',(#12067),#12045,.T.);
#12069=CARTESIAN_POINT('',(-1.967437059,-7.840670548,0.635));
#12070=CARTESIAN_POINT('',(-1.967437059,-7.840670548,0.));
#12071=CARTESIAN_POINT('',(-2.069013851,-7.828666033,0.635));
#12072=CARTESIAN_POINT('',(-2.069013851,-7.828666033,0.));
#12073=CARTESIAN_POINT('',(-2.152353019,-7.80073241,0.635));
#12074=CARTESIAN_POINT('',(-2.152353019,-7.80073241,0.));
#12075=CARTESIAN_POINT('',(-2.217454795,-7.756869677,0.635));
#12076=CARTESIAN_POINT('',(-2.217454795,-7.756869677,0.));
#12077=CARTESIAN_POINT('',(-2.282556339,-7.713006945,0.635));
#12078=CARTESIAN_POINT('',(-2.282556339,-7.713006945,0.));
#12079=CARTESIAN_POINT('',(-2.335191664,-7.644904215,0.635));
#12080=CARTESIAN_POINT('',(-2.335191664,-7.644904215,0.));
#12081=CARTESIAN_POINT('',(-2.375360538,-7.552561486,0.635));
#12082=CARTESIAN_POINT('',(-2.375360538,-7.552561486,0.));
#12083=CARTESIAN_POINT('',(-2.415529645,-7.46021899,0.635));
#12084=CARTESIAN_POINT('',(-2.415529645,-7.46021899,0.));
#12085=CARTESIAN_POINT('',(-2.435614314,-7.356333449,0.635));
#12086=CARTESIAN_POINT('',(-2.435614314,-7.356333449,0.));
#12087=CARTESIAN_POINT('',(-2.435614314,-7.240905097,0.635));
#12088=CARTESIAN_POINT('',(-2.435614314,-7.240905097,0.));
#12089=CARTESIAN_POINT('',(-2.435614314,-7.138404898,0.635));
#12090=CARTESIAN_POINT('',(-2.435614314,-7.138404898,0.));
#12091=CARTESIAN_POINT('',(-2.420377644,-7.047909099,0.635));
#12092=CARTESIAN_POINT('',(-2.420377644,-7.047909099,0.));
#12093=CARTESIAN_POINT('',(-2.389904537,-6.969417698,0.635));
#12094=CARTESIAN_POINT('',(-2.389904537,-6.969417698,0.));
#12095=CARTESIAN_POINT('',(-2.359431662,-6.89092653,0.635));
#12096=CARTESIAN_POINT('',(-2.359431662,-6.89092653,0.));
#12097=CARTESIAN_POINT('',(-2.317646478,-6.832519799,0.635));
#12098=CARTESIAN_POINT('',(-2.317646478,-6.832519799,0.));
#12099=CARTESIAN_POINT('',(-2.26454945,-6.794197504,0.635));
#12100=CARTESIAN_POINT('',(-2.26454945,-6.794197504,0.));
#12101=CARTESIAN_POINT('',(-2.211452421,-6.755875443,0.635));
#12102=CARTESIAN_POINT('',(-2.211452421,-6.755875443,0.));
#12103=CARTESIAN_POINT('',(-2.153507393,-6.736714296,0.635));
#12104=CARTESIAN_POINT('',(-2.153507393,-6.736714296,0.));
#12105=CARTESIAN_POINT('',(-2.090714366,-6.736714296,0.635));
#12106=CARTESIAN_POINT('',(-2.090714366,-6.736714296,0.));
#12107=CARTESIAN_POINT('',(-2.026997932,-6.736714296,0.635));
#12108=CARTESIAN_POINT('',(-2.026997932,-6.736714296,0.));
#12109=CARTESIAN_POINT('',(-1.971361653,-6.755182772,0.635));
#12110=CARTESIAN_POINT('',(-1.971361653,-6.755182772,0.));
#12111=CARTESIAN_POINT('',(-1.923805062,-6.79211984,0.635));
#12112=CARTESIAN_POINT('',(-1.923805062,-6.79211984,0.));
#12113=CARTESIAN_POINT('',(-1.876248705,-6.829056908,0.635));
#12114=CARTESIAN_POINT('',(-1.876248705,-6.829056908,0.));
#12115=CARTESIAN_POINT('',(-1.836310566,-6.890003123,0.635));
#12116=CARTESIAN_POINT('',(-1.836310566,-6.890003123,0.));
#12117=CARTESIAN_POINT('',(-1.803990413,-6.974958252,0.635));
#12118=CARTESIAN_POINT('',(-1.803990413,-6.974958252,0.));
#12119=B_SPLINE_SURFACE_WITH_KNOTS('',3,1,((#12069,#12070),(#12071,#12072),(#12073,#12074),(#12075,#12076),(#12077,#12078),(#12079,#12080),(#12081,#12082),(#12083,#12084),(#12085,#12086),(#12087,#12088),(#12089,#12090),(#12091,#12092),(#12093,#12094),(#12095,#12096),(#12097,#12098),(#12099,#12100),(#12101,#12102),(#12103,#12104),(#12105,#12106),(#12107,#12108),(#12109,#12110),(#12111,#12112),(#12113,#12114),(#12115,#12116),(#12117,#12118)),.UNSPECIFIED.,.F.,.F.,.U.,(4,3,3,3,3,3,3,3,4),(2,2),(0.,0.065296399,0.130592638,0.195888798,0.253871687,0.311854369,0.36983693,0.428672156,0.487507203),(0.,1.),.UNSPECIFIED.);
#12120=ORIENTED_EDGE('',*,*,#1957,.F.);
#12121=ORIENTED_EDGE('',*,*,#11715,.F.);
#12122=CARTESIAN_POINT('',(-1.967437059,-7.840670548,0.635));
#12123=CARTESIAN_POINT('',(-2.069013851,-7.828666033,0.635));
#12124=CARTESIAN_POINT('',(-2.152353019,-7.80073241,0.635));
#12125=CARTESIAN_POINT('',(-2.217454795,-7.756869677,0.635));
#12126=CARTESIAN_POINT('',(-2.282556339,-7.713006945,0.635));
#12127=CARTESIAN_POINT('',(-2.335191664,-7.644904215,0.635));
#12128=CARTESIAN_POINT('',(-2.375360538,-7.552561486,0.635));
#12129=CARTESIAN_POINT('',(-2.415529645,-7.46021899,0.635));
#12130=CARTESIAN_POINT('',(-2.435614314,-7.356333449,0.635));
#12131=CARTESIAN_POINT('',(-2.435614314,-7.240905097,0.635));
#12132=CARTESIAN_POINT('',(-2.435614314,-7.138404898,0.635));
#12133=CARTESIAN_POINT('',(-2.420377644,-7.047909099,0.635));
#12134=CARTESIAN_POINT('',(-2.389904537,-6.969417698,0.635));
#12135=CARTESIAN_POINT('',(-2.359431662,-6.89092653,0.635));
#12136=CARTESIAN_POINT('',(-2.317646478,-6.832519799,0.635));
#12137=CARTESIAN_POINT('',(-2.26454945,-6.794197504,0.635));
#12138=CARTESIAN_POINT('',(-2.211452421,-6.755875443,0.635));
#12139=CARTESIAN_POINT('',(-2.153507393,-6.736714296,0.635));
#12140=CARTESIAN_POINT('',(-2.090714366,-6.736714296,0.635));
#12141=CARTESIAN_POINT('',(-2.026997932,-6.736714296,0.635));
#12142=CARTESIAN_POINT('',(-1.971361653,-6.755182772,0.635));
#12143=CARTESIAN_POINT('',(-1.923805062,-6.79211984,0.635));
#12144=CARTESIAN_POINT('',(-1.876248705,-6.829056908,0.635));
#12145=CARTESIAN_POINT('',(-1.836310566,-6.890003123,0.635));
#12146=CARTESIAN_POINT('',(-1.803990413,-6.974958252,0.635));
#12147=B_SPLINE_CURVE_WITH_KNOTS('',3,(#12122,#12123,#12124,#12125,#12126,#12127,#12128,#12129,#12130,#12131,#12132,#12133,#12134,#12135,#12136,#12137,#12138,#12139,#12140,#12141,#12142,#12143,#12144,#12145,#12146),.UNSPECIFIED.,.F.,.F.,(4,3,3,3,3,3,3,3,4),(0.,0.065296399,0.130592638,0.195888798,0.253871687,0.311854369,0.36983693,0.428672156,0.487507203),.UNSPECIFIED.);
#12148=EDGE_CURVE('',#11704,#12048,#12147,.T.);
#12149=ORIENTED_EDGE('',*,*,#12148,.T.);
#12150=ORIENTED_EDGE('',*,*,#12053,.T.);
#12151=EDGE_LOOP('',(#12120,#12121,#12149,#12150));
#12152=FACE_BOUND('',#12151,.T.);
#12153=ADVANCED_FACE('',(#12152),#12119,.T.);
#12154=CARTESIAN_POINT('',(0.,0.,0.635));
#12155=DIRECTION('',(0.,0.,-1.));
#12156=DIRECTION('',(-1.,0.,0.));
#12157=AXIS2_PLACEMENT_3D('',#12154,#12155,#12156);
#12158=PLANE('',#12157);
#12159=ORIENTED_EDGE('',*,*,#11709,.F.);
#12160=ORIENTED_EDGE('',*,*,#11806,.F.);
#12161=ORIENTED_EDGE('',*,*,#11844,.F.);
#12162=ORIENTED_EDGE('',*,*,#11909,.F.);
#12163=ORIENTED_EDGE('',*,*,#11933,.F.);
#12164=ORIENTED_EDGE('',*,*,#12025,.F.);
#12165=ORIENTED_EDGE('',*,*,#12063,.F.);
#12166=ORIENTED_EDGE('',*,*,#12148,.F.);
#12167=EDGE_LOOP('',(#12159,#12160,#12161,#12162,#12163,#12164,#12165,#12166));
#12168=FACE_BOUND('',#12167,.T.);
#12169=ADVANCED_FACE('',(#12168),#12158,.T.);
#12170=CARTESIAN_POINT('',(1.283486123,-3.951198208,0.635));
#12171=DIRECTION('',(-0.996199632,0.087099331,0.));
#12172=DIRECTION('',(-0.087099331,-0.996199632,0.));
#12173=AXIS2_PLACEMENT_3D('',#12170,#12171,#12172);
#12174=PLANE('',#12173);
#12175=ORIENTED_EDGE('',*,*,#193,.F.);
#12176=CARTESIAN_POINT('',(1.272405014,-4.077938521,0.635));
#12177=VERTEX_POINT('',#12176);
#12178=CARTESIAN_POINT('',(1.272405014,-4.077938521,0.635));
#12179=DIRECTION('',(0.,0.,-1.));
#12180=VECTOR('',#12179,0.635);
#12181=LINE('',#12178,#12180);
#12182=EDGE_CURVE('',#12177,#186,#12181,.T.);
#12183=ORIENTED_EDGE('',*,*,#12182,.F.);
#12184=CARTESIAN_POINT('',(1.294567232,-3.824457895,0.635));
#12185=VERTEX_POINT('',#12184);
#12186=CARTESIAN_POINT('',(1.272405014,-4.077938521,0.635));
#12187=DIRECTION('',(0.087099331,0.996199632,0.));
#12188=VECTOR('',#12187,0.254447621);
#12189=LINE('',#12186,#12188);
#12190=EDGE_CURVE('',#12177,#12185,#12189,.T.);
#12191=ORIENTED_EDGE('',*,*,#12190,.T.);
#12192=CARTESIAN_POINT('',(1.294567232,-3.824457895,0.635));
#12193=DIRECTION('',(0.,0.,-1.));
#12194=VECTOR('',#12193,0.635);
#12195=LINE('',#12192,#12194);
#12196=EDGE_CURVE('',#12185,#188,#12195,.T.);
#12197=ORIENTED_EDGE('',*,*,#12196,.T.);
#12198=EDGE_LOOP('',(#12175,#12183,#12191,#12197));
#12199=FACE_BOUND('',#12198,.T.);
#12200=ADVANCED_FACE('',(#12199),#12174,.T.);
#12201=CARTESIAN_POINT('',(1.689332112,-2.807765404,0.635));
#12202=CARTESIAN_POINT('',(1.689332112,-2.807765404,0.));
#12203=CARTESIAN_POINT('',(1.634849858,-2.689566832,0.635));
#12204=CARTESIAN_POINT('',(1.634849858,-2.689566832,0.));
#12205=CARTESIAN_POINT('',(1.565823721,-2.602303071,0.635));
#12206=CARTESIAN_POINT('',(1.565823721,-2.602303071,0.));
#12207=CARTESIAN_POINT('',(1.482253644,-2.545973888,0.635));
#12208=CARTESIAN_POINT('',(1.482253644,-2.545973888,0.));
#12209=CARTESIAN_POINT('',(1.398683508,-2.48964517,0.635));
#12210=CARTESIAN_POINT('',(1.398683508,-2.48964517,0.));
#12211=CARTESIAN_POINT('',(1.30241636,-2.461480346,0.635));
#12212=CARTESIAN_POINT('',(1.30241636,-2.461480346,0.));
#12213=CARTESIAN_POINT('',(1.193452027,-2.461480346,0.635));
#12214=CARTESIAN_POINT('',(1.193452027,-2.461480346,0.));
#12215=CARTESIAN_POINT('',(1.085411128,-2.461480346,0.635));
#12216=CARTESIAN_POINT('',(1.085411128,-2.461480346,0.));
#12217=CARTESIAN_POINT('',(0.983603368,-2.492415389,0.635));
#12218=CARTESIAN_POINT('',(0.983603368,-2.492415389,0.));
#12219=CARTESIAN_POINT('',(0.888028717,-2.554284777,0.635));
#12220=CARTESIAN_POINT('',(0.888028717,-2.554284777,0.));
#12221=CARTESIAN_POINT('',(0.792454096,-2.616154399,0.635));
#12222=CARTESIAN_POINT('',(0.792454096,-2.616154399,0.));
#12223=CARTESIAN_POINT('',(0.718118256,-2.705034237,0.635));
#12224=CARTESIAN_POINT('',(0.718118256,-2.705034237,0.));
#12225=CARTESIAN_POINT('',(0.665021228,-2.82092406,0.635));
#12226=CARTESIAN_POINT('',(0.665021228,-2.82092406,0.));
#12227=CARTESIAN_POINT('',(0.611924199,-2.936814349,0.635));
#12228=CARTESIAN_POINT('',(0.611924199,-2.936814349,0.));
#12229=CARTESIAN_POINT('',(0.585375685,-3.067248404,0.635));
#12230=CARTESIAN_POINT('',(0.585375685,-3.067248404,0.));
#12231=CARTESIAN_POINT('',(0.585375685,-3.212225992,0.635));
#12232=CARTESIAN_POINT('',(0.585375685,-3.212225992,0.));
#12233=CARTESIAN_POINT('',(0.585375685,-3.395988043,0.635));
#12234=CARTESIAN_POINT('',(0.585375685,-3.395988043,0.));
#12235=CARTESIAN_POINT('',(0.612155051,-3.549969658,0.635));
#12236=CARTESIAN_POINT('',(0.612155051,-3.549969658,0.));
#12237=CARTESIAN_POINT('',(0.665713782,-3.674170138,0.635));
#12238=CARTESIAN_POINT('',(0.665713782,-3.674170138,0.));
#12239=CARTESIAN_POINT('',(0.719272514,-3.798371084,0.635));
#12240=CARTESIAN_POINT('',(0.719272514,-3.798371084,0.));
#12241=CARTESIAN_POINT('',(0.799841521,-3.895792548,0.635));
#12242=CARTESIAN_POINT('',(0.799841521,-3.895792548,0.));
#12243=CARTESIAN_POINT('',(0.907420687,-3.966434762,0.635));
#12244=CARTESIAN_POINT('',(0.907420687,-3.966434762,0.));
#12245=CARTESIAN_POINT('',(1.014999853,-4.037076743,0.635));
#12246=CARTESIAN_POINT('',(1.014999853,-4.037076743,0.));
#12247=CARTESIAN_POINT('',(1.136661315,-4.074244896,0.635));
#12248=CARTESIAN_POINT('',(1.136661315,-4.074244896,0.));
#12249=CARTESIAN_POINT('',(1.272405014,-4.077938521,0.635));
#12250=CARTESIAN_POINT('',(1.272405014,-4.077938521,0.));
#12251=B_SPLINE_SURFACE_WITH_KNOTS('',3,1,((#12201,#12202),(#12203,#12204),(#12205,#12206),(#12207,#12208),(#12209,#12210),(#12211,#12212),(#12213,#12214),(#12215,#12216),(#12217,#12218),(#12219,#12220),(#12221,#12222),(#12223,#12224),(#12225,#12226),(#12227,#12228),(#12229,#12230),(#12231,#12232),(#12233,#12234),(#12235,#12236),(#12237,#12238),(#12239,#12240),(#12241,#12242),(#12243,#12244),(#12245,#12246),(#12247,#12248),(#12249,#12250)),.UNSPECIFIED.,.F.,.F.,.U.,(4,3,3,3,3,3,3,3,4),(2,2),(0.372526851,0.4442797,0.516032397,0.587177015,0.658321696,0.729466614,0.819644249,0.909822169,1.),(0.,1.),.UNSPECIFIED.);
#12252=ORIENTED_EDGE('',*,*,#334,.F.);
#12253=CARTESIAN_POINT('',(1.689332112,-2.807765404,0.635));
#12254=VERTEX_POINT('',#12253);
#12255=CARTESIAN_POINT('',(1.689332112,-2.807765404,0.635));
#12256=DIRECTION('',(0.,0.,-1.));
#12257=VECTOR('',#12256,0.635);
#12258=LINE('',#12255,#12257);
#12259=EDGE_CURVE('',#12254,#297,#12258,.T.);
#12260=ORIENTED_EDGE('',*,*,#12259,.F.);
#12261=CARTESIAN_POINT('',(1.689332112,-2.807765404,0.635));
#12262=CARTESIAN_POINT('',(1.634849858,-2.689566832,0.635));
#12263=CARTESIAN_POINT('',(1.565823721,-2.602303071,0.635));
#12264=CARTESIAN_POINT('',(1.482253644,-2.545973888,0.635));
#12265=CARTESIAN_POINT('',(1.398683508,-2.48964517,0.635));
#12266=CARTESIAN_POINT('',(1.30241636,-2.461480346,0.635));
#12267=CARTESIAN_POINT('',(1.193452027,-2.461480346,0.635));
#12268=CARTESIAN_POINT('',(1.085411128,-2.461480346,0.635));
#12269=CARTESIAN_POINT('',(0.983603368,-2.492415389,0.635));
#12270=CARTESIAN_POINT('',(0.888028717,-2.554284777,0.635));
#12271=CARTESIAN_POINT('',(0.792454096,-2.616154399,0.635));
#12272=CARTESIAN_POINT('',(0.718118256,-2.705034237,0.635));
#12273=CARTESIAN_POINT('',(0.665021228,-2.82092406,0.635));
#12274=CARTESIAN_POINT('',(0.611924199,-2.936814349,0.635));
#12275=CARTESIAN_POINT('',(0.585375685,-3.067248404,0.635));
#12276=CARTESIAN_POINT('',(0.585375685,-3.212225992,0.635));
#12277=CARTESIAN_POINT('',(0.585375685,-3.395988043,0.635));
#12278=CARTESIAN_POINT('',(0.612155051,-3.549969658,0.635));
#12279=CARTESIAN_POINT('',(0.665713782,-3.674170138,0.635));
#12280=CARTESIAN_POINT('',(0.719272514,-3.798371084,0.635));
#12281=CARTESIAN_POINT('',(0.799841521,-3.895792548,0.635));
#12282=CARTESIAN_POINT('',(0.907420687,-3.966434762,0.635));
#12283=CARTESIAN_POINT('',(1.014999853,-4.037076743,0.635));
#12284=CARTESIAN_POINT('',(1.136661315,-4.074244896,0.635));
#12285=CARTESIAN_POINT('',(1.272405014,-4.077938521,0.635));
#12286=B_SPLINE_CURVE_WITH_KNOTS('',3,(#12261,#12262,#12263,#12264,#12265,#12266,#12267,#12268,#12269,#12270,#12271,#12272,#12273,#12274,#12275,#12276,#12277,#12278,#12279,#12280,#12281,#12282,#12283,#12284,#12285),.UNSPECIFIED.,.F.,.F.,(4,3,3,3,3,3,3,3,4),(0.372526851,0.4442797,0.516032397,0.587177015,0.658321696,0.729466614,0.819644249,0.909822169,1.),.UNSPECIFIED.);
#12287=EDGE_CURVE('',#12254,#12177,#12286,.T.);
#12288=ORIENTED_EDGE('',*,*,#12287,.T.);
#12289=ORIENTED_EDGE('',*,*,#12182,.T.);
#12290=EDGE_LOOP('',(#12252,#12260,#12288,#12289));
#12291=FACE_BOUND('',#12290,.T.);
#12292=ADVANCED_FACE('',(#12291),#12251,.T.);
#12293=CARTESIAN_POINT('',(1.96358973,-3.662396591,0.635));
#12294=CARTESIAN_POINT('',(1.96358973,-3.662396591,0.));
#12295=CARTESIAN_POINT('',(1.916494959,-3.610684672,0.635));
#12296=CARTESIAN_POINT('',(1.916494959,-3.610684672,0.));
#12297=CARTESIAN_POINT('',(1.868245931,-3.475633586,0.635));
#12298=CARTESIAN_POINT('',(1.868245931,-3.475633586,0.));
#12299=CARTESIAN_POINT('',(1.818842644,-3.257243099,0.635));
#12300=CARTESIAN_POINT('',(1.818842644,-3.257243099,0.));
#12301=CARTESIAN_POINT('',(1.769439241,-3.038853077,0.635));
#12302=CARTESIAN_POINT('',(1.769439241,-3.038853077,0.));
#12303=CARTESIAN_POINT('',(1.726269064,-2.889027024,0.635));
#12304=CARTESIAN_POINT('',(1.726269064,-2.889027024,0.));
#12305=CARTESIAN_POINT('',(1.689332112,-2.807765404,0.635));
#12306=CARTESIAN_POINT('',(1.689332112,-2.807765404,0.));
#12307=B_SPLINE_SURFACE_WITH_KNOTS('',3,1,((#12293,#12294),(#12295,#12296),(#12297,#12298),(#12299,#12300),(#12301,#12302),(#12303,#12304),(#12305,#12306)),.UNSPECIFIED.,.F.,.F.,.U.,(4,3,4),(2,2),(0.274104941,0.323315943,0.372526851),(0.,1.),.UNSPECIFIED.);
#12308=ORIENTED_EDGE('',*,*,#306,.F.);
#12309=CARTESIAN_POINT('',(1.96358973,-3.662396591,0.635));
#12310=VERTEX_POINT('',#12309);
#12311=CARTESIAN_POINT('',(1.96358973,-3.662396591,0.635));
#12312=DIRECTION('',(0.,0.,-1.));
#12313=VECTOR('',#12312,0.635);
#12314=LINE('',#12311,#12313);
#12315=EDGE_CURVE('',#12310,#276,#12314,.T.);
#12316=ORIENTED_EDGE('',*,*,#12315,.F.);
#12317=CARTESIAN_POINT('',(1.96358973,-3.662396591,0.635));
#12318=CARTESIAN_POINT('',(1.916494959,-3.610684672,0.635));
#12319=CARTESIAN_POINT('',(1.868245931,-3.475633586,0.635));
#12320=CARTESIAN_POINT('',(1.818842644,-3.257243099,0.635));
#12321=CARTESIAN_POINT('',(1.769439241,-3.038853077,0.635));
#12322=CARTESIAN_POINT('',(1.726269064,-2.889027024,0.635));
#12323=CARTESIAN_POINT('',(1.689332112,-2.807765404,0.635));
#12324=B_SPLINE_CURVE_WITH_KNOTS('',3,(#12317,#12318,#12319,#12320,#12321,#12322,#12323),.UNSPECIFIED.,.F.,.F.,(4,3,4),(0.274104941,0.323315943,0.372526851),.UNSPECIFIED.);
#12325=EDGE_CURVE('',#12310,#12254,#12324,.T.);
#12326=ORIENTED_EDGE('',*,*,#12325,.T.);
#12327=ORIENTED_EDGE('',*,*,#12259,.T.);
#12328=EDGE_LOOP('',(#12308,#12316,#12326,#12327));
#12329=FACE_BOUND('',#12328,.T.);
#12330=ADVANCED_FACE('',(#12329),#12307,.T.);
#12331=CARTESIAN_POINT('',(2.059164381,-2.780062515,0.635));
#12332=CARTESIAN_POINT('',(2.059164381,-2.780062515,0.));
#12333=CARTESIAN_POINT('',(2.187520539,-2.793913843,0.635));
#12334=CARTESIAN_POINT('',(2.187520539,-2.793913843,0.));
#12335=CARTESIAN_POINT('',(2.284480416,-2.840777995,0.635));
#12336=CARTESIAN_POINT('',(2.284480416,-2.840777995,0.));
#12337=CARTESIAN_POINT('',(2.350043662,-2.920654273,0.635));
#12338=CARTESIAN_POINT('',(2.350043662,-2.920654273,0.));
#12339=CARTESIAN_POINT('',(2.415606909,-3.000530783,0.635));
#12340=CARTESIAN_POINT('',(2.415606909,-3.000530783,0.));
#12341=CARTESIAN_POINT('',(2.448388649,-3.11849862,0.635));
#12342=CARTESIAN_POINT('',(2.448388649,-3.11849862,0.));
#12343=CARTESIAN_POINT('',(2.448388649,-3.274557317,0.635));
#12344=CARTESIAN_POINT('',(2.448388649,-3.274557317,0.));
#12345=CARTESIAN_POINT('',(2.448388649,-3.437080557,0.635));
#12346=CARTESIAN_POINT('',(2.448388649,-3.437080557,0.));
#12347=CARTESIAN_POINT('',(2.418608096,-3.555509863,0.635));
#12348=CARTESIAN_POINT('',(2.418608096,-3.555509863,0.));
#12349=CARTESIAN_POINT('',(2.359047107,-3.629845703,0.635));
#12350=CARTESIAN_POINT('',(2.359047107,-3.629845703,0.));
#12351=CARTESIAN_POINT('',(2.299486118,-3.704181775,0.635));
#12352=CARTESIAN_POINT('',(2.299486118,-3.704181775,0.));
#12353=CARTESIAN_POINT('',(2.227689646,-3.741349695,0.635));
#12354=CARTESIAN_POINT('',(2.227689646,-3.741349695,0.));
#12355=CARTESIAN_POINT('',(2.143657923,-3.741349462,0.635));
#12356=CARTESIAN_POINT('',(2.143657923,-3.741349462,0.));
#12357=CARTESIAN_POINT('',(2.070707077,-3.741349695,0.635));
#12358=CARTESIAN_POINT('',(2.070707077,-3.741349695,0.));
#12359=CARTESIAN_POINT('',(2.010684501,-3.715031916,0.635));
#12360=CARTESIAN_POINT('',(2.010684501,-3.715031916,0.));
#12361=CARTESIAN_POINT('',(1.96358973,-3.662396591,0.635));
#12362=CARTESIAN_POINT('',(1.96358973,-3.662396591,0.));
#12363=B_SPLINE_SURFACE_WITH_KNOTS('',3,1,((#12331,#12332),(#12333,#12334),(#12335,#12336),(#12337,#12338),(#12339,#12340),(#12341,#12342),(#12343,#12344),(#12345,#12346),(#12347,#12348),(#12349,#12350),(#12351,#12352),(#12353,#12354),(#12355,#12356),(#12357,#12358),(#12359,#12360),(#12361,#12362)),.UNSPECIFIED.,.F.,.F.,.U.,(4,3,3,3,3,4),(2,2),(0.,0.054964398,0.109928892,0.167170224,0.224411665,0.274104941),(0.,1.),.UNSPECIFIED.);
#12364=ORIENTED_EDGE('',*,*,#294,.F.);
#12365=CARTESIAN_POINT('',(2.059164381,-2.780062515,0.635));
#12366=VERTEX_POINT('',#12365);
#12367=CARTESIAN_POINT('',(2.059164381,-2.780062515,0.635));
#12368=DIRECTION('',(0.,0.,-1.));
#12369=VECTOR('',#12368,0.635);
#12370=LINE('',#12367,#12369);
#12371=EDGE_CURVE('',#12366,#268,#12370,.T.);
#12372=ORIENTED_EDGE('',*,*,#12371,.F.);
#12373=CARTESIAN_POINT('',(2.059164381,-2.780062515,0.635));
#12374=CARTESIAN_POINT('',(2.187520539,-2.793913843,0.635));
#12375=CARTESIAN_POINT('',(2.284480416,-2.840777995,0.635));
#12376=CARTESIAN_POINT('',(2.350043662,-2.920654273,0.635));
#12377=CARTESIAN_POINT('',(2.415606909,-3.000530783,0.635));
#12378=CARTESIAN_POINT('',(2.448388649,-3.11849862,0.635));
#12379=CARTESIAN_POINT('',(2.448388649,-3.274557317,0.635));
#12380=CARTESIAN_POINT('',(2.448388649,-3.437080557,0.635));
#12381=CARTESIAN_POINT('',(2.418608096,-3.555509863,0.635));
#12382=CARTESIAN_POINT('',(2.359047107,-3.629845703,0.635));
#12383=CARTESIAN_POINT('',(2.299486118,-3.704181775,0.635));
#12384=CARTESIAN_POINT('',(2.227689646,-3.741349695,0.635));
#12385=CARTESIAN_POINT('',(2.143657923,-3.741349462,0.635));
#12386=CARTESIAN_POINT('',(2.070707077,-3.741349695,0.635));
#12387=CARTESIAN_POINT('',(2.010684501,-3.715031916,0.635));
#12388=CARTESIAN_POINT('',(1.96358973,-3.662396591,0.635));
#12389=B_SPLINE_CURVE_WITH_KNOTS('',3,(#12373,#12374,#12375,#12376,#12377,#12378,#12379,#12380,#12381,#12382,#12383,#12384,#12385,#12386,#12387,#12388),.UNSPECIFIED.,.F.,.F.,(4,3,3,3,3,4),(0.,0.054964398,0.109928892,0.167170224,0.224411665,0.274104941),.UNSPECIFIED.);
#12390=EDGE_CURVE('',#12366,#12310,#12389,.T.);
#12391=ORIENTED_EDGE('',*,*,#12390,.T.);
#12392=ORIENTED_EDGE('',*,*,#12315,.T.);
#12393=EDGE_LOOP('',(#12364,#12372,#12391,#12392));
#12394=FACE_BOUND('',#12393,.T.);
#12395=ADVANCED_FACE('',(#12394),#12363,.T.);
#12396=CARTESIAN_POINT('',(2.06886038,-2.651244538,0.635));
#12397=DIRECTION('',(0.997179269,-0.075056679,0.));
#12398=DIRECTION('',(0.075056679,0.997179269,0.));
#12399=AXIS2_PLACEMENT_3D('',#12396,#12397,#12398);
#12400=PLANE('',#12399);
#12401=ORIENTED_EDGE('',*,*,#273,.F.);
#12402=CARTESIAN_POINT('',(2.07855638,-2.522426561,0.635));
#12403=VERTEX_POINT('',#12402);
#12404=CARTESIAN_POINT('',(2.07855638,-2.522426561,0.635));
#12405=DIRECTION('',(0.,0.,-1.));
#12406=VECTOR('',#12405,0.635);
#12407=LINE('',#12404,#12406);
#12408=EDGE_CURVE('',#12403,#238,#12407,.T.);
#12409=ORIENTED_EDGE('',*,*,#12408,.F.);
#12410=CARTESIAN_POINT('',(2.07855638,-2.522426561,0.635));
#12411=DIRECTION('',(-0.075056679,-0.997179269,0.));
#12412=VECTOR('',#12411,0.258364732);
#12413=LINE('',#12410,#12412);
#12414=EDGE_CURVE('',#12403,#12366,#12413,.T.);
#12415=ORIENTED_EDGE('',*,*,#12414,.T.);
#12416=ORIENTED_EDGE('',*,*,#12371,.T.);
#12417=EDGE_LOOP('',(#12401,#12409,#12415,#12416));
#12418=FACE_BOUND('',#12417,.T.);
#12419=ADVANCED_FACE('',(#12418),#12400,.T.);
#12420=CARTESIAN_POINT('',(1.683791558,-3.712261464,0.635));
#12421=CARTESIAN_POINT('',(1.683791558,-3.712261464,0.));
#12422=CARTESIAN_POINT('',(1.734579954,-3.809221458,0.635));
#12423=CARTESIAN_POINT('',(1.734579954,-3.809221458,0.));
#12424=CARTESIAN_POINT('',(1.797603717,-3.881479517,0.635));
#12425=CARTESIAN_POINT('',(1.797603717,-3.881479517,0.));
#12426=CARTESIAN_POINT('',(1.872863079,-3.929035874,0.635));
#12427=CARTESIAN_POINT('',(1.872863079,-3.929035874,0.));
#12428=CARTESIAN_POINT('',(1.948122325,-3.976592464,0.635));
#12429=CARTESIAN_POINT('',(1.948122325,-3.976592464,0.));
#12430=CARTESIAN_POINT('',(2.032384899,-4.000370527,0.635));
#12431=CARTESIAN_POINT('',(2.032384899,-4.000370527,0.));
#12432=CARTESIAN_POINT('',(2.125651034,-4.000370527,0.635));
#12433=CARTESIAN_POINT('',(2.125651034,-4.000370527,0.));
#12434=CARTESIAN_POINT('',(2.228151465,-4.000370527,0.635));
#12435=CARTESIAN_POINT('',(2.228151465,-4.000370527,0.));
#12436=CARTESIAN_POINT('',(2.323956851,-3.971282762,0.635));
#12437=CARTESIAN_POINT('',(2.323956851,-3.971282762,0.));
#12438=CARTESIAN_POINT('',(2.413067542,-3.913106766,0.635));
#12439=CARTESIAN_POINT('',(2.413067542,-3.913106766,0.));
#12440=CARTESIAN_POINT('',(2.502178115,-3.854931002,0.635));
#12441=CARTESIAN_POINT('',(2.502178115,-3.854931002,0.));
#12442=CARTESIAN_POINT('',(2.569819143,-3.769975757,0.635));
#12443=CARTESIAN_POINT('',(2.569819143,-3.769975757,0.));
#12444=CARTESIAN_POINT('',(2.615990507,-3.65824103,0.635));
#12445=CARTESIAN_POINT('',(2.615990507,-3.65824103,0.));
#12446=CARTESIAN_POINT('',(2.662161755,-3.546506535,0.635));
#12447=CARTESIAN_POINT('',(2.662161755,-3.546506535,0.));
#12448=CARTESIAN_POINT('',(2.685247612,-3.422305822,0.635));
#12449=CARTESIAN_POINT('',(2.685247612,-3.422305822,0.));
#12450=CARTESIAN_POINT('',(2.685247612,-3.285638425,0.635));
#12451=CARTESIAN_POINT('',(2.685247612,-3.285638425,0.));
#12452=CARTESIAN_POINT('',(2.685247612,-3.135120166,0.635));
#12453=CARTESIAN_POINT('',(2.685247612,-3.135120166,0.));
#12454=CARTESIAN_POINT('',(2.661007613,-3.002377363,0.635));
#12455=CARTESIAN_POINT('',(2.661007613,-3.002377363,0.));
#12456=CARTESIAN_POINT('',(2.612527617,-2.887410713,0.635));
#12457=CARTESIAN_POINT('',(2.612527617,-2.887410713,0.));
#12458=CARTESIAN_POINT('',(2.564047853,-2.772444297,0.635));
#12459=CARTESIAN_POINT('',(2.564047853,-2.772444297,0.));
#12460=CARTESIAN_POINT('',(2.492713084,-2.684026161,0.635));
#12461=CARTESIAN_POINT('',(2.492713084,-2.684026161,0.));
#12462=CARTESIAN_POINT('',(2.398523659,-2.62215654,0.635));
#12463=CARTESIAN_POINT('',(2.398523659,-2.62215654,0.));
#12464=CARTESIAN_POINT('',(2.304334118,-2.560287151,0.635));
#12465=CARTESIAN_POINT('',(2.304334118,-2.560287151,0.));
#12466=CARTESIAN_POINT('',(2.197678358,-2.527043825,0.635));
#12467=CARTESIAN_POINT('',(2.197678358,-2.527043825,0.));
#12468=CARTESIAN_POINT('',(2.07855638,-2.522426561,0.635));
#12469=CARTESIAN_POINT('',(2.07855638,-2.522426561,0.));
#12470=B_SPLINE_SURFACE_WITH_KNOTS('',3,1,((#12420,#12421),(#12422,#12423),(#12424,#12425),(#12426,#12427),(#12428,#12429),(#12430,#12431),(#12432,#12433),(#12434,#12435),(#12436,#12437),(#12438,#12439),(#12440,#12441),(#12442,#12443),(#12444,#12445),(#12446,#12447),(#12448,#12449),(#12450,#12451),(#12452,#12453),(#12454,#12455),(#12456,#12457),(#12458,#12459),(#12460,#12461),(#12462,#12463),(#12464,#12465),(#12466,#12467),(#12468,#12469)),.UNSPECIFIED.,.F.,.F.,.U.,(4,3,3,3,3,3,3,3,4),(2,2),(0.563207279,0.612130211,0.661053157,0.714819973,0.768586675,0.822353262,0.881568943,0.940784479,1.),(0.,1.),.UNSPECIFIED.);
#12471=ORIENTED_EDGE('',*,*,#265,.F.);
#12472=CARTESIAN_POINT('',(1.683791558,-3.712261464,0.635));
#12473=VERTEX_POINT('',#12472);
#12474=CARTESIAN_POINT('',(1.683791558,-3.712261464,0.635));
#12475=DIRECTION('',(0.,0.,-1.));
#12476=VECTOR('',#12475,0.635);
#12477=LINE('',#12474,#12476);
#12478=EDGE_CURVE('',#12473,#226,#12477,.T.);
#12479=ORIENTED_EDGE('',*,*,#12478,.F.);
#12480=CARTESIAN_POINT('',(1.683791558,-3.712261464,0.635));
#12481=CARTESIAN_POINT('',(1.734579954,-3.809221458,0.635));
#12482=CARTESIAN_POINT('',(1.797603717,-3.881479517,0.635));
#12483=CARTESIAN_POINT('',(1.872863079,-3.929035874,0.635));
#12484=CARTESIAN_POINT('',(1.948122325,-3.976592464,0.635));
#12485=CARTESIAN_POINT('',(2.032384899,-4.000370527,0.635));
#12486=CARTESIAN_POINT('',(2.125651034,-4.000370527,0.635));
#12487=CARTESIAN_POINT('',(2.228151465,-4.000370527,0.635));
#12488=CARTESIAN_POINT('',(2.323956851,-3.971282762,0.635));
#12489=CARTESIAN_POINT('',(2.413067542,-3.913106766,0.635));
#12490=CARTESIAN_POINT('',(2.502178115,-3.854931002,0.635));
#12491=CARTESIAN_POINT('',(2.569819143,-3.769975757,0.635));
#12492=CARTESIAN_POINT('',(2.615990507,-3.65824103,0.635));
#12493=CARTESIAN_POINT('',(2.662161755,-3.546506535,0.635));
#12494=CARTESIAN_POINT('',(2.685247612,-3.422305822,0.635));
#12495=CARTESIAN_POINT('',(2.685247612,-3.285638425,0.635));
#12496=CARTESIAN_POINT('',(2.685247612,-3.135120166,0.635));
#12497=CARTESIAN_POINT('',(2.661007613,-3.002377363,0.635));
#12498=CARTESIAN_POINT('',(2.612527617,-2.887410713,0.635));
#12499=CARTESIAN_POINT('',(2.564047853,-2.772444297,0.635));
#12500=CARTESIAN_POINT('',(2.492713084,-2.684026161,0.635));
#12501=CARTESIAN_POINT('',(2.398523659,-2.62215654,0.635));
#12502=CARTESIAN_POINT('',(2.304334118,-2.560287151,0.635));
#12503=CARTESIAN_POINT('',(2.197678358,-2.527043825,0.635));
#12504=CARTESIAN_POINT('',(2.07855638,-2.522426561,0.635));
#12505=B_SPLINE_CURVE_WITH_KNOTS('',3,(#12480,#12481,#12482,#12483,#12484,#12485,#12486,#12487,#12488,#12489,#12490,#12491,#12492,#12493,#12494,#12495,#12496,#12497,#12498,#12499,#12500,#12501,#12502,#12503,#12504),.UNSPECIFIED.,.F.,.F.,(4,3,3,3,3,3,3,3,4),(0.563207279,0.612130211,0.661053157,0.714819973,0.768586675,0.822353262,0.881568943,0.940784479,1.),.UNSPECIFIED.);
#12506=EDGE_CURVE('',#12473,#12403,#12505,.T.);
#12507=ORIENTED_EDGE('',*,*,#12506,.T.);
#12508=ORIENTED_EDGE('',*,*,#12408,.T.);
#12509=EDGE_LOOP('',(#12471,#12479,#12507,#12508));
#12510=FACE_BOUND('',#12509,.T.);
#12511=ADVANCED_FACE('',(#12510),#12470,.T.);
#12512=CARTESIAN_POINT('',(1.458013704,-2.958745599,0.635));
#12513=CARTESIAN_POINT('',(1.458013704,-2.958745599,0.));
#12514=CARTESIAN_POINT('',(1.479252515,-3.013227969,0.635));
#12515=CARTESIAN_POINT('',(1.479252515,-3.013227969,0.));
#12516=CARTESIAN_POINT('',(1.51226499,-3.133735057,0.635));
#12517=CARTESIAN_POINT('',(1.51226499,-3.133735057,0.));
#12518=CARTESIAN_POINT('',(1.557051186,-3.320267094,0.635));
#12519=CARTESIAN_POINT('',(1.557051186,-3.320267094,0.));
#12520=CARTESIAN_POINT('',(1.601837383,-3.506799364,0.635));
#12521=CARTESIAN_POINT('',(1.601837383,-3.506799364,0.));
#12522=CARTESIAN_POINT('',(1.644084154,-3.637464154,0.635));
#12523=CARTESIAN_POINT('',(1.644084154,-3.637464154,0.));
#12524=CARTESIAN_POINT('',(1.683791558,-3.712261464,0.635));
#12525=CARTESIAN_POINT('',(1.683791558,-3.712261464,0.));
#12526=B_SPLINE_SURFACE_WITH_KNOTS('',3,1,((#12512,#12513),(#12514,#12515),(#12516,#12517),(#12518,#12519),(#12520,#12521),(#12522,#12523),(#12524,#12525)),.UNSPECIFIED.,.F.,.F.,.U.,(4,3,4),(2,2),(0.487506472,0.525356853,0.563207279),(0.,1.),.UNSPECIFIED.);
#12527=ORIENTED_EDGE('',*,*,#235,.F.);
#12528=CARTESIAN_POINT('',(1.458013704,-2.958745599,0.635));
#12529=VERTEX_POINT('',#12528);
#12530=CARTESIAN_POINT('',(1.458013704,-2.958745599,0.635));
#12531=DIRECTION('',(0.,0.,-1.));
#12532=VECTOR('',#12531,0.635);
#12533=LINE('',#12530,#12532);
#12534=EDGE_CURVE('',#12529,#196,#12533,.T.);
#12535=ORIENTED_EDGE('',*,*,#12534,.F.);
#12536=CARTESIAN_POINT('',(1.458013704,-2.958745599,0.635));
#12537=CARTESIAN_POINT('',(1.479252515,-3.013227969,0.635));
#12538=CARTESIAN_POINT('',(1.51226499,-3.133735057,0.635));
#12539=CARTESIAN_POINT('',(1.557051186,-3.320267094,0.635));
#12540=CARTESIAN_POINT('',(1.601837383,-3.506799364,0.635));
#12541=CARTESIAN_POINT('',(1.644084154,-3.637464154,0.635));
#12542=CARTESIAN_POINT('',(1.683791558,-3.712261464,0.635));
#12543=B_SPLINE_CURVE_WITH_KNOTS('',3,(#12536,#12537,#12538,#12539,#12540,#12541,#12542),.UNSPECIFIED.,.F.,.F.,(4,3,4),(0.487506472,0.525356853,0.563207279),.UNSPECIFIED.);
#12544=EDGE_CURVE('',#12529,#12473,#12543,.T.);
#12545=ORIENTED_EDGE('',*,*,#12544,.T.);
#12546=ORIENTED_EDGE('',*,*,#12478,.T.);
#12547=EDGE_LOOP('',(#12527,#12535,#12545,#12546));
#12548=FACE_BOUND('',#12547,.T.);
#12549=ADVANCED_FACE('',(#12548),#12526,.T.);
#12550=CARTESIAN_POINT('',(1.294567232,-3.824457895,0.635));
#12551=CARTESIAN_POINT('',(1.294567232,-3.824457895,0.));
#12552=CARTESIAN_POINT('',(1.192990324,-3.81245338,0.635));
#12553=CARTESIAN_POINT('',(1.192990324,-3.81245338,0.));
#12554=CARTESIAN_POINT('',(1.109651098,-3.784519756,0.635));
#12555=CARTESIAN_POINT('',(1.109651098,-3.784519756,0.));
#12556=CARTESIAN_POINT('',(1.044549496,-3.740657024,0.635));
#12557=CARTESIAN_POINT('',(1.044549496,-3.740657024,0.));
#12558=CARTESIAN_POINT('',(0.979447952,-3.696794292,0.635));
#12559=CARTESIAN_POINT('',(0.979447952,-3.696794292,0.));
#12560=CARTESIAN_POINT('',(0.926812627,-3.628691562,0.635));
#12561=CARTESIAN_POINT('',(0.926812627,-3.628691562,0.));
#12562=CARTESIAN_POINT('',(0.886643579,-3.536348833,0.635));
#12563=CARTESIAN_POINT('',(0.886643579,-3.536348833,0.));
#12564=CARTESIAN_POINT('',(0.84647453,-3.444006104,0.635));
#12565=CARTESIAN_POINT('',(0.84647453,-3.444006104,0.));
#12566=CARTESIAN_POINT('',(0.826390035,-3.340120796,0.635));
#12567=CARTESIAN_POINT('',(0.826390035,-3.340120796,0.));
#12568=CARTESIAN_POINT('',(0.826390035,-3.224692443,0.635));
#12569=CARTESIAN_POINT('',(0.826390035,-3.224692443,0.));
#12570=CARTESIAN_POINT('',(0.826390035,-3.122192012,0.635));
#12571=CARTESIAN_POINT('',(0.826390035,-3.122192012,0.));
#12572=CARTESIAN_POINT('',(0.84162653,-3.031696329,0.635));
#12573=CARTESIAN_POINT('',(0.84162653,-3.031696329,0.));
#12574=CARTESIAN_POINT('',(0.872099609,-2.953204928,0.635));
#12575=CARTESIAN_POINT('',(0.872099609,-2.953204928,0.));
#12576=CARTESIAN_POINT('',(0.902572687,-2.874713993,0.635));
#12577=CARTESIAN_POINT('',(0.902572687,-2.874713993,0.));
#12578=CARTESIAN_POINT('',(0.944357726,-2.816307029,0.635));
#12579=CARTESIAN_POINT('',(0.944357726,-2.816307029,0.));
#12580=CARTESIAN_POINT('',(0.997454754,-2.777984735,0.635));
#12581=CARTESIAN_POINT('',(0.997454754,-2.777984735,0.));
#12582=CARTESIAN_POINT('',(1.050551753,-2.739662906,0.635));
#12583=CARTESIAN_POINT('',(1.050551753,-2.739662906,0.));
#12584=CARTESIAN_POINT('',(1.108496781,-2.72050141,0.635));
#12585=CARTESIAN_POINT('',(1.108496781,-2.72050141,0.));
#12586=CARTESIAN_POINT('',(1.171289809,-2.72050141,0.635));
#12587=CARTESIAN_POINT('',(1.171289809,-2.72050141,0.));
#12588=CARTESIAN_POINT('',(1.235006243,-2.72050141,0.635));
#12589=CARTESIAN_POINT('',(1.235006243,-2.72050141,0.));
#12590=CARTESIAN_POINT('',(1.290642639,-2.738970235,0.635));
#12591=CARTESIAN_POINT('',(1.290642639,-2.738970235,0.));
#12592=CARTESIAN_POINT('',(1.338199113,-2.775907187,0.635));
#12593=CARTESIAN_POINT('',(1.338199113,-2.775907187,0.));
#12594=CARTESIAN_POINT('',(1.385755586,-2.812844139,0.635));
#12595=CARTESIAN_POINT('',(1.385755586,-2.812844139,0.));
#12596=CARTESIAN_POINT('',(1.425693725,-2.873790354,0.635));
#12597=CARTESIAN_POINT('',(1.425693725,-2.873790354,0.));
#12598=CARTESIAN_POINT('',(1.458013704,-2.958745599,0.635));
#12599=CARTESIAN_POINT('',(1.458013704,-2.958745599,0.));
#12600=B_SPLINE_SURFACE_WITH_KNOTS('',3,1,((#12550,#12551),(#12552,#12553),(#12554,#12555),(#12556,#12557),(#12558,#12559),(#12560,#12561),(#12562,#12563),(#12564,#12565),(#12566,#12567),(#12568,#12569),(#12570,#12571),(#12572,#12573),(#12574,#12575),(#12576,#12577),(#12578,#12579),(#12580,#12581),(#12582,#12583),(#12584,#12585),(#12586,#12587),(#12588,#12589),(#12590,#12591),(#12592,#12593),(#12594,#12595),(#12596,#12597),(#12598,#12599)),.UNSPECIFIED.,.F.,.F.,.U.,(4,3,3,3,3,3,3,3,4),(2,2),(0.,0.065296134,0.130592227,0.19588832,0.253871282,0.311853944,0.369836345,0.428671408,0.487506472),(0.,1.),.UNSPECIFIED.);
#12601=ORIENTED_EDGE('',*,*,#223,.F.);
#12602=ORIENTED_EDGE('',*,*,#12196,.F.);
#12603=CARTESIAN_POINT('',(1.294567232,-3.824457895,0.635));
#12604=CARTESIAN_POINT('',(1.192990324,-3.81245338,0.635));
#12605=CARTESIAN_POINT('',(1.109651098,-3.784519756,0.635));
#12606=CARTESIAN_POINT('',(1.044549496,-3.740657024,0.635));
#12607=CARTESIAN_POINT('',(0.979447952,-3.696794292,0.635));
#12608=CARTESIAN_POINT('',(0.926812627,-3.628691562,0.635));
#12609=CARTESIAN_POINT('',(0.886643579,-3.536348833,0.635));
#12610=CARTESIAN_POINT('',(0.84647453,-3.444006104,0.635));
#12611=CARTESIAN_POINT('',(0.826390035,-3.340120796,0.635));
#12612=CARTESIAN_POINT('',(0.826390035,-3.224692443,0.635));
#12613=CARTESIAN_POINT('',(0.826390035,-3.122192012,0.635));
#12614=CARTESIAN_POINT('',(0.84162653,-3.031696329,0.635));
#12615=CARTESIAN_POINT('',(0.872099609,-2.953204928,0.635));
#12616=CARTESIAN_POINT('',(0.902572687,-2.874713993,0.635));
#12617=CARTESIAN_POINT('',(0.944357726,-2.816307029,0.635));
#12618=CARTESIAN_POINT('',(0.997454754,-2.777984735,0.635));
#12619=CARTESIAN_POINT('',(1.050551753,-2.739662906,0.635));
#12620=CARTESIAN_POINT('',(1.108496781,-2.72050141,0.635));
#12621=CARTESIAN_POINT('',(1.171289809,-2.72050141,0.635));
#12622=CARTESIAN_POINT('',(1.235006243,-2.72050141,0.635));
#12623=CARTESIAN_POINT('',(1.290642639,-2.738970235,0.635));
#12624=CARTESIAN_POINT('',(1.338199113,-2.775907187,0.635));
#12625=CARTESIAN_POINT('',(1.385755586,-2.812844139,0.635));
#12626=CARTESIAN_POINT('',(1.425693725,-2.873790354,0.635));
#12627=CARTESIAN_POINT('',(1.458013704,-2.958745599,0.635));
#12628=B_SPLINE_CURVE_WITH_KNOTS('',3,(#12603,#12604,#12605,#12606,#12607,#12608,#12609,#12610,#12611,#12612,#12613,#12614,#12615,#12616,#12617,#12618,#12619,#12620,#12621,#12622,#12623,#12624,#12625,#12626,#12627),.UNSPECIFIED.,.F.,.F.,(4,3,3,3,3,3,3,3,4),(0.,0.065296134,0.130592227,0.19588832,0.253871282,0.311853944,0.369836345,0.428671408,0.487506472),.UNSPECIFIED.);
#12629=EDGE_CURVE('',#12185,#12529,#12628,.T.);
#12630=ORIENTED_EDGE('',*,*,#12629,.T.);
#12631=ORIENTED_EDGE('',*,*,#12534,.T.);
#12632=EDGE_LOOP('',(#12601,#12602,#12630,#12631));
#12633=FACE_BOUND('',#12632,.T.);
#12634=ADVANCED_FACE('',(#12633),#12600,.T.);
#12635=CARTESIAN_POINT('',(0.,0.,0.635));
#12636=DIRECTION('',(0.,0.,-1.));
#12637=DIRECTION('',(-1.,0.,0.));
#12638=AXIS2_PLACEMENT_3D('',#12635,#12636,#12637);
#12639=PLANE('',#12638);
#12640=ORIENTED_EDGE('',*,*,#12190,.F.);
#12641=ORIENTED_EDGE('',*,*,#12287,.F.);
#12642=ORIENTED_EDGE('',*,*,#12325,.F.);
#12643=ORIENTED_EDGE('',*,*,#12390,.F.);
#12644=ORIENTED_EDGE('',*,*,#12414,.F.);
#12645=ORIENTED_EDGE('',*,*,#12506,.F.);
#12646=ORIENTED_EDGE('',*,*,#12544,.F.);
#12647=ORIENTED_EDGE('',*,*,#12629,.F.);
#12648=EDGE_LOOP('',(#12640,#12641,#12642,#12643,#12644,#12645,#12646,#12647));
#12649=FACE_BOUND('',#12648,.T.);
#12650=ADVANCED_FACE('',(#12649),#12639,.T.);
#12651=CARTESIAN_POINT('',(1.172674948,-0.177385189,0.635));
#12652=DIRECTION('',(-0.991227862,0.132164008,0.));
#12653=DIRECTION('',(-0.132164008,-0.991227862,0.));
#12654=AXIS2_PLACEMENT_3D('',#12651,#12652,#12653);
#12655=PLANE('',#12654);
#12656=ORIENTED_EDGE('',*,*,#2080,.F.);
#12657=CARTESIAN_POINT('',(1.156053255,-0.302047605,0.635));
#12658=VERTEX_POINT('',#12657);
#12659=CARTESIAN_POINT('',(1.156053255,-0.302047605,0.635));
#12660=DIRECTION('',(0.,0.,-1.));
#12661=VECTOR('',#12660,0.635);
#12662=LINE('',#12659,#12661);
#12663=EDGE_CURVE('',#12658,#2073,#12662,.T.);
#12664=ORIENTED_EDGE('',*,*,#12663,.F.);
#12665=CARTESIAN_POINT('',(1.18929664,-0.052722773,0.635));
#12666=VERTEX_POINT('',#12665);
#12667=CARTESIAN_POINT('',(1.156053255,-0.302047605,0.635));
#12668=DIRECTION('',(0.132164008,0.991227862,0.));
#12669=VECTOR('',#12668,0.251531299);
#12670=LINE('',#12667,#12669);
#12671=EDGE_CURVE('',#12658,#12666,#12670,.T.);
#12672=ORIENTED_EDGE('',*,*,#12671,.T.);
#12673=CARTESIAN_POINT('',(1.18929664,-0.052722773,0.635));
#12674=DIRECTION('',(0.,0.,-1.));
#12675=VECTOR('',#12674,0.635);
#12676=LINE('',#12673,#12675);
#12677=EDGE_CURVE('',#12666,#2075,#12676,.T.);
#12678=ORIENTED_EDGE('',*,*,#12677,.T.);
#12679=EDGE_LOOP('',(#12656,#12664,#12672,#12678));
#12680=FACE_BOUND('',#12679,.T.);
#12681=ADVANCED_FACE('',(#12680),#12655,.T.);
#12682=CARTESIAN_POINT('',(1.719805103,0.648158001,0.635));
#12683=CARTESIAN_POINT('',(1.719805103,0.648158001,0.));
#12684=CARTESIAN_POINT('',(1.692102331,0.768203152,0.635));
#12685=CARTESIAN_POINT('',(1.692102331,0.768203152,0.));
#12686=CARTESIAN_POINT('',(1.634619006,0.86146952,0.635));
#12687=CARTESIAN_POINT('',(1.634619006,0.86146952,0.));
#12688=CARTESIAN_POINT('',(1.547355245,0.927956173,0.635));
#12689=CARTESIAN_POINT('',(1.547355245,0.927956173,0.));
#12690=CARTESIAN_POINT('',(1.460091426,0.994442826,0.635));
#12691=CARTESIAN_POINT('',(1.460091426,0.994442826,0.));
#12692=CARTESIAN_POINT('',(1.350896182,1.027686385,0.635));
#12693=CARTESIAN_POINT('',(1.350896182,1.027686385,0.));
#12694=CARTESIAN_POINT('',(1.219769689,1.027686385,0.635));
#12695=CARTESIAN_POINT('',(1.219769689,1.027686385,0.));
#12696=CARTESIAN_POINT('',(1.042471803,1.027686385,0.635));
#12697=CARTESIAN_POINT('',(1.042471803,1.027686385,0.));
#12698=CARTESIAN_POINT('',(0.892184133,0.96304608,0.635));
#12699=CARTESIAN_POINT('',(0.892184133,0.96304608,0.));
#12700=CARTESIAN_POINT('',(0.76890671,0.833766865,0.635));
#12701=CARTESIAN_POINT('',(0.76890671,0.833766865,0.));
#12702=CARTESIAN_POINT('',(0.645629287,0.704486718,0.635));
#12703=CARTESIAN_POINT('',(0.645629287,0.704486718,0.));
#12704=CARTESIAN_POINT('',(0.583990518,0.541040538,0.635));
#12705=CARTESIAN_POINT('',(0.583990518,0.541040538,0.));
#12706=CARTESIAN_POINT('',(0.583990518,0.343427392,0.635));
#12707=CARTESIAN_POINT('',(0.583990518,0.343427392,0.));
#12708=CARTESIAN_POINT('',(0.583990518,0.165205779,0.635));
#12709=CARTESIAN_POINT('',(0.583990518,0.165205779,0.));
#12710=CARTESIAN_POINT('',(0.637087546,0.017227003,0.635));
#12711=CARTESIAN_POINT('',(0.637087546,0.017227003,0.));
#12712=CARTESIAN_POINT('',(0.743281602,-0.100509865,0.635));
#12713=CARTESIAN_POINT('',(0.743281602,-0.100509865,0.));
#12714=CARTESIAN_POINT('',(0.849475659,-0.218246734,0.635));
#12715=CARTESIAN_POINT('',(0.849475659,-0.218246734,0.));
#12716=CARTESIAN_POINT('',(0.9870662,-0.285426291,0.635));
#12717=CARTESIAN_POINT('',(0.9870662,-0.285426291,0.));
#12718=CARTESIAN_POINT('',(1.156053255,-0.302047605,0.635));
#12719=CARTESIAN_POINT('',(1.156053255,-0.302047605,0.));
#12720=B_SPLINE_SURFACE_WITH_KNOTS('',3,1,((#12682,#12683),(#12684,#12685),(#12686,#12687),(#12688,#12689),(#12690,#12691),(#12692,#12693),(#12694,#12695),(#12696,#12697),(#12698,#12699),(#12700,#12701),(#12702,#12703),(#12704,#12705),(#12706,#12707),(#12708,#12709),(#12710,#12711),(#12712,#12713),(#12714,#12715),(#12716,#12717),(#12718,#12719)),.UNSPECIFIED.,.F.,.F.,.U.,(4,3,3,3,3,3,4),(2,2),(0.486737531,0.558591753,0.630446006,0.727601102,0.824756565,0.912378282,1.),(0.,1.),.UNSPECIFIED.);
#12721=ORIENTED_EDGE('',*,*,#2199,.F.);
#12722=CARTESIAN_POINT('',(1.719805103,0.648158001,0.635));
#12723=VERTEX_POINT('',#12722);
#12724=CARTESIAN_POINT('',(1.719805103,0.648158001,0.635));
#12725=DIRECTION('',(0.,0.,-1.));
#12726=VECTOR('',#12725,0.635);
#12727=LINE('',#12724,#12726);
#12728=EDGE_CURVE('',#12723,#2153,#12727,.T.);
#12729=ORIENTED_EDGE('',*,*,#12728,.F.);
#12730=CARTESIAN_POINT('',(1.719805103,0.648158001,0.635));
#12731=CARTESIAN_POINT('',(1.692102331,0.768203152,0.635));
#12732=CARTESIAN_POINT('',(1.634619006,0.86146952,0.635));
#12733=CARTESIAN_POINT('',(1.547355245,0.927956173,0.635));
#12734=CARTESIAN_POINT('',(1.460091426,0.994442826,0.635));
#12735=CARTESIAN_POINT('',(1.350896182,1.027686385,0.635));
#12736=CARTESIAN_POINT('',(1.219769689,1.027686385,0.635));
#12737=CARTESIAN_POINT('',(1.042471803,1.027686385,0.635));
#12738=CARTESIAN_POINT('',(0.892184133,0.96304608,0.635));
#12739=CARTESIAN_POINT('',(0.76890671,0.833766865,0.635));
#12740=CARTESIAN_POINT('',(0.645629287,0.704486718,0.635));
#12741=CARTESIAN_POINT('',(0.583990518,0.541040538,0.635));
#12742=CARTESIAN_POINT('',(0.583990518,0.343427392,0.635));
#12743=CARTESIAN_POINT('',(0.583990518,0.165205779,0.635));
#12744=CARTESIAN_POINT('',(0.637087546,0.017227003,0.635));
#12745=CARTESIAN_POINT('',(0.743281602,-0.100509865,0.635));
#12746=CARTESIAN_POINT('',(0.849475659,-0.218246734,0.635));
#12747=CARTESIAN_POINT('',(0.9870662,-0.285426291,0.635));
#12748=CARTESIAN_POINT('',(1.156053255,-0.302047605,0.635));
#12749=B_SPLINE_CURVE_WITH_KNOTS('',3,(#12730,#12731,#12732,#12733,#12734,#12735,#12736,#12737,#12738,#12739,#12740,#12741,#12742,#12743,#12744,#12745,#12746,#12747,#12748),.UNSPECIFIED.,.F.,.F.,(4,3,3,3,3,3,4),(0.486737531,0.558591753,0.630446006,0.727601102,0.824756565,0.912378282,1.),.UNSPECIFIED.);
#12750=EDGE_CURVE('',#12723,#12658,#12749,.T.);
#12751=ORIENTED_EDGE('',*,*,#12750,.T.);
#12752=ORIENTED_EDGE('',*,*,#12663,.T.);
#12753=EDGE_LOOP('',(#12721,#12729,#12751,#12752));
#12754=FACE_BOUND('',#12753,.T.);
#12755=ADVANCED_FACE('',(#12754),#12720,.T.);
#12756=CARTESIAN_POINT('',(2.132576814,-0.277115168,0.635));
#12757=CARTESIAN_POINT('',(2.132576814,-0.277115168,0.));
#12758=CARTESIAN_POINT('',(2.299716969,-0.246642293,0.635));
#12759=CARTESIAN_POINT('',(2.299716969,-0.246642293,0.));
#12760=CARTESIAN_POINT('',(2.429227502,-0.177384956,0.635));
#12761=CARTESIAN_POINT('',(2.429227502,-0.177384956,0.));
#12762=CARTESIAN_POINT('',(2.521108527,-0.069344087,0.635));
#12763=CARTESIAN_POINT('',(2.521108527,-0.069344087,0.));
#12764=CARTESIAN_POINT('',(2.61298932,0.038696783,0.635));
#12765=CARTESIAN_POINT('',(2.61298932,0.038696783,0.));
#12766=CARTESIAN_POINT('',(2.658929833,0.173054965,0.635));
#12767=CARTESIAN_POINT('',(2.658929833,0.173054965,0.));
#12768=CARTESIAN_POINT('',(2.658929833,0.333731392,0.635));
#12769=CARTESIAN_POINT('',(2.658929833,0.333731392,0.));
#12770=CARTESIAN_POINT('',(2.658929833,0.444542481,0.635));
#12771=CARTESIAN_POINT('',(2.658929833,0.444542481,0.));
#12772=CARTESIAN_POINT('',(2.635151538,0.546580976,0.635));
#12773=CARTESIAN_POINT('',(2.635151538,0.546580976,0.));
#12774=CARTESIAN_POINT('',(2.58759518,0.639847344,0.635));
#12775=CARTESIAN_POINT('',(2.58759518,0.639847344,0.));
#12776=CARTESIAN_POINT('',(2.540038706,0.73311278,0.635));
#12777=CARTESIAN_POINT('',(2.540038706,0.73311278,0.));
#12778=CARTESIAN_POINT('',(2.475167898,0.804447433,0.635));
#12779=CARTESIAN_POINT('',(2.475167898,0.804447433,0.));
#12780=CARTESIAN_POINT('',(2.392982988,0.853851302,0.635));
#12781=CARTESIAN_POINT('',(2.392982988,0.853851302,0.));
#12782=CARTESIAN_POINT('',(2.310798078,0.903254239,0.635));
#12783=CARTESIAN_POINT('',(2.310798078,0.903254239,0.));
#12784=CARTESIAN_POINT('',(2.223534201,0.927956173,0.635));
#12785=CARTESIAN_POINT('',(2.223534201,0.927956173,0.));
#12786=CARTESIAN_POINT('',(2.131191588,0.927956173,0.635));
#12787=CARTESIAN_POINT('',(2.131191588,0.927956173,0.));
#12788=CARTESIAN_POINT('',(2.043466008,0.927956173,0.635));
#12789=CARTESIAN_POINT('',(2.043466008,0.927956173,0.));
#12790=CARTESIAN_POINT('',(1.963589614,0.904409079,0.635));
#12791=CARTESIAN_POINT('',(1.963589614,0.904409079,0.));
#12792=CARTESIAN_POINT('',(1.891562406,0.857314425,0.635));
#12793=CARTESIAN_POINT('',(1.891562406,0.857314425,0.));
#12794=CARTESIAN_POINT('',(1.819535083,0.810219305,0.635));
#12795=CARTESIAN_POINT('',(1.819535083,0.810219305,0.));
#12796=CARTESIAN_POINT('',(1.762282726,0.740500497,0.635));
#12797=CARTESIAN_POINT('',(1.762282726,0.740500497,0.));
#12798=CARTESIAN_POINT('',(1.719805103,0.648158001,0.635));
#12799=CARTESIAN_POINT('',(1.719805103,0.648158001,0.));
#12800=B_SPLINE_SURFACE_WITH_KNOTS('',3,1,((#12756,#12757),(#12758,#12759),(#12760,#12761),(#12762,#12763),(#12764,#12765),(#12766,#12767),(#12768,#12769),(#12770,#12771),(#12772,#12773),(#12774,#12775),(#12776,#12777),(#12778,#12779),(#12780,#12781),(#12782,#12783),(#12784,#12785),(#12786,#12787),(#12788,#12789),(#12790,#12791),(#12792,#12793),(#12794,#12795),(#12796,#12797),(#12798,#12799)),.UNSPECIFIED.,.F.,.F.,.U.,(4,3,3,3,3,3,3,4),(2,2),(0.,0.090483895,0.180967694,0.243370178,0.305772199,0.368173908,0.427455598,0.486737531),(0.,1.),.UNSPECIFIED.);
#12801=ORIENTED_EDGE('',*,*,#2177,.F.);
#12802=CARTESIAN_POINT('',(2.132576814,-0.277115168,0.635));
#12803=VERTEX_POINT('',#12802);
#12804=CARTESIAN_POINT('',(2.132576814,-0.277115168,0.635));
#12805=DIRECTION('',(0.,0.,-1.));
#12806=VECTOR('',#12805,0.635);
#12807=LINE('',#12804,#12806);
#12808=EDGE_CURVE('',#12803,#2145,#12807,.T.);
#12809=ORIENTED_EDGE('',*,*,#12808,.F.);
#12810=CARTESIAN_POINT('',(2.132576814,-0.277115168,0.635));
#12811=CARTESIAN_POINT('',(2.299716969,-0.246642293,0.635));
#12812=CARTESIAN_POINT('',(2.429227502,-0.177384956,0.635));
#12813=CARTESIAN_POINT('',(2.521108527,-0.069344087,0.635));
#12814=CARTESIAN_POINT('',(2.61298932,0.038696783,0.635));
#12815=CARTESIAN_POINT('',(2.658929833,0.173054965,0.635));
#12816=CARTESIAN_POINT('',(2.658929833,0.333731392,0.635));
#12817=CARTESIAN_POINT('',(2.658929833,0.444542481,0.635));
#12818=CARTESIAN_POINT('',(2.635151538,0.546580976,0.635));
#12819=CARTESIAN_POINT('',(2.58759518,0.639847344,0.635));
#12820=CARTESIAN_POINT('',(2.540038706,0.73311278,0.635));
#12821=CARTESIAN_POINT('',(2.475167898,0.804447433,0.635));
#12822=CARTESIAN_POINT('',(2.392982988,0.853851302,0.635));
#12823=CARTESIAN_POINT('',(2.310798078,0.903254239,0.635));
#12824=CARTESIAN_POINT('',(2.223534201,0.927956173,0.635));
#12825=CARTESIAN_POINT('',(2.131191588,0.927956173,0.635));
#12826=CARTESIAN_POINT('',(2.043466008,0.927956173,0.635));
#12827=CARTESIAN_POINT('',(1.963589614,0.904409079,0.635));
#12828=CARTESIAN_POINT('',(1.891562406,0.857314425,0.635));
#12829=CARTESIAN_POINT('',(1.819535083,0.810219305,0.635));
#12830=CARTESIAN_POINT('',(1.762282726,0.740500497,0.635));
#12831=CARTESIAN_POINT('',(1.719805103,0.648158001,0.635));
#12832=B_SPLINE_CURVE_WITH_KNOTS('',3,(#12810,#12811,#12812,#12813,#12814,#12815,#12816,#12817,#12818,#12819,#12820,#12821,#12822,#12823,#12824,#12825,#12826,#12827,#12828,#12829,#12830,#12831),.UNSPECIFIED.,.F.,.F.,(4,3,3,3,3,3,3,4),(0.,0.090483895,0.180967694,0.243370178,0.305772199,0.368173908,0.427455598,0.486737531),.UNSPECIFIED.);
#12833=EDGE_CURVE('',#12803,#12723,#12832,.T.);
#12834=ORIENTED_EDGE('',*,*,#12833,.T.);
#12835=ORIENTED_EDGE('',*,*,#12728,.T.);
#12836=EDGE_LOOP('',(#12801,#12809,#12834,#12835));
#12837=FACE_BOUND('',#12836,.T.);
#12838=ADVANCED_FACE('',(#12837),#12800,.T.);
#12839=CARTESIAN_POINT('',(2.110414539,-0.152452519,0.635));
#12840=DIRECTION('',(0.984562471,0.175033543,0.));
#12841=DIRECTION('',(-0.175033543,0.984562471,0.));
#12842=AXIS2_PLACEMENT_3D('',#12839,#12840,#12841);
#12843=PLANE('',#12842);
#12844=ORIENTED_EDGE('',*,*,#2150,.F.);
#12845=CARTESIAN_POINT('',(2.088252263,-0.02778987,0.635));
#12846=VERTEX_POINT('',#12845);
#12847=CARTESIAN_POINT('',(2.088252263,-0.02778987,0.635));
#12848=DIRECTION('',(0.,0.,-1.));
#12849=VECTOR('',#12848,0.635);
#12850=LINE('',#12847,#12849);
#12851=EDGE_CURVE('',#12846,#2118,#12850,.T.);
#12852=ORIENTED_EDGE('',*,*,#12851,.F.);
#12853=CARTESIAN_POINT('',(2.088252263,-0.02778987,0.635));
#12854=DIRECTION('',(0.175033543,-0.984562471,0.));
#12855=VECTOR('',#12854,0.253234615);
#12856=LINE('',#12853,#12855);
#12857=EDGE_CURVE('',#12846,#12803,#12856,.T.);
#12858=ORIENTED_EDGE('',*,*,#12857,.T.);
#12859=ORIENTED_EDGE('',*,*,#12808,.T.);
#12860=EDGE_LOOP('',(#12844,#12852,#12858,#12859));
#12861=FACE_BOUND('',#12860,.T.);
#12862=ADVANCED_FACE('',(#12861),#12843,.T.);
#12863=CARTESIAN_POINT('',(1.8001432,0.217379866,0.635));
#12864=CARTESIAN_POINT('',(1.8001432,0.217379866,0.));
#12865=CARTESIAN_POINT('',(1.798296271,0.23400118,0.635));
#12866=CARTESIAN_POINT('',(1.798296271,0.23400118,0.));
#12867=CARTESIAN_POINT('',(1.797372981,0.247390805,0.635));
#12868=CARTESIAN_POINT('',(1.797372981,0.247390805,0.));
#12869=CARTESIAN_POINT('',(1.797372981,0.25754874,0.635));
#12870=CARTESIAN_POINT('',(1.797372981,0.25754874,0.));
#12871=CARTESIAN_POINT('',(1.797372981,0.363742331,0.635));
#12872=CARTESIAN_POINT('',(1.797372981,0.363742331,0.));
#12873=CARTESIAN_POINT('',(1.825075753,0.459316982,0.635));
#12874=CARTESIAN_POINT('',(1.825075753,0.459316982,0.));
#12875=CARTESIAN_POINT('',(1.880481298,0.544272693,0.635));
#12876=CARTESIAN_POINT('',(1.880481298,0.544272693,0.));
#12877=CARTESIAN_POINT('',(1.935886958,0.629227472,0.635));
#12878=CARTESIAN_POINT('',(1.935886958,0.629227472,0.));
#12879=CARTESIAN_POINT('',(2.02130379,0.671705561,0.635));
#12880=CARTESIAN_POINT('',(2.02130379,0.671705561,0.));
#12881=CARTESIAN_POINT('',(2.136732143,0.671705561,0.635));
#12882=CARTESIAN_POINT('',(2.136732143,0.671705561,0.));
#12883=CARTESIAN_POINT('',(2.228151465,0.671705561,0.635));
#12884=CARTESIAN_POINT('',(2.228151465,0.671705561,0.));
#12885=CARTESIAN_POINT('',(2.303872298,0.640770284,0.635));
#12886=CARTESIAN_POINT('',(2.303872298,0.640770284,0.));
#12887=CARTESIAN_POINT('',(2.363895107,0.578901129,0.635));
#12888=CARTESIAN_POINT('',(2.363895107,0.578901129,0.));
#12889=CARTESIAN_POINT('',(2.423917682,0.517031042,0.635));
#12890=CARTESIAN_POINT('',(2.423917682,0.517031042,0.));
#12891=CARTESIAN_POINT('',(2.453929203,0.437154764,0.635));
#12892=CARTESIAN_POINT('',(2.453929203,0.437154764,0.));
#12893=CARTESIAN_POINT('',(2.453929203,0.33927183,0.635));
#12894=CARTESIAN_POINT('',(2.453929203,0.33927183,0.));
#12895=CARTESIAN_POINT('',(2.453929203,0.242312303,0.635));
#12896=CARTESIAN_POINT('',(2.453929203,0.242312303,0.));
#12897=CARTESIAN_POINT('',(2.423456096,0.161512153,0.635));
#12898=CARTESIAN_POINT('',(2.423456096,0.161512153,0.));
#12899=CARTESIAN_POINT('',(2.362509997,0.096872313,0.635));
#12900=CARTESIAN_POINT('',(2.362509997,0.096872313,0.));
#12901=CARTESIAN_POINT('',(2.301563782,0.032232007,0.635));
#12902=CARTESIAN_POINT('',(2.301563782,0.032232007,0.));
#12903=CARTESIAN_POINT('',(2.210144576,-0.009322209,0.635));
#12904=CARTESIAN_POINT('',(2.210144576,-0.009322209,0.));
#12905=CARTESIAN_POINT('',(2.088252263,-0.02778987,0.635));
#12906=CARTESIAN_POINT('',(2.088252263,-0.02778987,0.));
#12907=B_SPLINE_SURFACE_WITH_KNOTS('',3,1,((#12863,#12864),(#12865,#12866),(#12867,#12868),(#12869,#12870),(#12871,#12872),(#12873,#12874),(#12875,#12876),(#12877,#12878),(#12879,#12880),(#12881,#12882),(#12883,#12884),(#12885,#12886),(#12887,#12888),(#12889,#12890),(#12891,#12892),(#12893,#12894),(#12895,#12896),(#12897,#12898),(#12899,#12900),(#12901,#12902),(#12903,#12904),(#12905,#12906)),.UNSPECIFIED.,.F.,.F.,.U.,(4,3,3,3,3,3,3,4),(2,2),(0.,0.018224482,0.208747766,0.399269704,0.550163189,0.701057561,0.850528428,1.),(0.,1.),.UNSPECIFIED.);
#12908=ORIENTED_EDGE('',*,*,#2142,.F.);
#12909=CARTESIAN_POINT('',(1.8001432,0.217379866,0.635));
#12910=VERTEX_POINT('',#12909);
#12911=CARTESIAN_POINT('',(1.8001432,0.217379866,0.635));
#12912=DIRECTION('',(0.,0.,-1.));
#12913=VECTOR('',#12912,0.635);
#12914=LINE('',#12911,#12913);
#12915=EDGE_CURVE('',#12910,#2110,#12914,.T.);
#12916=ORIENTED_EDGE('',*,*,#12915,.F.);
#12917=CARTESIAN_POINT('',(1.8001432,0.217379866,0.635));
#12918=CARTESIAN_POINT('',(1.798296271,0.23400118,0.635));
#12919=CARTESIAN_POINT('',(1.797372981,0.247390805,0.635));
#12920=CARTESIAN_POINT('',(1.797372981,0.25754874,0.635));
#12921=CARTESIAN_POINT('',(1.797372981,0.363742331,0.635));
#12922=CARTESIAN_POINT('',(1.825075753,0.459316982,0.635));
#12923=CARTESIAN_POINT('',(1.880481298,0.544272693,0.635));
#12924=CARTESIAN_POINT('',(1.935886958,0.629227472,0.635));
#12925=CARTESIAN_POINT('',(2.02130379,0.671705561,0.635));
#12926=CARTESIAN_POINT('',(2.136732143,0.671705561,0.635));
#12927=CARTESIAN_POINT('',(2.228151465,0.671705561,0.635));
#12928=CARTESIAN_POINT('',(2.303872298,0.640770284,0.635));
#12929=CARTESIAN_POINT('',(2.363895107,0.578901129,0.635));
#12930=CARTESIAN_POINT('',(2.423917682,0.517031042,0.635));
#12931=CARTESIAN_POINT('',(2.453929203,0.437154764,0.635));
#12932=CARTESIAN_POINT('',(2.453929203,0.33927183,0.635));
#12933=CARTESIAN_POINT('',(2.453929203,0.242312303,0.635));
#12934=CARTESIAN_POINT('',(2.423456096,0.161512153,0.635));
#12935=CARTESIAN_POINT('',(2.362509997,0.096872313,0.635));
#12936=CARTESIAN_POINT('',(2.301563782,0.032232007,0.635));
#12937=CARTESIAN_POINT('',(2.210144576,-0.009322209,0.635));
#12938=CARTESIAN_POINT('',(2.088252263,-0.02778987,0.635));
#12939=B_SPLINE_CURVE_WITH_KNOTS('',3,(#12917,#12918,#12919,#12920,#12921,#12922,#12923,#12924,#12925,#12926,#12927,#12928,#12929,#12930,#12931,#12932,#12933,#12934,#12935,#12936,#12937,#12938),.UNSPECIFIED.,.F.,.F.,(4,3,3,3,3,3,3,4),(0.,0.018224482,0.208747766,0.399269704,0.550163189,0.701057561,0.850528428,1.),.UNSPECIFIED.);
#12940=EDGE_CURVE('',#12910,#12846,#12939,.T.);
#12941=ORIENTED_EDGE('',*,*,#12940,.T.);
#12942=ORIENTED_EDGE('',*,*,#12851,.T.);
#12943=EDGE_LOOP('',(#12908,#12916,#12941,#12942));
#12944=FACE_BOUND('',#12943,.T.);
#12945=ADVANCED_FACE('',(#12944),#12907,.T.);
#12946=CARTESIAN_POINT('',(1.690717193,0.203528306,0.635));
#12947=DIRECTION('',(-0.125581679,0.992083284,0.));
#12948=DIRECTION('',(-0.992083284,-0.125581679,0.));
#12949=AXIS2_PLACEMENT_3D('',#12946,#12947,#12948);
#12950=PLANE('',#12949);
#12951=ORIENTED_EDGE('',*,*,#2115,.F.);
#12952=CARTESIAN_POINT('',(1.581291185,0.189676745,0.635));
#12953=VERTEX_POINT('',#12952);
#12954=CARTESIAN_POINT('',(1.581291185,0.189676745,0.635));
#12955=DIRECTION('',(0.,0.,-1.));
#12956=VECTOR('',#12955,0.635);
#12957=LINE('',#12954,#12956);
#12958=EDGE_CURVE('',#12953,#2083,#12957,.T.);
#12959=ORIENTED_EDGE('',*,*,#12958,.F.);
#12960=CARTESIAN_POINT('',(1.581291185,0.189676745,0.635));
#12961=DIRECTION('',(0.992083284,0.125581679,0.));
#12962=VECTOR('',#12961,0.220598431);
#12963=LINE('',#12960,#12962);
#12964=EDGE_CURVE('',#12953,#12910,#12963,.T.);
#12965=ORIENTED_EDGE('',*,*,#12964,.T.);
#12966=ORIENTED_EDGE('',*,*,#12915,.T.);
#12967=EDGE_LOOP('',(#12951,#12959,#12965,#12966));
#12968=FACE_BOUND('',#12967,.T.);
#12969=ADVANCED_FACE('',(#12968),#12950,.T.);
#12970=CARTESIAN_POINT('',(1.18929664,-0.052722773,0.635));
#12971=CARTESIAN_POINT('',(1.18929664,-0.052722773,0.));
#12972=CARTESIAN_POINT('',(1.048012357,-0.024096711,0.635));
#12973=CARTESIAN_POINT('',(1.048012357,-0.024096711,0.));
#12974=CARTESIAN_POINT('',(0.946204568,0.024613788,0.635));
#12975=CARTESIAN_POINT('',(0.946204568,0.024613788,0.));
#12976=CARTESIAN_POINT('',(0.883873302,0.093409656,0.635));
#12977=CARTESIAN_POINT('',(0.883873302,0.093409656,0.));
#12978=CARTESIAN_POINT('',(0.821542035,0.162204592,0.635));
#12979=CARTESIAN_POINT('',(0.821542035,0.162204592,0.));
#12980=CARTESIAN_POINT('',(0.790376373,0.246005462,0.635));
#12981=CARTESIAN_POINT('',(0.790376373,0.246005462,0.));
#12982=CARTESIAN_POINT('',(0.790376373,0.344812734,0.635));
#12983=CARTESIAN_POINT('',(0.790376373,0.344812734,0.));
#12984=CARTESIAN_POINT('',(0.790376373,0.462087667,0.635));
#12985=CARTESIAN_POINT('',(0.790376373,0.462087667,0.));
#12986=CARTESIAN_POINT('',(0.831007125,0.561124975,0.635));
#12987=CARTESIAN_POINT('',(0.831007125,0.561124975,0.));
#12988=CARTESIAN_POINT('',(0.912268657,0.641925124,0.635));
#12989=CARTESIAN_POINT('',(0.912268657,0.641925124,0.));
#12990=CARTESIAN_POINT('',(0.99353019,0.722724343,0.635));
#12991=CARTESIAN_POINT('',(0.99353019,0.722724343,0.));
#12992=CARTESIAN_POINT('',(1.094183663,0.76312465,0.635));
#12993=CARTESIAN_POINT('',(1.094183663,0.76312465,0.));
#12994=CARTESIAN_POINT('',(1.214229135,0.76312465,0.635));
#12995=CARTESIAN_POINT('',(1.214229135,0.76312465,0.));
#12996=CARTESIAN_POINT('',(1.328734023,0.76312465,0.635));
#12997=CARTESIAN_POINT('',(1.328734023,0.76312465,0.));
#12998=CARTESIAN_POINT('',(1.423154358,0.725725995,0.635));
#12999=CARTESIAN_POINT('',(1.423154358,0.725725995,0.));
#13000=CARTESIAN_POINT('',(1.497490197,0.65092822,0.635));
#13001=CARTESIAN_POINT('',(1.497490197,0.65092822,0.));
#13002=CARTESIAN_POINT('',(1.571825979,0.57613091,0.635));
#13003=CARTESIAN_POINT('',(1.571825979,0.57613091,0.));
#13004=CARTESIAN_POINT('',(1.608993899,0.481017264,0.635));
#13005=CARTESIAN_POINT('',(1.608993899,0.481017264,0.));
#13006=CARTESIAN_POINT('',(1.608993899,0.365589609,0.635));
#13007=CARTESIAN_POINT('',(1.608993899,0.365589609,0.));
#13008=CARTESIAN_POINT('',(1.608993899,0.318494955,0.635));
#13009=CARTESIAN_POINT('',(1.608993899,0.318494955,0.));
#13010=CARTESIAN_POINT('',(1.599759602,0.259857023,0.635));
#13011=CARTESIAN_POINT('',(1.599759602,0.259857023,0.));
#13012=CARTESIAN_POINT('',(1.581291185,0.189676745,0.635));
#13013=CARTESIAN_POINT('',(1.581291185,0.189676745,0.));
#13014=B_SPLINE_SURFACE_WITH_KNOTS('',3,1,((#12970,#12971),(#12972,#12973),(#12974,#12975),(#12976,#12977),(#12978,#12979),(#12980,#12981),(#12982,#12983),(#12984,#12985),(#12986,#12987),(#12988,#12989),(#12990,#12991),(#12992,#12993),(#12994,#12995),(#12996,#12997),(#12998,#12999),(#13000,#13001),(#13002,#13003),(#13004,#13005),(#13006,#13007),(#13008,#13009),(#13010,#13011),(#13012,#13013)),.UNSPECIFIED.,.F.,.F.,.U.,(4,3,3,3,3,3,3,4),(2,2),(0.,0.140847094,0.28169314,0.448864143,0.616034187,0.775488658,0.934942568,1.),(0.,1.),.UNSPECIFIED.);
#13015=ORIENTED_EDGE('',*,*,#2107,.F.);
#13016=ORIENTED_EDGE('',*,*,#12677,.F.);
#13017=CARTESIAN_POINT('',(1.18929664,-0.052722773,0.635));
#13018=CARTESIAN_POINT('',(1.048012357,-0.024096711,0.635));
#13019=CARTESIAN_POINT('',(0.946204568,0.024613788,0.635));
#13020=CARTESIAN_POINT('',(0.883873302,0.093409656,0.635));
#13021=CARTESIAN_POINT('',(0.821542035,0.162204592,0.635));
#13022=CARTESIAN_POINT('',(0.790376373,0.246005462,0.635));
#13023=CARTESIAN_POINT('',(0.790376373,0.344812734,0.635));
#13024=CARTESIAN_POINT('',(0.790376373,0.462087667,0.635));
#13025=CARTESIAN_POINT('',(0.831007125,0.561124975,0.635));
#13026=CARTESIAN_POINT('',(0.912268657,0.641925124,0.635));
#13027=CARTESIAN_POINT('',(0.99353019,0.722724343,0.635));
#13028=CARTESIAN_POINT('',(1.094183663,0.76312465,0.635));
#13029=CARTESIAN_POINT('',(1.214229135,0.76312465,0.635));
#13030=CARTESIAN_POINT('',(1.328734023,0.76312465,0.635));
#13031=CARTESIAN_POINT('',(1.423154358,0.725725995,0.635));
#13032=CARTESIAN_POINT('',(1.497490197,0.65092822,0.635));
#13033=CARTESIAN_POINT('',(1.571825979,0.57613091,0.635));
#13034=CARTESIAN_POINT('',(1.608993899,0.481017264,0.635));
#13035=CARTESIAN_POINT('',(1.608993899,0.365589609,0.635));
#13036=CARTESIAN_POINT('',(1.608993899,0.318494955,0.635));
#13037=CARTESIAN_POINT('',(1.599759602,0.259857023,0.635));
#13038=CARTESIAN_POINT('',(1.581291185,0.189676745,0.635));
#13039=B_SPLINE_CURVE_WITH_KNOTS('',3,(#13017,#13018,#13019,#13020,#13021,#13022,#13023,#13024,#13025,#13026,#13027,#13028,#13029,#13030,#13031,#13032,#13033,#13034,#13035,#13036,#13037,#13038),.UNSPECIFIED.,.F.,.F.,(4,3,3,3,3,3,3,4),(0.,0.140847094,0.28169314,0.448864143,0.616034187,0.775488658,0.934942568,1.),.UNSPECIFIED.);
#13040=EDGE_CURVE('',#12666,#12953,#13039,.T.);
#13041=ORIENTED_EDGE('',*,*,#13040,.T.);
#13042=ORIENTED_EDGE('',*,*,#12958,.T.);
#13043=EDGE_LOOP('',(#13015,#13016,#13041,#13042));
#13044=FACE_BOUND('',#13043,.T.);
#13045=ADVANCED_FACE('',(#13044),#13014,.T.);
#13046=CARTESIAN_POINT('',(0.,0.,0.635));
#13047=DIRECTION('',(0.,0.,-1.));
#13048=DIRECTION('',(-1.,0.,0.));
#13049=AXIS2_PLACEMENT_3D('',#13046,#13047,#13048);
#13050=PLANE('',#13049);
#13051=ORIENTED_EDGE('',*,*,#12671,.F.);
#13052=ORIENTED_EDGE('',*,*,#12750,.F.);
#13053=ORIENTED_EDGE('',*,*,#12833,.F.);
#13054=ORIENTED_EDGE('',*,*,#12857,.F.);
#13055=ORIENTED_EDGE('',*,*,#12940,.F.);
#13056=ORIENTED_EDGE('',*,*,#12964,.F.);
#13057=ORIENTED_EDGE('',*,*,#13040,.F.);
#13058=EDGE_LOOP('',(#13051,#13052,#13053,#13054,#13055,#13056,#13057));
#13059=FACE_BOUND('',#13058,.T.);
#13060=ADVANCED_FACE('',(#13059),#13050,.T.);
#13061=CARTESIAN_POINT('',(1.283486123,2.988352304,0.635));
#13062=DIRECTION('',(-0.996199639,0.087099252,0.));
#13063=DIRECTION('',(-0.087099252,-0.996199639,0.));
#13064=AXIS2_PLACEMENT_3D('',#13061,#13062,#13063);
#13065=PLANE('',#13064);
#13066=ORIENTED_EDGE('',*,*,#40,.F.);
#13067=CARTESIAN_POINT('',(1.272405014,2.861611875,0.635));
#13068=VERTEX_POINT('',#13067);
#13069=CARTESIAN_POINT('',(1.272405014,2.861611875,0.635));
#13070=DIRECTION('',(0.,0.,-1.));
#13071=VECTOR('',#13070,0.635);
#13072=LINE('',#13069,#13071);
#13073=EDGE_CURVE('',#13068,#33,#13072,.T.);
#13074=ORIENTED_EDGE('',*,*,#13073,.F.);
#13075=CARTESIAN_POINT('',(1.294567232,3.115092734,0.635));
#13076=VERTEX_POINT('',#13075);
#13077=CARTESIAN_POINT('',(1.272405014,2.861611875,0.635));
#13078=DIRECTION('',(0.087099252,0.996199639,0.));
#13079=VECTOR('',#13078,0.254447853);
#13080=LINE('',#13077,#13079);
#13081=EDGE_CURVE('',#13068,#13076,#13080,.T.);
#13082=ORIENTED_EDGE('',*,*,#13081,.T.);
#13083=CARTESIAN_POINT('',(1.294567232,3.115092734,0.635));
#13084=DIRECTION('',(0.,0.,-1.));
#13085=VECTOR('',#13084,0.635);
#13086=LINE('',#13083,#13085);
#13087=EDGE_CURVE('',#13076,#35,#13086,.T.);
#13088=ORIENTED_EDGE('',*,*,#13087,.T.);
#13089=EDGE_LOOP('',(#13066,#13074,#13082,#13088));
#13090=FACE_BOUND('',#13089,.T.);
#13091=ADVANCED_FACE('',(#13090),#13065,.T.);
#13092=CARTESIAN_POINT('',(1.689332112,4.131784992,0.635));
#13093=CARTESIAN_POINT('',(1.689332112,4.131784992,0.));
#13094=CARTESIAN_POINT('',(1.634849858,4.249982866,0.635));
#13095=CARTESIAN_POINT('',(1.634849858,4.249982866,0.));
#13096=CARTESIAN_POINT('',(1.565823721,4.337246859,0.635));
#13097=CARTESIAN_POINT('',(1.565823721,4.337246859,0.));
#13098=CARTESIAN_POINT('',(1.482253644,4.393576043,0.635));
#13099=CARTESIAN_POINT('',(1.482253644,4.393576043,0.));
#13100=CARTESIAN_POINT('',(1.398683508,4.449904295,0.635));
#13101=CARTESIAN_POINT('',(1.398683508,4.449904295,0.));
#13102=CARTESIAN_POINT('',(1.30241636,4.478069352,0.635));
#13103=CARTESIAN_POINT('',(1.30241636,4.478069352,0.));
#13104=CARTESIAN_POINT('',(1.193452027,4.478070283,0.635));
#13105=CARTESIAN_POINT('',(1.193452027,4.478070283,0.));
#13106=CARTESIAN_POINT('',(1.085411128,4.478069352,0.635));
#13107=CARTESIAN_POINT('',(1.085411128,4.478069352,0.));
#13108=CARTESIAN_POINT('',(0.983603368,4.447134541,0.635));
#13109=CARTESIAN_POINT('',(0.983603368,4.447134541,0.));
#13110=CARTESIAN_POINT('',(0.888028717,4.385265851,0.635));
#13111=CARTESIAN_POINT('',(0.888028717,4.385265851,0.));
#13112=CARTESIAN_POINT('',(0.792454096,4.323395299,0.635));
#13113=CARTESIAN_POINT('',(0.792454096,4.323395299,0.));
#13114=CARTESIAN_POINT('',(0.718118256,4.234516392,0.635));
#13115=CARTESIAN_POINT('',(0.718118256,4.234516392,0.));
#13116=CARTESIAN_POINT('',(0.665021228,4.118626336,0.635));
#13117=CARTESIAN_POINT('',(0.665021228,4.118626336,0.));
#13118=CARTESIAN_POINT('',(0.611924199,4.002735348,0.635));
#13119=CARTESIAN_POINT('',(0.611924199,4.002735348,0.));
#13120=CARTESIAN_POINT('',(0.585375685,3.872301759,0.635));
#13121=CARTESIAN_POINT('',(0.585375685,3.872301759,0.));
#13122=CARTESIAN_POINT('',(0.585375685,3.727324637,0.635));
#13123=CARTESIAN_POINT('',(0.585375685,3.727324637,0.));
#13124=CARTESIAN_POINT('',(0.585375685,3.543561654,0.635));
#13125=CARTESIAN_POINT('',(0.585375685,3.543561654,0.));
#13126=CARTESIAN_POINT('',(0.612155051,3.389580505,0.635));
#13127=CARTESIAN_POINT('',(0.612155051,3.389580505,0.));
#13128=CARTESIAN_POINT('',(0.665713782,3.265380258,0.635));
#13129=CARTESIAN_POINT('',(0.665713782,3.265380258,0.));
#13130=CARTESIAN_POINT('',(0.719272514,3.141179079,0.635));
#13131=CARTESIAN_POINT('',(0.719272514,3.141179079,0.));
#13132=CARTESIAN_POINT('',(0.799841521,3.043758081,0.635));
#13133=CARTESIAN_POINT('',(0.799841521,3.043758081,0.));
#13134=CARTESIAN_POINT('',(0.907420687,2.973115401,0.635));
#13135=CARTESIAN_POINT('',(0.907420687,2.973115401,0.));
#13136=CARTESIAN_POINT('',(1.014999853,2.902473653,0.635));
#13137=CARTESIAN_POINT('',(1.014999853,2.902473653,0.));
#13138=CARTESIAN_POINT('',(1.136661315,2.8653055,0.635));
#13139=CARTESIAN_POINT('',(1.136661315,2.8653055,0.));
#13140=CARTESIAN_POINT('',(1.272405014,2.861611875,0.635));
#13141=CARTESIAN_POINT('',(1.272405014,2.861611875,0.));
#13142=B_SPLINE_SURFACE_WITH_KNOTS('',3,1,((#13092,#13093),(#13094,#13095),(#13096,#13097),(#13098,#13099),(#13100,#13101),(#13102,#13103),(#13104,#13105),(#13106,#13107),(#13108,#13109),(#13110,#13111),(#13112,#13113),(#13114,#13115),(#13116,#13117),(#13118,#13119),(#13120,#13121),(#13122,#13123),(#13124,#13125),(#13126,#13127),(#13128,#13129),(#13130,#13131),(#13132,#13133),(#13134,#13135),(#13136,#13137),(#13138,#13139),(#13140,#13141)),.UNSPECIFIED.,.F.,.F.,.U.,(4,3,3,3,3,3,3,3,4),(2,2),(0.372528859,0.444280855,0.516032514,0.587176102,0.658320307,0.729464985,0.819643063,0.90982171,1.),(0.,1.),.UNSPECIFIED.);
#13143=ORIENTED_EDGE('',*,*,#181,.F.);
#13144=CARTESIAN_POINT('',(1.689332112,4.131784992,0.635));
#13145=VERTEX_POINT('',#13144);
#13146=CARTESIAN_POINT('',(1.689332112,4.131784992,0.635));
#13147=DIRECTION('',(0.,0.,-1.));
#13148=VECTOR('',#13147,0.635);
#13149=LINE('',#13146,#13148);
#13150=EDGE_CURVE('',#13145,#144,#13149,.T.);
#13151=ORIENTED_EDGE('',*,*,#13150,.F.);
#13152=CARTESIAN_POINT('',(1.689332112,4.131784992,0.635));
#13153=CARTESIAN_POINT('',(1.634849858,4.249982866,0.635));
#13154=CARTESIAN_POINT('',(1.565823721,4.337246859,0.635));
#13155=CARTESIAN_POINT('',(1.482253644,4.393576043,0.635));
#13156=CARTESIAN_POINT('',(1.398683508,4.449904295,0.635));
#13157=CARTESIAN_POINT('',(1.30241636,4.478069352,0.635));
#13158=CARTESIAN_POINT('',(1.193452027,4.478070283,0.635));
#13159=CARTESIAN_POINT('',(1.085411128,4.478069352,0.635));
#13160=CARTESIAN_POINT('',(0.983603368,4.447134541,0.635));
#13161=CARTESIAN_POINT('',(0.888028717,4.385265851,0.635));
#13162=CARTESIAN_POINT('',(0.792454096,4.323395299,0.635));
#13163=CARTESIAN_POINT('',(0.718118256,4.234516392,0.635));
#13164=CARTESIAN_POINT('',(0.665021228,4.118626336,0.635));
#13165=CARTESIAN_POINT('',(0.611924199,4.002735348,0.635));
#13166=CARTESIAN_POINT('',(0.585375685,3.872301759,0.635));
#13167=CARTESIAN_POINT('',(0.585375685,3.727324637,0.635));
#13168=CARTESIAN_POINT('',(0.585375685,3.543561654,0.635));
#13169=CARTESIAN_POINT('',(0.612155051,3.389580505,0.635));
#13170=CARTESIAN_POINT('',(0.665713782,3.265380258,0.635));
#13171=CARTESIAN_POINT('',(0.719272514,3.141179079,0.635));
#13172=CARTESIAN_POINT('',(0.799841521,3.043758081,0.635));
#13173=CARTESIAN_POINT('',(0.907420687,2.973115401,0.635));
#13174=CARTESIAN_POINT('',(1.014999853,2.902473653,0.635));
#13175=CARTESIAN_POINT('',(1.136661315,2.8653055,0.635));
#13176=CARTESIAN_POINT('',(1.272405014,2.861611875,0.635));
#13177=B_SPLINE_CURVE_WITH_KNOTS('',3,(#13152,#13153,#13154,#13155,#13156,#13157,#13158,#13159,#13160,#13161,#13162,#13163,#13164,#13165,#13166,#13167,#13168,#13169,#13170,#13171,#13172,#13173,#13174,#13175,#13176),.UNSPECIFIED.,.F.,.F.,(4,3,3,3,3,3,3,3,4),(0.372528859,0.444280855,0.516032514,0.587176102,0.658320307,0.729464985,0.819643063,0.90982171,1.),.UNSPECIFIED.);
#13178=EDGE_CURVE('',#13145,#13068,#13177,.T.);
#13179=ORIENTED_EDGE('',*,*,#13178,.T.);
#13180=ORIENTED_EDGE('',*,*,#13073,.T.);
#13181=EDGE_LOOP('',(#13143,#13151,#13179,#13180));
#13182=FACE_BOUND('',#13181,.T.);
#13183=ADVANCED_FACE('',(#13182),#13142,.T.);
#13184=CARTESIAN_POINT('',(1.96358973,3.277154038,0.635));
#13185=CARTESIAN_POINT('',(1.96358973,3.277154038,0.));
#13186=CARTESIAN_POINT('',(1.916494959,3.328864792,0.635));
#13187=CARTESIAN_POINT('',(1.916494959,3.328864792,0.));
#13188=CARTESIAN_POINT('',(1.868245931,3.46391681,0.635));
#13189=CARTESIAN_POINT('',(1.868245931,3.46391681,0.));
#13190=CARTESIAN_POINT('',(1.818842644,3.682307297,0.635));
#13191=CARTESIAN_POINT('',(1.818842644,3.682307297,0.));
#13192=CARTESIAN_POINT('',(1.769439241,3.900697785,0.635));
#13193=CARTESIAN_POINT('',(1.769439241,3.900697785,0.));
#13194=CARTESIAN_POINT('',(1.726269064,4.050523372,0.635));
#13195=CARTESIAN_POINT('',(1.726269064,4.050523372,0.));
#13196=CARTESIAN_POINT('',(1.689332112,4.131784992,0.635));
#13197=CARTESIAN_POINT('',(1.689332112,4.131784992,0.));
#13198=B_SPLINE_SURFACE_WITH_KNOTS('',3,1,((#13184,#13185),(#13186,#13187),(#13188,#13189),(#13190,#13191),(#13192,#13193),(#13194,#13195),(#13196,#13197)),.UNSPECIFIED.,.F.,.F.,.U.,(4,3,4),(2,2),(0.274107739,0.323318296,0.372528859),(0.,1.),.UNSPECIFIED.);
#13199=ORIENTED_EDGE('',*,*,#153,.F.);
#13200=CARTESIAN_POINT('',(1.96358973,3.277154038,0.635));
#13201=VERTEX_POINT('',#13200);
#13202=CARTESIAN_POINT('',(1.96358973,3.277154038,0.635));
#13203=DIRECTION('',(0.,0.,-1.));
#13204=VECTOR('',#13203,0.635);
#13205=LINE('',#13202,#13204);
#13206=EDGE_CURVE('',#13201,#123,#13205,.T.);
#13207=ORIENTED_EDGE('',*,*,#13206,.F.);
#13208=CARTESIAN_POINT('',(1.96358973,3.277154038,0.635));
#13209=CARTESIAN_POINT('',(1.916494959,3.328864792,0.635));
#13210=CARTESIAN_POINT('',(1.868245931,3.46391681,0.635));
#13211=CARTESIAN_POINT('',(1.818842644,3.682307297,0.635));
#13212=CARTESIAN_POINT('',(1.769439241,3.900697785,0.635));
#13213=CARTESIAN_POINT('',(1.726269064,4.050523372,0.635));
#13214=CARTESIAN_POINT('',(1.689332112,4.131784992,0.635));
#13215=B_SPLINE_CURVE_WITH_KNOTS('',3,(#13208,#13209,#13210,#13211,#13212,#13213,#13214),.UNSPECIFIED.,.F.,.F.,(4,3,4),(0.274107739,0.323318296,0.372528859),.UNSPECIFIED.);
#13216=EDGE_CURVE('',#13201,#13145,#13215,.T.);
#13217=ORIENTED_EDGE('',*,*,#13216,.T.);
#13218=ORIENTED_EDGE('',*,*,#13150,.T.);
#13219=EDGE_LOOP('',(#13199,#13207,#13217,#13218));
#13220=FACE_BOUND('',#13219,.T.);
#13221=ADVANCED_FACE('',(#13220),#13198,.T.);
#13222=CARTESIAN_POINT('',(2.059164381,4.159488114,0.635));
#13223=CARTESIAN_POINT('',(2.059164381,4.159488114,0.));
#13224=CARTESIAN_POINT('',(2.187520539,4.145636553,0.635));
#13225=CARTESIAN_POINT('',(2.187520539,4.145636553,0.));
#13226=CARTESIAN_POINT('',(2.284480416,4.098772401,0.635));
#13227=CARTESIAN_POINT('',(2.284480416,4.098772401,0.));
#13228=CARTESIAN_POINT('',(2.350043662,4.018896589,0.635));
#13229=CARTESIAN_POINT('',(2.350043662,4.018896589,0.));
#13230=CARTESIAN_POINT('',(2.415606909,3.939018914,0.635));
#13231=CARTESIAN_POINT('',(2.415606909,3.939018914,0.));
#13232=CARTESIAN_POINT('',(2.448388649,3.821052009,0.635));
#13233=CARTESIAN_POINT('',(2.448388649,3.821052009,0.));
#13234=CARTESIAN_POINT('',(2.448388649,3.664993079,0.635));
#13235=CARTESIAN_POINT('',(2.448388649,3.664993079,0.));
#13236=CARTESIAN_POINT('',(2.448388649,3.50246984,0.635));
#13237=CARTESIAN_POINT('',(2.448388649,3.50246984,0.));
#13238=CARTESIAN_POINT('',(2.418608096,3.384040067,0.635));
#13239=CARTESIAN_POINT('',(2.418608096,3.384040067,0.));
#13240=CARTESIAN_POINT('',(2.359047107,3.309704693,0.635));
#13241=CARTESIAN_POINT('',(2.359047107,3.309704693,0.));
#13242=CARTESIAN_POINT('',(2.299486118,3.235368388,0.635));
#13243=CARTESIAN_POINT('',(2.299486118,3.235368388,0.));
#13244=CARTESIAN_POINT('',(2.227689646,3.198200235,0.635));
#13245=CARTESIAN_POINT('',(2.227689646,3.198200235,0.));
#13246=CARTESIAN_POINT('',(2.143657923,3.198201166,0.635));
#13247=CARTESIAN_POINT('',(2.143657923,3.198201166,0.));
#13248=CARTESIAN_POINT('',(2.070707077,3.198200235,0.635));
#13249=CARTESIAN_POINT('',(2.070707077,3.198200235,0.));
#13250=CARTESIAN_POINT('',(2.010684501,3.224517548,0.635));
#13251=CARTESIAN_POINT('',(2.010684501,3.224517548,0.));
#13252=CARTESIAN_POINT('',(1.96358973,3.277154038,0.635));
#13253=CARTESIAN_POINT('',(1.96358973,3.277154038,0.));
#13254=B_SPLINE_SURFACE_WITH_KNOTS('',3,1,((#13222,#13223),(#13224,#13225),(#13226,#13227),(#13228,#13229),(#13230,#13231),(#13232,#13233),(#13234,#13235),(#13236,#13237),(#13238,#13239),(#13240,#13241),(#13242,#13243),(#13244,#13245),(#13246,#13247),(#13248,#13249),(#13250,#13251),(#13252,#13253)),.UNSPECIFIED.,.F.,.F.,.U.,(4,3,3,3,3,4),(2,2),(0.,0.05496435,0.109929466,0.16717136,0.224413691,0.274107739),(0.,1.),.UNSPECIFIED.);
#13255=ORIENTED_EDGE('',*,*,#141,.F.);
#13256=CARTESIAN_POINT('',(2.059164381,4.159488114,0.635));
#13257=VERTEX_POINT('',#13256);
#13258=CARTESIAN_POINT('',(2.059164381,4.159488114,0.635));
#13259=DIRECTION('',(0.,0.,-1.));
#13260=VECTOR('',#13259,0.635);
#13261=LINE('',#13258,#13260);
#13262=EDGE_CURVE('',#13257,#115,#13261,.T.);
#13263=ORIENTED_EDGE('',*,*,#13262,.F.);
#13264=CARTESIAN_POINT('',(2.059164381,4.159488114,0.635));
#13265=CARTESIAN_POINT('',(2.187520539,4.145636553,0.635));
#13266=CARTESIAN_POINT('',(2.284480416,4.098772401,0.635));
#13267=CARTESIAN_POINT('',(2.350043662,4.018896589,0.635));
#13268=CARTESIAN_POINT('',(2.415606909,3.939018914,0.635));
#13269=CARTESIAN_POINT('',(2.448388649,3.821052009,0.635));
#13270=CARTESIAN_POINT('',(2.448388649,3.664993079,0.635));
#13271=CARTESIAN_POINT('',(2.448388649,3.50246984,0.635));
#13272=CARTESIAN_POINT('',(2.418608096,3.384040067,0.635));
#13273=CARTESIAN_POINT('',(2.359047107,3.309704693,0.635));
#13274=CARTESIAN_POINT('',(2.299486118,3.235368388,0.635));
#13275=CARTESIAN_POINT('',(2.227689646,3.198200235,0.635));
#13276=CARTESIAN_POINT('',(2.143657923,3.198201166,0.635));
#13277=CARTESIAN_POINT('',(2.070707077,3.198200235,0.635));
#13278=CARTESIAN_POINT('',(2.010684501,3.224517548,0.635));
#13279=CARTESIAN_POINT('',(1.96358973,3.277154038,0.635));
#13280=B_SPLINE_CURVE_WITH_KNOTS('',3,(#13264,#13265,#13266,#13267,#13268,#13269,#13270,#13271,#13272,#13273,#13274,#13275,#13276,#13277,#13278,#13279),.UNSPECIFIED.,.F.,.F.,(4,3,3,3,3,4),(0.,0.05496435,0.109929466,0.16717136,0.224413691,0.274107739),.UNSPECIFIED.);
#13281=EDGE_CURVE('',#13257,#13201,#13280,.T.);
#13282=ORIENTED_EDGE('',*,*,#13281,.T.);
#13283=ORIENTED_EDGE('',*,*,#13206,.T.);
#13284=EDGE_LOOP('',(#13255,#13263,#13282,#13283));
#13285=FACE_BOUND('',#13284,.T.);
#13286=ADVANCED_FACE('',(#13285),#13254,.T.);
#13287=CARTESIAN_POINT('',(2.06886038,4.288305858,0.635));
#13288=DIRECTION('',(0.997179259,-0.075056813,0.));
#13289=DIRECTION('',(0.075056813,0.997179259,0.));
#13290=AXIS2_PLACEMENT_3D('',#13287,#13288,#13289);
#13291=PLANE('',#13290);
#13292=ORIENTED_EDGE('',*,*,#120,.F.);
#13293=CARTESIAN_POINT('',(2.07855638,4.417123603,0.635));
#13294=VERTEX_POINT('',#13293);
#13295=CARTESIAN_POINT('',(2.07855638,4.417123603,0.635));
#13296=DIRECTION('',(0.,0.,-1.));
#13297=VECTOR('',#13296,0.635);
#13298=LINE('',#13295,#13297);
#13299=EDGE_CURVE('',#13294,#85,#13298,.T.);
#13300=ORIENTED_EDGE('',*,*,#13299,.F.);
#13301=CARTESIAN_POINT('',(2.07855638,4.417123603,0.635));
#13302=DIRECTION('',(-0.075056813,-0.997179259,0.));
#13303=VECTOR('',#13302,0.258364268);
#13304=LINE('',#13301,#13303);
#13305=EDGE_CURVE('',#13294,#13257,#13304,.T.);
#13306=ORIENTED_EDGE('',*,*,#13305,.T.);
#13307=ORIENTED_EDGE('',*,*,#13262,.T.);
#13308=EDGE_LOOP('',(#13292,#13300,#13306,#13307));
#13309=FACE_BOUND('',#13308,.T.);
#13310=ADVANCED_FACE('',(#13309),#13291,.T.);
#13311=CARTESIAN_POINT('',(1.683791558,3.227289164,0.635));
#13312=CARTESIAN_POINT('',(1.683791558,3.227289164,0.));
#13313=CARTESIAN_POINT('',(1.734579954,3.13032824,0.635));
#13314=CARTESIAN_POINT('',(1.734579954,3.13032824,0.));
#13315=CARTESIAN_POINT('',(1.797603717,3.058070647,0.635));
#13316=CARTESIAN_POINT('',(1.797603717,3.058070647,0.));
#13317=CARTESIAN_POINT('',(1.872863079,3.010514522,0.635));
#13318=CARTESIAN_POINT('',(1.872863079,3.010514522,0.));
#13319=CARTESIAN_POINT('',(1.948122325,2.962957466,0.635));
#13320=CARTESIAN_POINT('',(1.948122325,2.962957466,0.));
#13321=CARTESIAN_POINT('',(2.032384899,2.939179869,0.635));
#13322=CARTESIAN_POINT('',(2.032384899,2.939179869,0.));
#13323=CARTESIAN_POINT('',(2.125651034,2.939179869,0.635));
#13324=CARTESIAN_POINT('',(2.125651034,2.939179869,0.));
#13325=CARTESIAN_POINT('',(2.228151465,2.939179869,0.635));
#13326=CARTESIAN_POINT('',(2.228151465,2.939179869,0.));
#13327=CARTESIAN_POINT('',(2.323956851,2.968267867,0.635));
#13328=CARTESIAN_POINT('',(2.323956851,2.968267867,0.));
#13329=CARTESIAN_POINT('',(2.413067542,3.026443863,0.635));
#13330=CARTESIAN_POINT('',(2.413067542,3.026443863,0.));
#13331=CARTESIAN_POINT('',(2.502178115,3.084618928,0.635));
#13332=CARTESIAN_POINT('',(2.502178115,3.084618928,0.));
#13333=CARTESIAN_POINT('',(2.569819143,3.169574173,0.635));
#13334=CARTESIAN_POINT('',(2.569819143,3.169574173,0.));
#13335=CARTESIAN_POINT('',(2.615990507,3.281309599,0.635));
#13336=CARTESIAN_POINT('',(2.615990507,3.281309599,0.));
#13337=CARTESIAN_POINT('',(2.662161755,3.393043162,0.635));
#13338=CARTESIAN_POINT('',(2.662161755,3.393043162,0.));
#13339=CARTESIAN_POINT('',(2.685247612,3.517244341,0.635));
#13340=CARTESIAN_POINT('',(2.685247612,3.517244341,0.));
#13341=CARTESIAN_POINT('',(2.685247612,3.653912203,0.635));
#13342=CARTESIAN_POINT('',(2.685247612,3.653912203,0.));
#13343=CARTESIAN_POINT('',(2.685247612,3.804429764,0.635));
#13344=CARTESIAN_POINT('',(2.685247612,3.804429764,0.));
#13345=CARTESIAN_POINT('',(2.661007613,3.937172102,0.635));
#13346=CARTESIAN_POINT('',(2.661007613,3.937172102,0.));
#13347=CARTESIAN_POINT('',(2.612527617,4.052139217,0.635));
#13348=CARTESIAN_POINT('',(2.612527617,4.052139217,0.));
#13349=CARTESIAN_POINT('',(2.564047853,4.167105401,0.635));
#13350=CARTESIAN_POINT('',(2.564047853,4.167105401,0.));
#13351=CARTESIAN_POINT('',(2.492713084,4.255523304,0.635));
#13352=CARTESIAN_POINT('',(2.492713084,4.255523304,0.));
#13353=CARTESIAN_POINT('',(2.398523659,4.317393856,0.635));
#13354=CARTESIAN_POINT('',(2.398523659,4.317393856,0.));
#13355=CARTESIAN_POINT('',(2.304334118,4.379263477,0.635));
#13356=CARTESIAN_POINT('',(2.304334118,4.379263477,0.));
#13357=CARTESIAN_POINT('',(2.197678358,4.412506105,0.635));
#13358=CARTESIAN_POINT('',(2.197678358,4.412506105,0.));
#13359=CARTESIAN_POINT('',(2.07855638,4.417123603,0.635));
#13360=CARTESIAN_POINT('',(2.07855638,4.417123603,0.));
#13361=B_SPLINE_SURFACE_WITH_KNOTS('',3,1,((#13311,#13312),(#13313,#13314),(#13315,#13316),(#13317,#13318),(#13319,#13320),(#13321,#13322),(#13323,#13324),(#13325,#13326),(#13327,#13328),(#13329,#13330),(#13331,#13332),(#13333,#13334),(#13335,#13336),(#13337,#13338),(#13339,#13340),(#13341,#13342),(#13343,#13344),(#13345,#13346),(#13347,#13348),(#13349,#13350),(#13351,#13352),(#13353,#13354),(#13355,#13356),(#13357,#13358),(#13359,#13360)),.UNSPECIFIED.,.F.,.F.,.U.,(4,3,3,3,3,3,3,3,4),(2,2),(0.56320104,0.612125177,0.661049534,0.7148179,0.768585959,0.822353233,0.881569195,0.940784706,1.),(0.,1.),.UNSPECIFIED.);
#13362=ORIENTED_EDGE('',*,*,#112,.F.);
#13363=CARTESIAN_POINT('',(1.683791558,3.227289164,0.635));
#13364=VERTEX_POINT('',#13363);
#13365=CARTESIAN_POINT('',(1.683791558,3.227289164,0.635));
#13366=DIRECTION('',(0.,0.,-1.));
#13367=VECTOR('',#13366,0.635);
#13368=LINE('',#13365,#13367);
#13369=EDGE_CURVE('',#13364,#73,#13368,.T.);
#13370=ORIENTED_EDGE('',*,*,#13369,.F.);
#13371=CARTESIAN_POINT('',(1.683791558,3.227289164,0.635));
#13372=CARTESIAN_POINT('',(1.734579954,3.13032824,0.635));
#13373=CARTESIAN_POINT('',(1.797603717,3.058070647,0.635));
#13374=CARTESIAN_POINT('',(1.872863079,3.010514522,0.635));
#13375=CARTESIAN_POINT('',(1.948122325,2.962957466,0.635));
#13376=CARTESIAN_POINT('',(2.032384899,2.939179869,0.635));
#13377=CARTESIAN_POINT('',(2.125651034,2.939179869,0.635));
#13378=CARTESIAN_POINT('',(2.228151465,2.939179869,0.635));
#13379=CARTESIAN_POINT('',(2.323956851,2.968267867,0.635));
#13380=CARTESIAN_POINT('',(2.413067542,3.026443863,0.635));
#13381=CARTESIAN_POINT('',(2.502178115,3.084618928,0.635));
#13382=CARTESIAN_POINT('',(2.569819143,3.169574173,0.635));
#13383=CARTESIAN_POINT('',(2.615990507,3.281309599,0.635));
#13384=CARTESIAN_POINT('',(2.662161755,3.393043162,0.635));
#13385=CARTESIAN_POINT('',(2.685247612,3.517244341,0.635));
#13386=CARTESIAN_POINT('',(2.685247612,3.653912203,0.635));
#13387=CARTESIAN_POINT('',(2.685247612,3.804429764,0.635));
#13388=CARTESIAN_POINT('',(2.661007613,3.937172102,0.635));
#13389=CARTESIAN_POINT('',(2.612527617,4.052139217,0.635));
#13390=CARTESIAN_POINT('',(2.564047853,4.167105401,0.635));
#13391=CARTESIAN_POINT('',(2.492713084,4.255523304,0.635));
#13392=CARTESIAN_POINT('',(2.398523659,4.317393856,0.635));
#13393=CARTESIAN_POINT('',(2.304334118,4.379263477,0.635));
#13394=CARTESIAN_POINT('',(2.197678358,4.412506105,0.635));
#13395=CARTESIAN_POINT('',(2.07855638,4.417123603,0.635));
#13396=B_SPLINE_CURVE_WITH_KNOTS('',3,(#13371,#13372,#13373,#13374,#13375,#13376,#13377,#13378,#13379,#13380,#13381,#13382,#13383,#13384,#13385,#13386,#13387,#13388,#13389,#13390,#13391,#13392,#13393,#13394,#13395),.UNSPECIFIED.,.F.,.F.,(4,3,3,3,3,3,3,3,4),(0.56320104,0.612125177,0.661049534,0.7148179,0.768585959,0.822353233,0.881569195,0.940784706,1.),.UNSPECIFIED.);
#13397=EDGE_CURVE('',#13364,#13294,#13396,.T.);
#13398=ORIENTED_EDGE('',*,*,#13397,.T.);
#13399=ORIENTED_EDGE('',*,*,#13299,.T.);
#13400=EDGE_LOOP('',(#13362,#13370,#13398,#13399));
#13401=FACE_BOUND('',#13400,.T.);
#13402=ADVANCED_FACE('',(#13401),#13361,.T.);
#13403=CARTESIAN_POINT('',(1.458013704,3.980804564,0.635));
#13404=CARTESIAN_POINT('',(1.458013704,3.980804564,0.));
#13405=CARTESIAN_POINT('',(1.479252515,3.926322194,0.635));
#13406=CARTESIAN_POINT('',(1.479252515,3.926322194,0.));
#13407=CARTESIAN_POINT('',(1.51226499,3.805815572,0.635));
#13408=CARTESIAN_POINT('',(1.51226499,3.805815572,0.));
#13409=CARTESIAN_POINT('',(1.557051186,3.619283767,0.635));
#13410=CARTESIAN_POINT('',(1.557051186,3.619283767,0.));
#13411=CARTESIAN_POINT('',(1.601837383,3.432751032,0.635));
#13412=CARTESIAN_POINT('',(1.601837383,3.432751032,0.));
#13413=CARTESIAN_POINT('',(1.644084154,3.302085543,0.635));
#13414=CARTESIAN_POINT('',(1.644084154,3.302085543,0.));
#13415=CARTESIAN_POINT('',(1.683791558,3.227289164,0.635));
#13416=CARTESIAN_POINT('',(1.683791558,3.227289164,0.));
#13417=B_SPLINE_SURFACE_WITH_KNOTS('',3,1,((#13403,#13404),(#13405,#13406),(#13407,#13408),(#13409,#13410),(#13411,#13412),(#13413,#13414),(#13415,#13416)),.UNSPECIFIED.,.F.,.F.,.U.,(4,3,4),(2,2),(0.487499808,0.525350334,0.56320104),(0.,1.),.UNSPECIFIED.);
#13418=ORIENTED_EDGE('',*,*,#82,.F.);
#13419=CARTESIAN_POINT('',(1.458013704,3.980804564,0.635));
#13420=VERTEX_POINT('',#13419);
#13421=CARTESIAN_POINT('',(1.458013704,3.980804564,0.635));
#13422=DIRECTION('',(0.,0.,-1.));
#13423=VECTOR('',#13422,0.635);
#13424=LINE('',#13421,#13423);
#13425=EDGE_CURVE('',#13420,#43,#13424,.T.);
#13426=ORIENTED_EDGE('',*,*,#13425,.F.);
#13427=CARTESIAN_POINT('',(1.458013704,3.980804564,0.635));
#13428=CARTESIAN_POINT('',(1.479252515,3.926322194,0.635));
#13429=CARTESIAN_POINT('',(1.51226499,3.805815572,0.635));
#13430=CARTESIAN_POINT('',(1.557051186,3.619283767,0.635));
#13431=CARTESIAN_POINT('',(1.601837383,3.432751032,0.635));
#13432=CARTESIAN_POINT('',(1.644084154,3.302085543,0.635));
#13433=CARTESIAN_POINT('',(1.683791558,3.227289164,0.635));
#13434=B_SPLINE_CURVE_WITH_KNOTS('',3,(#13427,#13428,#13429,#13430,#13431,#13432,#13433),.UNSPECIFIED.,.F.,.F.,(4,3,4),(0.487499808,0.525350334,0.56320104),.UNSPECIFIED.);
#13435=EDGE_CURVE('',#13420,#13364,#13434,.T.);
#13436=ORIENTED_EDGE('',*,*,#13435,.T.);
#13437=ORIENTED_EDGE('',*,*,#13369,.T.);
#13438=EDGE_LOOP('',(#13418,#13426,#13436,#13437));
#13439=FACE_BOUND('',#13438,.T.);
#13440=ADVANCED_FACE('',(#13439),#13417,.T.);
#13441=CARTESIAN_POINT('',(1.294567232,3.115092734,0.635));
#13442=CARTESIAN_POINT('',(1.294567232,3.115092734,0.));
#13443=CARTESIAN_POINT('',(1.192990324,3.127096551,0.635));
#13444=CARTESIAN_POINT('',(1.192990324,3.127096551,0.));
#13445=CARTESIAN_POINT('',(1.109651098,3.15503064,0.635));
#13446=CARTESIAN_POINT('',(1.109651098,3.15503064,0.));
#13447=CARTESIAN_POINT('',(1.044549496,3.198893139,0.635));
#13448=CARTESIAN_POINT('',(1.044549496,3.198893139,0.));
#13449=CARTESIAN_POINT('',(0.979447952,3.242755638,0.635));
#13450=CARTESIAN_POINT('',(0.979447952,3.242755638,0.));
#13451=CARTESIAN_POINT('',(0.926812627,3.310858602,0.635));
#13452=CARTESIAN_POINT('',(0.926812627,3.310858602,0.));
#13453=CARTESIAN_POINT('',(0.886643579,3.403201098,0.635));
#13454=CARTESIAN_POINT('',(0.886643579,3.403201098,0.));
#13455=CARTESIAN_POINT('',(0.84647453,3.495543594,0.635));
#13456=CARTESIAN_POINT('',(0.84647453,3.495543594,0.));
#13457=CARTESIAN_POINT('',(0.826390035,3.599429833,0.635));
#13458=CARTESIAN_POINT('',(0.826390035,3.599429833,0.));
#13459=CARTESIAN_POINT('',(0.826390035,3.714857953,0.635));
#13460=CARTESIAN_POINT('',(0.826390035,3.714857953,0.));
#13461=CARTESIAN_POINT('',(0.826390035,3.817358384,0.635));
#13462=CARTESIAN_POINT('',(0.826390035,3.817358384,0.));
#13463=CARTESIAN_POINT('',(0.84162653,3.907854067,0.635));
#13464=CARTESIAN_POINT('',(0.84162653,3.907854067,0.));
#13465=CARTESIAN_POINT('',(0.872099609,3.986345002,0.635));
#13466=CARTESIAN_POINT('',(0.872099609,3.986345002,0.));
#13467=CARTESIAN_POINT('',(0.902572687,4.064835938,0.635));
#13468=CARTESIAN_POINT('',(0.902572687,4.064835938,0.));
#13469=CARTESIAN_POINT('',(0.944357726,4.123242902,0.635));
#13470=CARTESIAN_POINT('',(0.944357726,4.123242902,0.));
#13471=CARTESIAN_POINT('',(0.997454754,4.161565894,0.635));
#13472=CARTESIAN_POINT('',(0.997454754,4.161565894,0.));
#13473=CARTESIAN_POINT('',(1.050551753,4.199887956,0.635));
#13474=CARTESIAN_POINT('',(1.050551753,4.199887956,0.));
#13475=CARTESIAN_POINT('',(1.108496781,4.219048986,0.635));
#13476=CARTESIAN_POINT('',(1.108496781,4.219048986,0.));
#13477=CARTESIAN_POINT('',(1.171289809,4.219048986,0.635));
#13478=CARTESIAN_POINT('',(1.171289809,4.219048986,0.));
#13479=CARTESIAN_POINT('',(1.235006243,4.219048986,0.635));
#13480=CARTESIAN_POINT('',(1.235006243,4.219048986,0.));
#13481=CARTESIAN_POINT('',(1.290642639,4.200579928,0.635));
#13482=CARTESIAN_POINT('',(1.290642639,4.200579928,0.));
#13483=CARTESIAN_POINT('',(1.338199113,4.163643675,0.635));
#13484=CARTESIAN_POINT('',(1.338199113,4.163643675,0.));
#13485=CARTESIAN_POINT('',(1.385755586,4.126705559,0.635));
#13486=CARTESIAN_POINT('',(1.385755586,4.126705559,0.));
#13487=CARTESIAN_POINT('',(1.425693725,4.06575981,0.635));
#13488=CARTESIAN_POINT('',(1.425693725,4.06575981,0.));
#13489=CARTESIAN_POINT('',(1.458013704,3.980804564,0.635));
#13490=CARTESIAN_POINT('',(1.458013704,3.980804564,0.));
#13491=B_SPLINE_SURFACE_WITH_KNOTS('',3,1,((#13441,#13442),(#13443,#13444),(#13445,#13446),(#13447,#13448),(#13449,#13450),(#13451,#13452),(#13453,#13454),(#13455,#13456),(#13457,#13458),(#13459,#13460),(#13461,#13462),(#13463,#13464),(#13465,#13466),(#13467,#13468),(#13469,#13470),(#13471,#13472),(#13473,#13474),(#13475,#13476),(#13477,#13478),(#13479,#13480),(#13481,#13482),(#13483,#13484),(#13485,#13486),(#13487,#13488),(#13489,#13490)),.UNSPECIFIED.,.F.,.F.,.U.,(4,3,3,3,3,3,3,3,4),(2,2),(0.,0.065294949,0.130589858,0.195884767,0.253866794,0.311848821,0.369830344,0.428664518,0.487499808),(0.,1.),.UNSPECIFIED.);
#13492=ORIENTED_EDGE('',*,*,#70,.F.);
#13493=ORIENTED_EDGE('',*,*,#13087,.F.);
#13494=CARTESIAN_POINT('',(1.294567232,3.115092734,0.635));
#13495=CARTESIAN_POINT('',(1.192990324,3.127096551,0.635));
#13496=CARTESIAN_POINT('',(1.109651098,3.15503064,0.635));
#13497=CARTESIAN_POINT('',(1.044549496,3.198893139,0.635));
#13498=CARTESIAN_POINT('',(0.979447952,3.242755638,0.635));
#13499=CARTESIAN_POINT('',(0.926812627,3.310858602,0.635));
#13500=CARTESIAN_POINT('',(0.886643579,3.403201098,0.635));
#13501=CARTESIAN_POINT('',(0.84647453,3.495543594,0.635));
#13502=CARTESIAN_POINT('',(0.826390035,3.599429833,0.635));
#13503=CARTESIAN_POINT('',(0.826390035,3.714857953,0.635));
#13504=CARTESIAN_POINT('',(0.826390035,3.817358384,0.635));
#13505=CARTESIAN_POINT('',(0.84162653,3.907854067,0.635));
#13506=CARTESIAN_POINT('',(0.872099609,3.986345002,0.635));
#13507=CARTESIAN_POINT('',(0.902572687,4.064835938,0.635));
#13508=CARTESIAN_POINT('',(0.944357726,4.123242902,0.635));
#13509=CARTESIAN_POINT('',(0.997454754,4.161565894,0.635));
#13510=CARTESIAN_POINT('',(1.050551753,4.199887956,0.635));
#13511=CARTESIAN_POINT('',(1.108496781,4.219048986,0.635));
#13512=CARTESIAN_POINT('',(1.171289809,4.219048986,0.635));
#13513=CARTESIAN_POINT('',(1.235006243,4.219048986,0.635));
#13514=CARTESIAN_POINT('',(1.290642639,4.200579928,0.635));
#13515=CARTESIAN_POINT('',(1.338199113,4.163643675,0.635));
#13516=CARTESIAN_POINT('',(1.385755586,4.126705559,0.635));
#13517=CARTESIAN_POINT('',(1.425693725,4.06575981,0.635));
#13518=CARTESIAN_POINT('',(1.458013704,3.980804564,0.635));
#13519=B_SPLINE_CURVE_WITH_KNOTS('',3,(#13494,#13495,#13496,#13497,#13498,#13499,#13500,#13501,#13502,#13503,#13504,#13505,#13506,#13507,#13508,#13509,#13510,#13511,#13512,#13513,#13514,#13515,#13516,#13517,#13518),.UNSPECIFIED.,.F.,.F.,(4,3,3,3,3,3,3,3,4),(0.,0.065294949,0.130589858,0.195884767,0.253866794,0.311848821,0.369830344,0.428664518,0.487499808),.UNSPECIFIED.);
#13520=EDGE_CURVE('',#13076,#13420,#13519,.T.);
#13521=ORIENTED_EDGE('',*,*,#13520,.T.);
#13522=ORIENTED_EDGE('',*,*,#13425,.T.);
#13523=EDGE_LOOP('',(#13492,#13493,#13521,#13522));
#13524=FACE_BOUND('',#13523,.T.);
#13525=ADVANCED_FACE('',(#13524),#13491,.T.);
#13526=CARTESIAN_POINT('',(0.,0.,0.635));
#13527=DIRECTION('',(0.,0.,-1.));
#13528=DIRECTION('',(-1.,0.,0.));
#13529=AXIS2_PLACEMENT_3D('',#13526,#13527,#13528);
#13530=PLANE('',#13529);
#13531=ORIENTED_EDGE('',*,*,#13081,.F.);
#13532=ORIENTED_EDGE('',*,*,#13178,.F.);
#13533=ORIENTED_EDGE('',*,*,#13216,.F.);
#13534=ORIENTED_EDGE('',*,*,#13281,.F.);
#13535=ORIENTED_EDGE('',*,*,#13305,.F.);
#13536=ORIENTED_EDGE('',*,*,#13397,.F.);
#13537=ORIENTED_EDGE('',*,*,#13435,.F.);
#13538=ORIENTED_EDGE('',*,*,#13520,.F.);
#13539=EDGE_LOOP('',(#13531,#13532,#13533,#13534,#13535,#13536,#13537,#13538));
#13540=FACE_BOUND('',#13539,.T.);
#13541=ADVANCED_FACE('',(#13540),#13530,.T.);
#13542=CARTESIAN_POINT('',(1.172674948,4.870064421,0.635));
#13543=DIRECTION('',(-0.991227895,0.132163766,0.));
#13544=DIRECTION('',(-0.132163766,-0.991227895,0.));
#13545=AXIS2_PLACEMENT_3D('',#13542,#13543,#13544);
#13546=PLANE('',#13545);
#13547=ORIENTED_EDGE('',*,*,#2211,.F.);
#13548=CARTESIAN_POINT('',(1.156053255,4.745401772,0.635));
#13549=VERTEX_POINT('',#13548);
#13550=CARTESIAN_POINT('',(1.156053255,4.745401772,0.635));
#13551=DIRECTION('',(0.,0.,-1.));
#13552=VECTOR('',#13551,0.635);
#13553=LINE('',#13550,#13552);
#13554=EDGE_CURVE('',#13549,#2204,#13553,.T.);
#13555=ORIENTED_EDGE('',*,*,#13554,.F.);
#13556=CARTESIAN_POINT('',(1.18929664,4.99472707,0.635));
#13557=VERTEX_POINT('',#13556);
#13558=CARTESIAN_POINT('',(1.156053255,4.745401772,0.635));
#13559=DIRECTION('',(0.132163766,0.991227895,0.));
#13560=VECTOR('',#13559,0.251531761);
#13561=LINE('',#13558,#13560);
#13562=EDGE_CURVE('',#13549,#13557,#13561,.T.);
#13563=ORIENTED_EDGE('',*,*,#13562,.T.);
#13564=CARTESIAN_POINT('',(1.18929664,4.99472707,0.635));
#13565=DIRECTION('',(0.,0.,-1.));
#13566=VECTOR('',#13565,0.635);
#13567=LINE('',#13564,#13566);
#13568=EDGE_CURVE('',#13557,#2206,#13567,.T.);
#13569=ORIENTED_EDGE('',*,*,#13568,.T.);
#13570=EDGE_LOOP('',(#13547,#13555,#13563,#13569));
#13571=FACE_BOUND('',#13570,.T.);
#13572=ADVANCED_FACE('',(#13571),#13546,.T.);
#13573=CARTESIAN_POINT('',(1.719805103,5.695607843,0.635));
#13574=CARTESIAN_POINT('',(1.719805103,5.695607843,0.));
#13575=CARTESIAN_POINT('',(1.692102331,5.815652529,0.635));
#13576=CARTESIAN_POINT('',(1.692102331,5.815652529,0.));
#13577=CARTESIAN_POINT('',(1.634619006,5.908918897,0.635));
#13578=CARTESIAN_POINT('',(1.634619006,5.908918897,0.));
#13579=CARTESIAN_POINT('',(1.547355245,5.975406015,0.635));
#13580=CARTESIAN_POINT('',(1.547355245,5.975406015,0.));
#13581=CARTESIAN_POINT('',(1.460091426,6.041893134,0.635));
#13582=CARTESIAN_POINT('',(1.460091426,6.041893134,0.));
#13583=CARTESIAN_POINT('',(1.350896182,6.075135762,0.635));
#13584=CARTESIAN_POINT('',(1.350896182,6.075135762,0.));
#13585=CARTESIAN_POINT('',(1.219769689,6.075135762,0.635));
#13586=CARTESIAN_POINT('',(1.219769689,6.075135762,0.));
#13587=CARTESIAN_POINT('',(1.042471803,6.075135762,0.635));
#13588=CARTESIAN_POINT('',(1.042471803,6.075135762,0.));
#13589=CARTESIAN_POINT('',(0.892184133,6.010495456,0.635));
#13590=CARTESIAN_POINT('',(0.892184133,6.010495456,0.));
#13591=CARTESIAN_POINT('',(0.76890671,5.881216707,0.635));
#13592=CARTESIAN_POINT('',(0.76890671,5.881216707,0.));
#13593=CARTESIAN_POINT('',(0.645629287,5.751936095,0.635));
#13594=CARTESIAN_POINT('',(0.645629287,5.751936095,0.));
#13595=CARTESIAN_POINT('',(0.583990518,5.588488983,0.635));
#13596=CARTESIAN_POINT('',(0.583990518,5.588488983,0.));
#13597=CARTESIAN_POINT('',(0.583990518,5.390877234,0.635));
#13598=CARTESIAN_POINT('',(0.583990518,5.390877234,0.));
#13599=CARTESIAN_POINT('',(0.583990518,5.212655621,0.635));
#13600=CARTESIAN_POINT('',(0.583990518,5.212655621,0.));
#13601=CARTESIAN_POINT('',(0.637087546,5.064676845,0.635));
#13602=CARTESIAN_POINT('',(0.637087546,5.064676845,0.));
#13603=CARTESIAN_POINT('',(0.743281602,4.946939977,0.635));
#13604=CARTESIAN_POINT('',(0.743281602,4.946939977,0.));
#13605=CARTESIAN_POINT('',(0.849475659,4.829203108,0.635));
#13606=CARTESIAN_POINT('',(0.849475659,4.829203108,0.));
#13607=CARTESIAN_POINT('',(0.9870662,4.762024017,0.635));
#13608=CARTESIAN_POINT('',(0.9870662,4.762024017,0.));
#13609=CARTESIAN_POINT('',(1.156053255,4.745401772,0.635));
#13610=CARTESIAN_POINT('',(1.156053255,4.745401772,0.));
#13611=B_SPLINE_SURFACE_WITH_KNOTS('',3,1,((#13573,#13574),(#13575,#13576),(#13577,#13578),(#13579,#13580),(#13581,#13582),(#13583,#13584),(#13585,#13586),(#13587,#13588),(#13589,#13590),(#13591,#13592),(#13593,#13594),(#13595,#13596),(#13597,#13598),(#13599,#13600),(#13601,#13602),(#13603,#13604),(#13605,#13606),(#13607,#13608),(#13609,#13610)),.UNSPECIFIED.,.F.,.F.,.U.,(4,3,3,3,3,3,4),(2,2),(0.486734224,0.558588592,0.63044299,0.727598283,0.824754309,0.912377155,1.),(0.,1.),.UNSPECIFIED.);
#13612=ORIENTED_EDGE('',*,*,#2330,.F.);
#13613=CARTESIAN_POINT('',(1.719805103,5.695607843,0.635));
#13614=VERTEX_POINT('',#13613);
#13615=CARTESIAN_POINT('',(1.719805103,5.695607843,0.635));
#13616=DIRECTION('',(0.,0.,-1.));
#13617=VECTOR('',#13616,0.635);
#13618=LINE('',#13615,#13617);
#13619=EDGE_CURVE('',#13614,#2284,#13618,.T.);
#13620=ORIENTED_EDGE('',*,*,#13619,.F.);
#13621=CARTESIAN_POINT('',(1.719805103,5.695607843,0.635));
#13622=CARTESIAN_POINT('',(1.692102331,5.815652529,0.635));
#13623=CARTESIAN_POINT('',(1.634619006,5.908918897,0.635));
#13624=CARTESIAN_POINT('',(1.547355245,5.975406015,0.635));
#13625=CARTESIAN_POINT('',(1.460091426,6.041893134,0.635));
#13626=CARTESIAN_POINT('',(1.350896182,6.075135762,0.635));
#13627=CARTESIAN_POINT('',(1.219769689,6.075135762,0.635));
#13628=CARTESIAN_POINT('',(1.042471803,6.075135762,0.635));
#13629=CARTESIAN_POINT('',(0.892184133,6.010495456,0.635));
#13630=CARTESIAN_POINT('',(0.76890671,5.881216707,0.635));
#13631=CARTESIAN_POINT('',(0.645629287,5.751936095,0.635));
#13632=CARTESIAN_POINT('',(0.583990518,5.588488983,0.635));
#13633=CARTESIAN_POINT('',(0.583990518,5.390877234,0.635));
#13634=CARTESIAN_POINT('',(0.583990518,5.212655621,0.635));
#13635=CARTESIAN_POINT('',(0.637087546,5.064676845,0.635));
#13636=CARTESIAN_POINT('',(0.743281602,4.946939977,0.635));
#13637=CARTESIAN_POINT('',(0.849475659,4.829203108,0.635));
#13638=CARTESIAN_POINT('',(0.9870662,4.762024017,0.635));
#13639=CARTESIAN_POINT('',(1.156053255,4.745401772,0.635));
#13640=B_SPLINE_CURVE_WITH_KNOTS('',3,(#13621,#13622,#13623,#13624,#13625,#13626,#13627,#13628,#13629,#13630,#13631,#13632,#13633,#13634,#13635,#13636,#13637,#13638,#13639),.UNSPECIFIED.,.F.,.F.,(4,3,3,3,3,3,4),(0.486734224,0.558588592,0.63044299,0.727598283,0.824754309,0.912377155,1.),.UNSPECIFIED.);
#13641=EDGE_CURVE('',#13614,#13549,#13640,.T.);
#13642=ORIENTED_EDGE('',*,*,#13641,.T.);
#13643=ORIENTED_EDGE('',*,*,#13554,.T.);
#13644=EDGE_LOOP('',(#13612,#13620,#13642,#13643));
#13645=FACE_BOUND('',#13644,.T.);
#13646=ADVANCED_FACE('',(#13645),#13611,.T.);
#13647=CARTESIAN_POINT('',(2.132576814,4.770334208,0.635));
#13648=CARTESIAN_POINT('',(2.132576814,4.770334208,0.));
#13649=CARTESIAN_POINT('',(2.299716969,4.800807083,0.635));
#13650=CARTESIAN_POINT('',(2.299716969,4.800807083,0.));
#13651=CARTESIAN_POINT('',(2.429227502,4.870064886,0.635));
#13652=CARTESIAN_POINT('',(2.429227502,4.870064886,0.));
#13653=CARTESIAN_POINT('',(2.521108527,4.978105756,0.635));
#13654=CARTESIAN_POINT('',(2.521108527,4.978105756,0.));
#13655=CARTESIAN_POINT('',(2.61298932,5.086146625,0.635));
#13656=CARTESIAN_POINT('',(2.61298932,5.086146625,0.));
#13657=CARTESIAN_POINT('',(2.658929833,5.220504807,0.635));
#13658=CARTESIAN_POINT('',(2.658929833,5.220504807,0.));
#13659=CARTESIAN_POINT('',(2.658929833,5.381181235,0.635));
#13660=CARTESIAN_POINT('',(2.658929833,5.381181235,0.));
#13661=CARTESIAN_POINT('',(2.658929833,5.491991857,0.635));
#13662=CARTESIAN_POINT('',(2.658929833,5.491991857,0.));
#13663=CARTESIAN_POINT('',(2.635151538,5.594030352,0.635));
#13664=CARTESIAN_POINT('',(2.635151538,5.594030352,0.));
#13665=CARTESIAN_POINT('',(2.58759518,5.68729672,0.635));
#13666=CARTESIAN_POINT('',(2.58759518,5.68729672,0.));
#13667=CARTESIAN_POINT('',(2.540038706,5.780562157,0.635));
#13668=CARTESIAN_POINT('',(2.540038706,5.780562157,0.));
#13669=CARTESIAN_POINT('',(2.475167898,5.851897741,0.635));
#13670=CARTESIAN_POINT('',(2.475167898,5.851897741,0.));
#13671=CARTESIAN_POINT('',(2.392982988,5.901300678,0.635));
#13672=CARTESIAN_POINT('',(2.392982988,5.901300678,0.));
#13673=CARTESIAN_POINT('',(2.310798078,5.950703615,0.635));
#13674=CARTESIAN_POINT('',(2.310798078,5.950703615,0.));
#13675=CARTESIAN_POINT('',(2.223534201,5.975406015,0.635));
#13676=CARTESIAN_POINT('',(2.223534201,5.975406015,0.));
#13677=CARTESIAN_POINT('',(2.131191588,5.975406015,0.635));
#13678=CARTESIAN_POINT('',(2.131191588,5.975406015,0.));
#13679=CARTESIAN_POINT('',(2.043466008,5.975406015,0.635));
#13680=CARTESIAN_POINT('',(2.043466008,5.975406015,0.));
#13681=CARTESIAN_POINT('',(1.963589614,5.951858455,0.635));
#13682=CARTESIAN_POINT('',(1.963589614,5.951858455,0.));
#13683=CARTESIAN_POINT('',(1.891562406,5.904764267,0.635));
#13684=CARTESIAN_POINT('',(1.891562406,5.904764267,0.));
#13685=CARTESIAN_POINT('',(1.819535083,5.857669147,0.635));
#13686=CARTESIAN_POINT('',(1.819535083,5.857669147,0.));
#13687=CARTESIAN_POINT('',(1.762282726,5.787949407,0.635));
#13688=CARTESIAN_POINT('',(1.762282726,5.787949407,0.));
#13689=CARTESIAN_POINT('',(1.719805103,5.695607843,0.635));
#13690=CARTESIAN_POINT('',(1.719805103,5.695607843,0.));
#13691=B_SPLINE_SURFACE_WITH_KNOTS('',3,1,((#13647,#13648),(#13649,#13650),(#13651,#13652),(#13653,#13654),(#13655,#13656),(#13657,#13658),(#13659,#13660),(#13661,#13662),(#13663,#13664),(#13665,#13666),(#13667,#13668),(#13669,#13670),(#13671,#13672),(#13673,#13674),(#13675,#13676),(#13677,#13678),(#13679,#13680),(#13681,#13682),(#13683,#13684),(#13685,#13686),(#13687,#13688),(#13689,#13690)),.UNSPECIFIED.,.F.,.F.,.U.,(4,3,3,3,3,3,3,4),(2,2),(0.,0.090483318,0.18096654,0.243368364,0.305769725,0.368171086,0.427452446,0.486734224),(0.,1.),.UNSPECIFIED.);
#13692=ORIENTED_EDGE('',*,*,#2308,.F.);
#13693=CARTESIAN_POINT('',(2.132576814,4.770334208,0.635));
#13694=VERTEX_POINT('',#13693);
#13695=CARTESIAN_POINT('',(2.132576814,4.770334208,0.635));
#13696=DIRECTION('',(0.,0.,-1.));
#13697=VECTOR('',#13696,0.635);
#13698=LINE('',#13695,#13697);
#13699=EDGE_CURVE('',#13694,#2276,#13698,.T.);
#13700=ORIENTED_EDGE('',*,*,#13699,.F.);
#13701=CARTESIAN_POINT('',(2.132576814,4.770334208,0.635));
#13702=CARTESIAN_POINT('',(2.299716969,4.800807083,0.635));
#13703=CARTESIAN_POINT('',(2.429227502,4.870064886,0.635));
#13704=CARTESIAN_POINT('',(2.521108527,4.978105756,0.635));
#13705=CARTESIAN_POINT('',(2.61298932,5.086146625,0.635));
#13706=CARTESIAN_POINT('',(2.658929833,5.220504807,0.635));
#13707=CARTESIAN_POINT('',(2.658929833,5.381181235,0.635));
#13708=CARTESIAN_POINT('',(2.658929833,5.491991857,0.635));
#13709=CARTESIAN_POINT('',(2.635151538,5.594030352,0.635));
#13710=CARTESIAN_POINT('',(2.58759518,5.68729672,0.635));
#13711=CARTESIAN_POINT('',(2.540038706,5.780562157,0.635));
#13712=CARTESIAN_POINT('',(2.475167898,5.851897741,0.635));
#13713=CARTESIAN_POINT('',(2.392982988,5.901300678,0.635));
#13714=CARTESIAN_POINT('',(2.310798078,5.950703615,0.635));
#13715=CARTESIAN_POINT('',(2.223534201,5.975406015,0.635));
#13716=CARTESIAN_POINT('',(2.131191588,5.975406015,0.635));
#13717=CARTESIAN_POINT('',(2.043466008,5.975406015,0.635));
#13718=CARTESIAN_POINT('',(1.963589614,5.951858455,0.635));
#13719=CARTESIAN_POINT('',(1.891562406,5.904764267,0.635));
#13720=CARTESIAN_POINT('',(1.819535083,5.857669147,0.635));
#13721=CARTESIAN_POINT('',(1.762282726,5.787949407,0.635));
#13722=CARTESIAN_POINT('',(1.719805103,5.695607843,0.635));
#13723=B_SPLINE_CURVE_WITH_KNOTS('',3,(#13701,#13702,#13703,#13704,#13705,#13706,#13707,#13708,#13709,#13710,#13711,#13712,#13713,#13714,#13715,#13716,#13717,#13718,#13719,#13720,#13721,#13722),.UNSPECIFIED.,.F.,.F.,(4,3,3,3,3,3,3,4),(0.,0.090483318,0.18096654,0.243368364,0.305769725,0.368171086,0.427452446,0.486734224),.UNSPECIFIED.);
#13724=EDGE_CURVE('',#13694,#13614,#13723,.T.);
#13725=ORIENTED_EDGE('',*,*,#13724,.T.);
#13726=ORIENTED_EDGE('',*,*,#13619,.T.);
#13727=EDGE_LOOP('',(#13692,#13700,#13725,#13726));
#13728=FACE_BOUND('',#13727,.T.);
#13729=ADVANCED_FACE('',(#13728),#13691,.T.);
#13730=CARTESIAN_POINT('',(2.110414539,4.894996857,0.635));
#13731=DIRECTION('',(0.984562471,0.175033543,0.));
#13732=DIRECTION('',(-0.175033543,0.984562471,0.));
#13733=AXIS2_PLACEMENT_3D('',#13730,#13731,#13732);
#13734=PLANE('',#13733);
#13735=ORIENTED_EDGE('',*,*,#2281,.F.);
#13736=CARTESIAN_POINT('',(2.088252263,5.019659506,0.635));
#13737=VERTEX_POINT('',#13736);
#13738=CARTESIAN_POINT('',(2.088252263,5.019659506,0.635));
#13739=DIRECTION('',(0.,0.,-1.));
#13740=VECTOR('',#13739,0.635);
#13741=LINE('',#13738,#13740);
#13742=EDGE_CURVE('',#13737,#2249,#13741,.T.);
#13743=ORIENTED_EDGE('',*,*,#13742,.F.);
#13744=CARTESIAN_POINT('',(2.088252263,5.019659506,0.635));
#13745=DIRECTION('',(0.175033543,-0.984562471,0.));
#13746=VECTOR('',#13745,0.253234615);
#13747=LINE('',#13744,#13746);
#13748=EDGE_CURVE('',#13737,#13694,#13747,.T.);
#13749=ORIENTED_EDGE('',*,*,#13748,.T.);
#13750=ORIENTED_EDGE('',*,*,#13699,.T.);
#13751=EDGE_LOOP('',(#13735,#13743,#13749,#13750));
#13752=FACE_BOUND('',#13751,.T.);
#13753=ADVANCED_FACE('',(#13752),#13734,.T.);
#13754=CARTESIAN_POINT('',(1.8001432,5.264829243,0.635));
#13755=CARTESIAN_POINT('',(1.8001432,5.264829243,0.));
#13756=CARTESIAN_POINT('',(1.798296271,5.281450557,0.635));
#13757=CARTESIAN_POINT('',(1.798296271,5.281450557,0.));
#13758=CARTESIAN_POINT('',(1.797372981,5.294840181,0.635));
#13759=CARTESIAN_POINT('',(1.797372981,5.294840181,0.));
#13760=CARTESIAN_POINT('',(1.797372981,5.304998117,0.635));
#13761=CARTESIAN_POINT('',(1.797372981,5.304998117,0.));
#13762=CARTESIAN_POINT('',(1.797372981,5.411191242,0.635));
#13763=CARTESIAN_POINT('',(1.797372981,5.411191242,0.));
#13764=CARTESIAN_POINT('',(1.825075753,5.506766358,0.635));
#13765=CARTESIAN_POINT('',(1.825075753,5.506766358,0.));
#13766=CARTESIAN_POINT('',(1.880481298,5.591722535,0.635));
#13767=CARTESIAN_POINT('',(1.880481298,5.591722535,0.));
#13768=CARTESIAN_POINT('',(1.935886958,5.676676849,0.635));
#13769=CARTESIAN_POINT('',(1.935886958,5.676676849,0.));
#13770=CARTESIAN_POINT('',(2.02130379,5.719155403,0.635));
#13771=CARTESIAN_POINT('',(2.02130379,5.719155403,0.));
#13772=CARTESIAN_POINT('',(2.136732143,5.719155403,0.635));
#13773=CARTESIAN_POINT('',(2.136732143,5.719155403,0.));
#13774=CARTESIAN_POINT('',(2.228151465,5.719155403,0.635));
#13775=CARTESIAN_POINT('',(2.228151465,5.719155403,0.));
#13776=CARTESIAN_POINT('',(2.303872298,5.688219661,0.635));
#13777=CARTESIAN_POINT('',(2.303872298,5.688219661,0.));
#13778=CARTESIAN_POINT('',(2.363895107,5.626350971,0.635));
#13779=CARTESIAN_POINT('',(2.363895107,5.626350971,0.));
#13780=CARTESIAN_POINT('',(2.423917682,5.564480418,0.635));
#13781=CARTESIAN_POINT('',(2.423917682,5.564480418,0.));
#13782=CARTESIAN_POINT('',(2.453929203,5.484603675,0.635));
#13783=CARTESIAN_POINT('',(2.453929203,5.484603675,0.));
#13784=CARTESIAN_POINT('',(2.453929203,5.386721673,0.635));
#13785=CARTESIAN_POINT('',(2.453929203,5.386721673,0.));
#13786=CARTESIAN_POINT('',(2.453929203,5.289761679,0.635));
#13787=CARTESIAN_POINT('',(2.453929203,5.289761679,0.));
#13788=CARTESIAN_POINT('',(2.423456096,5.208961995,0.635));
#13789=CARTESIAN_POINT('',(2.423456096,5.208961995,0.));
#13790=CARTESIAN_POINT('',(2.362509997,5.144322621,0.635));
#13791=CARTESIAN_POINT('',(2.362509997,5.144322621,0.));
#13792=CARTESIAN_POINT('',(2.301563782,5.079682315,0.635));
#13793=CARTESIAN_POINT('',(2.301563782,5.079682315,0.));
#13794=CARTESIAN_POINT('',(2.210144576,5.038127633,0.635));
#13795=CARTESIAN_POINT('',(2.210144576,5.038127633,0.));
#13796=CARTESIAN_POINT('',(2.088252263,5.019659506,0.635));
#13797=CARTESIAN_POINT('',(2.088252263,5.019659506,0.));
#13798=B_SPLINE_SURFACE_WITH_KNOTS('',3,1,((#13754,#13755),(#13756,#13757),(#13758,#13759),(#13760,#13761),(#13762,#13763),(#13764,#13765),(#13766,#13767),(#13768,#13769),(#13770,#13771),(#13772,#13773),(#13774,#13775),(#13776,#13777),(#13778,#13779),(#13780,#13781),(#13782,#13783),(#13784,#13785),(#13786,#13787),(#13788,#13789),(#13790,#13791),(#13792,#13793),(#13794,#13795),(#13796,#13797)),.UNSPECIFIED.,.F.,.F.,.U.,(4,3,3,3,3,3,3,4),(2,2),(0.,0.018224519,0.208747359,0.399267387,0.55015936,0.70105339,0.850526058,1.),(0.,1.),.UNSPECIFIED.);
#13799=ORIENTED_EDGE('',*,*,#2273,.F.);
#13800=CARTESIAN_POINT('',(1.8001432,5.264829243,0.635));
#13801=VERTEX_POINT('',#13800);
#13802=CARTESIAN_POINT('',(1.8001432,5.264829243,0.635));
#13803=DIRECTION('',(0.,0.,-1.));
#13804=VECTOR('',#13803,0.635);
#13805=LINE('',#13802,#13804);
#13806=EDGE_CURVE('',#13801,#2241,#13805,.T.);
#13807=ORIENTED_EDGE('',*,*,#13806,.F.);
#13808=CARTESIAN_POINT('',(1.8001432,5.264829243,0.635));
#13809=CARTESIAN_POINT('',(1.798296271,5.281450557,0.635));
#13810=CARTESIAN_POINT('',(1.797372981,5.294840181,0.635));
#13811=CARTESIAN_POINT('',(1.797372981,5.304998117,0.635));
#13812=CARTESIAN_POINT('',(1.797372981,5.411191242,0.635));
#13813=CARTESIAN_POINT('',(1.825075753,5.506766358,0.635));
#13814=CARTESIAN_POINT('',(1.880481298,5.591722535,0.635));
#13815=CARTESIAN_POINT('',(1.935886958,5.676676849,0.635));
#13816=CARTESIAN_POINT('',(2.02130379,5.719155403,0.635));
#13817=CARTESIAN_POINT('',(2.136732143,5.719155403,0.635));
#13818=CARTESIAN_POINT('',(2.228151465,5.719155403,0.635));
#13819=CARTESIAN_POINT('',(2.303872298,5.688219661,0.635));
#13820=CARTESIAN_POINT('',(2.363895107,5.626350971,0.635));
#13821=CARTESIAN_POINT('',(2.423917682,5.564480418,0.635));
#13822=CARTESIAN_POINT('',(2.453929203,5.484603675,0.635));
#13823=CARTESIAN_POINT('',(2.453929203,5.386721673,0.635));
#13824=CARTESIAN_POINT('',(2.453929203,5.289761679,0.635));
#13825=CARTESIAN_POINT('',(2.423456096,5.208961995,0.635));
#13826=CARTESIAN_POINT('',(2.362509997,5.144322621,0.635));
#13827=CARTESIAN_POINT('',(2.301563782,5.079682315,0.635));
#13828=CARTESIAN_POINT('',(2.210144576,5.038127633,0.635));
#13829=CARTESIAN_POINT('',(2.088252263,5.019659506,0.635));
#13830=B_SPLINE_CURVE_WITH_KNOTS('',3,(#13808,#13809,#13810,#13811,#13812,#13813,#13814,#13815,#13816,#13817,#13818,#13819,#13820,#13821,#13822,#13823,#13824,#13825,#13826,#13827,#13828,#13829),.UNSPECIFIED.,.F.,.F.,(4,3,3,3,3,3,3,4),(0.,0.018224519,0.208747359,0.399267387,0.55015936,0.70105339,0.850526058,1.),.UNSPECIFIED.);
#13831=EDGE_CURVE('',#13801,#13737,#13830,.T.);
#13832=ORIENTED_EDGE('',*,*,#13831,.T.);
#13833=ORIENTED_EDGE('',*,*,#13742,.T.);
#13834=EDGE_LOOP('',(#13799,#13807,#13832,#13833));
#13835=FACE_BOUND('',#13834,.T.);
#13836=ADVANCED_FACE('',(#13835),#13798,.T.);
#13837=CARTESIAN_POINT('',(1.690717193,5.250977682,0.635));
#13838=DIRECTION('',(-0.125581679,0.992083284,0.));
#13839=DIRECTION('',(-0.992083284,-0.125581679,0.));
#13840=AXIS2_PLACEMENT_3D('',#13837,#13838,#13839);
#13841=PLANE('',#13840);
#13842=ORIENTED_EDGE('',*,*,#2246,.F.);
#13843=CARTESIAN_POINT('',(1.581291185,5.237126121,0.635));
#13844=VERTEX_POINT('',#13843);
#13845=CARTESIAN_POINT('',(1.581291185,5.237126121,0.635));
#13846=DIRECTION('',(0.,0.,-1.));
#13847=VECTOR('',#13846,0.635);
#13848=LINE('',#13845,#13847);
#13849=EDGE_CURVE('',#13844,#2214,#13848,.T.);
#13850=ORIENTED_EDGE('',*,*,#13849,.F.);
#13851=CARTESIAN_POINT('',(1.581291185,5.237126121,0.635));
#13852=DIRECTION('',(0.992083284,0.125581679,0.));
#13853=VECTOR('',#13852,0.220598431);
#13854=LINE('',#13851,#13853);
#13855=EDGE_CURVE('',#13844,#13801,#13854,.T.);
#13856=ORIENTED_EDGE('',*,*,#13855,.T.);
#13857=ORIENTED_EDGE('',*,*,#13806,.T.);
#13858=EDGE_LOOP('',(#13842,#13850,#13856,#13857));
#13859=FACE_BOUND('',#13858,.T.);
#13860=ADVANCED_FACE('',(#13859),#13841,.T.);
#13861=CARTESIAN_POINT('',(1.18929664,4.99472707,0.635));
#13862=CARTESIAN_POINT('',(1.18929664,4.99472707,0.));
#13863=CARTESIAN_POINT('',(1.048012357,5.023353132,0.635));
#13864=CARTESIAN_POINT('',(1.048012357,5.023353132,0.));
#13865=CARTESIAN_POINT('',(0.946204568,5.072063165,0.635));
#13866=CARTESIAN_POINT('',(0.946204568,5.072063165,0.));
#13867=CARTESIAN_POINT('',(0.883873302,5.140859032,0.635));
#13868=CARTESIAN_POINT('',(0.883873302,5.140859032,0.));
#13869=CARTESIAN_POINT('',(0.821542035,5.209653968,0.635));
#13870=CARTESIAN_POINT('',(0.821542035,5.209653968,0.));
#13871=CARTESIAN_POINT('',(0.790376373,5.293454373,0.635));
#13872=CARTESIAN_POINT('',(0.790376373,5.293454373,0.));
#13873=CARTESIAN_POINT('',(0.790376373,5.392262111,0.635));
#13874=CARTESIAN_POINT('',(0.790376373,5.392262111,0.));
#13875=CARTESIAN_POINT('',(0.790376373,5.509536112,0.635));
#13876=CARTESIAN_POINT('',(0.790376373,5.509536112,0.));
#13877=CARTESIAN_POINT('',(0.831007125,5.608573886,0.635));
#13878=CARTESIAN_POINT('',(0.831007125,5.608573886,0.));
#13879=CARTESIAN_POINT('',(0.912268657,5.689374501,0.635));
#13880=CARTESIAN_POINT('',(0.912268657,5.689374501,0.));
#13881=CARTESIAN_POINT('',(0.99353019,5.770174185,0.635));
#13882=CARTESIAN_POINT('',(0.99353019,5.770174185,0.));
#13883=CARTESIAN_POINT('',(1.094183663,5.810574027,0.635));
#13884=CARTESIAN_POINT('',(1.094183663,5.810574027,0.));
#13885=CARTESIAN_POINT('',(1.214229135,5.810574027,0.635));
#13886=CARTESIAN_POINT('',(1.214229135,5.810574027,0.));
#13887=CARTESIAN_POINT('',(1.328734023,5.810574027,0.635));
#13888=CARTESIAN_POINT('',(1.328734023,5.810574027,0.));
#13889=CARTESIAN_POINT('',(1.423154358,5.773175837,0.635));
#13890=CARTESIAN_POINT('',(1.423154358,5.773175837,0.));
#13891=CARTESIAN_POINT('',(1.497490197,5.698378528,0.635));
#13892=CARTESIAN_POINT('',(1.497490197,5.698378528,0.));
#13893=CARTESIAN_POINT('',(1.571825979,5.623580286,0.635));
#13894=CARTESIAN_POINT('',(1.571825979,5.623580286,0.));
#13895=CARTESIAN_POINT('',(1.608993899,5.528467106,0.635));
#13896=CARTESIAN_POINT('',(1.608993899,5.528467106,0.));
#13897=CARTESIAN_POINT('',(1.608993899,5.413038986,0.635));
#13898=CARTESIAN_POINT('',(1.608993899,5.413038986,0.));
#13899=CARTESIAN_POINT('',(1.608993899,5.365944797,0.635));
#13900=CARTESIAN_POINT('',(1.608993899,5.365944797,0.));
#13901=CARTESIAN_POINT('',(1.599759602,5.307305934,0.635));
#13902=CARTESIAN_POINT('',(1.599759602,5.307305934,0.));
#13903=CARTESIAN_POINT('',(1.581291185,5.237126121,0.635));
#13904=CARTESIAN_POINT('',(1.581291185,5.237126121,0.));
#13905=B_SPLINE_SURFACE_WITH_KNOTS('',3,1,((#13861,#13862),(#13863,#13864),(#13865,#13866),(#13867,#13868),(#13869,#13870),(#13871,#13872),(#13873,#13874),(#13875,#13876),(#13877,#13878),(#13879,#13880),(#13881,#13882),(#13883,#13884),(#13885,#13886),(#13887,#13888),(#13889,#13890),(#13891,#13892),(#13893,#13894),(#13895,#13896),(#13897,#13898),(#13899,#13900),(#13901,#13902),(#13903,#13904)),.UNSPECIFIED.,.F.,.F.,.U.,(4,3,3,3,3,3,3,4),(2,2),(0.,0.140848204,0.281695362,0.448865567,0.616034814,0.775488525,0.934943173,1.),(0.,1.),.UNSPECIFIED.);
#13906=ORIENTED_EDGE('',*,*,#2238,.F.);
#13907=ORIENTED_EDGE('',*,*,#13568,.F.);
#13908=CARTESIAN_POINT('',(1.18929664,4.99472707,0.635));
#13909=CARTESIAN_POINT('',(1.048012357,5.023353132,0.635));
#13910=CARTESIAN_POINT('',(0.946204568,5.072063165,0.635));
#13911=CARTESIAN_POINT('',(0.883873302,5.140859032,0.635));
#13912=CARTESIAN_POINT('',(0.821542035,5.209653968,0.635));
#13913=CARTESIAN_POINT('',(0.790376373,5.293454373,0.635));
#13914=CARTESIAN_POINT('',(0.790376373,5.392262111,0.635));
#13915=CARTESIAN_POINT('',(0.790376373,5.509536112,0.635));
#13916=CARTESIAN_POINT('',(0.831007125,5.608573886,0.635));
#13917=CARTESIAN_POINT('',(0.912268657,5.689374501,0.635));
#13918=CARTESIAN_POINT('',(0.99353019,5.770174185,0.635));
#13919=CARTESIAN_POINT('',(1.094183663,5.810574027,0.635));
#13920=CARTESIAN_POINT('',(1.214229135,5.810574027,0.635));
#13921=CARTESIAN_POINT('',(1.328734023,5.810574027,0.635));
#13922=CARTESIAN_POINT('',(1.423154358,5.773175837,0.635));
#13923=CARTESIAN_POINT('',(1.497490197,5.698378528,0.635));
#13924=CARTESIAN_POINT('',(1.571825979,5.623580286,0.635));
#13925=CARTESIAN_POINT('',(1.608993899,5.528467106,0.635));
#13926=CARTESIAN_POINT('',(1.608993899,5.413038986,0.635));
#13927=CARTESIAN_POINT('',(1.608993899,5.365944797,0.635));
#13928=CARTESIAN_POINT('',(1.599759602,5.307305934,0.635));
#13929=CARTESIAN_POINT('',(1.581291185,5.237126121,0.635));
#13930=B_SPLINE_CURVE_WITH_KNOTS('',3,(#13908,#13909,#13910,#13911,#13912,#13913,#13914,#13915,#13916,#13917,#13918,#13919,#13920,#13921,#13922,#13923,#13924,#13925,#13926,#13927,#13928,#13929),.UNSPECIFIED.,.F.,.F.,(4,3,3,3,3,3,3,4),(0.,0.140848204,0.281695362,0.448865567,0.616034814,0.775488525,0.934943173,1.),.UNSPECIFIED.);
#13931=EDGE_CURVE('',#13557,#13844,#13930,.T.);
#13932=ORIENTED_EDGE('',*,*,#13931,.T.);
#13933=ORIENTED_EDGE('',*,*,#13849,.T.);
#13934=EDGE_LOOP('',(#13906,#13907,#13932,#13933));
#13935=FACE_BOUND('',#13934,.T.);
#13936=ADVANCED_FACE('',(#13935),#13905,.T.);
#13937=CARTESIAN_POINT('',(0.,0.,0.635));
#13938=DIRECTION('',(0.,0.,-1.));
#13939=DIRECTION('',(-1.,0.,0.));
#13940=AXIS2_PLACEMENT_3D('',#13937,#13938,#13939);
#13941=PLANE('',#13940);
#13942=ORIENTED_EDGE('',*,*,#13562,.F.);
#13943=ORIENTED_EDGE('',*,*,#13641,.F.);
#13944=ORIENTED_EDGE('',*,*,#13724,.F.);
#13945=ORIENTED_EDGE('',*,*,#13748,.F.);
#13946=ORIENTED_EDGE('',*,*,#13831,.F.);
#13947=ORIENTED_EDGE('',*,*,#13855,.F.);
#13948=ORIENTED_EDGE('',*,*,#13931,.F.);
#13949=EDGE_LOOP('',(#13942,#13943,#13944,#13945,#13946,#13947,#13948));
#13950=FACE_BOUND('',#13949,.T.);
#13951=ADVANCED_FACE('',(#13950),#13941,.T.);
#13952=CARTESIAN_POINT('',(-9.017,0.1016,-1.28190625));
#13953=DIRECTION('',(0.,0.,1.));
#13954=DIRECTION('',(1.,0.,-0.));
#13955=AXIS2_PLACEMENT_3D('',#13952,#13953,#13954);
#13956=CYLINDRICAL_SURFACE('',#13955,0.4064);
#13957=ORIENTED_EDGE('',*,*,#4833,.T.);
#13958=ORIENTED_EDGE('',*,*,#1350,.F.);
#13959=ORIENTED_EDGE('',*,*,#3679,.T.);
#13960=ORIENTED_EDGE('',*,*,#6493,.T.);
#13961=EDGE_LOOP('',(#13957,#13958,#13959,#13960));
#13962=FACE_BOUND('',#13961,.T.);
#13963=ADVANCED_FACE('',(#13962),#13956,.F.);
#13964=OVER_RIDING_STYLED_ITEM('',(#3311),#13963,#26);
#13965=CARTESIAN_POINT('',(-9.017,5.1054,-1.28190625));
#13966=DIRECTION('',(0.,0.,1.));
#13967=DIRECTION('',(1.,0.,-0.));
#13968=AXIS2_PLACEMENT_3D('',#13965,#13966,#13967);
#13969=CYLINDRICAL_SURFACE('',#13968,0.4064);
#13970=ORIENTED_EDGE('',*,*,#4878,.T.);
#13971=ORIENTED_EDGE('',*,*,#1402,.F.);
#13972=ORIENTED_EDGE('',*,*,#3737,.T.);
#13973=ORIENTED_EDGE('',*,*,#6398,.T.);
#13974=EDGE_LOOP('',(#13970,#13971,#13972,#13973));
#13975=FACE_BOUND('',#13974,.T.);
#13976=ADVANCED_FACE('',(#13975),#13969,.F.);
#13977=OVER_RIDING_STYLED_ITEM('',(#3311),#13976,#26);
#13978=CARTESIAN_POINT('',(-9.017,-7.4041,-1.28190625));
#13979=DIRECTION('',(0.,0.,1.));
#13980=DIRECTION('',(1.,0.,-0.));
#13981=AXIS2_PLACEMENT_3D('',#13978,#13979,#13980);
#13982=CYLINDRICAL_SURFACE('',#13981,0.4064);
#13983=ORIENTED_EDGE('',*,*,#4923,.T.);
#13984=ORIENTED_EDGE('',*,*,#1272,.F.);
#13985=ORIENTED_EDGE('',*,*,#3818,.T.);
#13986=ORIENTED_EDGE('',*,*,#6277,.T.);
#13987=EDGE_LOOP('',(#13983,#13984,#13985,#13986));
#13988=FACE_BOUND('',#13987,.T.);
#13989=ADVANCED_FACE('',(#13988),#13982,.F.);
#13990=OVER_RIDING_STYLED_ITEM('',(#3311),#13989,#26);
#13991=CARTESIAN_POINT('',(-9.017,2.6035,-1.28190625));
#13992=DIRECTION('',(0.,0.,1.));
#13993=DIRECTION('',(1.,0.,-0.));
#13994=AXIS2_PLACEMENT_3D('',#13991,#13992,#13993);
#13995=CYLINDRICAL_SURFACE('',#13994,0.4064);
#13996=ORIENTED_EDGE('',*,*,#5006,.T.);
#13997=ORIENTED_EDGE('',*,*,#1376,.F.);
#13998=ORIENTED_EDGE('',*,*,#4554,.T.);
#13999=ORIENTED_EDGE('',*,*,#5389,.T.);
#14000=EDGE_LOOP('',(#13996,#13997,#13998,#13999));
#14001=FACE_BOUND('',#14000,.T.);
#14002=ADVANCED_FACE('',(#14001),#13995,.F.);
#14003=OVER_RIDING_STYLED_ITEM('',(#3311),#14002,#26);
#14004=CARTESIAN_POINT('',(-9.017,-2.4003,-1.28190625));
#14005=DIRECTION('',(0.,0.,1.));
#14006=DIRECTION('',(1.,0.,-0.));
#14007=AXIS2_PLACEMENT_3D('',#14004,#14005,#14006);
#14008=CYLINDRICAL_SURFACE('',#14007,0.4064);
#14009=ORIENTED_EDGE('',*,*,#5051,.T.);
#14010=ORIENTED_EDGE('',*,*,#1324,.F.);
#14011=ORIENTED_EDGE('',*,*,#3413,.T.);
#14012=ORIENTED_EDGE('',*,*,#6788,.T.);
#14013=EDGE_LOOP('',(#14009,#14010,#14011,#14012));
#14014=FACE_BOUND('',#14013,.T.);
#14015=ADVANCED_FACE('',(#14014),#14008,.F.);
#14016=OVER_RIDING_STYLED_ITEM('',(#3311),#14015,#26);
#14017=CARTESIAN_POINT('',(-9.017,-4.9022,-1.28190625));
#14018=DIRECTION('',(0.,0.,1.));
#14019=DIRECTION('',(1.,0.,-0.));
#14020=AXIS2_PLACEMENT_3D('',#14017,#14018,#14019);
#14021=CYLINDRICAL_SURFACE('',#14020,0.4064);
#14022=ORIENTED_EDGE('',*,*,#5096,.T.);
#14023=ORIENTED_EDGE('',*,*,#1298,.F.);
#14024=ORIENTED_EDGE('',*,*,#4003,.T.);
#14025=ORIENTED_EDGE('',*,*,#6095,.T.);
#14026=EDGE_LOOP('',(#14022,#14023,#14024,#14025));
#14027=FACE_BOUND('',#14026,.T.);
#14028=ADVANCED_FACE('',(#14027),#14021,.F.);
#14029=OVER_RIDING_STYLED_ITEM('',(#3311),#14028,#26);
#14030=CARTESIAN_POINT('',(-9.017,-9.906,-1.28190625));
#14031=DIRECTION('',(0.,0.,1.));
#14032=DIRECTION('',(1.,0.,-0.));
#14033=AXIS2_PLACEMENT_3D('',#14030,#14031,#14032);
#14034=CYLINDRICAL_SURFACE('',#14033,0.4064);
#14035=ORIENTED_EDGE('',*,*,#5141,.T.);
#14036=ORIENTED_EDGE('',*,*,#1246,.F.);
#14037=ORIENTED_EDGE('',*,*,#4304,.T.);
#14038=ORIENTED_EDGE('',*,*,#5705,.T.);
#14039=EDGE_LOOP('',(#14035,#14036,#14037,#14038));
#14040=FACE_BOUND('',#14039,.T.);
#14041=ADVANCED_FACE('',(#14040),#14034,.F.);
#14042=OVER_RIDING_STYLED_ITEM('',(#3311),#14041,#26);
#14043=CARTESIAN_POINT('',(-9.017,7.6073,-1.28190625));
#14044=DIRECTION('',(0.,0.,1.));
#14045=DIRECTION('',(1.,0.,-0.));
#14046=AXIS2_PLACEMENT_3D('',#14043,#14044,#14045);
#14047=CYLINDRICAL_SURFACE('',#14046,0.4064);
#14048=ORIENTED_EDGE('',*,*,#5167,.T.);
#14049=ORIENTED_EDGE('',*,*,#1428,.F.);
#14050=ORIENTED_EDGE('',*,*,#4473,.T.);
#14051=ORIENTED_EDGE('',*,*,#5497,.T.);
#14052=EDGE_LOOP('',(#14048,#14049,#14050,#14051));
#14053=FACE_BOUND('',#14052,.T.);
#14054=ADVANCED_FACE('',(#14053),#14047,.F.);
#14055=OVER_RIDING_STYLED_ITEM('',(#3311),#14054,#26);
#14056=CARTESIAN_POINT('',(-9.017,10.1092,-1.28190625));
#14057=DIRECTION('',(0.,0.,1.));
#14058=DIRECTION('',(1.,0.,-0.));
#14059=AXIS2_PLACEMENT_3D('',#14056,#14057,#14058);
#14060=CYLINDRICAL_SURFACE('',#14059,0.4064);
#14061=ORIENTED_EDGE('',*,*,#5193,.T.);
#14062=ORIENTED_EDGE('',*,*,#1035,.F.);
#14063=ORIENTED_EDGE('',*,*,#4061,.T.);
#14064=ORIENTED_EDGE('',*,*,#5987,.T.);
#14065=EDGE_LOOP('',(#14061,#14062,#14063,#14064));
#14066=FACE_BOUND('',#14065,.T.);
#14067=ADVANCED_FACE('',(#14066),#14060,.F.);
#14068=OVER_RIDING_STYLED_ITEM('',(#3311),#14067,#26);
#14069=CARTESIAN_POINT('',(-7.5184,2.6035,1.248171875));
#14070=DIRECTION('',(0.,0.,1.));
#14071=DIRECTION('',(1.,0.,-0.));
#14072=AXIS2_PLACEMENT_3D('',#14069,#14070,#14071);
#14073=CYLINDRICAL_SURFACE('',#14072,0.7366);
#14074=ORIENTED_EDGE('',*,*,#5338,.T.);
#14075=ORIENTED_EDGE('',*,*,#5398,.F.);
#14076=ORIENTED_EDGE('',*,*,#5313,.T.);
#14077=ORIENTED_EDGE('',*,*,#2574,.T.);
#14078=EDGE_LOOP('',(#14074,#14075,#14076,#14077));
#14079=FACE_BOUND('',#14078,.T.);
#14080=ADVANCED_FACE('',(#14079),#14073,.F.);
#14081=OVER_RIDING_STYLED_ITEM('',(#5238),#14080,#26);
#14082=CARTESIAN_POINT('',(-7.5184,7.6073,1.248171875));
#14083=DIRECTION('',(0.,0.,1.));
#14084=DIRECTION('',(1.,0.,-0.));
#14085=AXIS2_PLACEMENT_3D('',#14082,#14083,#14084);
#14086=CYLINDRICAL_SURFACE('',#14085,0.7366);
#14087=ORIENTED_EDGE('',*,*,#5446,.T.);
#14088=ORIENTED_EDGE('',*,*,#5506,.F.);
#14089=ORIENTED_EDGE('',*,*,#5421,.T.);
#14090=ORIENTED_EDGE('',*,*,#2490,.T.);
#14091=EDGE_LOOP('',(#14087,#14088,#14089,#14090));
#14092=FACE_BOUND('',#14091,.T.);
#14093=ADVANCED_FACE('',(#14092),#14086,.F.);
#14094=OVER_RIDING_STYLED_ITEM('',(#5238),#14093,#26);
#14095=CARTESIAN_POINT('',(-7.5184,-9.906,1.248171875));
#14096=DIRECTION('',(0.,0.,1.));
#14097=DIRECTION('',(1.,0.,-0.));
#14098=AXIS2_PLACEMENT_3D('',#14095,#14096,#14097);
#14099=CYLINDRICAL_SURFACE('',#14098,0.7366);
#14100=ORIENTED_EDGE('',*,*,#5616,.T.);
#14101=ORIENTED_EDGE('',*,*,#5694,.F.);
#14102=ORIENTED_EDGE('',*,*,#5667,.T.);
#14103=ORIENTED_EDGE('',*,*,#2784,.T.);
#14104=EDGE_LOOP('',(#14100,#14101,#14102,#14103));
#14105=FACE_BOUND('',#14104,.T.);
#14106=ADVANCED_FACE('',(#14105),#14099,.F.);
#14107=OVER_RIDING_STYLED_ITEM('',(#5238),#14106,#26);
#14108=CARTESIAN_POINT('',(-7.5184,10.1092,1.248171875));
#14109=DIRECTION('',(0.,0.,1.));
#14110=DIRECTION('',(1.,0.,-0.));
#14111=AXIS2_PLACEMENT_3D('',#14108,#14109,#14110);
#14112=CYLINDRICAL_SURFACE('',#14111,0.7366);
#14113=ORIENTED_EDGE('',*,*,#5898,.T.);
#14114=ORIENTED_EDGE('',*,*,#5976,.F.);
#14115=ORIENTED_EDGE('',*,*,#5949,.T.);
#14116=ORIENTED_EDGE('',*,*,#2448,.T.);
#14117=EDGE_LOOP('',(#14113,#14114,#14115,#14116));
#14118=FACE_BOUND('',#14117,.T.);
#14119=ADVANCED_FACE('',(#14118),#14112,.F.);
#14120=OVER_RIDING_STYLED_ITEM('',(#5238),#14119,#26);
#14121=CARTESIAN_POINT('',(-7.5184,-4.9022,1.248171875));
#14122=DIRECTION('',(0.,0.,1.));
#14123=DIRECTION('',(1.,0.,-0.));
#14124=AXIS2_PLACEMENT_3D('',#14121,#14122,#14123);
#14125=CYLINDRICAL_SURFACE('',#14124,0.7366);
#14126=ORIENTED_EDGE('',*,*,#6006,.T.);
#14127=ORIENTED_EDGE('',*,*,#6084,.F.);
#14128=ORIENTED_EDGE('',*,*,#6057,.T.);
#14129=ORIENTED_EDGE('',*,*,#2700,.T.);
#14130=EDGE_LOOP('',(#14126,#14127,#14128,#14129));
#14131=FACE_BOUND('',#14130,.T.);
#14132=ADVANCED_FACE('',(#14131),#14125,.F.);
#14133=OVER_RIDING_STYLED_ITEM('',(#5238),#14132,#26);
#14134=CARTESIAN_POINT('',(-7.5184,-7.4041,1.248171875));
#14135=DIRECTION('',(0.,0.,1.));
#14136=DIRECTION('',(1.,0.,-0.));
#14137=AXIS2_PLACEMENT_3D('',#14134,#14135,#14136);
#14138=CYLINDRICAL_SURFACE('',#14137,0.7366);
#14139=ORIENTED_EDGE('',*,*,#6226,.T.);
#14140=ORIENTED_EDGE('',*,*,#6286,.F.);
#14141=ORIENTED_EDGE('',*,*,#6201,.T.);
#14142=ORIENTED_EDGE('',*,*,#2742,.T.);
#14143=EDGE_LOOP('',(#14139,#14140,#14141,#14142));
#14144=FACE_BOUND('',#14143,.T.);
#14145=ADVANCED_FACE('',(#14144),#14138,.F.);
#14146=OVER_RIDING_STYLED_ITEM('',(#5238),#14145,#26);
#14147=CARTESIAN_POINT('',(-7.5184,5.1054,1.248171875));
#14148=DIRECTION('',(0.,0.,1.));
#14149=DIRECTION('',(1.,0.,-0.));
#14150=AXIS2_PLACEMENT_3D('',#14147,#14148,#14149);
#14151=CYLINDRICAL_SURFACE('',#14150,0.7366);
#14152=ORIENTED_EDGE('',*,*,#6309,.T.);
#14153=ORIENTED_EDGE('',*,*,#6387,.F.);
#14154=ORIENTED_EDGE('',*,*,#6360,.T.);
#14155=ORIENTED_EDGE('',*,*,#2532,.T.);
#14156=EDGE_LOOP('',(#14152,#14153,#14154,#14155));
#14157=FACE_BOUND('',#14156,.T.);
#14158=ADVANCED_FACE('',(#14157),#14151,.F.);
#14159=OVER_RIDING_STYLED_ITEM('',(#5238),#14158,#26);
#14160=CARTESIAN_POINT('',(-7.5184,0.1016,1.248171875));
#14161=DIRECTION('',(0.,0.,1.));
#14162=DIRECTION('',(1.,0.,-0.));
#14163=AXIS2_PLACEMENT_3D('',#14160,#14161,#14162);
#14164=CYLINDRICAL_SURFACE('',#14163,0.7366);
#14165=ORIENTED_EDGE('',*,*,#6442,.T.);
#14166=ORIENTED_EDGE('',*,*,#6502,.F.);
#14167=ORIENTED_EDGE('',*,*,#6417,.T.);
#14168=ORIENTED_EDGE('',*,*,#2616,.T.);
#14169=EDGE_LOOP('',(#14165,#14166,#14167,#14168));
#14170=FACE_BOUND('',#14169,.T.);
#14171=ADVANCED_FACE('',(#14170),#14164,.F.);
#14172=OVER_RIDING_STYLED_ITEM('',(#5238),#14171,#26);
#14173=CARTESIAN_POINT('',(-7.5184,-2.4003,1.248171875));
#14174=DIRECTION('',(0.,0.,1.));
#14175=DIRECTION('',(1.,0.,-0.));
#14176=AXIS2_PLACEMENT_3D('',#14173,#14174,#14175);
#14177=CYLINDRICAL_SURFACE('',#14176,0.7366);
#14178=ORIENTED_EDGE('',*,*,#6699,.T.);
#14179=ORIENTED_EDGE('',*,*,#6777,.F.);
#14180=ORIENTED_EDGE('',*,*,#6750,.T.);
#14181=ORIENTED_EDGE('',*,*,#2658,.T.);
#14182=EDGE_LOOP('',(#14178,#14179,#14180,#14181));
#14183=FACE_BOUND('',#14182,.T.);
#14184=ADVANCED_FACE('',(#14183),#14177,.F.);
#14185=OVER_RIDING_STYLED_ITEM('',(#5238),#14184,#26);
#14186=CLOSED_SHELL('',(#2334,#3217,#3271,#3304,#3366,#3392,#3447,#3473,#3528,#3554,#3609,#3635,#3690,#3716,#3771,#3797,#3852,#3878,#3933,#3959,#4014,#4040,#4095,#4121,#4176,#4202,
#4257,#4283,#4322,#4348,#4403,#4429,#4484,#4510,#4565,#4591,#4630,#4656,#4674,#4708,#4767,#4801,#4820,#4846,#4865,#4891,#4910,#4936,#4955,#4974,#4993,
#5019,#5038,#5064,#5083,#5109,#5128,#5154,#5180,#5206,#5231,#5263,#5282,#5300,#5325,#5358,#5376,#5408,#5433,#5466,#5484,#5516,#5541,#5566,#5585,#5603,
#5636,#5654,#5679,#5711,#5744,#5762,#5780,#5798,#5831,#5849,#5867,#5885,#5918,#5936,#5961,#5993,#6026,#6044,#6069,#6101,#6126,#6151,#6170,#6188,#6213,
#6246,#6264,#6296,#6329,#6347,#6372,#6404,#6429,#6462,#6480,#6512,#6545,#6563,#6581,#6599,#6632,#6650,#6668,#6686,#6719,#6737,#6762,#6794,#6827,#6845,
#6863,#6881,#6906,#6931,#6950,#6968,#7000,#7095,#7120,#7163,#7181,#7204,#7222,#7240,#7254,#7268,#7301,#7326,#7352,#7370,#7383,#7415,#7447,#7472,#7490,
#7523,#7555,#7580,#7605,#7623,#7656,#7692,#7710,#7746,#7757,#7789,#7821,#7846,#7864,#7877,#7909,#7941,#7966,#7984,#7997,#8029,#8053,#8118,#8147,#8171,
#8195,#8277,#8308,#8339,#8370,#8398,#8415,#8437,#8450,#8486,#8510,#8534,#8558,#8596,#8679,#8703,#8777,#8808,#8825,#8856,#8880,#8904,#8928,#8957,#8986,
#9010,#9034,#9058,#9082,#9106,#9130,#9154,#9178,#9195,#9218,#9249,#9273,#9297,#9321,#9345,#9369,#9393,#9417,#9441,#9465,#9489,#9506,#9526,#9557,#9581,
#9605,#9622,#9634,#9665,#9689,#9745,#9774,#9798,#9822,#9846,#9920,#9937,#9954,#9985,#10009,#10074,#10103,#10127,#10151,#10233,#10264,#10295,#10326,#10354,#10371,
#10393,#10406,#10437,#10461,#10485,#10514,#10543,#10608,#10632,#10656,#10680,#10704,#10728,#10757,#10851,#10882,#10913,#10935,#10975,#11002,#11014,#11045,#11069,#11093,#11117,
#11141,#11165,#11189,#11213,#11237,#11254,#11272,#11303,#11327,#11351,#11368,#11380,#11411,#11435,#11459,#11483,#11507,#11531,#11555,#11579,#11603,#11627,#11651,#11668,#11688,
#11719,#11811,#11849,#11914,#11938,#12030,#12068,#12153,#12169,#12200,#12292,#12330,#12395,#12419,#12511,#12549,#12634,#12650,#12681,#12755,#12838,#12862,#12945,#12969,#13045,
#13060,#13091,#13183,#13221,#13286,#13310,#13402,#13440,#13525,#13541,#13572,#13646,#13729,#13753,#13836,#13860,#13936,#13951,#13963,#13976,#13989,#14002,#14015,#14028,#14041,
#14054,#14067,#14080,#14093,#14106,#14119,#14132,#14145,#14158,#14171,#14184));
#14187=MANIFOLD_SOLID_BREP('Body 01',#14186);
#14188=COLOUR_RGB('',0.015686275,0.015686275,0.015686275);
#14189=FILL_AREA_STYLE_COLOUR('',#14188);
#14190=FILL_AREA_STYLE('',(#14189));
#14191=SURFACE_STYLE_FILL_AREA(#14190);
#14192=SURFACE_SIDE_STYLE('',(#14191));
#14193=SURFACE_STYLE_USAGE(.BOTH.,#14192);
#14194=PRESENTATION_STYLE_ASSIGNMENT((#14193));
#26=STYLED_ITEM('',(#14194),#14187);
#16=SHAPE_REPRESENTATION('root',(#15),#10);
#17=ADVANCED_BREP_SHAPE_REPRESENTATION('root',(#14187),#10);
#14202=SHAPE_REPRESENTATION_RELATIONSHIP('','',#16,#17);
#14203=APPLICATION_CONTEXT('data for automotive mechanical design processes');
#14204=APPLICATION_PROTOCOL_DEFINITION('international standard','automotive_design',1994,#14203);
#14205=PRODUCT_CONTEXT('',#14203,'mechanical');
#14206=PRODUCT_DEFINITION_CONTEXT('part definition',#14203,'design');
#24=PRODUCT('root','root','',(#14205));
#14207=PRODUCT_RELATED_PRODUCT_CATEGORY('part','',(#24));
#14208=PRODUCT_DEFINITION_FORMATION_WITH_SPECIFIED_SOURCE('','',#24,.NOT_KNOWN.);
#25=PRODUCT_DEFINITION('design','',#14208,#14206);
#23=PRODUCT_DEFINITION_SHAPE('','',#25);
#14209=SHAPE_DEFINITION_REPRESENTATION(#23,#16);
#11=DRAUGHTING_MODEL('',(),#10);
#1=MECHANICAL_DESIGN_GEOMETRIC_PRESENTATION_REPRESENTATION('',(#3279,#3312,#3367,#3393,#3448,#3474,#3529,#3555,#3610,#3636,#3691,#3717,#3772,#3798,#3853,#3879,#3934,#3960,#4015,#4041,#4096,#4122,#4177,#4203,#4258,#4284,
#4323,#4349,#4404,#4430,#4485,#4511,#4566,#4592,#4631,#4657,#4675,#4709,#4768,#4802,#4821,#4847,#4866,#4892,#4911,#4937,#4956,#4975,#4994,#5020,#5039,
#5065,#5084,#5110,#5129,#5155,#5181,#5207,#5239,#5264,#5283,#5301,#5326,#5359,#5377,#5409,#5434,#5467,#5485,#5517,#5542,#5567,#5586,#5604,#5637,#5655,
#5680,#5712,#5745,#5763,#5781,#5799,#5832,#5850,#5868,#5886,#5919,#5937,#5962,#5994,#6027,#6045,#6070,#6102,#6127,#6152,#6171,#6189,#6214,#6247,#6265,
#6297,#6330,#6348,#6373,#6405,#6430,#6463,#6481,#6513,#6546,#6564,#6582,#6600,#6633,#6651,#6669,#6687,#6720,#6738,#6763,#6795,#6828,#6846,#6864,#6882,
#6907,#6932,#6951,#6969,#7008,#7096,#7121,#7164,#7182,#7205,#7223,#7241,#7255,#7269,#7302,#7327,#7353,#7371,#7384,#7423,#7448,#7473,#7491,#7524,#7556,
#7581,#7606,#7624,#7657,#7700,#7711,#7747,#7758,#7797,#7822,#7847,#7865,#7878,#7917,#7942,#7967,#7985,#7998,#13964,#13977,#13990,#14003,#14016,#14029,#14042,
#14055,#14068,#14081,#14094,#14107,#14120,#14133,#14146,#14159,#14172,#14185,#26),#10);
ENDSEC;
END-ISO-10303-21;
