ISO-10303-21;
HEADER;
/* Generated by software containing ST-Developer
 * from STEP Tools, Inc. (www.steptools.com) 
 */
/* OPTION: using custom schema-name function */

FILE_DESCRIPTION(
/* description */ (''),
/* implementation_level */ '2;1');

FILE_NAME(
/* name */ '60G\X2\96F78FBE6A217EC4FF08\X0\3D\X2\6A21578BFF09\X0\-0308.
stp',
/* time_stamp */ '2022-03-08T13:46:05+08:00',
/* author */ (''),
/* organization */ (''),
/* preprocessor_version */ 'ST-DEVELOPER v16.7',
/* originating_system */ 'SIEMENS PLM Software NX 1926',
/* authorisation */ '');

FILE_SCHEMA (('AP203_CONFIGURATION_CONTROLLED_3D_DESIGN_OF_MECHANICAL_PARTS_AND_ASSEMBLIES_MIM_LF { 1 0 10303 403 2 1 2}'));
ENDSEC;

DATA;
#10=SHAPE_REPRESENTATION_RELATIONSHIP('None',
'relationship between 60G\X2\96F78FBE6A217EC4FF08\X0\3D\X2\6A21578BFF09\X0\_
step-None and 60G\X2\96F78FBE6A217EC4FF08\X0\3D\X2\6A21578BFF09\X0\_st
ep-None',#76,#11);
#11=ADVANCED_BREP_SHAPE_REPRESENTATION(
'60G\X2\96F78FBE6A217EC4FF08\X0\3D\X2\6A21578BFF09\X0\_step-None',(#86),
#10491);
#12=APPLIED_APPROVAL_ASSIGNMENT(#24,(#66));
#13=APPLIED_APPROVAL_ASSIGNMENT(#25,(#68));
#14=APPLIED_APPROVAL_ASSIGNMENT(#26,(#38));
#15=APPROVAL_PERSON_ORGANIZATION(#30,#24,#18);
#16=APPROVAL_PERSON_ORGANIZATION(#31,#25,#19);
#17=APPROVAL_PERSON_ORGANIZATION(#32,#26,#20);
#18=APPROVAL_ROLE('approver');
#19=APPROVAL_ROLE('approver');
#20=APPROVAL_ROLE('approver');
#21=APPROVAL_DATE_TIME(#46,#24);
#22=APPROVAL_DATE_TIME(#47,#25);
#23=APPROVAL_DATE_TIME(#48,#26);
#24=APPROVAL(#27,' ');
#25=APPROVAL(#28,' ');
#26=APPROVAL(#29,' ');
#27=APPROVAL_STATUS('not_yet_approved');
#28=APPROVAL_STATUS('not_yet_approved');
#29=APPROVAL_STATUS('not_yet_approved');
#30=PERSON_AND_ORGANIZATION(#36,#33);
#31=PERSON_AND_ORGANIZATION(#36,#34);
#32=PERSON_AND_ORGANIZATION(#36,#35);
#33=ORGANIZATION(' ',' ',' ');
#34=ORGANIZATION(' ',' ',' ');
#35=ORGANIZATION(' ',' ',' ');
#36=PERSON(' ',' ',' ',(' '),$,$);
#37=APPLIED_SECURITY_CLASSIFICATION_ASSIGNMENT(#38,(#68));
#38=SECURITY_CLASSIFICATION(' ',' ',#39);
#39=SECURITY_CLASSIFICATION_LEVEL('confidential');
#40=APPLIED_DATE_AND_TIME_ASSIGNMENT(#44,#42,(#66));
#41=APPLIED_DATE_AND_TIME_ASSIGNMENT(#45,#43,(#38));
#42=DATE_TIME_ROLE('creation_date');
#43=DATE_TIME_ROLE('classification_date');
#44=DATE_AND_TIME(#59,#49);
#45=DATE_AND_TIME(#60,#50);
#46=DATE_AND_TIME(#61,#51);
#47=DATE_AND_TIME(#62,#52);
#48=DATE_AND_TIME(#63,#53);
#49=LOCAL_TIME(0,0,0.,#54);
#50=LOCAL_TIME(0,0,0.,#55);
#51=LOCAL_TIME(0,0,0.,#56);
#52=LOCAL_TIME(0,0,0.,#57);
#53=LOCAL_TIME(0,0,0.,#58);
#54=COORDINATED_UNIVERSAL_TIME_OFFSET(0,0,.BEHIND.);
#55=COORDINATED_UNIVERSAL_TIME_OFFSET(0,0,.BEHIND.);
#56=COORDINATED_UNIVERSAL_TIME_OFFSET(0,0,.BEHIND.);
#57=COORDINATED_UNIVERSAL_TIME_OFFSET(0,0,.BEHIND.);
#58=COORDINATED_UNIVERSAL_TIME_OFFSET(0,0,.BEHIND.);
#59=CALENDAR_DATE(0,1,1);
#60=CALENDAR_DATE(0,1,1);
#61=CALENDAR_DATE(0,1,1);
#62=CALENDAR_DATE(0,1,1);
#63=CALENDAR_DATE(0,1,1);
#64=SHAPE_DEFINITION_REPRESENTATION(#65,#76);
#65=PRODUCT_DEFINITION_SHAPE('','',#66);
#66=PRODUCT_DEFINITION(' ','',#68,#67);
#67=PRODUCT_DEFINITION_CONTEXT('part definition',#75,'design');
#68=PRODUCT_DEFINITION_FORMATION_WITH_SPECIFIED_SOURCE(' ',' ',#70,
 .NOT_KNOWN.);
#69=PRODUCT_RELATED_PRODUCT_CATEGORY('detail','',(#70));
#70=PRODUCT('60G\X2\96F78FBE6A217EC4FF08\X0\3D\X2\6A21578BFF09\X0\_ste
p','60G\X2\96F78FBE6A217EC4FF08\X0\3D\X2\6A21578BFF09\X0\_step',' ',(#73));
#71=PRODUCT_CATEGORY('part',' ');
#72=PRODUCT_CATEGORY(' ','');
#73=PRODUCT_CONTEXT(' ',#75,'mechanical');
#74=APPLICATION_PROTOCOL_DEFINITION('international standard',
'config_control_design',2010,#75);
#75=APPLICATION_CONTEXT(
'configuration controlled 3D designs of mechanical parts and assemblie
s');
#76=SHAPE_REPRESENTATION('60G\X2\96F78FBE6A217EC4FF08\X0\3D\X2\6A21578BFF09\X0\_
step-None',(#5968),#10491);
#77=PRESENTATION_LAYER_ASSIGNMENT('1','Layer 1',(#86));
#78=STYLED_ITEM('',(#79),#86);
#79=PRESENTATION_STYLE_ASSIGNMENT((#80));
#80=SURFACE_STYLE_USAGE(.BOTH.,#81);
#81=SURFACE_SIDE_STYLE('',(#82));
#82=SURFACE_STYLE_FILL_AREA(#83);
#83=FILL_AREA_STYLE('',(#84));
#84=FILL_AREA_STYLE_COLOUR('',#85);
#85=COLOUR_RGB('medium steel',0.596063172350652,0.666666666666667,0.686259250782025);
#86=MANIFOLD_SOLID_BREP('\X2\51F853F0\X0\-\X2\62C94F38\X0\11',#87);
#87=CLOSED_SHELL('',(#474,#475,#476,#477,#478,#479,#480,#481,#482,#483,
#484,#485,#486,#487,#488,#489,#490,#491,#492,#493,#494,#495,#496,#497,#498,
#499,#500,#501,#502,#503,#504,#505,#506,#507,#508,#509,#510,#511,#512,#513,
#514,#515,#516,#517,#518,#519,#520,#521,#522,#523,#524,#525,#526,#527,#528,
#529,#530,#531,#532,#533,#534,#535,#536,#537,#538,#539,#540,#541,#542,#543,
#544,#545,#546,#547,#548,#549,#550,#551,#552,#553,#554,#555,#556,#557,#558,
#559,#560,#561,#562,#563,#564,#565,#566,#567,#568,#569,#570,#571,#572,#573,
#574,#575,#576,#577,#578,#579,#580,#581,#582,#583,#584,#585,#586,#587,#588,
#589,#590,#591,#592,#593,#594,#595,#596,#597,#598,#599,#600,#601,#602,#603,
#604,#605,#606,#607,#608,#609,#610,#611,#612,#613,#614,#615,#616,#617,#618,
#619,#620,#621,#622,#623,#624,#625,#626,#627,#628,#629,#630,#631,#632,#633,
#634,#635,#636,#637,#638,#639,#640,#641,#642,#643,#644,#645,#646,#647,#648,
#649,#650,#651,#652,#653,#654,#655,#656,#657,#658,#659,#660,#661,#662,#663,
#664,#665,#666,#667,#668,#669,#670,#671,#672,#673,#674,#675,#676,#677,#678,
#679,#680,#681,#682,#683,#684,#685,#686,#687,#688,#689,#690,#691,#692,#693,
#694,#695,#696,#697,#698,#699,#700,#701,#702,#703,#704,#705,#706,#707,#708,
#709,#710,#711,#712,#713,#714,#715,#716,#717,#718,#719,#720,#721,#722,#723,
#724,#725,#726,#727,#728,#729,#730,#731,#732,#733,#734,#735,#736,#737,#738,
#739,#740,#741,#742,#743,#744,#745,#746,#747,#748,#749,#750,#751,#752,#753,
#754,#755,#756,#757,#758,#759,#760,#761,#762,#763,#764,#765,#766,#767,#768,
#769,#770,#771,#772,#773,#774,#775,#776,#777,#778,#779,#780,#781,#782,#783,
#784,#785,#786,#787,#788,#789,#790,#791,#792,#793,#794,#795,#796,#797,#798,
#799,#800,#801));
#88=SURFACE_OF_LINEAR_EXTRUSION('',#5859,#2288);
#89=SURFACE_OF_LINEAR_EXTRUSION('',#5862,#2291);
#90=SURFACE_OF_LINEAR_EXTRUSION('',#5867,#2295);
#91=SURFACE_OF_LINEAR_EXTRUSION('',#5870,#2297);
#92=SURFACE_OF_LINEAR_EXTRUSION('',#5872,#2300);
#93=SURFACE_OF_LINEAR_EXTRUSION('',#5874,#2302);
#94=SURFACE_OF_LINEAR_EXTRUSION('',#5877,#2305);
#95=SURFACE_OF_LINEAR_EXTRUSION('',#5880,#2308);
#96=SURFACE_OF_LINEAR_EXTRUSION('',#5882,#2310);
#97=SURFACE_OF_LINEAR_EXTRUSION('',#5884,#2311);
#98=SURFACE_OF_LINEAR_EXTRUSION('',#5887,#2312);
#99=SURFACE_OF_LINEAR_EXTRUSION('',#5890,#2315);
#100=SURFACE_OF_LINEAR_EXTRUSION('',#5897,#2322);
#101=SURFACE_OF_LINEAR_EXTRUSION('',#5900,#2323);
#102=SURFACE_OF_LINEAR_EXTRUSION('',#5903,#2326);
#103=SURFACE_OF_LINEAR_EXTRUSION('',#5906,#2328);
#104=SURFACE_OF_LINEAR_EXTRUSION('',#5908,#2331);
#105=SURFACE_OF_LINEAR_EXTRUSION('',#5910,#2333);
#106=SURFACE_OF_LINEAR_EXTRUSION('',#5913,#2336);
#107=SURFACE_OF_LINEAR_EXTRUSION('',#5916,#2339);
#108=SURFACE_OF_LINEAR_EXTRUSION('',#5918,#2341);
#109=SURFACE_OF_LINEAR_EXTRUSION('',#5920,#2342);
#110=SURFACE_OF_LINEAR_EXTRUSION('',#5923,#2343);
#111=SURFACE_OF_LINEAR_EXTRUSION('',#5927,#2348);
#112=SURFACE_OF_LINEAR_EXTRUSION('',#5930,#2351);
#113=SURFACE_OF_LINEAR_EXTRUSION('',#5935,#2356);
#114=SURFACE_OF_LINEAR_EXTRUSION('',#5938,#2358);
#115=SURFACE_OF_LINEAR_EXTRUSION('',#5942,#2363);
#116=SURFACE_OF_LINEAR_EXTRUSION('',#5945,#2366);
#117=SURFACE_OF_LINEAR_EXTRUSION('',#5947,#2368);
#118=SURFACE_OF_LINEAR_EXTRUSION('',#5962,#2383);
#119=SURFACE_OF_LINEAR_EXTRUSION('',#5967,#2385);
#120=CYLINDRICAL_SURFACE('',#6164,1.1);
#121=CYLINDRICAL_SURFACE('',#6167,1.1);
#122=CYLINDRICAL_SURFACE('',#6170,1.1);
#123=CYLINDRICAL_SURFACE('',#6173,1.1);
#124=CYLINDRICAL_SURFACE('',#6177,1.6);
#125=CYLINDRICAL_SURFACE('',#6181,1.6);
#126=CYLINDRICAL_SURFACE('',#6185,1.6);
#127=CYLINDRICAL_SURFACE('',#6189,1.6);
#128=CYLINDRICAL_SURFACE('',#6232,1.1);
#129=CYLINDRICAL_SURFACE('',#6233,1.1);
#130=CYLINDRICAL_SURFACE('',#6234,1.1);
#131=CYLINDRICAL_SURFACE('',#6235,1.1);
#132=CIRCLE('',#6162,1.1);
#133=CIRCLE('',#6163,1.1);
#134=CIRCLE('',#6165,1.1);
#135=CIRCLE('',#6166,1.1);
#136=CIRCLE('',#6168,1.1);
#137=CIRCLE('',#6169,1.1);
#138=CIRCLE('',#6171,1.1);
#139=CIRCLE('',#6172,1.1);
#140=CIRCLE('',#6175,1.6);
#141=CIRCLE('',#6176,1.6);
#142=CIRCLE('',#6179,1.6);
#143=CIRCLE('',#6180,1.6);
#144=CIRCLE('',#6183,1.6);
#145=CIRCLE('',#6184,1.6);
#146=CIRCLE('',#6187,1.6);
#147=CIRCLE('',#6188,1.6);
#148=CIRCLE('',#6190,1.1);
#149=CIRCLE('',#6191,1.1);
#150=CIRCLE('',#6192,1.1);
#151=CIRCLE('',#6193,1.1);
#152=CIRCLE('',#6227,1.1);
#153=CIRCLE('',#6228,1.1);
#154=CIRCLE('',#6229,1.1);
#155=CIRCLE('',#6230,1.1);
#156=FACE_OUTER_BOUND('',#2475,.T.);
#157=FACE_OUTER_BOUND('',#2476,.T.);
#158=FACE_OUTER_BOUND('',#2477,.T.);
#159=FACE_OUTER_BOUND('',#2478,.T.);
#160=FACE_OUTER_BOUND('',#2479,.T.);
#161=FACE_OUTER_BOUND('',#2480,.T.);
#162=FACE_OUTER_BOUND('',#2481,.T.);
#163=FACE_OUTER_BOUND('',#2482,.T.);
#164=FACE_OUTER_BOUND('',#2483,.T.);
#165=FACE_OUTER_BOUND('',#2484,.T.);
#166=FACE_OUTER_BOUND('',#2485,.T.);
#167=FACE_OUTER_BOUND('',#2486,.T.);
#168=FACE_OUTER_BOUND('',#2487,.T.);
#169=FACE_OUTER_BOUND('',#2488,.T.);
#170=FACE_OUTER_BOUND('',#2489,.T.);
#171=FACE_OUTER_BOUND('',#2490,.T.);
#172=FACE_OUTER_BOUND('',#2491,.T.);
#173=FACE_OUTER_BOUND('',#2492,.T.);
#174=FACE_OUTER_BOUND('',#2493,.T.);
#175=FACE_OUTER_BOUND('',#2494,.T.);
#176=FACE_OUTER_BOUND('',#2495,.T.);
#177=FACE_OUTER_BOUND('',#2496,.T.);
#178=FACE_OUTER_BOUND('',#2497,.T.);
#179=FACE_OUTER_BOUND('',#2498,.T.);
#180=FACE_OUTER_BOUND('',#2499,.T.);
#181=FACE_OUTER_BOUND('',#2500,.T.);
#182=FACE_OUTER_BOUND('',#2501,.T.);
#183=FACE_OUTER_BOUND('',#2502,.T.);
#184=FACE_OUTER_BOUND('',#2503,.T.);
#185=FACE_OUTER_BOUND('',#2504,.T.);
#186=FACE_OUTER_BOUND('',#2505,.T.);
#187=FACE_OUTER_BOUND('',#2506,.T.);
#188=FACE_OUTER_BOUND('',#2507,.T.);
#189=FACE_OUTER_BOUND('',#2508,.T.);
#190=FACE_OUTER_BOUND('',#2509,.T.);
#191=FACE_OUTER_BOUND('',#2510,.T.);
#192=FACE_OUTER_BOUND('',#2511,.T.);
#193=FACE_OUTER_BOUND('',#2512,.T.);
#194=FACE_OUTER_BOUND('',#2513,.T.);
#195=FACE_OUTER_BOUND('',#2514,.T.);
#196=FACE_OUTER_BOUND('',#2515,.T.);
#197=FACE_OUTER_BOUND('',#2516,.T.);
#198=FACE_OUTER_BOUND('',#2517,.T.);
#199=FACE_OUTER_BOUND('',#2518,.T.);
#200=FACE_OUTER_BOUND('',#2519,.T.);
#201=FACE_OUTER_BOUND('',#2520,.T.);
#202=FACE_OUTER_BOUND('',#2521,.T.);
#203=FACE_OUTER_BOUND('',#2522,.T.);
#204=FACE_OUTER_BOUND('',#2523,.T.);
#205=FACE_OUTER_BOUND('',#2524,.T.);
#206=FACE_OUTER_BOUND('',#2525,.T.);
#207=FACE_OUTER_BOUND('',#2526,.T.);
#208=FACE_OUTER_BOUND('',#2527,.T.);
#209=FACE_OUTER_BOUND('',#2528,.T.);
#210=FACE_OUTER_BOUND('',#2529,.T.);
#211=FACE_OUTER_BOUND('',#2530,.T.);
#212=FACE_OUTER_BOUND('',#2531,.T.);
#213=FACE_OUTER_BOUND('',#2532,.T.);
#214=FACE_OUTER_BOUND('',#2533,.T.);
#215=FACE_OUTER_BOUND('',#2534,.T.);
#216=FACE_OUTER_BOUND('',#2535,.T.);
#217=FACE_OUTER_BOUND('',#2536,.T.);
#218=FACE_OUTER_BOUND('',#2537,.T.);
#219=FACE_OUTER_BOUND('',#2538,.T.);
#220=FACE_OUTER_BOUND('',#2539,.T.);
#221=FACE_OUTER_BOUND('',#2540,.T.);
#222=FACE_OUTER_BOUND('',#2541,.T.);
#223=FACE_OUTER_BOUND('',#2542,.T.);
#224=FACE_OUTER_BOUND('',#2543,.T.);
#225=FACE_OUTER_BOUND('',#2544,.T.);
#226=FACE_OUTER_BOUND('',#2545,.T.);
#227=FACE_OUTER_BOUND('',#2546,.T.);
#228=FACE_OUTER_BOUND('',#2547,.T.);
#229=FACE_OUTER_BOUND('',#2548,.T.);
#230=FACE_OUTER_BOUND('',#2549,.T.);
#231=FACE_OUTER_BOUND('',#2550,.T.);
#232=FACE_OUTER_BOUND('',#2551,.T.);
#233=FACE_OUTER_BOUND('',#2552,.T.);
#234=FACE_OUTER_BOUND('',#2553,.T.);
#235=FACE_OUTER_BOUND('',#2554,.T.);
#236=FACE_OUTER_BOUND('',#2555,.T.);
#237=FACE_OUTER_BOUND('',#2556,.T.);
#238=FACE_OUTER_BOUND('',#2557,.T.);
#239=FACE_OUTER_BOUND('',#2558,.T.);
#240=FACE_OUTER_BOUND('',#2559,.T.);
#241=FACE_OUTER_BOUND('',#2560,.T.);
#242=FACE_OUTER_BOUND('',#2561,.T.);
#243=FACE_OUTER_BOUND('',#2562,.T.);
#244=FACE_OUTER_BOUND('',#2563,.T.);
#245=FACE_OUTER_BOUND('',#2564,.T.);
#246=FACE_OUTER_BOUND('',#2565,.T.);
#247=FACE_OUTER_BOUND('',#2566,.T.);
#248=FACE_OUTER_BOUND('',#2567,.T.);
#249=FACE_OUTER_BOUND('',#2568,.T.);
#250=FACE_OUTER_BOUND('',#2569,.T.);
#251=FACE_OUTER_BOUND('',#2570,.T.);
#252=FACE_OUTER_BOUND('',#2571,.T.);
#253=FACE_OUTER_BOUND('',#2572,.T.);
#254=FACE_OUTER_BOUND('',#2573,.T.);
#255=FACE_OUTER_BOUND('',#2574,.T.);
#256=FACE_OUTER_BOUND('',#2575,.T.);
#257=FACE_OUTER_BOUND('',#2576,.T.);
#258=FACE_OUTER_BOUND('',#2577,.T.);
#259=FACE_OUTER_BOUND('',#2578,.T.);
#260=FACE_OUTER_BOUND('',#2579,.T.);
#261=FACE_OUTER_BOUND('',#2580,.T.);
#262=FACE_OUTER_BOUND('',#2581,.T.);
#263=FACE_OUTER_BOUND('',#2582,.T.);
#264=FACE_OUTER_BOUND('',#2583,.T.);
#265=FACE_OUTER_BOUND('',#2584,.T.);
#266=FACE_OUTER_BOUND('',#2585,.T.);
#267=FACE_OUTER_BOUND('',#2586,.T.);
#268=FACE_OUTER_BOUND('',#2587,.T.);
#269=FACE_OUTER_BOUND('',#2588,.T.);
#270=FACE_OUTER_BOUND('',#2589,.T.);
#271=FACE_OUTER_BOUND('',#2590,.T.);
#272=FACE_OUTER_BOUND('',#2591,.T.);
#273=FACE_OUTER_BOUND('',#2592,.T.);
#274=FACE_OUTER_BOUND('',#2593,.T.);
#275=FACE_OUTER_BOUND('',#2594,.T.);
#276=FACE_OUTER_BOUND('',#2595,.T.);
#277=FACE_OUTER_BOUND('',#2596,.T.);
#278=FACE_OUTER_BOUND('',#2597,.T.);
#279=FACE_OUTER_BOUND('',#2598,.T.);
#280=FACE_OUTER_BOUND('',#2599,.T.);
#281=FACE_OUTER_BOUND('',#2600,.T.);
#282=FACE_OUTER_BOUND('',#2601,.T.);
#283=FACE_OUTER_BOUND('',#2602,.T.);
#284=FACE_OUTER_BOUND('',#2603,.T.);
#285=FACE_OUTER_BOUND('',#2604,.T.);
#286=FACE_OUTER_BOUND('',#2605,.T.);
#287=FACE_OUTER_BOUND('',#2606,.T.);
#288=FACE_OUTER_BOUND('',#2607,.T.);
#289=FACE_OUTER_BOUND('',#2608,.T.);
#290=FACE_OUTER_BOUND('',#2609,.T.);
#291=FACE_OUTER_BOUND('',#2610,.T.);
#292=FACE_OUTER_BOUND('',#2611,.T.);
#293=FACE_OUTER_BOUND('',#2612,.T.);
#294=FACE_OUTER_BOUND('',#2613,.T.);
#295=FACE_OUTER_BOUND('',#2614,.T.);
#296=FACE_OUTER_BOUND('',#2615,.T.);
#297=FACE_OUTER_BOUND('',#2616,.T.);
#298=FACE_OUTER_BOUND('',#2617,.T.);
#299=FACE_OUTER_BOUND('',#2618,.T.);
#300=FACE_OUTER_BOUND('',#2619,.T.);
#301=FACE_OUTER_BOUND('',#2620,.T.);
#302=FACE_OUTER_BOUND('',#2621,.T.);
#303=FACE_OUTER_BOUND('',#2622,.T.);
#304=FACE_OUTER_BOUND('',#2623,.T.);
#305=FACE_OUTER_BOUND('',#2624,.T.);
#306=FACE_OUTER_BOUND('',#2625,.T.);
#307=FACE_OUTER_BOUND('',#2626,.T.);
#308=FACE_OUTER_BOUND('',#2627,.T.);
#309=FACE_OUTER_BOUND('',#2628,.T.);
#310=FACE_OUTER_BOUND('',#2629,.T.);
#311=FACE_OUTER_BOUND('',#2630,.T.);
#312=FACE_OUTER_BOUND('',#2631,.T.);
#313=FACE_OUTER_BOUND('',#2632,.T.);
#314=FACE_OUTER_BOUND('',#2633,.T.);
#315=FACE_OUTER_BOUND('',#2634,.T.);
#316=FACE_OUTER_BOUND('',#2635,.T.);
#317=FACE_OUTER_BOUND('',#2636,.T.);
#318=FACE_OUTER_BOUND('',#2637,.T.);
#319=FACE_OUTER_BOUND('',#2638,.T.);
#320=FACE_OUTER_BOUND('',#2639,.T.);
#321=FACE_OUTER_BOUND('',#2640,.T.);
#322=FACE_OUTER_BOUND('',#2641,.T.);
#323=FACE_OUTER_BOUND('',#2642,.T.);
#324=FACE_OUTER_BOUND('',#2643,.T.);
#325=FACE_OUTER_BOUND('',#2644,.T.);
#326=FACE_OUTER_BOUND('',#2645,.T.);
#327=FACE_OUTER_BOUND('',#2646,.T.);
#328=FACE_OUTER_BOUND('',#2647,.T.);
#329=FACE_OUTER_BOUND('',#2648,.T.);
#330=FACE_OUTER_BOUND('',#2649,.T.);
#331=FACE_OUTER_BOUND('',#2650,.T.);
#332=FACE_OUTER_BOUND('',#2651,.T.);
#333=FACE_OUTER_BOUND('',#2652,.T.);
#334=FACE_OUTER_BOUND('',#2653,.T.);
#335=FACE_OUTER_BOUND('',#2654,.T.);
#336=FACE_OUTER_BOUND('',#2655,.T.);
#337=FACE_OUTER_BOUND('',#2656,.T.);
#338=FACE_OUTER_BOUND('',#2657,.T.);
#339=FACE_OUTER_BOUND('',#2658,.T.);
#340=FACE_OUTER_BOUND('',#2659,.T.);
#341=FACE_OUTER_BOUND('',#2660,.T.);
#342=FACE_OUTER_BOUND('',#2661,.T.);
#343=FACE_OUTER_BOUND('',#2662,.T.);
#344=FACE_OUTER_BOUND('',#2663,.T.);
#345=FACE_OUTER_BOUND('',#2664,.T.);
#346=FACE_OUTER_BOUND('',#2665,.T.);
#347=FACE_OUTER_BOUND('',#2666,.T.);
#348=FACE_OUTER_BOUND('',#2667,.T.);
#349=FACE_OUTER_BOUND('',#2668,.T.);
#350=FACE_OUTER_BOUND('',#2669,.T.);
#351=FACE_OUTER_BOUND('',#2670,.T.);
#352=FACE_OUTER_BOUND('',#2671,.T.);
#353=FACE_OUTER_BOUND('',#2672,.T.);
#354=FACE_OUTER_BOUND('',#2673,.T.);
#355=FACE_OUTER_BOUND('',#2674,.T.);
#356=FACE_OUTER_BOUND('',#2675,.T.);
#357=FACE_OUTER_BOUND('',#2676,.T.);
#358=FACE_OUTER_BOUND('',#2677,.T.);
#359=FACE_OUTER_BOUND('',#2678,.T.);
#360=FACE_OUTER_BOUND('',#2686,.T.);
#361=FACE_OUTER_BOUND('',#2687,.T.);
#362=FACE_OUTER_BOUND('',#2688,.T.);
#363=FACE_OUTER_BOUND('',#2689,.T.);
#364=FACE_OUTER_BOUND('',#2690,.T.);
#365=FACE_OUTER_BOUND('',#2691,.T.);
#366=FACE_OUTER_BOUND('',#2692,.T.);
#367=FACE_OUTER_BOUND('',#2693,.T.);
#368=FACE_OUTER_BOUND('',#2694,.T.);
#369=FACE_OUTER_BOUND('',#2695,.T.);
#370=FACE_OUTER_BOUND('',#2705,.T.);
#371=FACE_OUTER_BOUND('',#2706,.T.);
#372=FACE_OUTER_BOUND('',#2707,.T.);
#373=FACE_OUTER_BOUND('',#2708,.T.);
#374=FACE_OUTER_BOUND('',#2709,.T.);
#375=FACE_OUTER_BOUND('',#2710,.T.);
#376=FACE_OUTER_BOUND('',#2711,.T.);
#377=FACE_OUTER_BOUND('',#2712,.T.);
#378=FACE_OUTER_BOUND('',#2713,.T.);
#379=FACE_OUTER_BOUND('',#2714,.T.);
#380=FACE_OUTER_BOUND('',#2715,.T.);
#381=FACE_OUTER_BOUND('',#2716,.T.);
#382=FACE_OUTER_BOUND('',#2717,.T.);
#383=FACE_OUTER_BOUND('',#2718,.T.);
#384=FACE_OUTER_BOUND('',#2719,.T.);
#385=FACE_OUTER_BOUND('',#2727,.T.);
#386=FACE_OUTER_BOUND('',#2728,.T.);
#387=FACE_OUTER_BOUND('',#2729,.T.);
#388=FACE_OUTER_BOUND('',#2730,.T.);
#389=FACE_OUTER_BOUND('',#2731,.T.);
#390=FACE_OUTER_BOUND('',#2766,.T.);
#391=FACE_OUTER_BOUND('',#2767,.T.);
#392=FACE_OUTER_BOUND('',#2768,.T.);
#393=FACE_OUTER_BOUND('',#2769,.T.);
#394=FACE_OUTER_BOUND('',#2770,.T.);
#395=FACE_OUTER_BOUND('',#2771,.T.);
#396=FACE_OUTER_BOUND('',#2772,.T.);
#397=FACE_OUTER_BOUND('',#2773,.T.);
#398=FACE_OUTER_BOUND('',#2774,.T.);
#399=FACE_OUTER_BOUND('',#2775,.T.);
#400=FACE_OUTER_BOUND('',#2776,.T.);
#401=FACE_OUTER_BOUND('',#2777,.T.);
#402=FACE_OUTER_BOUND('',#2778,.T.);
#403=FACE_OUTER_BOUND('',#2779,.T.);
#404=FACE_OUTER_BOUND('',#2780,.T.);
#405=FACE_OUTER_BOUND('',#2781,.T.);
#406=FACE_OUTER_BOUND('',#2782,.T.);
#407=FACE_OUTER_BOUND('',#2783,.T.);
#408=FACE_OUTER_BOUND('',#2784,.T.);
#409=FACE_OUTER_BOUND('',#2785,.T.);
#410=FACE_OUTER_BOUND('',#2786,.T.);
#411=FACE_OUTER_BOUND('',#2787,.T.);
#412=FACE_OUTER_BOUND('',#2788,.T.);
#413=FACE_OUTER_BOUND('',#2791,.T.);
#414=FACE_OUTER_BOUND('',#2792,.T.);
#415=FACE_OUTER_BOUND('',#2793,.T.);
#416=FACE_OUTER_BOUND('',#2794,.T.);
#417=FACE_OUTER_BOUND('',#2795,.T.);
#418=FACE_OUTER_BOUND('',#2796,.T.);
#419=FACE_OUTER_BOUND('',#2797,.T.);
#420=FACE_OUTER_BOUND('',#2798,.T.);
#421=FACE_OUTER_BOUND('',#2801,.T.);
#422=FACE_OUTER_BOUND('',#2802,.T.);
#423=FACE_OUTER_BOUND('',#2803,.T.);
#424=FACE_OUTER_BOUND('',#2804,.T.);
#425=FACE_OUTER_BOUND('',#2805,.T.);
#426=FACE_OUTER_BOUND('',#2806,.T.);
#427=FACE_OUTER_BOUND('',#2807,.T.);
#428=FACE_OUTER_BOUND('',#2808,.T.);
#429=FACE_OUTER_BOUND('',#2809,.T.);
#430=FACE_OUTER_BOUND('',#2810,.T.);
#431=FACE_OUTER_BOUND('',#2811,.T.);
#432=FACE_OUTER_BOUND('',#2814,.T.);
#433=FACE_OUTER_BOUND('',#2815,.T.);
#434=FACE_OUTER_BOUND('',#2816,.T.);
#435=FACE_OUTER_BOUND('',#2817,.T.);
#436=FACE_OUTER_BOUND('',#2818,.T.);
#437=FACE_OUTER_BOUND('',#2819,.T.);
#438=FACE_OUTER_BOUND('',#2820,.T.);
#439=FACE_OUTER_BOUND('',#2821,.T.);
#440=FACE_OUTER_BOUND('',#2822,.T.);
#441=FACE_OUTER_BOUND('',#2823,.T.);
#442=FACE_OUTER_BOUND('',#2824,.T.);
#443=FACE_OUTER_BOUND('',#2825,.T.);
#444=FACE_OUTER_BOUND('',#2826,.T.);
#445=FACE_OUTER_BOUND('',#2827,.T.);
#446=FACE_OUTER_BOUND('',#2828,.T.);
#447=FACE_OUTER_BOUND('',#2829,.T.);
#448=FACE_OUTER_BOUND('',#2830,.T.);
#449=FACE_OUTER_BOUND('',#2831,.T.);
#450=FACE_OUTER_BOUND('',#2832,.T.);
#451=FACE_OUTER_BOUND('',#2833,.T.);
#452=FACE_OUTER_BOUND('',#2834,.T.);
#453=FACE_OUTER_BOUND('',#2835,.T.);
#454=FACE_OUTER_BOUND('',#2836,.T.);
#455=FACE_OUTER_BOUND('',#2837,.T.);
#456=FACE_OUTER_BOUND('',#2838,.T.);
#457=FACE_OUTER_BOUND('',#2839,.T.);
#458=FACE_OUTER_BOUND('',#2840,.T.);
#459=FACE_OUTER_BOUND('',#2841,.T.);
#460=FACE_OUTER_BOUND('',#2842,.T.);
#461=FACE_OUTER_BOUND('',#2843,.T.);
#462=FACE_OUTER_BOUND('',#2844,.T.);
#463=FACE_OUTER_BOUND('',#2845,.T.);
#464=FACE_OUTER_BOUND('',#2846,.T.);
#465=FACE_OUTER_BOUND('',#2847,.T.);
#466=FACE_OUTER_BOUND('',#2848,.T.);
#467=FACE_OUTER_BOUND('',#2849,.T.);
#468=FACE_OUTER_BOUND('',#2850,.T.);
#469=FACE_OUTER_BOUND('',#2851,.T.);
#470=FACE_OUTER_BOUND('',#2856,.T.);
#471=FACE_OUTER_BOUND('',#2857,.T.);
#472=FACE_OUTER_BOUND('',#2858,.T.);
#473=FACE_OUTER_BOUND('',#2859,.T.);
#474=ADVANCED_FACE('NONE',(#2386,#2387,#2388,#2389,#2390,#2391,#2392,#2393,
#2394,#2395,#2396),#802,.T.);
#475=ADVANCED_FACE('NONE',(#156),#803,.T.);
#476=ADVANCED_FACE('NONE',(#157),#804,.F.);
#477=ADVANCED_FACE('NONE',(#158),#805,.F.);
#478=ADVANCED_FACE('NONE',(#159),#806,.F.);
#479=ADVANCED_FACE('NONE',(#160),#807,.F.);
#480=ADVANCED_FACE('NONE',(#161),#808,.T.);
#481=ADVANCED_FACE('NONE',(#162),#809,.F.);
#482=ADVANCED_FACE('NONE',(#163),#810,.F.);
#483=ADVANCED_FACE('NONE',(#164),#811,.F.);
#484=ADVANCED_FACE('NONE',(#165),#812,.F.);
#485=ADVANCED_FACE('NONE',(#166),#813,.T.);
#486=ADVANCED_FACE('NONE',(#167),#814,.F.);
#487=ADVANCED_FACE('NONE',(#168),#815,.F.);
#488=ADVANCED_FACE('NONE',(#169),#816,.F.);
#489=ADVANCED_FACE('NONE',(#170),#817,.F.);
#490=ADVANCED_FACE('NONE',(#171),#818,.T.);
#491=ADVANCED_FACE('NONE',(#172),#819,.F.);
#492=ADVANCED_FACE('NONE',(#173),#820,.F.);
#493=ADVANCED_FACE('NONE',(#174),#821,.F.);
#494=ADVANCED_FACE('NONE',(#175),#822,.F.);
#495=ADVANCED_FACE('NONE',(#176),#823,.T.);
#496=ADVANCED_FACE('NONE',(#177),#824,.F.);
#497=ADVANCED_FACE('NONE',(#178),#825,.F.);
#498=ADVANCED_FACE('NONE',(#179),#826,.F.);
#499=ADVANCED_FACE('NONE',(#180),#827,.F.);
#500=ADVANCED_FACE('NONE',(#181),#828,.T.);
#501=ADVANCED_FACE('NONE',(#182),#829,.F.);
#502=ADVANCED_FACE('NONE',(#183),#830,.F.);
#503=ADVANCED_FACE('NONE',(#184),#831,.F.);
#504=ADVANCED_FACE('NONE',(#185),#832,.F.);
#505=ADVANCED_FACE('NONE',(#186),#833,.T.);
#506=ADVANCED_FACE('NONE',(#187),#834,.F.);
#507=ADVANCED_FACE('NONE',(#188),#835,.F.);
#508=ADVANCED_FACE('NONE',(#189),#836,.F.);
#509=ADVANCED_FACE('NONE',(#190),#837,.F.);
#510=ADVANCED_FACE('NONE',(#191),#838,.T.);
#511=ADVANCED_FACE('NONE',(#192),#839,.F.);
#512=ADVANCED_FACE('NONE',(#193),#840,.F.);
#513=ADVANCED_FACE('NONE',(#194),#841,.F.);
#514=ADVANCED_FACE('NONE',(#195),#842,.F.);
#515=ADVANCED_FACE('NONE',(#196),#843,.T.);
#516=ADVANCED_FACE('NONE',(#197),#844,.F.);
#517=ADVANCED_FACE('NONE',(#198),#845,.F.);
#518=ADVANCED_FACE('NONE',(#199),#846,.F.);
#519=ADVANCED_FACE('NONE',(#200),#847,.F.);
#520=ADVANCED_FACE('NONE',(#201),#848,.T.);
#521=ADVANCED_FACE('NONE',(#202),#849,.F.);
#522=ADVANCED_FACE('NONE',(#203),#850,.F.);
#523=ADVANCED_FACE('NONE',(#204),#851,.F.);
#524=ADVANCED_FACE('NONE',(#205),#852,.F.);
#525=ADVANCED_FACE('NONE',(#206),#853,.F.);
#526=ADVANCED_FACE('NONE',(#207),#854,.F.);
#527=ADVANCED_FACE('NONE',(#208),#855,.F.);
#528=ADVANCED_FACE('NONE',(#209),#856,.F.);
#529=ADVANCED_FACE('NONE',(#210),#857,.F.);
#530=ADVANCED_FACE('NONE',(#211),#858,.F.);
#531=ADVANCED_FACE('NONE',(#212),#859,.F.);
#532=ADVANCED_FACE('NONE',(#213),#860,.F.);
#533=ADVANCED_FACE('NONE',(#214),#861,.F.);
#534=ADVANCED_FACE('NONE',(#215),#862,.F.);
#535=ADVANCED_FACE('NONE',(#216),#863,.T.);
#536=ADVANCED_FACE('NONE',(#217),#864,.F.);
#537=ADVANCED_FACE('NONE',(#218),#865,.F.);
#538=ADVANCED_FACE('NONE',(#219),#866,.F.);
#539=ADVANCED_FACE('NONE',(#220),#867,.F.);
#540=ADVANCED_FACE('NONE',(#221),#868,.T.);
#541=ADVANCED_FACE('NONE',(#222),#869,.F.);
#542=ADVANCED_FACE('NONE',(#223),#870,.F.);
#543=ADVANCED_FACE('NONE',(#224),#871,.F.);
#544=ADVANCED_FACE('NONE',(#225),#872,.F.);
#545=ADVANCED_FACE('NONE',(#226),#873,.T.);
#546=ADVANCED_FACE('NONE',(#227),#874,.F.);
#547=ADVANCED_FACE('NONE',(#228),#875,.F.);
#548=ADVANCED_FACE('NONE',(#229),#876,.F.);
#549=ADVANCED_FACE('NONE',(#230),#877,.F.);
#550=ADVANCED_FACE('NONE',(#231),#878,.T.);
#551=ADVANCED_FACE('NONE',(#232),#879,.F.);
#552=ADVANCED_FACE('NONE',(#233),#880,.F.);
#553=ADVANCED_FACE('NONE',(#234),#881,.F.);
#554=ADVANCED_FACE('NONE',(#235),#882,.F.);
#555=ADVANCED_FACE('NONE',(#236),#883,.T.);
#556=ADVANCED_FACE('NONE',(#237),#884,.F.);
#557=ADVANCED_FACE('NONE',(#238),#885,.F.);
#558=ADVANCED_FACE('NONE',(#239),#886,.F.);
#559=ADVANCED_FACE('NONE',(#240),#887,.F.);
#560=ADVANCED_FACE('NONE',(#241),#888,.T.);
#561=ADVANCED_FACE('NONE',(#242),#889,.F.);
#562=ADVANCED_FACE('NONE',(#243),#890,.F.);
#563=ADVANCED_FACE('NONE',(#244),#891,.F.);
#564=ADVANCED_FACE('NONE',(#245),#892,.F.);
#565=ADVANCED_FACE('NONE',(#246),#893,.T.);
#566=ADVANCED_FACE('NONE',(#247),#894,.F.);
#567=ADVANCED_FACE('NONE',(#248),#895,.F.);
#568=ADVANCED_FACE('NONE',(#249),#896,.F.);
#569=ADVANCED_FACE('NONE',(#250),#897,.F.);
#570=ADVANCED_FACE('NONE',(#251),#898,.T.);
#571=ADVANCED_FACE('NONE',(#252),#899,.F.);
#572=ADVANCED_FACE('NONE',(#253),#900,.F.);
#573=ADVANCED_FACE('NONE',(#254),#901,.F.);
#574=ADVANCED_FACE('NONE',(#255),#902,.F.);
#575=ADVANCED_FACE('NONE',(#256),#903,.T.);
#576=ADVANCED_FACE('NONE',(#257),#904,.F.);
#577=ADVANCED_FACE('NONE',(#258),#905,.F.);
#578=ADVANCED_FACE('NONE',(#259),#906,.F.);
#579=ADVANCED_FACE('NONE',(#260),#907,.F.);
#580=ADVANCED_FACE('NONE',(#261),#908,.F.);
#581=ADVANCED_FACE('NONE',(#262),#909,.F.);
#582=ADVANCED_FACE('NONE',(#263),#910,.F.);
#583=ADVANCED_FACE('NONE',(#264),#911,.F.);
#584=ADVANCED_FACE('NONE',(#265),#912,.F.);
#585=ADVANCED_FACE('NONE',(#266),#913,.T.);
#586=ADVANCED_FACE('NONE',(#267),#914,.F.);
#587=ADVANCED_FACE('NONE',(#268),#915,.F.);
#588=ADVANCED_FACE('NONE',(#269),#916,.F.);
#589=ADVANCED_FACE('NONE',(#270),#917,.F.);
#590=ADVANCED_FACE('NONE',(#271),#918,.T.);
#591=ADVANCED_FACE('NONE',(#272),#919,.F.);
#592=ADVANCED_FACE('NONE',(#273),#920,.F.);
#593=ADVANCED_FACE('NONE',(#274),#921,.F.);
#594=ADVANCED_FACE('NONE',(#275),#922,.F.);
#595=ADVANCED_FACE('NONE',(#276),#923,.T.);
#596=ADVANCED_FACE('NONE',(#277),#924,.F.);
#597=ADVANCED_FACE('NONE',(#278),#925,.F.);
#598=ADVANCED_FACE('NONE',(#279),#926,.F.);
#599=ADVANCED_FACE('NONE',(#280),#927,.F.);
#600=ADVANCED_FACE('NONE',(#281),#928,.F.);
#601=ADVANCED_FACE('NONE',(#282),#929,.F.);
#602=ADVANCED_FACE('NONE',(#283),#930,.F.);
#603=ADVANCED_FACE('NONE',(#284),#931,.F.);
#604=ADVANCED_FACE('NONE',(#285),#932,.T.);
#605=ADVANCED_FACE('NONE',(#286),#933,.F.);
#606=ADVANCED_FACE('NONE',(#287),#934,.F.);
#607=ADVANCED_FACE('NONE',(#288),#935,.F.);
#608=ADVANCED_FACE('NONE',(#289),#936,.F.);
#609=ADVANCED_FACE('NONE',(#290),#937,.T.);
#610=ADVANCED_FACE('NONE',(#291),#938,.F.);
#611=ADVANCED_FACE('NONE',(#292),#939,.F.);
#612=ADVANCED_FACE('NONE',(#293),#940,.F.);
#613=ADVANCED_FACE('NONE',(#294),#941,.F.);
#614=ADVANCED_FACE('NONE',(#295),#942,.T.);
#615=ADVANCED_FACE('NONE',(#296),#943,.F.);
#616=ADVANCED_FACE('NONE',(#297),#944,.F.);
#617=ADVANCED_FACE('NONE',(#298),#945,.F.);
#618=ADVANCED_FACE('NONE',(#299),#946,.F.);
#619=ADVANCED_FACE('NONE',(#300),#947,.T.);
#620=ADVANCED_FACE('NONE',(#301),#948,.F.);
#621=ADVANCED_FACE('NONE',(#302),#949,.F.);
#622=ADVANCED_FACE('NONE',(#303),#950,.F.);
#623=ADVANCED_FACE('NONE',(#304),#951,.F.);
#624=ADVANCED_FACE('NONE',(#305),#952,.T.);
#625=ADVANCED_FACE('NONE',(#306),#953,.F.);
#626=ADVANCED_FACE('NONE',(#307),#954,.F.);
#627=ADVANCED_FACE('NONE',(#308),#955,.F.);
#628=ADVANCED_FACE('NONE',(#309),#956,.F.);
#629=ADVANCED_FACE('NONE',(#310),#957,.T.);
#630=ADVANCED_FACE('NONE',(#311),#958,.F.);
#631=ADVANCED_FACE('NONE',(#312),#959,.F.);
#632=ADVANCED_FACE('NONE',(#313),#960,.F.);
#633=ADVANCED_FACE('NONE',(#314),#961,.F.);
#634=ADVANCED_FACE('NONE',(#315),#962,.T.);
#635=ADVANCED_FACE('NONE',(#316),#963,.F.);
#636=ADVANCED_FACE('NONE',(#317),#964,.F.);
#637=ADVANCED_FACE('NONE',(#318),#965,.F.);
#638=ADVANCED_FACE('NONE',(#319),#966,.F.);
#639=ADVANCED_FACE('NONE',(#320),#967,.T.);
#640=ADVANCED_FACE('NONE',(#321),#968,.F.);
#641=ADVANCED_FACE('NONE',(#322),#969,.F.);
#642=ADVANCED_FACE('NONE',(#323),#970,.F.);
#643=ADVANCED_FACE('NONE',(#324),#971,.F.);
#644=ADVANCED_FACE('NONE',(#325),#972,.F.);
#645=ADVANCED_FACE('NONE',(#326),#973,.F.);
#646=ADVANCED_FACE('NONE',(#327),#974,.F.);
#647=ADVANCED_FACE('NONE',(#328),#975,.F.);
#648=ADVANCED_FACE('NONE',(#329),#976,.F.);
#649=ADVANCED_FACE('NONE',(#330),#977,.F.);
#650=ADVANCED_FACE('NONE',(#331),#978,.F.);
#651=ADVANCED_FACE('NONE',(#332),#979,.F.);
#652=ADVANCED_FACE('NONE',(#333),#980,.T.);
#653=ADVANCED_FACE('NONE',(#334),#981,.F.);
#654=ADVANCED_FACE('NONE',(#335),#982,.F.);
#655=ADVANCED_FACE('NONE',(#336),#983,.F.);
#656=ADVANCED_FACE('NONE',(#337),#984,.F.);
#657=ADVANCED_FACE('NONE',(#338),#985,.T.);
#658=ADVANCED_FACE('NONE',(#339),#986,.F.);
#659=ADVANCED_FACE('NONE',(#340),#987,.F.);
#660=ADVANCED_FACE('NONE',(#341),#988,.F.);
#661=ADVANCED_FACE('NONE',(#342),#989,.F.);
#662=ADVANCED_FACE('NONE',(#343),#990,.T.);
#663=ADVANCED_FACE('NONE',(#344),#991,.F.);
#664=ADVANCED_FACE('NONE',(#345),#992,.F.);
#665=ADVANCED_FACE('NONE',(#346),#993,.F.);
#666=ADVANCED_FACE('NONE',(#347),#994,.F.);
#667=ADVANCED_FACE('NONE',(#348),#120,.F.);
#668=ADVANCED_FACE('NONE',(#349),#121,.F.);
#669=ADVANCED_FACE('NONE',(#350),#122,.F.);
#670=ADVANCED_FACE('NONE',(#351),#123,.F.);
#671=ADVANCED_FACE('NONE',(#352),#995,.F.);
#672=ADVANCED_FACE('NONE',(#353),#124,.T.);
#673=ADVANCED_FACE('NONE',(#354),#996,.F.);
#674=ADVANCED_FACE('NONE',(#355),#125,.T.);
#675=ADVANCED_FACE('NONE',(#356),#997,.F.);
#676=ADVANCED_FACE('NONE',(#357),#126,.T.);
#677=ADVANCED_FACE('NONE',(#358),#998,.F.);
#678=ADVANCED_FACE('NONE',(#359),#127,.T.);
#679=ADVANCED_FACE('NONE',(#2397,#2398,#2399,#2400,#2401,#2402,#2403),#999,
 .F.);
#680=ADVANCED_FACE('NONE',(#360),#1000,.F.);
#681=ADVANCED_FACE('NONE',(#361),#1001,.F.);
#682=ADVANCED_FACE('NONE',(#362),#1002,.F.);
#683=ADVANCED_FACE('NONE',(#363),#1003,.F.);
#684=ADVANCED_FACE('NONE',(#364),#1004,.T.);
#685=ADVANCED_FACE('NONE',(#365),#1005,.F.);
#686=ADVANCED_FACE('NONE',(#366),#1006,.F.);
#687=ADVANCED_FACE('NONE',(#367),#1007,.F.);
#688=ADVANCED_FACE('NONE',(#368),#1008,.F.);
#689=ADVANCED_FACE('NONE',(#369),#1009,.T.);
#690=ADVANCED_FACE('NONE',(#2404,#2405,#2406,#2407,#2408,#2409,#2410,#2411,
#2412),#1010,.T.);
#691=ADVANCED_FACE('NONE',(#370),#1011,.F.);
#692=ADVANCED_FACE('NONE',(#371),#1012,.F.);
#693=ADVANCED_FACE('NONE',(#372),#1013,.F.);
#694=ADVANCED_FACE('NONE',(#373),#1014,.F.);
#695=ADVANCED_FACE('NONE',(#374),#1015,.T.);
#696=ADVANCED_FACE('NONE',(#375),#1016,.F.);
#697=ADVANCED_FACE('NONE',(#376),#1017,.F.);
#698=ADVANCED_FACE('NONE',(#377),#1018,.F.);
#699=ADVANCED_FACE('NONE',(#378),#1019,.F.);
#700=ADVANCED_FACE('NONE',(#379),#1020,.T.);
#701=ADVANCED_FACE('NONE',(#380),#1021,.F.);
#702=ADVANCED_FACE('NONE',(#381),#1022,.F.);
#703=ADVANCED_FACE('NONE',(#382),#1023,.F.);
#704=ADVANCED_FACE('NONE',(#383),#1024,.F.);
#705=ADVANCED_FACE('NONE',(#384),#1025,.T.);
#706=ADVANCED_FACE('NONE',(#2413,#2414,#2415,#2416,#2417,#2418,#2419),#1026,
 .T.);
#707=ADVANCED_FACE('NONE',(#385),#1027,.F.);
#708=ADVANCED_FACE('NONE',(#386),#1028,.F.);
#709=ADVANCED_FACE('NONE',(#387),#1029,.F.);
#710=ADVANCED_FACE('NONE',(#388),#1030,.F.);
#711=ADVANCED_FACE('NONE',(#389),#1031,.T.);
#712=ADVANCED_FACE('NONE',(#2420,#2421,#2422,#2423,#2424,#2425,#2426,#2427,
#2428,#2429,#2430,#2431,#2432,#2433,#2434,#2435,#2436,#2437,#2438,#2439,
#2440,#2441,#2442,#2443,#2444,#2445,#2446,#2447,#2448,#2449,#2450,#2451,
#2452,#2453),#1032,.T.);
#713=ADVANCED_FACE('NONE',(#390),#128,.F.);
#714=ADVANCED_FACE('NONE',(#391),#129,.F.);
#715=ADVANCED_FACE('NONE',(#392),#130,.F.);
#716=ADVANCED_FACE('NONE',(#393),#131,.F.);
#717=ADVANCED_FACE('',(#394),#1033,.F.);
#718=ADVANCED_FACE('',(#395),#1034,.F.);
#719=ADVANCED_FACE('',(#396),#88,.F.);
#720=ADVANCED_FACE('',(#397),#1035,.F.);
#721=ADVANCED_FACE('',(#398),#89,.F.);
#722=ADVANCED_FACE('',(#399),#1036,.F.);
#723=ADVANCED_FACE('',(#400),#1037,.F.);
#724=ADVANCED_FACE('',(#401),#1038,.T.);
#725=ADVANCED_FACE('',(#402),#90,.F.);
#726=ADVANCED_FACE('',(#403),#91,.F.);
#727=ADVANCED_FACE('',(#404),#92,.F.);
#728=ADVANCED_FACE('',(#405),#93,.F.);
#729=ADVANCED_FACE('',(#406),#1039,.F.);
#730=ADVANCED_FACE('',(#407),#94,.F.);
#731=ADVANCED_FACE('',(#408),#1040,.F.);
#732=ADVANCED_FACE('',(#409),#95,.F.);
#733=ADVANCED_FACE('',(#410),#96,.F.);
#734=ADVANCED_FACE('',(#411),#97,.F.);
#735=ADVANCED_FACE('',(#412),#98,.F.);
#736=ADVANCED_FACE('',(#2454,#2455),#1041,.F.);
#737=ADVANCED_FACE('',(#413),#99,.F.);
#738=ADVANCED_FACE('',(#414),#1042,.F.);
#739=ADVANCED_FACE('',(#415),#1043,.F.);
#740=ADVANCED_FACE('',(#416),#1044,.F.);
#741=ADVANCED_FACE('',(#417),#1045,.F.);
#742=ADVANCED_FACE('',(#418),#1046,.F.);
#743=ADVANCED_FACE('',(#419),#100,.F.);
#744=ADVANCED_FACE('',(#420),#101,.F.);
#745=ADVANCED_FACE('',(#2456,#2457),#1047,.F.);
#746=ADVANCED_FACE('',(#421),#102,.F.);
#747=ADVANCED_FACE('',(#422),#103,.F.);
#748=ADVANCED_FACE('',(#423),#104,.F.);
#749=ADVANCED_FACE('',(#424),#105,.F.);
#750=ADVANCED_FACE('',(#425),#1048,.F.);
#751=ADVANCED_FACE('',(#426),#106,.F.);
#752=ADVANCED_FACE('',(#427),#1049,.F.);
#753=ADVANCED_FACE('',(#428),#107,.F.);
#754=ADVANCED_FACE('',(#429),#108,.F.);
#755=ADVANCED_FACE('',(#430),#109,.F.);
#756=ADVANCED_FACE('',(#431),#110,.F.);
#757=ADVANCED_FACE('',(#2458,#2459),#1050,.F.);
#758=ADVANCED_FACE('',(#432),#1051,.F.);
#759=ADVANCED_FACE('',(#433),#1052,.F.);
#760=ADVANCED_FACE('',(#434),#111,.F.);
#761=ADVANCED_FACE('',(#435),#1053,.F.);
#762=ADVANCED_FACE('',(#436),#112,.F.);
#763=ADVANCED_FACE('',(#437),#1054,.F.);
#764=ADVANCED_FACE('',(#438),#1055,.F.);
#765=ADVANCED_FACE('',(#439),#1056,.T.);
#766=ADVANCED_FACE('',(#440),#1057,.F.);
#767=ADVANCED_FACE('',(#441),#113,.F.);
#768=ADVANCED_FACE('',(#442),#1058,.F.);
#769=ADVANCED_FACE('',(#443),#114,.F.);
#770=ADVANCED_FACE('',(#444),#1059,.T.);
#771=ADVANCED_FACE('',(#445),#1060,.F.);
#772=ADVANCED_FACE('',(#446),#1061,.F.);
#773=ADVANCED_FACE('',(#447),#115,.F.);
#774=ADVANCED_FACE('',(#448),#1062,.F.);
#775=ADVANCED_FACE('',(#449),#116,.F.);
#776=ADVANCED_FACE('',(#450),#117,.F.);
#777=ADVANCED_FACE('',(#451),#1063,.F.);
#778=ADVANCED_FACE('',(#452),#1064,.F.);
#779=ADVANCED_FACE('',(#453),#1065,.T.);
#780=ADVANCED_FACE('',(#454),#1066,.F.);
#781=ADVANCED_FACE('',(#455),#1067,.F.);
#782=ADVANCED_FACE('',(#456),#1068,.F.);
#783=ADVANCED_FACE('',(#457),#1069,.F.);
#784=ADVANCED_FACE('',(#458),#1070,.F.);
#785=ADVANCED_FACE('',(#459),#1071,.F.);
#786=ADVANCED_FACE('',(#460),#1072,.F.);
#787=ADVANCED_FACE('',(#461),#1073,.F.);
#788=ADVANCED_FACE('',(#462),#1074,.F.);
#789=ADVANCED_FACE('',(#463),#1075,.F.);
#790=ADVANCED_FACE('',(#464),#1076,.F.);
#791=ADVANCED_FACE('',(#465),#1077,.F.);
#792=ADVANCED_FACE('',(#466),#1078,.F.);
#793=ADVANCED_FACE('',(#467),#118,.F.);
#794=ADVANCED_FACE('',(#468),#1079,.F.);
#795=ADVANCED_FACE('',(#469),#1080,.F.);
#796=ADVANCED_FACE('',(#2460,#2461),#119,.F.);
#797=ADVANCED_FACE('',(#2462,#2463),#1081,.F.);
#798=ADVANCED_FACE('',(#470),#1082,.T.);
#799=ADVANCED_FACE('',(#471),#1083,.T.);
#800=ADVANCED_FACE('',(#472),#1084,.T.);
#801=ADVANCED_FACE('',(#473),#1085,.T.);
#802=PLANE('',#5969);
#803=PLANE('',#5970);
#804=PLANE('',#5971);
#805=PLANE('',#5972);
#806=PLANE('',#5973);
#807=PLANE('',#5974);
#808=PLANE('',#5975);
#809=PLANE('',#5976);
#810=PLANE('',#5977);
#811=PLANE('',#5978);
#812=PLANE('',#5979);
#813=PLANE('',#5980);
#814=PLANE('',#5981);
#815=PLANE('',#5982);
#816=PLANE('',#5983);
#817=PLANE('',#5984);
#818=PLANE('',#5985);
#819=PLANE('',#5986);
#820=PLANE('',#5987);
#821=PLANE('',#5988);
#822=PLANE('',#5989);
#823=PLANE('',#5990);
#824=PLANE('',#5991);
#825=PLANE('',#5992);
#826=PLANE('',#5993);
#827=PLANE('',#5994);
#828=PLANE('',#5995);
#829=PLANE('',#5996);
#830=PLANE('',#5997);
#831=PLANE('',#5998);
#832=PLANE('',#5999);
#833=PLANE('',#6000);
#834=PLANE('',#6001);
#835=PLANE('',#6002);
#836=PLANE('',#6003);
#837=PLANE('',#6004);
#838=PLANE('',#6005);
#839=PLANE('',#6006);
#840=PLANE('',#6007);
#841=PLANE('',#6008);
#842=PLANE('',#6009);
#843=PLANE('',#6010);
#844=PLANE('',#6011);
#845=PLANE('',#6012);
#846=PLANE('',#6013);
#847=PLANE('',#6014);
#848=PLANE('',#6015);
#849=PLANE('',#6016);
#850=PLANE('',#6017);
#851=PLANE('',#6018);
#852=PLANE('',#6019);
#853=PLANE('',#6020);
#854=PLANE('',#6021);
#855=PLANE('',#6022);
#856=PLANE('',#6023);
#857=PLANE('',#6024);
#858=PLANE('',#6025);
#859=PLANE('',#6026);
#860=PLANE('',#6027);
#861=PLANE('',#6028);
#862=PLANE('',#6029);
#863=PLANE('',#6030);
#864=PLANE('',#6031);
#865=PLANE('',#6032);
#866=PLANE('',#6033);
#867=PLANE('',#6034);
#868=PLANE('',#6035);
#869=PLANE('',#6036);
#870=PLANE('',#6037);
#871=PLANE('',#6038);
#872=PLANE('',#6039);
#873=PLANE('',#6040);
#874=PLANE('',#6041);
#875=PLANE('',#6042);
#876=PLANE('',#6043);
#877=PLANE('',#6044);
#878=PLANE('',#6045);
#879=PLANE('',#6046);
#880=PLANE('',#6047);
#881=PLANE('',#6048);
#882=PLANE('',#6049);
#883=PLANE('',#6050);
#884=PLANE('',#6051);
#885=PLANE('',#6052);
#886=PLANE('',#6053);
#887=PLANE('',#6054);
#888=PLANE('',#6055);
#889=PLANE('',#6056);
#890=PLANE('',#6057);
#891=PLANE('',#6058);
#892=PLANE('',#6059);
#893=PLANE('',#6060);
#894=PLANE('',#6061);
#895=PLANE('',#6062);
#896=PLANE('',#6063);
#897=PLANE('',#6064);
#898=PLANE('',#6065);
#899=PLANE('',#6066);
#900=PLANE('',#6067);
#901=PLANE('',#6068);
#902=PLANE('',#6069);
#903=PLANE('',#6070);
#904=PLANE('',#6071);
#905=PLANE('',#6072);
#906=PLANE('',#6073);
#907=PLANE('',#6074);
#908=PLANE('',#6075);
#909=PLANE('',#6076);
#910=PLANE('',#6077);
#911=PLANE('',#6078);
#912=PLANE('',#6079);
#913=PLANE('',#6080);
#914=PLANE('',#6081);
#915=PLANE('',#6082);
#916=PLANE('',#6083);
#917=PLANE('',#6084);
#918=PLANE('',#6085);
#919=PLANE('',#6086);
#920=PLANE('',#6087);
#921=PLANE('',#6088);
#922=PLANE('',#6089);
#923=PLANE('',#6090);
#924=PLANE('',#6091);
#925=PLANE('',#6092);
#926=PLANE('',#6093);
#927=PLANE('',#6094);
#928=PLANE('',#6095);
#929=PLANE('',#6096);
#930=PLANE('',#6097);
#931=PLANE('',#6098);
#932=PLANE('',#6099);
#933=PLANE('',#6100);
#934=PLANE('',#6101);
#935=PLANE('',#6102);
#936=PLANE('',#6103);
#937=PLANE('',#6104);
#938=PLANE('',#6105);
#939=PLANE('',#6106);
#940=PLANE('',#6107);
#941=PLANE('',#6108);
#942=PLANE('',#6109);
#943=PLANE('',#6110);
#944=PLANE('',#6111);
#945=PLANE('',#6112);
#946=PLANE('',#6113);
#947=PLANE('',#6114);
#948=PLANE('',#6115);
#949=PLANE('',#6116);
#950=PLANE('',#6117);
#951=PLANE('',#6118);
#952=PLANE('',#6119);
#953=PLANE('',#6120);
#954=PLANE('',#6121);
#955=PLANE('',#6122);
#956=PLANE('',#6123);
#957=PLANE('',#6124);
#958=PLANE('',#6125);
#959=PLANE('',#6126);
#960=PLANE('',#6127);
#961=PLANE('',#6128);
#962=PLANE('',#6129);
#963=PLANE('',#6130);
#964=PLANE('',#6131);
#965=PLANE('',#6132);
#966=PLANE('',#6133);
#967=PLANE('',#6134);
#968=PLANE('',#6135);
#969=PLANE('',#6136);
#970=PLANE('',#6137);
#971=PLANE('',#6138);
#972=PLANE('',#6139);
#973=PLANE('',#6140);
#974=PLANE('',#6141);
#975=PLANE('',#6142);
#976=PLANE('',#6143);
#977=PLANE('',#6144);
#978=PLANE('',#6145);
#979=PLANE('',#6146);
#980=PLANE('',#6147);
#981=PLANE('',#6148);
#982=PLANE('',#6149);
#983=PLANE('',#6150);
#984=PLANE('',#6151);
#985=PLANE('',#6152);
#986=PLANE('',#6153);
#987=PLANE('',#6154);
#988=PLANE('',#6155);
#989=PLANE('',#6156);
#990=PLANE('',#6157);
#991=PLANE('',#6158);
#992=PLANE('',#6159);
#993=PLANE('',#6160);
#994=PLANE('',#6161);
#995=PLANE('',#6174);
#996=PLANE('',#6178);
#997=PLANE('',#6182);
#998=PLANE('',#6186);
#999=PLANE('',#6194);
#1000=PLANE('',#6195);
#1001=PLANE('',#6196);
#1002=PLANE('',#6197);
#1003=PLANE('',#6198);
#1004=PLANE('',#6199);
#1005=PLANE('',#6200);
#1006=PLANE('',#6201);
#1007=PLANE('',#6202);
#1008=PLANE('',#6203);
#1009=PLANE('',#6204);
#1010=PLANE('',#6205);
#1011=PLANE('',#6206);
#1012=PLANE('',#6207);
#1013=PLANE('',#6208);
#1014=PLANE('',#6209);
#1015=PLANE('',#6210);
#1016=PLANE('',#6211);
#1017=PLANE('',#6212);
#1018=PLANE('',#6213);
#1019=PLANE('',#6214);
#1020=PLANE('',#6215);
#1021=PLANE('',#6216);
#1022=PLANE('',#6217);
#1023=PLANE('',#6218);
#1024=PLANE('',#6219);
#1025=PLANE('',#6220);
#1026=PLANE('',#6221);
#1027=PLANE('',#6222);
#1028=PLANE('',#6223);
#1029=PLANE('',#6224);
#1030=PLANE('',#6225);
#1031=PLANE('',#6226);
#1032=PLANE('',#6231);
#1033=PLANE('',#6236);
#1034=PLANE('',#6237);
#1035=PLANE('',#6238);
#1036=PLANE('',#6239);
#1037=PLANE('',#6240);
#1038=PLANE('',#6241);
#1039=PLANE('',#6242);
#1040=PLANE('',#6243);
#1041=PLANE('',#6244);
#1042=PLANE('',#6245);
#1043=PLANE('',#6246);
#1044=PLANE('',#6247);
#1045=PLANE('',#6248);
#1046=PLANE('',#6249);
#1047=PLANE('',#6250);
#1048=PLANE('',#6251);
#1049=PLANE('',#6252);
#1050=PLANE('',#6253);
#1051=PLANE('',#6254);
#1052=PLANE('',#6255);
#1053=PLANE('',#6256);
#1054=PLANE('',#6257);
#1055=PLANE('',#6258);
#1056=PLANE('',#6259);
#1057=PLANE('',#6260);
#1058=PLANE('',#6261);
#1059=PLANE('',#6262);
#1060=PLANE('',#6263);
#1061=PLANE('',#6264);
#1062=PLANE('',#6265);
#1063=PLANE('',#6266);
#1064=PLANE('',#6267);
#1065=PLANE('',#6268);
#1066=PLANE('',#6269);
#1067=PLANE('',#6270);
#1068=PLANE('',#6271);
#1069=PLANE('',#6272);
#1070=PLANE('',#6273);
#1071=PLANE('',#6274);
#1072=PLANE('',#6275);
#1073=PLANE('',#6276);
#1074=PLANE('',#6277);
#1075=PLANE('',#6278);
#1076=PLANE('',#6279);
#1077=PLANE('',#6280);
#1078=PLANE('',#6281);
#1079=PLANE('',#6282);
#1080=PLANE('',#6283);
#1081=PLANE('',#6284);
#1082=PLANE('',#6285);
#1083=PLANE('',#6286);
#1084=PLANE('',#6287);
#1085=PLANE('',#6288);
#1086=LINE('',#8090,#1720);
#1087=LINE('',#8093,#1721);
#1088=LINE('',#8095,#1722);
#1089=LINE('',#8097,#1723);
#1090=LINE('',#8099,#1724);
#1091=LINE('',#8102,#1725);
#1092=LINE('',#8104,#1726);
#1093=LINE('',#8106,#1727);
#1094=LINE('',#8108,#1728);
#1095=LINE('',#8111,#1729);
#1096=LINE('',#8112,#1730);
#1097=LINE('',#8114,#1731);
#1098=LINE('',#8116,#1732);
#1099=LINE('',#8118,#1733);
#1100=LINE('',#8120,#1734);
#1101=LINE('',#8122,#1735);
#1102=LINE('',#8124,#1736);
#1103=LINE('',#8127,#1737);
#1104=LINE('',#8129,#1738);
#1105=LINE('',#8131,#1739);
#1106=LINE('',#8133,#1740);
#1107=LINE('',#8136,#1741);
#1108=LINE('',#8137,#1742);
#1109=LINE('',#8139,#1743);
#1110=LINE('',#8141,#1744);
#1111=LINE('',#8143,#1745);
#1112=LINE('',#8145,#1746);
#1113=LINE('',#8147,#1747);
#1114=LINE('',#8149,#1748);
#1115=LINE('',#8152,#1749);
#1116=LINE('',#8154,#1750);
#1117=LINE('',#8156,#1751);
#1118=LINE('',#8158,#1752);
#1119=LINE('',#8161,#1753);
#1120=LINE('',#8162,#1754);
#1121=LINE('',#8164,#1755);
#1122=LINE('',#8166,#1756);
#1123=LINE('',#8168,#1757);
#1124=LINE('',#8170,#1758);
#1125=LINE('',#8172,#1759);
#1126=LINE('',#8174,#1760);
#1127=LINE('',#8177,#1761);
#1128=LINE('',#8179,#1762);
#1129=LINE('',#8181,#1763);
#1130=LINE('',#8183,#1764);
#1131=LINE('',#8186,#1765);
#1132=LINE('',#8187,#1766);
#1133=LINE('',#8189,#1767);
#1134=LINE('',#8191,#1768);
#1135=LINE('',#8193,#1769);
#1136=LINE('',#8195,#1770);
#1137=LINE('',#8197,#1771);
#1138=LINE('',#8199,#1772);
#1139=LINE('',#8202,#1773);
#1140=LINE('',#8204,#1774);
#1141=LINE('',#8206,#1775);
#1142=LINE('',#8208,#1776);
#1143=LINE('',#8211,#1777);
#1144=LINE('',#8212,#1778);
#1145=LINE('',#8214,#1779);
#1146=LINE('',#8216,#1780);
#1147=LINE('',#8218,#1781);
#1148=LINE('',#8220,#1782);
#1149=LINE('',#8222,#1783);
#1150=LINE('',#8224,#1784);
#1151=LINE('',#8227,#1785);
#1152=LINE('',#8229,#1786);
#1153=LINE('',#8231,#1787);
#1154=LINE('',#8233,#1788);
#1155=LINE('',#8236,#1789);
#1156=LINE('',#8237,#1790);
#1157=LINE('',#8239,#1791);
#1158=LINE('',#8241,#1792);
#1159=LINE('',#8243,#1793);
#1160=LINE('',#8245,#1794);
#1161=LINE('',#8247,#1795);
#1162=LINE('',#8249,#1796);
#1163=LINE('',#8252,#1797);
#1164=LINE('',#8254,#1798);
#1165=LINE('',#8256,#1799);
#1166=LINE('',#8258,#1800);
#1167=LINE('',#8261,#1801);
#1168=LINE('',#8262,#1802);
#1169=LINE('',#8264,#1803);
#1170=LINE('',#8266,#1804);
#1171=LINE('',#8268,#1805);
#1172=LINE('',#8270,#1806);
#1173=LINE('',#8272,#1807);
#1174=LINE('',#8274,#1808);
#1175=LINE('',#8277,#1809);
#1176=LINE('',#8279,#1810);
#1177=LINE('',#8281,#1811);
#1178=LINE('',#8283,#1812);
#1179=LINE('',#8286,#1813);
#1180=LINE('',#8287,#1814);
#1181=LINE('',#8289,#1815);
#1182=LINE('',#8291,#1816);
#1183=LINE('',#8293,#1817);
#1184=LINE('',#8295,#1818);
#1185=LINE('',#8297,#1819);
#1186=LINE('',#8299,#1820);
#1187=LINE('',#8302,#1821);
#1188=LINE('',#8304,#1822);
#1189=LINE('',#8306,#1823);
#1190=LINE('',#8308,#1824);
#1191=LINE('',#8311,#1825);
#1192=LINE('',#8312,#1826);
#1193=LINE('',#8314,#1827);
#1194=LINE('',#8316,#1828);
#1195=LINE('',#8318,#1829);
#1196=LINE('',#8320,#1830);
#1197=LINE('',#8322,#1831);
#1198=LINE('',#8324,#1832);
#1199=LINE('',#8327,#1833);
#1200=LINE('',#8329,#1834);
#1201=LINE('',#8331,#1835);
#1202=LINE('',#8333,#1836);
#1203=LINE('',#8336,#1837);
#1204=LINE('',#8337,#1838);
#1205=LINE('',#8339,#1839);
#1206=LINE('',#8341,#1840);
#1207=LINE('',#8343,#1841);
#1208=LINE('',#8345,#1842);
#1209=LINE('',#8347,#1843);
#1210=LINE('',#8349,#1844);
#1211=LINE('',#8352,#1845);
#1212=LINE('',#8354,#1846);
#1213=LINE('',#8356,#1847);
#1214=LINE('',#8358,#1848);
#1215=LINE('',#8361,#1849);
#1216=LINE('',#8362,#1850);
#1217=LINE('',#8364,#1851);
#1218=LINE('',#8366,#1852);
#1219=LINE('',#8368,#1853);
#1220=LINE('',#8370,#1854);
#1221=LINE('',#8372,#1855);
#1222=LINE('',#8374,#1856);
#1223=LINE('',#8377,#1857);
#1224=LINE('',#8379,#1858);
#1225=LINE('',#8381,#1859);
#1226=LINE('',#8383,#1860);
#1227=LINE('',#8386,#1861);
#1228=LINE('',#8387,#1862);
#1229=LINE('',#8389,#1863);
#1230=LINE('',#8391,#1864);
#1231=LINE('',#8393,#1865);
#1232=LINE('',#8395,#1866);
#1233=LINE('',#8397,#1867);
#1234=LINE('',#8399,#1868);
#1235=LINE('',#8402,#1869);
#1236=LINE('',#8404,#1870);
#1237=LINE('',#8406,#1871);
#1238=LINE('',#8408,#1872);
#1239=LINE('',#8411,#1873);
#1240=LINE('',#8412,#1874);
#1241=LINE('',#8414,#1875);
#1242=LINE('',#8416,#1876);
#1243=LINE('',#8418,#1877);
#1244=LINE('',#8420,#1878);
#1245=LINE('',#8422,#1879);
#1246=LINE('',#8424,#1880);
#1247=LINE('',#8427,#1881);
#1248=LINE('',#8429,#1882);
#1249=LINE('',#8431,#1883);
#1250=LINE('',#8433,#1884);
#1251=LINE('',#8436,#1885);
#1252=LINE('',#8437,#1886);
#1253=LINE('',#8439,#1887);
#1254=LINE('',#8441,#1888);
#1255=LINE('',#8443,#1889);
#1256=LINE('',#8445,#1890);
#1257=LINE('',#8447,#1891);
#1258=LINE('',#8449,#1892);
#1259=LINE('',#8452,#1893);
#1260=LINE('',#8454,#1894);
#1261=LINE('',#8456,#1895);
#1262=LINE('',#8458,#1896);
#1263=LINE('',#8461,#1897);
#1264=LINE('',#8462,#1898);
#1265=LINE('',#8464,#1899);
#1266=LINE('',#8466,#1900);
#1267=LINE('',#8468,#1901);
#1268=LINE('',#8470,#1902);
#1269=LINE('',#8472,#1903);
#1270=LINE('',#8474,#1904);
#1271=LINE('',#8477,#1905);
#1272=LINE('',#8479,#1906);
#1273=LINE('',#8481,#1907);
#1274=LINE('',#8483,#1908);
#1275=LINE('',#8486,#1909);
#1276=LINE('',#8487,#1910);
#1277=LINE('',#8489,#1911);
#1278=LINE('',#8491,#1912);
#1279=LINE('',#8493,#1913);
#1280=LINE('',#8495,#1914);
#1281=LINE('',#8497,#1915);
#1282=LINE('',#8499,#1916);
#1283=LINE('',#8502,#1917);
#1284=LINE('',#8504,#1918);
#1285=LINE('',#8506,#1919);
#1286=LINE('',#8508,#1920);
#1287=LINE('',#8511,#1921);
#1288=LINE('',#8512,#1922);
#1289=LINE('',#8514,#1923);
#1290=LINE('',#8516,#1924);
#1291=LINE('',#8518,#1925);
#1292=LINE('',#8520,#1926);
#1293=LINE('',#8522,#1927);
#1294=LINE('',#8524,#1928);
#1295=LINE('',#8527,#1929);
#1296=LINE('',#8529,#1930);
#1297=LINE('',#8531,#1931);
#1298=LINE('',#8533,#1932);
#1299=LINE('',#8536,#1933);
#1300=LINE('',#8537,#1934);
#1301=LINE('',#8539,#1935);
#1302=LINE('',#8541,#1936);
#1303=LINE('',#8543,#1937);
#1304=LINE('',#8545,#1938);
#1305=LINE('',#8547,#1939);
#1306=LINE('',#8549,#1940);
#1307=LINE('',#8552,#1941);
#1308=LINE('',#8554,#1942);
#1309=LINE('',#8556,#1943);
#1310=LINE('',#8558,#1944);
#1311=LINE('',#8561,#1945);
#1312=LINE('',#8562,#1946);
#1313=LINE('',#8564,#1947);
#1314=LINE('',#8566,#1948);
#1315=LINE('',#8568,#1949);
#1316=LINE('',#8570,#1950);
#1317=LINE('',#8572,#1951);
#1318=LINE('',#8574,#1952);
#1319=LINE('',#8577,#1953);
#1320=LINE('',#8579,#1954);
#1321=LINE('',#8581,#1955);
#1322=LINE('',#8583,#1956);
#1323=LINE('',#8586,#1957);
#1324=LINE('',#8587,#1958);
#1325=LINE('',#8589,#1959);
#1326=LINE('',#8591,#1960);
#1327=LINE('',#8593,#1961);
#1328=LINE('',#8595,#1962);
#1329=LINE('',#8597,#1963);
#1330=LINE('',#8599,#1964);
#1331=LINE('',#8602,#1965);
#1332=LINE('',#8604,#1966);
#1333=LINE('',#8606,#1967);
#1334=LINE('',#8608,#1968);
#1335=LINE('',#8611,#1969);
#1336=LINE('',#8612,#1970);
#1337=LINE('',#8614,#1971);
#1338=LINE('',#8616,#1972);
#1339=LINE('',#8618,#1973);
#1340=LINE('',#8620,#1974);
#1341=LINE('',#8622,#1975);
#1342=LINE('',#8624,#1976);
#1343=LINE('',#8627,#1977);
#1344=LINE('',#8629,#1978);
#1345=LINE('',#8631,#1979);
#1346=LINE('',#8633,#1980);
#1347=LINE('',#8636,#1981);
#1348=LINE('',#8637,#1982);
#1349=LINE('',#8639,#1983);
#1350=LINE('',#8641,#1984);
#1351=LINE('',#8643,#1985);
#1352=LINE('',#8645,#1986);
#1353=LINE('',#8647,#1987);
#1354=LINE('',#8649,#1988);
#1355=LINE('',#8652,#1989);
#1356=LINE('',#8654,#1990);
#1357=LINE('',#8656,#1991);
#1358=LINE('',#8658,#1992);
#1359=LINE('',#8661,#1993);
#1360=LINE('',#8662,#1994);
#1361=LINE('',#8664,#1995);
#1362=LINE('',#8666,#1996);
#1363=LINE('',#8668,#1997);
#1364=LINE('',#8670,#1998);
#1365=LINE('',#8672,#1999);
#1366=LINE('',#8674,#2000);
#1367=LINE('',#8677,#2001);
#1368=LINE('',#8679,#2002);
#1369=LINE('',#8681,#2003);
#1370=LINE('',#8683,#2004);
#1371=LINE('',#8686,#2005);
#1372=LINE('',#8687,#2006);
#1373=LINE('',#8689,#2007);
#1374=LINE('',#8691,#2008);
#1375=LINE('',#8693,#2009);
#1376=LINE('',#8695,#2010);
#1377=LINE('',#8697,#2011);
#1378=LINE('',#8699,#2012);
#1379=LINE('',#8702,#2013);
#1380=LINE('',#8704,#2014);
#1381=LINE('',#8706,#2015);
#1382=LINE('',#8708,#2016);
#1383=LINE('',#8711,#2017);
#1384=LINE('',#8712,#2018);
#1385=LINE('',#8714,#2019);
#1386=LINE('',#8716,#2020);
#1387=LINE('',#8718,#2021);
#1388=LINE('',#8720,#2022);
#1389=LINE('',#8722,#2023);
#1390=LINE('',#8724,#2024);
#1391=LINE('',#8727,#2025);
#1392=LINE('',#8728,#2026);
#1393=LINE('',#8730,#2027);
#1394=LINE('',#8732,#2028);
#1395=LINE('',#8734,#2029);
#1396=LINE('',#8736,#2030);
#1397=LINE('',#8738,#2031);
#1398=LINE('',#8740,#2032);
#1399=LINE('',#8743,#2033);
#1400=LINE('',#8745,#2034);
#1401=LINE('',#8747,#2035);
#1402=LINE('',#8749,#2036);
#1403=LINE('',#8752,#2037);
#1404=LINE('',#8753,#2038);
#1405=LINE('',#8755,#2039);
#1406=LINE('',#8757,#2040);
#1407=LINE('',#8759,#2041);
#1408=LINE('',#8761,#2042);
#1409=LINE('',#8763,#2043);
#1410=LINE('',#8765,#2044);
#1411=LINE('',#8768,#2045);
#1412=LINE('',#8770,#2046);
#1413=LINE('',#8772,#2047);
#1414=LINE('',#8774,#2048);
#1415=LINE('',#8777,#2049);
#1416=LINE('',#8778,#2050);
#1417=LINE('',#8780,#2051);
#1418=LINE('',#8782,#2052);
#1419=LINE('',#8784,#2053);
#1420=LINE('',#8786,#2054);
#1421=LINE('',#8788,#2055);
#1422=LINE('',#8790,#2056);
#1423=LINE('',#8793,#2057);
#1424=LINE('',#8795,#2058);
#1425=LINE('',#8797,#2059);
#1426=LINE('',#8799,#2060);
#1427=LINE('',#8802,#2061);
#1428=LINE('',#8803,#2062);
#1429=LINE('',#8805,#2063);
#1430=LINE('',#8807,#2064);
#1431=LINE('',#8809,#2065);
#1432=LINE('',#8811,#2066);
#1433=LINE('',#8813,#2067);
#1434=LINE('',#8815,#2068);
#1435=LINE('',#8818,#2069);
#1436=LINE('',#8820,#2070);
#1437=LINE('',#8822,#2071);
#1438=LINE('',#8824,#2072);
#1439=LINE('',#8827,#2073);
#1440=LINE('',#8828,#2074);
#1441=LINE('',#8830,#2075);
#1442=LINE('',#8832,#2076);
#1443=LINE('',#8834,#2077);
#1444=LINE('',#8836,#2078);
#1445=LINE('',#8838,#2079);
#1446=LINE('',#8840,#2080);
#1447=LINE('',#8843,#2081);
#1448=LINE('',#8845,#2082);
#1449=LINE('',#8847,#2083);
#1450=LINE('',#8849,#2084);
#1451=LINE('',#8852,#2085);
#1452=LINE('',#8853,#2086);
#1453=LINE('',#8855,#2087);
#1454=LINE('',#8857,#2088);
#1455=LINE('',#8859,#2089);
#1456=LINE('',#8861,#2090);
#1457=LINE('',#8863,#2091);
#1458=LINE('',#8865,#2092);
#1459=LINE('',#8868,#2093);
#1460=LINE('',#8870,#2094);
#1461=LINE('',#8872,#2095);
#1462=LINE('',#8874,#2096);
#1463=LINE('',#8877,#2097);
#1464=LINE('',#8878,#2098);
#1465=LINE('',#8880,#2099);
#1466=LINE('',#8882,#2100);
#1467=LINE('',#8884,#2101);
#1468=LINE('',#8886,#2102);
#1469=LINE('',#8888,#2103);
#1470=LINE('',#8890,#2104);
#1471=LINE('',#8893,#2105);
#1472=LINE('',#8895,#2106);
#1473=LINE('',#8897,#2107);
#1474=LINE('',#8899,#2108);
#1475=LINE('',#8902,#2109);
#1476=LINE('',#8903,#2110);
#1477=LINE('',#8905,#2111);
#1478=LINE('',#8907,#2112);
#1479=LINE('',#8909,#2113);
#1480=LINE('',#8911,#2114);
#1481=LINE('',#8913,#2115);
#1482=LINE('',#8915,#2116);
#1483=LINE('',#8918,#2117);
#1484=LINE('',#8920,#2118);
#1485=LINE('',#8922,#2119);
#1486=LINE('',#8924,#2120);
#1487=LINE('',#8927,#2121);
#1488=LINE('',#8928,#2122);
#1489=LINE('',#8930,#2123);
#1490=LINE('',#8932,#2124);
#1491=LINE('',#8934,#2125);
#1492=LINE('',#8936,#2126);
#1493=LINE('',#8938,#2127);
#1494=LINE('',#8940,#2128);
#1495=LINE('',#8943,#2129);
#1496=LINE('',#8945,#2130);
#1497=LINE('',#8947,#2131);
#1498=LINE('',#8949,#2132);
#1499=LINE('',#8951,#2133);
#1500=LINE('',#8953,#2134);
#1501=LINE('',#8955,#2135);
#1502=LINE('',#8957,#2136);
#1503=LINE('',#8959,#2137);
#1504=LINE('',#8961,#2138);
#1505=LINE('',#8962,#2139);
#1506=LINE('',#8964,#2140);
#1507=LINE('',#8967,#2141);
#1508=LINE('',#8969,#2142);
#1509=LINE('',#8971,#2143);
#1510=LINE('',#8973,#2144);
#1511=LINE('',#8975,#2145);
#1512=LINE('',#8977,#2146);
#1513=LINE('',#8979,#2147);
#1514=LINE('',#8981,#2148);
#1515=LINE('',#8983,#2149);
#1516=LINE('',#8985,#2150);
#1517=LINE('',#8986,#2151);
#1518=LINE('',#8988,#2152);
#1519=LINE('',#8991,#2153);
#1520=LINE('',#8993,#2154);
#1521=LINE('',#8995,#2155);
#1522=LINE('',#8997,#2156);
#1523=LINE('',#9000,#2157);
#1524=LINE('',#9001,#2158);
#1525=LINE('',#9003,#2159);
#1526=LINE('',#9005,#2160);
#1527=LINE('',#9007,#2161);
#1528=LINE('',#9009,#2162);
#1529=LINE('',#9011,#2163);
#1530=LINE('',#9013,#2164);
#1531=LINE('',#9016,#2165);
#1532=LINE('',#9018,#2166);
#1533=LINE('',#9020,#2167);
#1534=LINE('',#9022,#2168);
#1535=LINE('',#9025,#2169);
#1536=LINE('',#9026,#2170);
#1537=LINE('',#9028,#2171);
#1538=LINE('',#9030,#2172);
#1539=LINE('',#9032,#2173);
#1540=LINE('',#9034,#2174);
#1541=LINE('',#9036,#2175);
#1542=LINE('',#9038,#2176);
#1543=LINE('',#9041,#2177);
#1544=LINE('',#9043,#2178);
#1545=LINE('',#9045,#2179);
#1546=LINE('',#9047,#2180);
#1547=LINE('',#9050,#2181);
#1548=LINE('',#9051,#2182);
#1549=LINE('',#9053,#2183);
#1550=LINE('',#9055,#2184);
#1551=LINE('',#9057,#2185);
#1552=LINE('',#9059,#2186);
#1553=LINE('',#9061,#2187);
#1554=LINE('',#9063,#2188);
#1555=LINE('',#9068,#2189);
#1556=LINE('',#9072,#2190);
#1557=LINE('',#9077,#2191);
#1558=LINE('',#9081,#2192);
#1559=LINE('',#9086,#2193);
#1560=LINE('',#9090,#2194);
#1561=LINE('',#9095,#2195);
#1562=LINE('',#9099,#2196);
#1563=LINE('',#9102,#2197);
#1564=LINE('',#9104,#2198);
#1565=LINE('',#9106,#2199);
#1566=LINE('',#9112,#2200);
#1567=LINE('',#9114,#2201);
#1568=LINE('',#9116,#2202);
#1569=LINE('',#9118,#2203);
#1570=LINE('',#9124,#2204);
#1571=LINE('',#9126,#2205);
#1572=LINE('',#9128,#2206);
#1573=LINE('',#9130,#2207);
#1574=LINE('',#9136,#2208);
#1575=LINE('',#9138,#2209);
#1576=LINE('',#9140,#2210);
#1577=LINE('',#9142,#2211);
#1578=LINE('',#9152,#2212);
#1579=LINE('',#9155,#2213);
#1580=LINE('',#9157,#2214);
#1581=LINE('',#9159,#2215);
#1582=LINE('',#9161,#2216);
#1583=LINE('',#9163,#2217);
#1584=LINE('',#9165,#2218);
#1585=LINE('',#9167,#2219);
#1586=LINE('',#9169,#2220);
#1587=LINE('',#9171,#2221);
#1588=LINE('',#9173,#2222);
#1589=LINE('',#9174,#2223);
#1590=LINE('',#9177,#2224);
#1591=LINE('',#9180,#2225);
#1592=LINE('',#9182,#2226);
#1593=LINE('',#9184,#2227);
#1594=LINE('',#9186,#2228);
#1595=LINE('',#9188,#2229);
#1596=LINE('',#9190,#2230);
#1597=LINE('',#9192,#2231);
#1598=LINE('',#9194,#2232);
#1599=LINE('',#9196,#2233);
#1600=LINE('',#9198,#2234);
#1601=LINE('',#9199,#2235);
#1602=LINE('',#9202,#2236);
#1603=LINE('',#9205,#2237);
#1604=LINE('',#9207,#2238);
#1605=LINE('',#9209,#2239);
#1606=LINE('',#9210,#2240);
#1607=LINE('',#9213,#2241);
#1608=LINE('',#9215,#2242);
#1609=LINE('',#9217,#2243);
#1610=LINE('',#9219,#2244);
#1611=LINE('',#9221,#2245);
#1612=LINE('',#9223,#2246);
#1613=LINE('',#9225,#2247);
#1614=LINE('',#9227,#2248);
#1615=LINE('',#9229,#2249);
#1616=LINE('',#9231,#2250);
#1617=LINE('',#9233,#2251);
#1618=LINE('',#9236,#2252);
#1619=LINE('',#9238,#2253);
#1620=LINE('',#9240,#2254);
#1621=LINE('',#9242,#2255);
#1622=LINE('',#9244,#2256);
#1623=LINE('',#9246,#2257);
#1624=LINE('',#9248,#2258);
#1625=LINE('',#9250,#2259);
#1626=LINE('',#9253,#2260);
#1627=LINE('',#9256,#2261);
#1628=LINE('',#9258,#2262);
#1629=LINE('',#9260,#2263);
#1630=LINE('',#9262,#2264);
#1631=LINE('',#9264,#2265);
#1632=LINE('',#9266,#2266);
#1633=LINE('',#9268,#2267);
#1634=LINE('',#9270,#2268);
#1635=LINE('',#9272,#2269);
#1636=LINE('',#9274,#2270);
#1637=LINE('',#9275,#2271);
#1638=LINE('',#9278,#2272);
#1639=LINE('',#9281,#2273);
#1640=LINE('',#9283,#2274);
#1641=LINE('',#9285,#2275);
#1642=LINE('',#9287,#2276);
#1643=LINE('',#9289,#2277);
#1644=LINE('',#9291,#2278);
#1645=LINE('',#9293,#2279);
#1646=LINE('',#9295,#2280);
#1647=LINE('',#9297,#2281);
#1648=LINE('',#9299,#2282);
#1649=LINE('',#9301,#2283);
#1650=LINE('',#9313,#2284);
#1651=LINE('',#9320,#2285);
#1652=LINE('',#9322,#2286);
#1653=LINE('',#9329,#2287);
#1654=LINE('',#9355,#2289);
#1655=LINE('',#9362,#2290);
#1656=LINE('',#9380,#2292);
#1657=LINE('',#9399,#2293);
#1658=LINE('',#9406,#2294);
#1659=LINE('',#9430,#2296);
#1660=LINE('',#9468,#2298);
#1661=LINE('',#9475,#2299);
#1662=LINE('',#9480,#2301);
#1663=LINE('',#9490,#2303);
#1664=LINE('',#9497,#2304);
#1665=LINE('',#9543,#2306);
#1666=LINE('',#9550,#2307);
#1667=LINE('',#9576,#2309);
#1668=LINE('',#9643,#2313);
#1669=LINE('',#9656,#2314);
#1670=LINE('',#9667,#2316);
#1671=LINE('',#9674,#2317);
#1672=LINE('',#9676,#2318);
#1673=LINE('',#9683,#2319);
#1674=LINE('',#9690,#2320);
#1675=LINE('',#9697,#2321);
#1676=LINE('',#9781,#2324);
#1677=LINE('',#9788,#2325);
#1678=LINE('',#9812,#2327);
#1679=LINE('',#9850,#2329);
#1680=LINE('',#9857,#2330);
#1681=LINE('',#9862,#2332);
#1682=LINE('',#9872,#2334);
#1683=LINE('',#9879,#2335);
#1684=LINE('',#9925,#2337);
#1685=LINE('',#9932,#2338);
#1686=LINE('',#9958,#2340);
#1687=LINE('',#10013,#2344);
#1688=LINE('',#10020,#2345);
#1689=LINE('',#10022,#2346);
#1690=LINE('',#10029,#2347);
#1691=LINE('',#10055,#2349);
#1692=LINE('',#10062,#2350);
#1693=LINE('',#10080,#2352);
#1694=LINE('',#10093,#2353);
#1695=LINE('',#10100,#2354);
#1696=LINE('',#10102,#2355);
#1697=LINE('',#10140,#2357);
#1698=LINE('',#10188,#2359);
#1699=LINE('',#10195,#2360);
#1700=LINE('',#10197,#2361);
#1701=LINE('',#10204,#2362);
#1702=LINE('',#10238,#2364);
#1703=LINE('',#10245,#2365);
#1704=LINE('',#10263,#2367);
#1705=LINE('',#10277,#2369);
#1706=LINE('',#10290,#2370);
#1707=LINE('',#10297,#2371);
#1708=LINE('',#10299,#2372);
#1709=LINE('',#10306,#2373);
#1710=LINE('',#10319,#2374);
#1711=LINE('',#10326,#2375);
#1712=LINE('',#10328,#2376);
#1713=LINE('',#10335,#2377);
#1714=LINE('',#10348,#2378);
#1715=LINE('',#10355,#2379);
#1716=LINE('',#10357,#2380);
#1717=LINE('',#10364,#2381);
#1718=LINE('',#10371,#2382);
#1719=LINE('',#10417,#2384);
#1720=VECTOR('',#6291,1.);
#1721=VECTOR('',#6292,1.);
#1722=VECTOR('',#6293,1.);
#1723=VECTOR('',#6294,1.);
#1724=VECTOR('',#6297,1.);
#1725=VECTOR('',#6298,1.);
#1726=VECTOR('',#6299,1.);
#1727=VECTOR('',#6300,1.);
#1728=VECTOR('',#6303,1.);
#1729=VECTOR('',#6304,1.);
#1730=VECTOR('',#6305,1.);
#1731=VECTOR('',#6308,1.);
#1732=VECTOR('',#6309,1.);
#1733=VECTOR('',#6312,1.);
#1734=VECTOR('',#6313,1.);
#1735=VECTOR('',#6316,1.);
#1736=VECTOR('',#6319,1.);
#1737=VECTOR('',#6320,1.);
#1738=VECTOR('',#6321,1.);
#1739=VECTOR('',#6322,1.);
#1740=VECTOR('',#6325,1.);
#1741=VECTOR('',#6326,1.);
#1742=VECTOR('',#6327,1.);
#1743=VECTOR('',#6330,1.);
#1744=VECTOR('',#6331,1.);
#1745=VECTOR('',#6334,1.);
#1746=VECTOR('',#6335,1.);
#1747=VECTOR('',#6338,1.);
#1748=VECTOR('',#6341,1.);
#1749=VECTOR('',#6342,1.);
#1750=VECTOR('',#6343,1.);
#1751=VECTOR('',#6344,1.);
#1752=VECTOR('',#6347,1.);
#1753=VECTOR('',#6348,1.);
#1754=VECTOR('',#6349,1.);
#1755=VECTOR('',#6352,1.);
#1756=VECTOR('',#6353,1.);
#1757=VECTOR('',#6356,1.);
#1758=VECTOR('',#6357,1.);
#1759=VECTOR('',#6360,1.);
#1760=VECTOR('',#6363,1.);
#1761=VECTOR('',#6364,1.);
#1762=VECTOR('',#6365,1.);
#1763=VECTOR('',#6366,1.);
#1764=VECTOR('',#6369,1.);
#1765=VECTOR('',#6370,1.);
#1766=VECTOR('',#6371,1.);
#1767=VECTOR('',#6374,1.);
#1768=VECTOR('',#6375,1.);
#1769=VECTOR('',#6378,1.);
#1770=VECTOR('',#6379,1.);
#1771=VECTOR('',#6382,1.);
#1772=VECTOR('',#6385,1.);
#1773=VECTOR('',#6386,1.);
#1774=VECTOR('',#6387,1.);
#1775=VECTOR('',#6388,1.);
#1776=VECTOR('',#6391,1.);
#1777=VECTOR('',#6392,1.);
#1778=VECTOR('',#6393,1.);
#1779=VECTOR('',#6396,1.);
#1780=VECTOR('',#6397,1.);
#1781=VECTOR('',#6400,1.);
#1782=VECTOR('',#6401,1.);
#1783=VECTOR('',#6404,1.);
#1784=VECTOR('',#6407,1.);
#1785=VECTOR('',#6408,1.);
#1786=VECTOR('',#6409,1.);
#1787=VECTOR('',#6410,1.);
#1788=VECTOR('',#6413,1.);
#1789=VECTOR('',#6414,1.);
#1790=VECTOR('',#6415,1.);
#1791=VECTOR('',#6418,1.);
#1792=VECTOR('',#6419,1.);
#1793=VECTOR('',#6422,1.);
#1794=VECTOR('',#6423,1.);
#1795=VECTOR('',#6426,1.);
#1796=VECTOR('',#6429,1.);
#1797=VECTOR('',#6430,1.);
#1798=VECTOR('',#6431,1.);
#1799=VECTOR('',#6432,1.);
#1800=VECTOR('',#6435,1.);
#1801=VECTOR('',#6436,1.);
#1802=VECTOR('',#6437,1.);
#1803=VECTOR('',#6440,1.);
#1804=VECTOR('',#6441,1.);
#1805=VECTOR('',#6444,1.);
#1806=VECTOR('',#6445,1.);
#1807=VECTOR('',#6448,1.);
#1808=VECTOR('',#6451,1.);
#1809=VECTOR('',#6452,1.);
#1810=VECTOR('',#6453,1.);
#1811=VECTOR('',#6454,1.);
#1812=VECTOR('',#6457,1.);
#1813=VECTOR('',#6458,1.);
#1814=VECTOR('',#6459,1.);
#1815=VECTOR('',#6462,1.);
#1816=VECTOR('',#6463,1.);
#1817=VECTOR('',#6466,1.);
#1818=VECTOR('',#6467,1.);
#1819=VECTOR('',#6470,1.);
#1820=VECTOR('',#6473,1.);
#1821=VECTOR('',#6474,1.);
#1822=VECTOR('',#6475,1.);
#1823=VECTOR('',#6476,1.);
#1824=VECTOR('',#6479,1.);
#1825=VECTOR('',#6480,1.);
#1826=VECTOR('',#6481,1.);
#1827=VECTOR('',#6484,1.);
#1828=VECTOR('',#6485,1.);
#1829=VECTOR('',#6488,1.);
#1830=VECTOR('',#6489,1.);
#1831=VECTOR('',#6492,1.);
#1832=VECTOR('',#6495,1.);
#1833=VECTOR('',#6496,1.);
#1834=VECTOR('',#6497,1.);
#1835=VECTOR('',#6498,1.);
#1836=VECTOR('',#6501,1.);
#1837=VECTOR('',#6502,1.);
#1838=VECTOR('',#6503,1.);
#1839=VECTOR('',#6506,1.);
#1840=VECTOR('',#6507,1.);
#1841=VECTOR('',#6510,1.);
#1842=VECTOR('',#6511,1.);
#1843=VECTOR('',#6514,1.);
#1844=VECTOR('',#6517,1.);
#1845=VECTOR('',#6518,1.);
#1846=VECTOR('',#6519,1.);
#1847=VECTOR('',#6520,1.);
#1848=VECTOR('',#6523,1.);
#1849=VECTOR('',#6524,1.);
#1850=VECTOR('',#6525,1.);
#1851=VECTOR('',#6528,1.);
#1852=VECTOR('',#6529,1.);
#1853=VECTOR('',#6532,1.);
#1854=VECTOR('',#6533,1.);
#1855=VECTOR('',#6536,1.);
#1856=VECTOR('',#6539,1.);
#1857=VECTOR('',#6540,1.);
#1858=VECTOR('',#6541,1.);
#1859=VECTOR('',#6542,1.);
#1860=VECTOR('',#6545,1.);
#1861=VECTOR('',#6546,1.);
#1862=VECTOR('',#6547,1.);
#1863=VECTOR('',#6550,1.);
#1864=VECTOR('',#6551,1.);
#1865=VECTOR('',#6554,1.);
#1866=VECTOR('',#6555,1.);
#1867=VECTOR('',#6558,1.);
#1868=VECTOR('',#6561,1.);
#1869=VECTOR('',#6562,1.);
#1870=VECTOR('',#6563,1.);
#1871=VECTOR('',#6564,1.);
#1872=VECTOR('',#6567,1.);
#1873=VECTOR('',#6568,1.);
#1874=VECTOR('',#6569,1.);
#1875=VECTOR('',#6572,1.);
#1876=VECTOR('',#6573,1.);
#1877=VECTOR('',#6576,1.);
#1878=VECTOR('',#6577,1.);
#1879=VECTOR('',#6580,1.);
#1880=VECTOR('',#6583,1.);
#1881=VECTOR('',#6584,1.);
#1882=VECTOR('',#6585,1.);
#1883=VECTOR('',#6586,1.);
#1884=VECTOR('',#6589,1.);
#1885=VECTOR('',#6590,1.);
#1886=VECTOR('',#6591,1.);
#1887=VECTOR('',#6594,1.);
#1888=VECTOR('',#6595,1.);
#1889=VECTOR('',#6598,1.);
#1890=VECTOR('',#6599,1.);
#1891=VECTOR('',#6602,1.);
#1892=VECTOR('',#6605,1.);
#1893=VECTOR('',#6606,1.);
#1894=VECTOR('',#6607,1.);
#1895=VECTOR('',#6608,1.);
#1896=VECTOR('',#6611,1.);
#1897=VECTOR('',#6612,1.);
#1898=VECTOR('',#6613,1.);
#1899=VECTOR('',#6616,1.);
#1900=VECTOR('',#6617,1.);
#1901=VECTOR('',#6620,1.);
#1902=VECTOR('',#6621,1.);
#1903=VECTOR('',#6624,1.);
#1904=VECTOR('',#6627,1.);
#1905=VECTOR('',#6628,1.);
#1906=VECTOR('',#6629,1.);
#1907=VECTOR('',#6630,1.);
#1908=VECTOR('',#6633,1.);
#1909=VECTOR('',#6634,1.);
#1910=VECTOR('',#6635,1.);
#1911=VECTOR('',#6638,1.);
#1912=VECTOR('',#6639,1.);
#1913=VECTOR('',#6642,1.);
#1914=VECTOR('',#6643,1.);
#1915=VECTOR('',#6646,1.);
#1916=VECTOR('',#6649,1.);
#1917=VECTOR('',#6650,1.);
#1918=VECTOR('',#6651,1.);
#1919=VECTOR('',#6652,1.);
#1920=VECTOR('',#6655,1.);
#1921=VECTOR('',#6656,1.);
#1922=VECTOR('',#6657,1.);
#1923=VECTOR('',#6660,1.);
#1924=VECTOR('',#6661,1.);
#1925=VECTOR('',#6664,1.);
#1926=VECTOR('',#6665,1.);
#1927=VECTOR('',#6668,1.);
#1928=VECTOR('',#6671,1.);
#1929=VECTOR('',#6672,1.);
#1930=VECTOR('',#6673,1.);
#1931=VECTOR('',#6674,1.);
#1932=VECTOR('',#6677,1.);
#1933=VECTOR('',#6678,1.);
#1934=VECTOR('',#6679,1.);
#1935=VECTOR('',#6682,1.);
#1936=VECTOR('',#6683,1.);
#1937=VECTOR('',#6686,1.);
#1938=VECTOR('',#6687,1.);
#1939=VECTOR('',#6690,1.);
#1940=VECTOR('',#6693,1.);
#1941=VECTOR('',#6694,1.);
#1942=VECTOR('',#6695,1.);
#1943=VECTOR('',#6696,1.);
#1944=VECTOR('',#6699,1.);
#1945=VECTOR('',#6700,1.);
#1946=VECTOR('',#6701,1.);
#1947=VECTOR('',#6704,1.);
#1948=VECTOR('',#6705,1.);
#1949=VECTOR('',#6708,1.);
#1950=VECTOR('',#6709,1.);
#1951=VECTOR('',#6712,1.);
#1952=VECTOR('',#6715,1.);
#1953=VECTOR('',#6716,1.);
#1954=VECTOR('',#6717,1.);
#1955=VECTOR('',#6718,1.);
#1956=VECTOR('',#6721,1.);
#1957=VECTOR('',#6722,1.);
#1958=VECTOR('',#6723,1.);
#1959=VECTOR('',#6726,1.);
#1960=VECTOR('',#6727,1.);
#1961=VECTOR('',#6730,1.);
#1962=VECTOR('',#6731,1.);
#1963=VECTOR('',#6734,1.);
#1964=VECTOR('',#6737,1.);
#1965=VECTOR('',#6738,1.);
#1966=VECTOR('',#6739,1.);
#1967=VECTOR('',#6740,1.);
#1968=VECTOR('',#6743,1.);
#1969=VECTOR('',#6744,1.);
#1970=VECTOR('',#6745,1.);
#1971=VECTOR('',#6748,1.);
#1972=VECTOR('',#6749,1.);
#1973=VECTOR('',#6752,1.);
#1974=VECTOR('',#6753,1.);
#1975=VECTOR('',#6756,1.);
#1976=VECTOR('',#6759,1.);
#1977=VECTOR('',#6760,1.);
#1978=VECTOR('',#6761,1.);
#1979=VECTOR('',#6762,1.);
#1980=VECTOR('',#6765,1.);
#1981=VECTOR('',#6766,1.);
#1982=VECTOR('',#6767,1.);
#1983=VECTOR('',#6770,1.);
#1984=VECTOR('',#6771,1.);
#1985=VECTOR('',#6774,1.);
#1986=VECTOR('',#6775,1.);
#1987=VECTOR('',#6778,1.);
#1988=VECTOR('',#6781,1.);
#1989=VECTOR('',#6782,1.);
#1990=VECTOR('',#6783,1.);
#1991=VECTOR('',#6784,1.);
#1992=VECTOR('',#6787,1.);
#1993=VECTOR('',#6788,1.);
#1994=VECTOR('',#6789,1.);
#1995=VECTOR('',#6792,1.);
#1996=VECTOR('',#6793,1.);
#1997=VECTOR('',#6796,1.);
#1998=VECTOR('',#6797,1.);
#1999=VECTOR('',#6800,1.);
#2000=VECTOR('',#6803,1.);
#2001=VECTOR('',#6804,1.);
#2002=VECTOR('',#6805,1.);
#2003=VECTOR('',#6806,1.);
#2004=VECTOR('',#6809,1.);
#2005=VECTOR('',#6810,1.);
#2006=VECTOR('',#6811,1.);
#2007=VECTOR('',#6814,1.);
#2008=VECTOR('',#6815,1.);
#2009=VECTOR('',#6818,1.);
#2010=VECTOR('',#6819,1.);
#2011=VECTOR('',#6822,1.);
#2012=VECTOR('',#6825,1.);
#2013=VECTOR('',#6826,1.);
#2014=VECTOR('',#6827,1.);
#2015=VECTOR('',#6828,1.);
#2016=VECTOR('',#6831,1.);
#2017=VECTOR('',#6832,1.);
#2018=VECTOR('',#6833,1.);
#2019=VECTOR('',#6836,1.);
#2020=VECTOR('',#6837,1.);
#2021=VECTOR('',#6840,1.);
#2022=VECTOR('',#6841,1.);
#2023=VECTOR('',#6844,1.);
#2024=VECTOR('',#6847,1.);
#2025=VECTOR('',#6848,1.);
#2026=VECTOR('',#6849,1.);
#2027=VECTOR('',#6852,1.);
#2028=VECTOR('',#6853,1.);
#2029=VECTOR('',#6856,1.);
#2030=VECTOR('',#6857,1.);
#2031=VECTOR('',#6860,1.);
#2032=VECTOR('',#6863,1.);
#2033=VECTOR('',#6864,1.);
#2034=VECTOR('',#6865,1.);
#2035=VECTOR('',#6866,1.);
#2036=VECTOR('',#6869,1.);
#2037=VECTOR('',#6870,1.);
#2038=VECTOR('',#6871,1.);
#2039=VECTOR('',#6874,1.);
#2040=VECTOR('',#6875,1.);
#2041=VECTOR('',#6878,1.);
#2042=VECTOR('',#6879,1.);
#2043=VECTOR('',#6882,1.);
#2044=VECTOR('',#6885,1.);
#2045=VECTOR('',#6886,1.);
#2046=VECTOR('',#6887,1.);
#2047=VECTOR('',#6888,1.);
#2048=VECTOR('',#6891,1.);
#2049=VECTOR('',#6892,1.);
#2050=VECTOR('',#6893,1.);
#2051=VECTOR('',#6896,1.);
#2052=VECTOR('',#6897,1.);
#2053=VECTOR('',#6900,1.);
#2054=VECTOR('',#6901,1.);
#2055=VECTOR('',#6904,1.);
#2056=VECTOR('',#6907,1.);
#2057=VECTOR('',#6908,1.);
#2058=VECTOR('',#6909,1.);
#2059=VECTOR('',#6910,1.);
#2060=VECTOR('',#6913,1.);
#2061=VECTOR('',#6914,1.);
#2062=VECTOR('',#6915,1.);
#2063=VECTOR('',#6918,1.);
#2064=VECTOR('',#6919,1.);
#2065=VECTOR('',#6922,1.);
#2066=VECTOR('',#6923,1.);
#2067=VECTOR('',#6926,1.);
#2068=VECTOR('',#6929,1.);
#2069=VECTOR('',#6930,1.);
#2070=VECTOR('',#6931,1.);
#2071=VECTOR('',#6932,1.);
#2072=VECTOR('',#6935,1.);
#2073=VECTOR('',#6936,1.);
#2074=VECTOR('',#6937,1.);
#2075=VECTOR('',#6940,1.);
#2076=VECTOR('',#6941,1.);
#2077=VECTOR('',#6944,1.);
#2078=VECTOR('',#6945,1.);
#2079=VECTOR('',#6948,1.);
#2080=VECTOR('',#6951,1.);
#2081=VECTOR('',#6952,1.);
#2082=VECTOR('',#6953,1.);
#2083=VECTOR('',#6954,1.);
#2084=VECTOR('',#6957,1.);
#2085=VECTOR('',#6958,1.);
#2086=VECTOR('',#6959,1.);
#2087=VECTOR('',#6962,1.);
#2088=VECTOR('',#6963,1.);
#2089=VECTOR('',#6966,1.);
#2090=VECTOR('',#6967,1.);
#2091=VECTOR('',#6970,1.);
#2092=VECTOR('',#6973,1.);
#2093=VECTOR('',#6974,1.);
#2094=VECTOR('',#6975,1.);
#2095=VECTOR('',#6976,1.);
#2096=VECTOR('',#6979,1.);
#2097=VECTOR('',#6980,1.);
#2098=VECTOR('',#6981,1.);
#2099=VECTOR('',#6984,1.);
#2100=VECTOR('',#6985,1.);
#2101=VECTOR('',#6988,1.);
#2102=VECTOR('',#6989,1.);
#2103=VECTOR('',#6992,1.);
#2104=VECTOR('',#6995,1.);
#2105=VECTOR('',#6996,1.);
#2106=VECTOR('',#6997,1.);
#2107=VECTOR('',#6998,1.);
#2108=VECTOR('',#7001,1.);
#2109=VECTOR('',#7002,1.);
#2110=VECTOR('',#7003,1.);
#2111=VECTOR('',#7006,1.);
#2112=VECTOR('',#7007,1.);
#2113=VECTOR('',#7010,1.);
#2114=VECTOR('',#7011,1.);
#2115=VECTOR('',#7014,1.);
#2116=VECTOR('',#7017,1.);
#2117=VECTOR('',#7018,1.);
#2118=VECTOR('',#7019,1.);
#2119=VECTOR('',#7020,1.);
#2120=VECTOR('',#7023,1.);
#2121=VECTOR('',#7024,1.);
#2122=VECTOR('',#7025,1.);
#2123=VECTOR('',#7028,1.);
#2124=VECTOR('',#7029,1.);
#2125=VECTOR('',#7032,1.);
#2126=VECTOR('',#7033,1.);
#2127=VECTOR('',#7036,1.);
#2128=VECTOR('',#7039,1.);
#2129=VECTOR('',#7040,1.);
#2130=VECTOR('',#7041,1.);
#2131=VECTOR('',#7042,1.);
#2132=VECTOR('',#7045,1.);
#2133=VECTOR('',#7046,1.);
#2134=VECTOR('',#7047,1.);
#2135=VECTOR('',#7050,1.);
#2136=VECTOR('',#7051,1.);
#2137=VECTOR('',#7052,1.);
#2138=VECTOR('',#7055,1.);
#2139=VECTOR('',#7056,1.);
#2140=VECTOR('',#7059,1.);
#2141=VECTOR('',#7060,1.);
#2142=VECTOR('',#7061,1.);
#2143=VECTOR('',#7062,1.);
#2144=VECTOR('',#7065,1.);
#2145=VECTOR('',#7066,1.);
#2146=VECTOR('',#7067,1.);
#2147=VECTOR('',#7070,1.);
#2148=VECTOR('',#7071,1.);
#2149=VECTOR('',#7072,1.);
#2150=VECTOR('',#7075,1.);
#2151=VECTOR('',#7076,1.);
#2152=VECTOR('',#7079,1.);
#2153=VECTOR('',#7080,1.);
#2154=VECTOR('',#7081,1.);
#2155=VECTOR('',#7082,1.);
#2156=VECTOR('',#7085,1.);
#2157=VECTOR('',#7086,1.);
#2158=VECTOR('',#7087,1.);
#2159=VECTOR('',#7090,1.);
#2160=VECTOR('',#7091,1.);
#2161=VECTOR('',#7094,1.);
#2162=VECTOR('',#7095,1.);
#2163=VECTOR('',#7098,1.);
#2164=VECTOR('',#7101,1.);
#2165=VECTOR('',#7102,1.);
#2166=VECTOR('',#7103,1.);
#2167=VECTOR('',#7104,1.);
#2168=VECTOR('',#7107,1.);
#2169=VECTOR('',#7108,1.);
#2170=VECTOR('',#7109,1.);
#2171=VECTOR('',#7112,1.);
#2172=VECTOR('',#7113,1.);
#2173=VECTOR('',#7116,1.);
#2174=VECTOR('',#7117,1.);
#2175=VECTOR('',#7120,1.);
#2176=VECTOR('',#7123,1.);
#2177=VECTOR('',#7124,1.);
#2178=VECTOR('',#7125,1.);
#2179=VECTOR('',#7126,1.);
#2180=VECTOR('',#7129,1.);
#2181=VECTOR('',#7130,1.);
#2182=VECTOR('',#7131,1.);
#2183=VECTOR('',#7134,1.);
#2184=VECTOR('',#7135,1.);
#2185=VECTOR('',#7138,1.);
#2186=VECTOR('',#7139,1.);
#2187=VECTOR('',#7142,1.);
#2188=VECTOR('',#7145,1.);
#2189=VECTOR('',#7148,1.);
#2190=VECTOR('',#7153,1.);
#2191=VECTOR('',#7156,1.);
#2192=VECTOR('',#7161,1.);
#2193=VECTOR('',#7164,1.);
#2194=VECTOR('',#7169,1.);
#2195=VECTOR('',#7172,1.);
#2196=VECTOR('',#7177,1.);
#2197=VECTOR('',#7178,1.);
#2198=VECTOR('',#7179,1.);
#2199=VECTOR('',#7180,1.);
#2200=VECTOR('',#7187,1.);
#2201=VECTOR('',#7190,1.);
#2202=VECTOR('',#7191,1.);
#2203=VECTOR('',#7192,1.);
#2204=VECTOR('',#7199,1.);
#2205=VECTOR('',#7202,1.);
#2206=VECTOR('',#7203,1.);
#2207=VECTOR('',#7204,1.);
#2208=VECTOR('',#7211,1.);
#2209=VECTOR('',#7214,1.);
#2210=VECTOR('',#7215,1.);
#2211=VECTOR('',#7216,1.);
#2212=VECTOR('',#7235,1.);
#2213=VECTOR('',#7236,1.);
#2214=VECTOR('',#7237,1.);
#2215=VECTOR('',#7238,1.);
#2216=VECTOR('',#7241,1.);
#2217=VECTOR('',#7242,1.);
#2218=VECTOR('',#7243,1.);
#2219=VECTOR('',#7246,1.);
#2220=VECTOR('',#7247,1.);
#2221=VECTOR('',#7248,1.);
#2222=VECTOR('',#7251,1.);
#2223=VECTOR('',#7252,1.);
#2224=VECTOR('',#7257,1.);
#2225=VECTOR('',#7258,1.);
#2226=VECTOR('',#7259,1.);
#2227=VECTOR('',#7260,1.);
#2228=VECTOR('',#7263,1.);
#2229=VECTOR('',#7264,1.);
#2230=VECTOR('',#7265,1.);
#2231=VECTOR('',#7268,1.);
#2232=VECTOR('',#7269,1.);
#2233=VECTOR('',#7270,1.);
#2234=VECTOR('',#7273,1.);
#2235=VECTOR('',#7274,1.);
#2236=VECTOR('',#7279,1.);
#2237=VECTOR('',#7280,1.);
#2238=VECTOR('',#7281,1.);
#2239=VECTOR('',#7282,1.);
#2240=VECTOR('',#7283,1.);
#2241=VECTOR('',#7284,1.);
#2242=VECTOR('',#7285,1.);
#2243=VECTOR('',#7286,1.);
#2244=VECTOR('',#7289,1.);
#2245=VECTOR('',#7290,1.);
#2246=VECTOR('',#7291,1.);
#2247=VECTOR('',#7294,1.);
#2248=VECTOR('',#7295,1.);
#2249=VECTOR('',#7298,1.);
#2250=VECTOR('',#7299,1.);
#2251=VECTOR('',#7302,1.);
#2252=VECTOR('',#7307,1.);
#2253=VECTOR('',#7308,1.);
#2254=VECTOR('',#7309,1.);
#2255=VECTOR('',#7312,1.);
#2256=VECTOR('',#7313,1.);
#2257=VECTOR('',#7316,1.);
#2258=VECTOR('',#7317,1.);
#2259=VECTOR('',#7320,1.);
#2260=VECTOR('',#7325,1.);
#2261=VECTOR('',#7326,1.);
#2262=VECTOR('',#7327,1.);
#2263=VECTOR('',#7328,1.);
#2264=VECTOR('',#7331,1.);
#2265=VECTOR('',#7332,1.);
#2266=VECTOR('',#7333,1.);
#2267=VECTOR('',#7336,1.);
#2268=VECTOR('',#7337,1.);
#2269=VECTOR('',#7338,1.);
#2270=VECTOR('',#7341,1.);
#2271=VECTOR('',#7342,1.);
#2272=VECTOR('',#7347,1.);
#2273=VECTOR('',#7348,1.);
#2274=VECTOR('',#7349,1.);
#2275=VECTOR('',#7350,1.);
#2276=VECTOR('',#7353,1.);
#2277=VECTOR('',#7354,1.);
#2278=VECTOR('',#7355,1.);
#2279=VECTOR('',#7358,1.);
#2280=VECTOR('',#7359,1.);
#2281=VECTOR('',#7362,1.);
#2282=VECTOR('',#7363,1.);
#2283=VECTOR('',#7366,1.);
#2284=VECTOR('',#7389,1.);
#2285=VECTOR('',#7390,1.);
#2286=VECTOR('',#7393,1.);
#2287=VECTOR('',#7396,1.);
#2288=VECTOR('',#7397,1.);
#2289=VECTOR('',#7398,1.);
#2290=VECTOR('',#7401,1.);
#2291=VECTOR('',#7402,1.);
#2292=VECTOR('',#7403,1.);
#2293=VECTOR('',#7410,1.);
#2294=VECTOR('',#7411,1.);
#2295=VECTOR('',#7412,1.);
#2296=VECTOR('',#7413,1.);
#2297=VECTOR('',#7414,1.);
#2298=VECTOR('',#7415,1.);
#2299=VECTOR('',#7416,1.);
#2300=VECTOR('',#7417,1.);
#2301=VECTOR('',#7418,1.);
#2302=VECTOR('',#7419,1.);
#2303=VECTOR('',#7420,1.);
#2304=VECTOR('',#7423,1.);
#2305=VECTOR('',#7424,1.);
#2306=VECTOR('',#7425,1.);
#2307=VECTOR('',#7428,1.);
#2308=VECTOR('',#7429,1.);
#2309=VECTOR('',#7430,1.);
#2310=VECTOR('',#7431,1.);
#2311=VECTOR('',#7432,1.);
#2312=VECTOR('',#7433,1.);
#2313=VECTOR('',#7436,1.);
#2314=VECTOR('',#7437,1.);
#2315=VECTOR('',#7438,1.);
#2316=VECTOR('',#7439,1.);
#2317=VECTOR('',#7440,1.);
#2318=VECTOR('',#7443,1.);
#2319=VECTOR('',#7446,1.);
#2320=VECTOR('',#7449,1.);
#2321=VECTOR('',#7452,1.);
#2322=VECTOR('',#7455,1.);
#2323=VECTOR('',#7456,1.);
#2324=VECTOR('',#7459,1.);
#2325=VECTOR('',#7460,1.);
#2326=VECTOR('',#7461,1.);
#2327=VECTOR('',#7462,1.);
#2328=VECTOR('',#7463,1.);
#2329=VECTOR('',#7464,1.);
#2330=VECTOR('',#7465,1.);
#2331=VECTOR('',#7466,1.);
#2332=VECTOR('',#7467,1.);
#2333=VECTOR('',#7468,1.);
#2334=VECTOR('',#7469,1.);
#2335=VECTOR('',#7472,1.);
#2336=VECTOR('',#7473,1.);
#2337=VECTOR('',#7474,1.);
#2338=VECTOR('',#7477,1.);
#2339=VECTOR('',#7478,1.);
#2340=VECTOR('',#7479,1.);
#2341=VECTOR('',#7480,1.);
#2342=VECTOR('',#7481,1.);
#2343=VECTOR('',#7482,1.);
#2344=VECTOR('',#7485,1.);
#2345=VECTOR('',#7486,1.);
#2346=VECTOR('',#7489,1.);
#2347=VECTOR('',#7492,1.);
#2348=VECTOR('',#7493,1.);
#2349=VECTOR('',#7494,1.);
#2350=VECTOR('',#7497,1.);
#2351=VECTOR('',#7498,1.);
#2352=VECTOR('',#7499,1.);
#2353=VECTOR('',#7506,1.);
#2354=VECTOR('',#7507,1.);
#2355=VECTOR('',#7510,1.);
#2356=VECTOR('',#7511,1.);
#2357=VECTOR('',#7512,1.);
#2358=VECTOR('',#7515,1.);
#2359=VECTOR('',#7518,1.);
#2360=VECTOR('',#7519,1.);
#2361=VECTOR('',#7522,1.);
#2362=VECTOR('',#7525,1.);
#2363=VECTOR('',#7526,1.);
#2364=VECTOR('',#7527,1.);
#2365=VECTOR('',#7530,1.);
#2366=VECTOR('',#7531,1.);
#2367=VECTOR('',#7532,1.);
#2368=VECTOR('',#7533,1.);
#2369=VECTOR('',#7534,1.);
#2370=VECTOR('',#7541,1.);
#2371=VECTOR('',#7542,1.);
#2372=VECTOR('',#7545,1.);
#2373=VECTOR('',#7548,1.);
#2374=VECTOR('',#7555,1.);
#2375=VECTOR('',#7556,1.);
#2376=VECTOR('',#7559,1.);
#2377=VECTOR('',#7562,1.);
#2378=VECTOR('',#7569,1.);
#2379=VECTOR('',#7570,1.);
#2380=VECTOR('',#7573,1.);
#2381=VECTOR('',#7576,1.);
#2382=VECTOR('',#7579,1.);
#2383=VECTOR('',#7580,1.);
#2384=VECTOR('',#7581,1.);
#2385=VECTOR('',#7586,1.);
#2386=FACE_BOUND('',#2464,.T.);
#2387=FACE_BOUND('',#2465,.T.);
#2388=FACE_BOUND('',#2466,.T.);
#2389=FACE_BOUND('',#2467,.T.);
#2390=FACE_BOUND('',#2468,.T.);
#2391=FACE_BOUND('',#2469,.T.);
#2392=FACE_BOUND('',#2470,.T.);
#2393=FACE_BOUND('',#2471,.T.);
#2394=FACE_BOUND('',#2472,.T.);
#2395=FACE_BOUND('',#2473,.T.);
#2396=FACE_BOUND('',#2474,.T.);
#2397=FACE_BOUND('',#2679,.T.);
#2398=FACE_BOUND('',#2680,.T.);
#2399=FACE_BOUND('',#2681,.T.);
#2400=FACE_BOUND('',#2682,.T.);
#2401=FACE_BOUND('',#2683,.T.);
#2402=FACE_BOUND('',#2684,.T.);
#2403=FACE_BOUND('',#2685,.T.);
#2404=FACE_BOUND('',#2696,.T.);
#2405=FACE_BOUND('',#2697,.T.);
#2406=FACE_BOUND('',#2698,.T.);
#2407=FACE_BOUND('',#2699,.T.);
#2408=FACE_BOUND('',#2700,.T.);
#2409=FACE_BOUND('',#2701,.T.);
#2410=FACE_BOUND('',#2702,.T.);
#2411=FACE_BOUND('',#2703,.T.);
#2412=FACE_BOUND('',#2704,.T.);
#2413=FACE_BOUND('',#2720,.T.);
#2414=FACE_BOUND('',#2721,.T.);
#2415=FACE_BOUND('',#2722,.T.);
#2416=FACE_BOUND('',#2723,.T.);
#2417=FACE_BOUND('',#2724,.T.);
#2418=FACE_BOUND('',#2725,.T.);
#2419=FACE_BOUND('',#2726,.T.);
#2420=FACE_BOUND('',#2732,.T.);
#2421=FACE_BOUND('',#2733,.T.);
#2422=FACE_BOUND('',#2734,.T.);
#2423=FACE_BOUND('',#2735,.T.);
#2424=FACE_BOUND('',#2736,.T.);
#2425=FACE_BOUND('',#2737,.T.);
#2426=FACE_BOUND('',#2738,.T.);
#2427=FACE_BOUND('',#2739,.T.);
#2428=FACE_BOUND('',#2740,.T.);
#2429=FACE_BOUND('',#2741,.T.);
#2430=FACE_BOUND('',#2742,.T.);
#2431=FACE_BOUND('',#2743,.T.);
#2432=FACE_BOUND('',#2744,.T.);
#2433=FACE_BOUND('',#2745,.T.);
#2434=FACE_BOUND('',#2746,.T.);
#2435=FACE_BOUND('',#2747,.T.);
#2436=FACE_BOUND('',#2748,.T.);
#2437=FACE_BOUND('',#2749,.T.);
#2438=FACE_BOUND('',#2750,.T.);
#2439=FACE_BOUND('',#2751,.T.);
#2440=FACE_BOUND('',#2752,.T.);
#2441=FACE_BOUND('',#2753,.T.);
#2442=FACE_BOUND('',#2754,.T.);
#2443=FACE_BOUND('',#2755,.T.);
#2444=FACE_BOUND('',#2756,.T.);
#2445=FACE_BOUND('',#2757,.T.);
#2446=FACE_BOUND('',#2758,.T.);
#2447=FACE_BOUND('',#2759,.T.);
#2448=FACE_BOUND('',#2760,.T.);
#2449=FACE_BOUND('',#2761,.T.);
#2450=FACE_BOUND('',#2762,.T.);
#2451=FACE_BOUND('',#2763,.T.);
#2452=FACE_BOUND('',#2764,.T.);
#2453=FACE_BOUND('',#2765,.T.);
#2454=FACE_BOUND('',#2789,.T.);
#2455=FACE_BOUND('',#2790,.T.);
#2456=FACE_BOUND('',#2799,.T.);
#2457=FACE_BOUND('',#2800,.T.);
#2458=FACE_BOUND('',#2812,.T.);
#2459=FACE_BOUND('',#2813,.T.);
#2460=FACE_BOUND('',#2852,.T.);
#2461=FACE_BOUND('',#2853,.T.);
#2462=FACE_BOUND('',#2854,.T.);
#2463=FACE_BOUND('',#2855,.T.);
#2464=EDGE_LOOP('',(#2860,#2861,#2862,#2863,#2864,#2865));
#2465=EDGE_LOOP('',(#2866,#2867,#2868,#2869));
#2466=EDGE_LOOP('',(#2870,#2871,#2872,#2873));
#2467=EDGE_LOOP('',(#2874,#2875,#2876,#2877,#2878,#2879,#2880,#2881));
#2468=EDGE_LOOP('',(#2882,#2883,#2884,#2885));
#2469=EDGE_LOOP('',(#2886,#2887,#2888,#2889,#2890,#2891,#2892));
#2470=EDGE_LOOP('',(#2893,#2894,#2895,#2896,#2897,#2898,#2899,#2900));
#2471=EDGE_LOOP('',(#2901,#2902,#2903,#2904,#2905,#2906));
#2472=EDGE_LOOP('',(#2907,#2908,#2909,#2910,#2911,#2912,#2913,#2914));
#2473=EDGE_LOOP('',(#2915,#2916,#2917,#2918,#2919,#2920,#2921));
#2474=EDGE_LOOP('',(#2922,#2923,#2924,#2925));
#2475=EDGE_LOOP('',(#2926,#2927,#2928,#2929));
#2476=EDGE_LOOP('',(#2930,#2931,#2932,#2933));
#2477=EDGE_LOOP('',(#2934,#2935,#2936,#2937));
#2478=EDGE_LOOP('',(#2938,#2939,#2940,#2941));
#2479=EDGE_LOOP('',(#2942,#2943,#2944,#2945));
#2480=EDGE_LOOP('',(#2946,#2947,#2948,#2949));
#2481=EDGE_LOOP('',(#2950,#2951,#2952,#2953));
#2482=EDGE_LOOP('',(#2954,#2955,#2956,#2957));
#2483=EDGE_LOOP('',(#2958,#2959,#2960,#2961));
#2484=EDGE_LOOP('',(#2962,#2963,#2964,#2965));
#2485=EDGE_LOOP('',(#2966,#2967,#2968,#2969));
#2486=EDGE_LOOP('',(#2970,#2971,#2972,#2973));
#2487=EDGE_LOOP('',(#2974,#2975,#2976,#2977));
#2488=EDGE_LOOP('',(#2978,#2979,#2980,#2981));
#2489=EDGE_LOOP('',(#2982,#2983,#2984,#2985));
#2490=EDGE_LOOP('',(#2986,#2987,#2988,#2989));
#2491=EDGE_LOOP('',(#2990,#2991,#2992,#2993));
#2492=EDGE_LOOP('',(#2994,#2995,#2996,#2997));
#2493=EDGE_LOOP('',(#2998,#2999,#3000,#3001));
#2494=EDGE_LOOP('',(#3002,#3003,#3004,#3005));
#2495=EDGE_LOOP('',(#3006,#3007,#3008,#3009));
#2496=EDGE_LOOP('',(#3010,#3011,#3012,#3013));
#2497=EDGE_LOOP('',(#3014,#3015,#3016,#3017));
#2498=EDGE_LOOP('',(#3018,#3019,#3020,#3021));
#2499=EDGE_LOOP('',(#3022,#3023,#3024,#3025));
#2500=EDGE_LOOP('',(#3026,#3027,#3028,#3029));
#2501=EDGE_LOOP('',(#3030,#3031,#3032,#3033));
#2502=EDGE_LOOP('',(#3034,#3035,#3036,#3037));
#2503=EDGE_LOOP('',(#3038,#3039,#3040,#3041));
#2504=EDGE_LOOP('',(#3042,#3043,#3044,#3045));
#2505=EDGE_LOOP('',(#3046,#3047,#3048,#3049));
#2506=EDGE_LOOP('',(#3050,#3051,#3052,#3053));
#2507=EDGE_LOOP('',(#3054,#3055,#3056,#3057));
#2508=EDGE_LOOP('',(#3058,#3059,#3060,#3061));
#2509=EDGE_LOOP('',(#3062,#3063,#3064,#3065));
#2510=EDGE_LOOP('',(#3066,#3067,#3068,#3069));
#2511=EDGE_LOOP('',(#3070,#3071,#3072,#3073));
#2512=EDGE_LOOP('',(#3074,#3075,#3076,#3077));
#2513=EDGE_LOOP('',(#3078,#3079,#3080,#3081));
#2514=EDGE_LOOP('',(#3082,#3083,#3084,#3085));
#2515=EDGE_LOOP('',(#3086,#3087,#3088,#3089));
#2516=EDGE_LOOP('',(#3090,#3091,#3092,#3093));
#2517=EDGE_LOOP('',(#3094,#3095,#3096,#3097));
#2518=EDGE_LOOP('',(#3098,#3099,#3100,#3101));
#2519=EDGE_LOOP('',(#3102,#3103,#3104,#3105));
#2520=EDGE_LOOP('',(#3106,#3107,#3108,#3109));
#2521=EDGE_LOOP('',(#3110,#3111,#3112,#3113));
#2522=EDGE_LOOP('',(#3114,#3115,#3116,#3117));
#2523=EDGE_LOOP('',(#3118,#3119,#3120,#3121));
#2524=EDGE_LOOP('',(#3122,#3123,#3124,#3125));
#2525=EDGE_LOOP('',(#3126,#3127,#3128,#3129));
#2526=EDGE_LOOP('',(#3130,#3131,#3132,#3133));
#2527=EDGE_LOOP('',(#3134,#3135,#3136,#3137));
#2528=EDGE_LOOP('',(#3138,#3139,#3140,#3141));
#2529=EDGE_LOOP('',(#3142,#3143,#3144,#3145));
#2530=EDGE_LOOP('',(#3146,#3147,#3148,#3149));
#2531=EDGE_LOOP('',(#3150,#3151,#3152,#3153));
#2532=EDGE_LOOP('',(#3154,#3155,#3156,#3157));
#2533=EDGE_LOOP('',(#3158,#3159,#3160,#3161));
#2534=EDGE_LOOP('',(#3162,#3163,#3164,#3165));
#2535=EDGE_LOOP('',(#3166,#3167,#3168,#3169));
#2536=EDGE_LOOP('',(#3170,#3171,#3172,#3173));
#2537=EDGE_LOOP('',(#3174,#3175,#3176,#3177));
#2538=EDGE_LOOP('',(#3178,#3179,#3180,#3181));
#2539=EDGE_LOOP('',(#3182,#3183,#3184,#3185));
#2540=EDGE_LOOP('',(#3186,#3187,#3188,#3189));
#2541=EDGE_LOOP('',(#3190,#3191,#3192,#3193));
#2542=EDGE_LOOP('',(#3194,#3195,#3196,#3197));
#2543=EDGE_LOOP('',(#3198,#3199,#3200,#3201));
#2544=EDGE_LOOP('',(#3202,#3203,#3204,#3205));
#2545=EDGE_LOOP('',(#3206,#3207,#3208,#3209));
#2546=EDGE_LOOP('',(#3210,#3211,#3212,#3213));
#2547=EDGE_LOOP('',(#3214,#3215,#3216,#3217));
#2548=EDGE_LOOP('',(#3218,#3219,#3220,#3221));
#2549=EDGE_LOOP('',(#3222,#3223,#3224,#3225));
#2550=EDGE_LOOP('',(#3226,#3227,#3228,#3229));
#2551=EDGE_LOOP('',(#3230,#3231,#3232,#3233));
#2552=EDGE_LOOP('',(#3234,#3235,#3236,#3237));
#2553=EDGE_LOOP('',(#3238,#3239,#3240,#3241));
#2554=EDGE_LOOP('',(#3242,#3243,#3244,#3245));
#2555=EDGE_LOOP('',(#3246,#3247,#3248,#3249));
#2556=EDGE_LOOP('',(#3250,#3251,#3252,#3253));
#2557=EDGE_LOOP('',(#3254,#3255,#3256,#3257));
#2558=EDGE_LOOP('',(#3258,#3259,#3260,#3261));
#2559=EDGE_LOOP('',(#3262,#3263,#3264,#3265));
#2560=EDGE_LOOP('',(#3266,#3267,#3268,#3269));
#2561=EDGE_LOOP('',(#3270,#3271,#3272,#3273));
#2562=EDGE_LOOP('',(#3274,#3275,#3276,#3277));
#2563=EDGE_LOOP('',(#3278,#3279,#3280,#3281));
#2564=EDGE_LOOP('',(#3282,#3283,#3284,#3285));
#2565=EDGE_LOOP('',(#3286,#3287,#3288,#3289));
#2566=EDGE_LOOP('',(#3290,#3291,#3292,#3293));
#2567=EDGE_LOOP('',(#3294,#3295,#3296,#3297));
#2568=EDGE_LOOP('',(#3298,#3299,#3300,#3301));
#2569=EDGE_LOOP('',(#3302,#3303,#3304,#3305));
#2570=EDGE_LOOP('',(#3306,#3307,#3308,#3309));
#2571=EDGE_LOOP('',(#3310,#3311,#3312,#3313));
#2572=EDGE_LOOP('',(#3314,#3315,#3316,#3317));
#2573=EDGE_LOOP('',(#3318,#3319,#3320,#3321));
#2574=EDGE_LOOP('',(#3322,#3323,#3324,#3325));
#2575=EDGE_LOOP('',(#3326,#3327,#3328,#3329));
#2576=EDGE_LOOP('',(#3330,#3331,#3332,#3333));
#2577=EDGE_LOOP('',(#3334,#3335,#3336,#3337));
#2578=EDGE_LOOP('',(#3338,#3339,#3340,#3341));
#2579=EDGE_LOOP('',(#3342,#3343,#3344,#3345));
#2580=EDGE_LOOP('',(#3346,#3347,#3348,#3349));
#2581=EDGE_LOOP('',(#3350,#3351,#3352,#3353));
#2582=EDGE_LOOP('',(#3354,#3355,#3356,#3357));
#2583=EDGE_LOOP('',(#3358,#3359,#3360,#3361));
#2584=EDGE_LOOP('',(#3362,#3363,#3364,#3365));
#2585=EDGE_LOOP('',(#3366,#3367,#3368,#3369));
#2586=EDGE_LOOP('',(#3370,#3371,#3372,#3373));
#2587=EDGE_LOOP('',(#3374,#3375,#3376,#3377));
#2588=EDGE_LOOP('',(#3378,#3379,#3380,#3381));
#2589=EDGE_LOOP('',(#3382,#3383,#3384,#3385));
#2590=EDGE_LOOP('',(#3386,#3387,#3388,#3389));
#2591=EDGE_LOOP('',(#3390,#3391,#3392,#3393));
#2592=EDGE_LOOP('',(#3394,#3395,#3396,#3397));
#2593=EDGE_LOOP('',(#3398,#3399,#3400,#3401));
#2594=EDGE_LOOP('',(#3402,#3403,#3404,#3405));
#2595=EDGE_LOOP('',(#3406,#3407,#3408,#3409));
#2596=EDGE_LOOP('',(#3410,#3411,#3412,#3413));
#2597=EDGE_LOOP('',(#3414,#3415,#3416,#3417));
#2598=EDGE_LOOP('',(#3418,#3419,#3420,#3421));
#2599=EDGE_LOOP('',(#3422,#3423,#3424,#3425));
#2600=EDGE_LOOP('',(#3426,#3427,#3428,#3429));
#2601=EDGE_LOOP('',(#3430,#3431,#3432,#3433));
#2602=EDGE_LOOP('',(#3434,#3435,#3436,#3437));
#2603=EDGE_LOOP('',(#3438,#3439,#3440,#3441));
#2604=EDGE_LOOP('',(#3442,#3443,#3444,#3445));
#2605=EDGE_LOOP('',(#3446,#3447,#3448,#3449));
#2606=EDGE_LOOP('',(#3450,#3451,#3452,#3453));
#2607=EDGE_LOOP('',(#3454,#3455,#3456,#3457));
#2608=EDGE_LOOP('',(#3458,#3459,#3460,#3461));
#2609=EDGE_LOOP('',(#3462,#3463,#3464,#3465));
#2610=EDGE_LOOP('',(#3466,#3467,#3468,#3469));
#2611=EDGE_LOOP('',(#3470,#3471,#3472,#3473));
#2612=EDGE_LOOP('',(#3474,#3475,#3476,#3477));
#2613=EDGE_LOOP('',(#3478,#3479,#3480,#3481));
#2614=EDGE_LOOP('',(#3482,#3483,#3484,#3485));
#2615=EDGE_LOOP('',(#3486,#3487,#3488,#3489));
#2616=EDGE_LOOP('',(#3490,#3491,#3492,#3493));
#2617=EDGE_LOOP('',(#3494,#3495,#3496,#3497));
#2618=EDGE_LOOP('',(#3498,#3499,#3500,#3501));
#2619=EDGE_LOOP('',(#3502,#3503,#3504,#3505));
#2620=EDGE_LOOP('',(#3506,#3507,#3508,#3509));
#2621=EDGE_LOOP('',(#3510,#3511,#3512,#3513));
#2622=EDGE_LOOP('',(#3514,#3515,#3516,#3517));
#2623=EDGE_LOOP('',(#3518,#3519,#3520,#3521));
#2624=EDGE_LOOP('',(#3522,#3523,#3524,#3525));
#2625=EDGE_LOOP('',(#3526,#3527,#3528,#3529));
#2626=EDGE_LOOP('',(#3530,#3531,#3532,#3533));
#2627=EDGE_LOOP('',(#3534,#3535,#3536,#3537));
#2628=EDGE_LOOP('',(#3538,#3539,#3540,#3541));
#2629=EDGE_LOOP('',(#3542,#3543,#3544,#3545));
#2630=EDGE_LOOP('',(#3546,#3547,#3548,#3549));
#2631=EDGE_LOOP('',(#3550,#3551,#3552,#3553));
#2632=EDGE_LOOP('',(#3554,#3555,#3556,#3557));
#2633=EDGE_LOOP('',(#3558,#3559,#3560,#3561));
#2634=EDGE_LOOP('',(#3562,#3563,#3564,#3565));
#2635=EDGE_LOOP('',(#3566,#3567,#3568,#3569));
#2636=EDGE_LOOP('',(#3570,#3571,#3572,#3573));
#2637=EDGE_LOOP('',(#3574,#3575,#3576,#3577));
#2638=EDGE_LOOP('',(#3578,#3579,#3580,#3581));
#2639=EDGE_LOOP('',(#3582,#3583,#3584,#3585));
#2640=EDGE_LOOP('',(#3586,#3587,#3588,#3589));
#2641=EDGE_LOOP('',(#3590,#3591,#3592,#3593));
#2642=EDGE_LOOP('',(#3594,#3595,#3596,#3597));
#2643=EDGE_LOOP('',(#3598,#3599,#3600,#3601));
#2644=EDGE_LOOP('',(#3602,#3603,#3604,#3605));
#2645=EDGE_LOOP('',(#3606,#3607,#3608,#3609));
#2646=EDGE_LOOP('',(#3610,#3611,#3612,#3613));
#2647=EDGE_LOOP('',(#3614,#3615,#3616,#3617));
#2648=EDGE_LOOP('',(#3618,#3619,#3620,#3621));
#2649=EDGE_LOOP('',(#3622,#3623,#3624,#3625));
#2650=EDGE_LOOP('',(#3626,#3627,#3628,#3629));
#2651=EDGE_LOOP('',(#3630,#3631,#3632,#3633));
#2652=EDGE_LOOP('',(#3634,#3635,#3636,#3637));
#2653=EDGE_LOOP('',(#3638,#3639,#3640,#3641));
#2654=EDGE_LOOP('',(#3642,#3643,#3644,#3645));
#2655=EDGE_LOOP('',(#3646,#3647,#3648,#3649));
#2656=EDGE_LOOP('',(#3650,#3651,#3652,#3653));
#2657=EDGE_LOOP('',(#3654,#3655,#3656,#3657));
#2658=EDGE_LOOP('',(#3658,#3659,#3660,#3661));
#2659=EDGE_LOOP('',(#3662,#3663,#3664,#3665));
#2660=EDGE_LOOP('',(#3666,#3667,#3668,#3669));
#2661=EDGE_LOOP('',(#3670,#3671,#3672,#3673));
#2662=EDGE_LOOP('',(#3674,#3675,#3676,#3677));
#2663=EDGE_LOOP('',(#3678,#3679,#3680,#3681));
#2664=EDGE_LOOP('',(#3682,#3683,#3684,#3685));
#2665=EDGE_LOOP('',(#3686,#3687,#3688,#3689));
#2666=EDGE_LOOP('',(#3690,#3691,#3692,#3693));
#2667=EDGE_LOOP('',(#3694,#3695,#3696,#3697));
#2668=EDGE_LOOP('',(#3698,#3699,#3700,#3701));
#2669=EDGE_LOOP('',(#3702,#3703,#3704,#3705));
#2670=EDGE_LOOP('',(#3706,#3707,#3708,#3709));
#2671=EDGE_LOOP('',(#3710,#3711,#3712,#3713));
#2672=EDGE_LOOP('',(#3714,#3715,#3716,#3717));
#2673=EDGE_LOOP('',(#3718,#3719,#3720,#3721));
#2674=EDGE_LOOP('',(#3722,#3723,#3724,#3725));
#2675=EDGE_LOOP('',(#3726,#3727,#3728,#3729));
#2676=EDGE_LOOP('',(#3730,#3731,#3732,#3733));
#2677=EDGE_LOOP('',(#3734,#3735,#3736,#3737));
#2678=EDGE_LOOP('',(#3738,#3739,#3740,#3741));
#2679=EDGE_LOOP('',(#3742,#3743,#3744,#3745));
#2680=EDGE_LOOP('',(#3746,#3747));
#2681=EDGE_LOOP('',(#3748,#3749));
#2682=EDGE_LOOP('',(#3750,#3751));
#2683=EDGE_LOOP('',(#3752,#3753));
#2684=EDGE_LOOP('',(#3754,#3755,#3756,#3757,#3758,#3759,#3760,#3761));
#2685=EDGE_LOOP('',(#3762,#3763,#3764,#3765));
#2686=EDGE_LOOP('',(#3766,#3767,#3768,#3769));
#2687=EDGE_LOOP('',(#3770,#3771,#3772,#3773));
#2688=EDGE_LOOP('',(#3774,#3775,#3776,#3777));
#2689=EDGE_LOOP('',(#3778,#3779,#3780,#3781));
#2690=EDGE_LOOP('',(#3782,#3783,#3784,#3785));
#2691=EDGE_LOOP('',(#3786,#3787,#3788,#3789));
#2692=EDGE_LOOP('',(#3790,#3791,#3792,#3793));
#2693=EDGE_LOOP('',(#3794,#3795,#3796,#3797));
#2694=EDGE_LOOP('',(#3798,#3799,#3800,#3801));
#2695=EDGE_LOOP('',(#3802,#3803,#3804,#3805));
#2696=EDGE_LOOP('',(#3806,#3807,#3808,#3809));
#2697=EDGE_LOOP('',(#3810,#3811,#3812,#3813));
#2698=EDGE_LOOP('',(#3814,#3815,#3816,#3817));
#2699=EDGE_LOOP('',(#3818,#3819,#3820,#3821));
#2700=EDGE_LOOP('',(#3822,#3823,#3824,#3825));
#2701=EDGE_LOOP('',(#3826,#3827,#3828,#3829));
#2702=EDGE_LOOP('',(#3830,#3831,#3832,#3833));
#2703=EDGE_LOOP('',(#3834,#3835,#3836,#3837));
#2704=EDGE_LOOP('',(#3838,#3839,#3840,#3841));
#2705=EDGE_LOOP('',(#3842,#3843,#3844,#3845));
#2706=EDGE_LOOP('',(#3846,#3847,#3848,#3849));
#2707=EDGE_LOOP('',(#3850,#3851,#3852,#3853));
#2708=EDGE_LOOP('',(#3854,#3855,#3856,#3857));
#2709=EDGE_LOOP('',(#3858,#3859,#3860,#3861));
#2710=EDGE_LOOP('',(#3862,#3863,#3864,#3865));
#2711=EDGE_LOOP('',(#3866,#3867,#3868,#3869));
#2712=EDGE_LOOP('',(#3870,#3871,#3872,#3873));
#2713=EDGE_LOOP('',(#3874,#3875,#3876,#3877));
#2714=EDGE_LOOP('',(#3878,#3879,#3880,#3881));
#2715=EDGE_LOOP('',(#3882,#3883,#3884,#3885));
#2716=EDGE_LOOP('',(#3886,#3887,#3888,#3889));
#2717=EDGE_LOOP('',(#3890,#3891,#3892,#3893));
#2718=EDGE_LOOP('',(#3894,#3895,#3896,#3897));
#2719=EDGE_LOOP('',(#3898,#3899,#3900,#3901));
#2720=EDGE_LOOP('',(#3902,#3903,#3904,#3905));
#2721=EDGE_LOOP('',(#3906,#3907,#3908,#3909));
#2722=EDGE_LOOP('',(#3910,#3911,#3912,#3913));
#2723=EDGE_LOOP('',(#3914,#3915,#3916,#3917));
#2724=EDGE_LOOP('',(#3918,#3919,#3920,#3921));
#2725=EDGE_LOOP('',(#3922,#3923,#3924,#3925));
#2726=EDGE_LOOP('',(#3926,#3927,#3928,#3929));
#2727=EDGE_LOOP('',(#3930,#3931,#3932,#3933));
#2728=EDGE_LOOP('',(#3934,#3935,#3936,#3937));
#2729=EDGE_LOOP('',(#3938,#3939,#3940,#3941));
#2730=EDGE_LOOP('',(#3942,#3943,#3944,#3945));
#2731=EDGE_LOOP('',(#3946,#3947,#3948,#3949));
#2732=EDGE_LOOP('',(#3950,#3951,#3952,#3953));
#2733=EDGE_LOOP('',(#3954,#3955,#3956,#3957));
#2734=EDGE_LOOP('',(#3958,#3959,#3960,#3961));
#2735=EDGE_LOOP('',(#3962,#3963,#3964,#3965));
#2736=EDGE_LOOP('',(#3966,#3967,#3968,#3969));
#2737=EDGE_LOOP('',(#3970,#3971,#3972,#3973));
#2738=EDGE_LOOP('',(#3974,#3975,#3976,#3977));
#2739=EDGE_LOOP('',(#3978,#3979,#3980,#3981));
#2740=EDGE_LOOP('',(#3982,#3983,#3984,#3985));
#2741=EDGE_LOOP('',(#3986,#3987,#3988,#3989));
#2742=EDGE_LOOP('',(#3990,#3991,#3992,#3993));
#2743=EDGE_LOOP('',(#3994,#3995,#3996,#3997));
#2744=EDGE_LOOP('',(#3998,#3999,#4000,#4001));
#2745=EDGE_LOOP('',(#4002,#4003,#4004,#4005));
#2746=EDGE_LOOP('',(#4006,#4007,#4008,#4009));
#2747=EDGE_LOOP('',(#4010,#4011,#4012,#4013));
#2748=EDGE_LOOP('',(#4014,#4015,#4016,#4017));
#2749=EDGE_LOOP('',(#4018,#4019,#4020,#4021));
#2750=EDGE_LOOP('',(#4022,#4023,#4024,#4025));
#2751=EDGE_LOOP('',(#4026,#4027,#4028,#4029));
#2752=EDGE_LOOP('',(#4030,#4031,#4032,#4033));
#2753=EDGE_LOOP('',(#4034,#4035,#4036,#4037));
#2754=EDGE_LOOP('',(#4038,#4039,#4040,#4041));
#2755=EDGE_LOOP('',(#4042,#4043,#4044,#4045));
#2756=EDGE_LOOP('',(#4046,#4047,#4048,#4049));
#2757=EDGE_LOOP('',(#4050,#4051,#4052,#4053));
#2758=EDGE_LOOP('',(#4054,#4055));
#2759=EDGE_LOOP('',(#4056,#4057));
#2760=EDGE_LOOP('',(#4058,#4059,#4060,#4061,#4062,#4063,#4064,#4065));
#2761=EDGE_LOOP('',(#4066,#4067));
#2762=EDGE_LOOP('',(#4068,#4069));
#2763=EDGE_LOOP('',(#4070,#4071,#4072,#4073));
#2764=EDGE_LOOP('',(#4074,#4075,#4076,#4077));
#2765=EDGE_LOOP('',(#4078,#4079,#4080,#4081));
#2766=EDGE_LOOP('',(#4082,#4083,#4084,#4085));
#2767=EDGE_LOOP('',(#4086,#4087,#4088,#4089));
#2768=EDGE_LOOP('',(#4090,#4091,#4092,#4093));
#2769=EDGE_LOOP('',(#4094,#4095,#4096,#4097));
#2770=EDGE_LOOP('',(#4098,#4099,#4100,#4101));
#2771=EDGE_LOOP('',(#4102,#4103,#4104,#4105));
#2772=EDGE_LOOP('',(#4106,#4107,#4108,#4109));
#2773=EDGE_LOOP('',(#4110,#4111,#4112,#4113));
#2774=EDGE_LOOP('',(#4114,#4115,#4116,#4117));
#2775=EDGE_LOOP('',(#4118,#4119,#4120,#4121));
#2776=EDGE_LOOP('',(#4122,#4123,#4124,#4125));
#2777=EDGE_LOOP('',(#4126,#4127,#4128,#4129,#4130,#4131,#4132));
#2778=EDGE_LOOP('',(#4133,#4134,#4135,#4136));
#2779=EDGE_LOOP('',(#4137,#4138,#4139,#4140));
#2780=EDGE_LOOP('',(#4141,#4142,#4143,#4144));
#2781=EDGE_LOOP('',(#4145,#4146,#4147,#4148));
#2782=EDGE_LOOP('',(#4149,#4150,#4151,#4152));
#2783=EDGE_LOOP('',(#4153,#4154,#4155,#4156));
#2784=EDGE_LOOP('',(#4157,#4158,#4159,#4160));
#2785=EDGE_LOOP('',(#4161,#4162,#4163,#4164));
#2786=EDGE_LOOP('',(#4165,#4166,#4167,#4168));
#2787=EDGE_LOOP('',(#4169,#4170,#4171,#4172));
#2788=EDGE_LOOP('',(#4173,#4174,#4175,#4176));
#2789=EDGE_LOOP('',(#4177,#4178,#4179,#4180,#4181,#4182,#4183,#4184));
#2790=EDGE_LOOP('',(#4185,#4186,#4187));
#2791=EDGE_LOOP('',(#4188,#4189,#4190,#4191));
#2792=EDGE_LOOP('',(#4192,#4193,#4194,#4195));
#2793=EDGE_LOOP('',(#4196,#4197,#4198,#4199));
#2794=EDGE_LOOP('',(#4200,#4201,#4202,#4203));
#2795=EDGE_LOOP('',(#4204,#4205,#4206,#4207));
#2796=EDGE_LOOP('',(#4208,#4209,#4210,#4211));
#2797=EDGE_LOOP('',(#4212,#4213,#4214,#4215));
#2798=EDGE_LOOP('',(#4216,#4217,#4218,#4219));
#2799=EDGE_LOOP('',(#4220,#4221,#4222,#4223,#4224,#4225));
#2800=EDGE_LOOP('',(#4226,#4227));
#2801=EDGE_LOOP('',(#4228,#4229,#4230,#4231));
#2802=EDGE_LOOP('',(#4232,#4233,#4234,#4235));
#2803=EDGE_LOOP('',(#4236,#4237,#4238,#4239));
#2804=EDGE_LOOP('',(#4240,#4241,#4242,#4243));
#2805=EDGE_LOOP('',(#4244,#4245,#4246,#4247));
#2806=EDGE_LOOP('',(#4248,#4249,#4250,#4251));
#2807=EDGE_LOOP('',(#4252,#4253,#4254,#4255));
#2808=EDGE_LOOP('',(#4256,#4257,#4258,#4259));
#2809=EDGE_LOOP('',(#4260,#4261,#4262,#4263));
#2810=EDGE_LOOP('',(#4264,#4265,#4266,#4267));
#2811=EDGE_LOOP('',(#4268,#4269,#4270,#4271));
#2812=EDGE_LOOP('',(#4272,#4273,#4274,#4275,#4276,#4277,#4278,#4279));
#2813=EDGE_LOOP('',(#4280,#4281,#4282));
#2814=EDGE_LOOP('',(#4283,#4284,#4285,#4286));
#2815=EDGE_LOOP('',(#4287,#4288,#4289,#4290));
#2816=EDGE_LOOP('',(#4291,#4292,#4293,#4294));
#2817=EDGE_LOOP('',(#4295,#4296,#4297,#4298));
#2818=EDGE_LOOP('',(#4299,#4300,#4301,#4302));
#2819=EDGE_LOOP('',(#4303,#4304,#4305,#4306));
#2820=EDGE_LOOP('',(#4307,#4308,#4309,#4310));
#2821=EDGE_LOOP('',(#4311,#4312,#4313,#4314,#4315,#4316,#4317));
#2822=EDGE_LOOP('',(#4318,#4319,#4320,#4321));
#2823=EDGE_LOOP('',(#4322,#4323,#4324,#4325));
#2824=EDGE_LOOP('',(#4326,#4327,#4328,#4329));
#2825=EDGE_LOOP('',(#4330,#4331,#4332,#4333));
#2826=EDGE_LOOP('',(#4334,#4335,#4336,#4337));
#2827=EDGE_LOOP('',(#4338,#4339,#4340,#4341));
#2828=EDGE_LOOP('',(#4342,#4343,#4344,#4345));
#2829=EDGE_LOOP('',(#4346,#4347,#4348,#4349));
#2830=EDGE_LOOP('',(#4350,#4351,#4352,#4353));
#2831=EDGE_LOOP('',(#4354,#4355,#4356,#4357));
#2832=EDGE_LOOP('',(#4358,#4359,#4360,#4361));
#2833=EDGE_LOOP('',(#4362,#4363,#4364,#4365));
#2834=EDGE_LOOP('',(#4366,#4367,#4368,#4369));
#2835=EDGE_LOOP('',(#4370,#4371,#4372,#4373,#4374,#4375,#4376,#4377));
#2836=EDGE_LOOP('',(#4378,#4379,#4380,#4381));
#2837=EDGE_LOOP('',(#4382,#4383,#4384,#4385));
#2838=EDGE_LOOP('',(#4386,#4387,#4388,#4389));
#2839=EDGE_LOOP('',(#4390,#4391,#4392,#4393));
#2840=EDGE_LOOP('',(#4394,#4395,#4396,#4397));
#2841=EDGE_LOOP('',(#4398,#4399,#4400,#4401));
#2842=EDGE_LOOP('',(#4402,#4403,#4404,#4405));
#2843=EDGE_LOOP('',(#4406,#4407,#4408,#4409));
#2844=EDGE_LOOP('',(#4410,#4411,#4412,#4413));
#2845=EDGE_LOOP('',(#4414,#4415,#4416,#4417));
#2846=EDGE_LOOP('',(#4418,#4419,#4420,#4421));
#2847=EDGE_LOOP('',(#4422,#4423,#4424,#4425));
#2848=EDGE_LOOP('',(#4426,#4427,#4428,#4429));
#2849=EDGE_LOOP('',(#4430,#4431,#4432,#4433));
#2850=EDGE_LOOP('',(#4434,#4435,#4436,#4437));
#2851=EDGE_LOOP('',(#4438,#4439,#4440,#4441));
#2852=EDGE_LOOP('',(#4442));
#2853=EDGE_LOOP('',(#4443));
#2854=EDGE_LOOP('',(#4444,#4445,#4446,#4447,#4448,#4449));
#2855=EDGE_LOOP('',(#4450));
#2856=EDGE_LOOP('',(#4451));
#2857=EDGE_LOOP('',(#4452,#4453,#4454));
#2858=EDGE_LOOP('',(#4455,#4456));
#2859=EDGE_LOOP('',(#4457,#4458,#4459));
#2860=ORIENTED_EDGE('',*,*,#4994,.F.);
#2861=ORIENTED_EDGE('',*,*,#4995,.F.);
#2862=ORIENTED_EDGE('',*,*,#4996,.F.);
#2863=ORIENTED_EDGE('',*,*,#4997,.F.);
#2864=ORIENTED_EDGE('',*,*,#4998,.F.);
#2865=ORIENTED_EDGE('',*,*,#4999,.F.);
#2866=ORIENTED_EDGE('',*,*,#5000,.F.);
#2867=ORIENTED_EDGE('',*,*,#5001,.F.);
#2868=ORIENTED_EDGE('',*,*,#5002,.F.);
#2869=ORIENTED_EDGE('',*,*,#5003,.F.);
#2870=ORIENTED_EDGE('',*,*,#5004,.F.);
#2871=ORIENTED_EDGE('',*,*,#5005,.F.);
#2872=ORIENTED_EDGE('',*,*,#5006,.F.);
#2873=ORIENTED_EDGE('',*,*,#5007,.F.);
#2874=ORIENTED_EDGE('',*,*,#5008,.F.);
#2875=ORIENTED_EDGE('',*,*,#5009,.F.);
#2876=ORIENTED_EDGE('',*,*,#5010,.F.);
#2877=ORIENTED_EDGE('',*,*,#5011,.F.);
#2878=ORIENTED_EDGE('',*,*,#5012,.F.);
#2879=ORIENTED_EDGE('',*,*,#5013,.F.);
#2880=ORIENTED_EDGE('',*,*,#5014,.F.);
#2881=ORIENTED_EDGE('',*,*,#5015,.F.);
#2882=ORIENTED_EDGE('',*,*,#5016,.F.);
#2883=ORIENTED_EDGE('',*,*,#5017,.F.);
#2884=ORIENTED_EDGE('',*,*,#5018,.F.);
#2885=ORIENTED_EDGE('',*,*,#5019,.F.);
#2886=ORIENTED_EDGE('',*,*,#5020,.F.);
#2887=ORIENTED_EDGE('',*,*,#5021,.F.);
#2888=ORIENTED_EDGE('',*,*,#5022,.F.);
#2889=ORIENTED_EDGE('',*,*,#5023,.F.);
#2890=ORIENTED_EDGE('',*,*,#5024,.F.);
#2891=ORIENTED_EDGE('',*,*,#5025,.F.);
#2892=ORIENTED_EDGE('',*,*,#5026,.F.);
#2893=ORIENTED_EDGE('',*,*,#5027,.F.);
#2894=ORIENTED_EDGE('',*,*,#5028,.F.);
#2895=ORIENTED_EDGE('',*,*,#5029,.F.);
#2896=ORIENTED_EDGE('',*,*,#5030,.F.);
#2897=ORIENTED_EDGE('',*,*,#5031,.F.);
#2898=ORIENTED_EDGE('',*,*,#5032,.F.);
#2899=ORIENTED_EDGE('',*,*,#5033,.F.);
#2900=ORIENTED_EDGE('',*,*,#5034,.F.);
#2901=ORIENTED_EDGE('',*,*,#5035,.F.);
#2902=ORIENTED_EDGE('',*,*,#5036,.F.);
#2903=ORIENTED_EDGE('',*,*,#5037,.F.);
#2904=ORIENTED_EDGE('',*,*,#5038,.F.);
#2905=ORIENTED_EDGE('',*,*,#5039,.F.);
#2906=ORIENTED_EDGE('',*,*,#5040,.F.);
#2907=ORIENTED_EDGE('',*,*,#5041,.F.);
#2908=ORIENTED_EDGE('',*,*,#5042,.F.);
#2909=ORIENTED_EDGE('',*,*,#5043,.F.);
#2910=ORIENTED_EDGE('',*,*,#5044,.F.);
#2911=ORIENTED_EDGE('',*,*,#5045,.F.);
#2912=ORIENTED_EDGE('',*,*,#5046,.F.);
#2913=ORIENTED_EDGE('',*,*,#5047,.F.);
#2914=ORIENTED_EDGE('',*,*,#5048,.F.);
#2915=ORIENTED_EDGE('',*,*,#5049,.F.);
#2916=ORIENTED_EDGE('',*,*,#5050,.F.);
#2917=ORIENTED_EDGE('',*,*,#5051,.F.);
#2918=ORIENTED_EDGE('',*,*,#5052,.F.);
#2919=ORIENTED_EDGE('',*,*,#5053,.F.);
#2920=ORIENTED_EDGE('',*,*,#5054,.F.);
#2921=ORIENTED_EDGE('',*,*,#5055,.F.);
#2922=ORIENTED_EDGE('',*,*,#5056,.T.);
#2923=ORIENTED_EDGE('',*,*,#5057,.T.);
#2924=ORIENTED_EDGE('',*,*,#5058,.T.);
#2925=ORIENTED_EDGE('',*,*,#5059,.T.);
#2926=ORIENTED_EDGE('',*,*,#5060,.T.);
#2927=ORIENTED_EDGE('',*,*,#5061,.T.);
#2928=ORIENTED_EDGE('',*,*,#5062,.T.);
#2929=ORIENTED_EDGE('',*,*,#5063,.T.);
#2930=ORIENTED_EDGE('',*,*,#5064,.T.);
#2931=ORIENTED_EDGE('',*,*,#5065,.F.);
#2932=ORIENTED_EDGE('',*,*,#5063,.F.);
#2933=ORIENTED_EDGE('',*,*,#5066,.T.);
#2934=ORIENTED_EDGE('',*,*,#5067,.T.);
#2935=ORIENTED_EDGE('',*,*,#5066,.F.);
#2936=ORIENTED_EDGE('',*,*,#5062,.F.);
#2937=ORIENTED_EDGE('',*,*,#5068,.T.);
#2938=ORIENTED_EDGE('',*,*,#5069,.T.);
#2939=ORIENTED_EDGE('',*,*,#5068,.F.);
#2940=ORIENTED_EDGE('',*,*,#5061,.F.);
#2941=ORIENTED_EDGE('',*,*,#5070,.T.);
#2942=ORIENTED_EDGE('',*,*,#5071,.T.);
#2943=ORIENTED_EDGE('',*,*,#5070,.F.);
#2944=ORIENTED_EDGE('',*,*,#5060,.F.);
#2945=ORIENTED_EDGE('',*,*,#5065,.T.);
#2946=ORIENTED_EDGE('',*,*,#5072,.T.);
#2947=ORIENTED_EDGE('',*,*,#5073,.T.);
#2948=ORIENTED_EDGE('',*,*,#5074,.T.);
#2949=ORIENTED_EDGE('',*,*,#5075,.T.);
#2950=ORIENTED_EDGE('',*,*,#5076,.T.);
#2951=ORIENTED_EDGE('',*,*,#5077,.F.);
#2952=ORIENTED_EDGE('',*,*,#5075,.F.);
#2953=ORIENTED_EDGE('',*,*,#5078,.T.);
#2954=ORIENTED_EDGE('',*,*,#5079,.T.);
#2955=ORIENTED_EDGE('',*,*,#5078,.F.);
#2956=ORIENTED_EDGE('',*,*,#5074,.F.);
#2957=ORIENTED_EDGE('',*,*,#5080,.T.);
#2958=ORIENTED_EDGE('',*,*,#5081,.T.);
#2959=ORIENTED_EDGE('',*,*,#5080,.F.);
#2960=ORIENTED_EDGE('',*,*,#5073,.F.);
#2961=ORIENTED_EDGE('',*,*,#5082,.T.);
#2962=ORIENTED_EDGE('',*,*,#5083,.T.);
#2963=ORIENTED_EDGE('',*,*,#5082,.F.);
#2964=ORIENTED_EDGE('',*,*,#5072,.F.);
#2965=ORIENTED_EDGE('',*,*,#5077,.T.);
#2966=ORIENTED_EDGE('',*,*,#5084,.T.);
#2967=ORIENTED_EDGE('',*,*,#5085,.T.);
#2968=ORIENTED_EDGE('',*,*,#5086,.T.);
#2969=ORIENTED_EDGE('',*,*,#5087,.T.);
#2970=ORIENTED_EDGE('',*,*,#5088,.T.);
#2971=ORIENTED_EDGE('',*,*,#5089,.F.);
#2972=ORIENTED_EDGE('',*,*,#5087,.F.);
#2973=ORIENTED_EDGE('',*,*,#5090,.T.);
#2974=ORIENTED_EDGE('',*,*,#5091,.T.);
#2975=ORIENTED_EDGE('',*,*,#5090,.F.);
#2976=ORIENTED_EDGE('',*,*,#5086,.F.);
#2977=ORIENTED_EDGE('',*,*,#5092,.T.);
#2978=ORIENTED_EDGE('',*,*,#5093,.T.);
#2979=ORIENTED_EDGE('',*,*,#5092,.F.);
#2980=ORIENTED_EDGE('',*,*,#5085,.F.);
#2981=ORIENTED_EDGE('',*,*,#5094,.T.);
#2982=ORIENTED_EDGE('',*,*,#5095,.T.);
#2983=ORIENTED_EDGE('',*,*,#5094,.F.);
#2984=ORIENTED_EDGE('',*,*,#5084,.F.);
#2985=ORIENTED_EDGE('',*,*,#5089,.T.);
#2986=ORIENTED_EDGE('',*,*,#5096,.T.);
#2987=ORIENTED_EDGE('',*,*,#5097,.T.);
#2988=ORIENTED_EDGE('',*,*,#5098,.T.);
#2989=ORIENTED_EDGE('',*,*,#5099,.T.);
#2990=ORIENTED_EDGE('',*,*,#5100,.T.);
#2991=ORIENTED_EDGE('',*,*,#5101,.F.);
#2992=ORIENTED_EDGE('',*,*,#5099,.F.);
#2993=ORIENTED_EDGE('',*,*,#5102,.T.);
#2994=ORIENTED_EDGE('',*,*,#5103,.T.);
#2995=ORIENTED_EDGE('',*,*,#5102,.F.);
#2996=ORIENTED_EDGE('',*,*,#5098,.F.);
#2997=ORIENTED_EDGE('',*,*,#5104,.T.);
#2998=ORIENTED_EDGE('',*,*,#5105,.T.);
#2999=ORIENTED_EDGE('',*,*,#5104,.F.);
#3000=ORIENTED_EDGE('',*,*,#5097,.F.);
#3001=ORIENTED_EDGE('',*,*,#5106,.T.);
#3002=ORIENTED_EDGE('',*,*,#5107,.T.);
#3003=ORIENTED_EDGE('',*,*,#5106,.F.);
#3004=ORIENTED_EDGE('',*,*,#5096,.F.);
#3005=ORIENTED_EDGE('',*,*,#5101,.T.);
#3006=ORIENTED_EDGE('',*,*,#5108,.T.);
#3007=ORIENTED_EDGE('',*,*,#5109,.T.);
#3008=ORIENTED_EDGE('',*,*,#5110,.T.);
#3009=ORIENTED_EDGE('',*,*,#5111,.T.);
#3010=ORIENTED_EDGE('',*,*,#5112,.T.);
#3011=ORIENTED_EDGE('',*,*,#5113,.F.);
#3012=ORIENTED_EDGE('',*,*,#5111,.F.);
#3013=ORIENTED_EDGE('',*,*,#5114,.T.);
#3014=ORIENTED_EDGE('',*,*,#5115,.T.);
#3015=ORIENTED_EDGE('',*,*,#5114,.F.);
#3016=ORIENTED_EDGE('',*,*,#5110,.F.);
#3017=ORIENTED_EDGE('',*,*,#5116,.T.);
#3018=ORIENTED_EDGE('',*,*,#5117,.T.);
#3019=ORIENTED_EDGE('',*,*,#5116,.F.);
#3020=ORIENTED_EDGE('',*,*,#5109,.F.);
#3021=ORIENTED_EDGE('',*,*,#5118,.T.);
#3022=ORIENTED_EDGE('',*,*,#5119,.T.);
#3023=ORIENTED_EDGE('',*,*,#5118,.F.);
#3024=ORIENTED_EDGE('',*,*,#5108,.F.);
#3025=ORIENTED_EDGE('',*,*,#5113,.T.);
#3026=ORIENTED_EDGE('',*,*,#5120,.T.);
#3027=ORIENTED_EDGE('',*,*,#5121,.T.);
#3028=ORIENTED_EDGE('',*,*,#5122,.T.);
#3029=ORIENTED_EDGE('',*,*,#5123,.T.);
#3030=ORIENTED_EDGE('',*,*,#5124,.T.);
#3031=ORIENTED_EDGE('',*,*,#5125,.F.);
#3032=ORIENTED_EDGE('',*,*,#5123,.F.);
#3033=ORIENTED_EDGE('',*,*,#5126,.T.);
#3034=ORIENTED_EDGE('',*,*,#5127,.T.);
#3035=ORIENTED_EDGE('',*,*,#5126,.F.);
#3036=ORIENTED_EDGE('',*,*,#5122,.F.);
#3037=ORIENTED_EDGE('',*,*,#5128,.T.);
#3038=ORIENTED_EDGE('',*,*,#5129,.T.);
#3039=ORIENTED_EDGE('',*,*,#5128,.F.);
#3040=ORIENTED_EDGE('',*,*,#5121,.F.);
#3041=ORIENTED_EDGE('',*,*,#5130,.T.);
#3042=ORIENTED_EDGE('',*,*,#5131,.T.);
#3043=ORIENTED_EDGE('',*,*,#5130,.F.);
#3044=ORIENTED_EDGE('',*,*,#5120,.F.);
#3045=ORIENTED_EDGE('',*,*,#5125,.T.);
#3046=ORIENTED_EDGE('',*,*,#5132,.T.);
#3047=ORIENTED_EDGE('',*,*,#5133,.T.);
#3048=ORIENTED_EDGE('',*,*,#5134,.T.);
#3049=ORIENTED_EDGE('',*,*,#5135,.T.);
#3050=ORIENTED_EDGE('',*,*,#5136,.T.);
#3051=ORIENTED_EDGE('',*,*,#5137,.F.);
#3052=ORIENTED_EDGE('',*,*,#5135,.F.);
#3053=ORIENTED_EDGE('',*,*,#5138,.T.);
#3054=ORIENTED_EDGE('',*,*,#5139,.T.);
#3055=ORIENTED_EDGE('',*,*,#5138,.F.);
#3056=ORIENTED_EDGE('',*,*,#5134,.F.);
#3057=ORIENTED_EDGE('',*,*,#5140,.T.);
#3058=ORIENTED_EDGE('',*,*,#5141,.T.);
#3059=ORIENTED_EDGE('',*,*,#5140,.F.);
#3060=ORIENTED_EDGE('',*,*,#5133,.F.);
#3061=ORIENTED_EDGE('',*,*,#5142,.T.);
#3062=ORIENTED_EDGE('',*,*,#5143,.T.);
#3063=ORIENTED_EDGE('',*,*,#5142,.F.);
#3064=ORIENTED_EDGE('',*,*,#5132,.F.);
#3065=ORIENTED_EDGE('',*,*,#5137,.T.);
#3066=ORIENTED_EDGE('',*,*,#5144,.T.);
#3067=ORIENTED_EDGE('',*,*,#5145,.T.);
#3068=ORIENTED_EDGE('',*,*,#5146,.T.);
#3069=ORIENTED_EDGE('',*,*,#5147,.T.);
#3070=ORIENTED_EDGE('',*,*,#5148,.T.);
#3071=ORIENTED_EDGE('',*,*,#5149,.F.);
#3072=ORIENTED_EDGE('',*,*,#5147,.F.);
#3073=ORIENTED_EDGE('',*,*,#5150,.T.);
#3074=ORIENTED_EDGE('',*,*,#5151,.T.);
#3075=ORIENTED_EDGE('',*,*,#5150,.F.);
#3076=ORIENTED_EDGE('',*,*,#5146,.F.);
#3077=ORIENTED_EDGE('',*,*,#5152,.T.);
#3078=ORIENTED_EDGE('',*,*,#5153,.T.);
#3079=ORIENTED_EDGE('',*,*,#5152,.F.);
#3080=ORIENTED_EDGE('',*,*,#5145,.F.);
#3081=ORIENTED_EDGE('',*,*,#5154,.T.);
#3082=ORIENTED_EDGE('',*,*,#5155,.T.);
#3083=ORIENTED_EDGE('',*,*,#5154,.F.);
#3084=ORIENTED_EDGE('',*,*,#5144,.F.);
#3085=ORIENTED_EDGE('',*,*,#5149,.T.);
#3086=ORIENTED_EDGE('',*,*,#5156,.T.);
#3087=ORIENTED_EDGE('',*,*,#5157,.T.);
#3088=ORIENTED_EDGE('',*,*,#5158,.T.);
#3089=ORIENTED_EDGE('',*,*,#5159,.T.);
#3090=ORIENTED_EDGE('',*,*,#5160,.T.);
#3091=ORIENTED_EDGE('',*,*,#5161,.F.);
#3092=ORIENTED_EDGE('',*,*,#5159,.F.);
#3093=ORIENTED_EDGE('',*,*,#5162,.T.);
#3094=ORIENTED_EDGE('',*,*,#5163,.T.);
#3095=ORIENTED_EDGE('',*,*,#5162,.F.);
#3096=ORIENTED_EDGE('',*,*,#5158,.F.);
#3097=ORIENTED_EDGE('',*,*,#5164,.T.);
#3098=ORIENTED_EDGE('',*,*,#5165,.T.);
#3099=ORIENTED_EDGE('',*,*,#5164,.F.);
#3100=ORIENTED_EDGE('',*,*,#5157,.F.);
#3101=ORIENTED_EDGE('',*,*,#5166,.T.);
#3102=ORIENTED_EDGE('',*,*,#5167,.T.);
#3103=ORIENTED_EDGE('',*,*,#5166,.F.);
#3104=ORIENTED_EDGE('',*,*,#5156,.F.);
#3105=ORIENTED_EDGE('',*,*,#5161,.T.);
#3106=ORIENTED_EDGE('',*,*,#5168,.T.);
#3107=ORIENTED_EDGE('',*,*,#5169,.T.);
#3108=ORIENTED_EDGE('',*,*,#5170,.T.);
#3109=ORIENTED_EDGE('',*,*,#5171,.T.);
#3110=ORIENTED_EDGE('',*,*,#5172,.T.);
#3111=ORIENTED_EDGE('',*,*,#5173,.F.);
#3112=ORIENTED_EDGE('',*,*,#5171,.F.);
#3113=ORIENTED_EDGE('',*,*,#5174,.T.);
#3114=ORIENTED_EDGE('',*,*,#5175,.T.);
#3115=ORIENTED_EDGE('',*,*,#5174,.F.);
#3116=ORIENTED_EDGE('',*,*,#5170,.F.);
#3117=ORIENTED_EDGE('',*,*,#5176,.T.);
#3118=ORIENTED_EDGE('',*,*,#5177,.T.);
#3119=ORIENTED_EDGE('',*,*,#5176,.F.);
#3120=ORIENTED_EDGE('',*,*,#5169,.F.);
#3121=ORIENTED_EDGE('',*,*,#5178,.T.);
#3122=ORIENTED_EDGE('',*,*,#5179,.T.);
#3123=ORIENTED_EDGE('',*,*,#5178,.F.);
#3124=ORIENTED_EDGE('',*,*,#5168,.F.);
#3125=ORIENTED_EDGE('',*,*,#5173,.T.);
#3126=ORIENTED_EDGE('',*,*,#5180,.T.);
#3127=ORIENTED_EDGE('',*,*,#5181,.T.);
#3128=ORIENTED_EDGE('',*,*,#5182,.T.);
#3129=ORIENTED_EDGE('',*,*,#5183,.T.);
#3130=ORIENTED_EDGE('',*,*,#5184,.T.);
#3131=ORIENTED_EDGE('',*,*,#5185,.F.);
#3132=ORIENTED_EDGE('',*,*,#5183,.F.);
#3133=ORIENTED_EDGE('',*,*,#5186,.T.);
#3134=ORIENTED_EDGE('',*,*,#5187,.T.);
#3135=ORIENTED_EDGE('',*,*,#5186,.F.);
#3136=ORIENTED_EDGE('',*,*,#5182,.F.);
#3137=ORIENTED_EDGE('',*,*,#5188,.T.);
#3138=ORIENTED_EDGE('',*,*,#5189,.T.);
#3139=ORIENTED_EDGE('',*,*,#5188,.F.);
#3140=ORIENTED_EDGE('',*,*,#5181,.F.);
#3141=ORIENTED_EDGE('',*,*,#5190,.T.);
#3142=ORIENTED_EDGE('',*,*,#5191,.T.);
#3143=ORIENTED_EDGE('',*,*,#5190,.F.);
#3144=ORIENTED_EDGE('',*,*,#5180,.F.);
#3145=ORIENTED_EDGE('',*,*,#5185,.T.);
#3146=ORIENTED_EDGE('',*,*,#5192,.T.);
#3147=ORIENTED_EDGE('',*,*,#5193,.T.);
#3148=ORIENTED_EDGE('',*,*,#5194,.T.);
#3149=ORIENTED_EDGE('',*,*,#5195,.T.);
#3150=ORIENTED_EDGE('',*,*,#5196,.T.);
#3151=ORIENTED_EDGE('',*,*,#5197,.F.);
#3152=ORIENTED_EDGE('',*,*,#5195,.F.);
#3153=ORIENTED_EDGE('',*,*,#5198,.T.);
#3154=ORIENTED_EDGE('',*,*,#5199,.T.);
#3155=ORIENTED_EDGE('',*,*,#5198,.F.);
#3156=ORIENTED_EDGE('',*,*,#5194,.F.);
#3157=ORIENTED_EDGE('',*,*,#5200,.T.);
#3158=ORIENTED_EDGE('',*,*,#5201,.T.);
#3159=ORIENTED_EDGE('',*,*,#5200,.F.);
#3160=ORIENTED_EDGE('',*,*,#5193,.F.);
#3161=ORIENTED_EDGE('',*,*,#5202,.T.);
#3162=ORIENTED_EDGE('',*,*,#5203,.T.);
#3163=ORIENTED_EDGE('',*,*,#5202,.F.);
#3164=ORIENTED_EDGE('',*,*,#5192,.F.);
#3165=ORIENTED_EDGE('',*,*,#5197,.T.);
#3166=ORIENTED_EDGE('',*,*,#5204,.T.);
#3167=ORIENTED_EDGE('',*,*,#5205,.T.);
#3168=ORIENTED_EDGE('',*,*,#5206,.T.);
#3169=ORIENTED_EDGE('',*,*,#5207,.T.);
#3170=ORIENTED_EDGE('',*,*,#5208,.T.);
#3171=ORIENTED_EDGE('',*,*,#5209,.F.);
#3172=ORIENTED_EDGE('',*,*,#5207,.F.);
#3173=ORIENTED_EDGE('',*,*,#5210,.T.);
#3174=ORIENTED_EDGE('',*,*,#5211,.T.);
#3175=ORIENTED_EDGE('',*,*,#5210,.F.);
#3176=ORIENTED_EDGE('',*,*,#5206,.F.);
#3177=ORIENTED_EDGE('',*,*,#5212,.T.);
#3178=ORIENTED_EDGE('',*,*,#5213,.T.);
#3179=ORIENTED_EDGE('',*,*,#5212,.F.);
#3180=ORIENTED_EDGE('',*,*,#5205,.F.);
#3181=ORIENTED_EDGE('',*,*,#5214,.T.);
#3182=ORIENTED_EDGE('',*,*,#5215,.T.);
#3183=ORIENTED_EDGE('',*,*,#5214,.F.);
#3184=ORIENTED_EDGE('',*,*,#5204,.F.);
#3185=ORIENTED_EDGE('',*,*,#5209,.T.);
#3186=ORIENTED_EDGE('',*,*,#5216,.T.);
#3187=ORIENTED_EDGE('',*,*,#5217,.T.);
#3188=ORIENTED_EDGE('',*,*,#5218,.T.);
#3189=ORIENTED_EDGE('',*,*,#5219,.T.);
#3190=ORIENTED_EDGE('',*,*,#5220,.T.);
#3191=ORIENTED_EDGE('',*,*,#5221,.F.);
#3192=ORIENTED_EDGE('',*,*,#5219,.F.);
#3193=ORIENTED_EDGE('',*,*,#5222,.T.);
#3194=ORIENTED_EDGE('',*,*,#5223,.T.);
#3195=ORIENTED_EDGE('',*,*,#5222,.F.);
#3196=ORIENTED_EDGE('',*,*,#5218,.F.);
#3197=ORIENTED_EDGE('',*,*,#5224,.T.);
#3198=ORIENTED_EDGE('',*,*,#5225,.T.);
#3199=ORIENTED_EDGE('',*,*,#5224,.F.);
#3200=ORIENTED_EDGE('',*,*,#5217,.F.);
#3201=ORIENTED_EDGE('',*,*,#5226,.T.);
#3202=ORIENTED_EDGE('',*,*,#5227,.T.);
#3203=ORIENTED_EDGE('',*,*,#5226,.F.);
#3204=ORIENTED_EDGE('',*,*,#5216,.F.);
#3205=ORIENTED_EDGE('',*,*,#5221,.T.);
#3206=ORIENTED_EDGE('',*,*,#5228,.T.);
#3207=ORIENTED_EDGE('',*,*,#5229,.T.);
#3208=ORIENTED_EDGE('',*,*,#5230,.T.);
#3209=ORIENTED_EDGE('',*,*,#5231,.T.);
#3210=ORIENTED_EDGE('',*,*,#5232,.T.);
#3211=ORIENTED_EDGE('',*,*,#5233,.F.);
#3212=ORIENTED_EDGE('',*,*,#5231,.F.);
#3213=ORIENTED_EDGE('',*,*,#5234,.T.);
#3214=ORIENTED_EDGE('',*,*,#5235,.T.);
#3215=ORIENTED_EDGE('',*,*,#5234,.F.);
#3216=ORIENTED_EDGE('',*,*,#5230,.F.);
#3217=ORIENTED_EDGE('',*,*,#5236,.T.);
#3218=ORIENTED_EDGE('',*,*,#5237,.T.);
#3219=ORIENTED_EDGE('',*,*,#5236,.F.);
#3220=ORIENTED_EDGE('',*,*,#5229,.F.);
#3221=ORIENTED_EDGE('',*,*,#5238,.T.);
#3222=ORIENTED_EDGE('',*,*,#5239,.T.);
#3223=ORIENTED_EDGE('',*,*,#5238,.F.);
#3224=ORIENTED_EDGE('',*,*,#5228,.F.);
#3225=ORIENTED_EDGE('',*,*,#5233,.T.);
#3226=ORIENTED_EDGE('',*,*,#5240,.T.);
#3227=ORIENTED_EDGE('',*,*,#5241,.T.);
#3228=ORIENTED_EDGE('',*,*,#5242,.T.);
#3229=ORIENTED_EDGE('',*,*,#5243,.T.);
#3230=ORIENTED_EDGE('',*,*,#5244,.T.);
#3231=ORIENTED_EDGE('',*,*,#5245,.F.);
#3232=ORIENTED_EDGE('',*,*,#5243,.F.);
#3233=ORIENTED_EDGE('',*,*,#5246,.T.);
#3234=ORIENTED_EDGE('',*,*,#5247,.T.);
#3235=ORIENTED_EDGE('',*,*,#5246,.F.);
#3236=ORIENTED_EDGE('',*,*,#5242,.F.);
#3237=ORIENTED_EDGE('',*,*,#5248,.T.);
#3238=ORIENTED_EDGE('',*,*,#5249,.T.);
#3239=ORIENTED_EDGE('',*,*,#5248,.F.);
#3240=ORIENTED_EDGE('',*,*,#5241,.F.);
#3241=ORIENTED_EDGE('',*,*,#5250,.T.);
#3242=ORIENTED_EDGE('',*,*,#5251,.T.);
#3243=ORIENTED_EDGE('',*,*,#5250,.F.);
#3244=ORIENTED_EDGE('',*,*,#5240,.F.);
#3245=ORIENTED_EDGE('',*,*,#5245,.T.);
#3246=ORIENTED_EDGE('',*,*,#5252,.T.);
#3247=ORIENTED_EDGE('',*,*,#5253,.T.);
#3248=ORIENTED_EDGE('',*,*,#5254,.T.);
#3249=ORIENTED_EDGE('',*,*,#5255,.T.);
#3250=ORIENTED_EDGE('',*,*,#5256,.T.);
#3251=ORIENTED_EDGE('',*,*,#5257,.F.);
#3252=ORIENTED_EDGE('',*,*,#5255,.F.);
#3253=ORIENTED_EDGE('',*,*,#5258,.T.);
#3254=ORIENTED_EDGE('',*,*,#5259,.T.);
#3255=ORIENTED_EDGE('',*,*,#5258,.F.);
#3256=ORIENTED_EDGE('',*,*,#5254,.F.);
#3257=ORIENTED_EDGE('',*,*,#5260,.T.);
#3258=ORIENTED_EDGE('',*,*,#5261,.T.);
#3259=ORIENTED_EDGE('',*,*,#5260,.F.);
#3260=ORIENTED_EDGE('',*,*,#5253,.F.);
#3261=ORIENTED_EDGE('',*,*,#5262,.T.);
#3262=ORIENTED_EDGE('',*,*,#5263,.T.);
#3263=ORIENTED_EDGE('',*,*,#5262,.F.);
#3264=ORIENTED_EDGE('',*,*,#5252,.F.);
#3265=ORIENTED_EDGE('',*,*,#5257,.T.);
#3266=ORIENTED_EDGE('',*,*,#5264,.T.);
#3267=ORIENTED_EDGE('',*,*,#5265,.T.);
#3268=ORIENTED_EDGE('',*,*,#5266,.T.);
#3269=ORIENTED_EDGE('',*,*,#5267,.T.);
#3270=ORIENTED_EDGE('',*,*,#5268,.T.);
#3271=ORIENTED_EDGE('',*,*,#5269,.F.);
#3272=ORIENTED_EDGE('',*,*,#5267,.F.);
#3273=ORIENTED_EDGE('',*,*,#5270,.T.);
#3274=ORIENTED_EDGE('',*,*,#5271,.T.);
#3275=ORIENTED_EDGE('',*,*,#5270,.F.);
#3276=ORIENTED_EDGE('',*,*,#5266,.F.);
#3277=ORIENTED_EDGE('',*,*,#5272,.T.);
#3278=ORIENTED_EDGE('',*,*,#5273,.T.);
#3279=ORIENTED_EDGE('',*,*,#5272,.F.);
#3280=ORIENTED_EDGE('',*,*,#5265,.F.);
#3281=ORIENTED_EDGE('',*,*,#5274,.T.);
#3282=ORIENTED_EDGE('',*,*,#5275,.T.);
#3283=ORIENTED_EDGE('',*,*,#5274,.F.);
#3284=ORIENTED_EDGE('',*,*,#5264,.F.);
#3285=ORIENTED_EDGE('',*,*,#5269,.T.);
#3286=ORIENTED_EDGE('',*,*,#5276,.T.);
#3287=ORIENTED_EDGE('',*,*,#5277,.T.);
#3288=ORIENTED_EDGE('',*,*,#5278,.T.);
#3289=ORIENTED_EDGE('',*,*,#5279,.T.);
#3290=ORIENTED_EDGE('',*,*,#5280,.T.);
#3291=ORIENTED_EDGE('',*,*,#5281,.F.);
#3292=ORIENTED_EDGE('',*,*,#5279,.F.);
#3293=ORIENTED_EDGE('',*,*,#5282,.T.);
#3294=ORIENTED_EDGE('',*,*,#5283,.T.);
#3295=ORIENTED_EDGE('',*,*,#5282,.F.);
#3296=ORIENTED_EDGE('',*,*,#5278,.F.);
#3297=ORIENTED_EDGE('',*,*,#5284,.T.);
#3298=ORIENTED_EDGE('',*,*,#5285,.T.);
#3299=ORIENTED_EDGE('',*,*,#5284,.F.);
#3300=ORIENTED_EDGE('',*,*,#5277,.F.);
#3301=ORIENTED_EDGE('',*,*,#5286,.T.);
#3302=ORIENTED_EDGE('',*,*,#5287,.T.);
#3303=ORIENTED_EDGE('',*,*,#5286,.F.);
#3304=ORIENTED_EDGE('',*,*,#5276,.F.);
#3305=ORIENTED_EDGE('',*,*,#5281,.T.);
#3306=ORIENTED_EDGE('',*,*,#5288,.T.);
#3307=ORIENTED_EDGE('',*,*,#5289,.T.);
#3308=ORIENTED_EDGE('',*,*,#5290,.T.);
#3309=ORIENTED_EDGE('',*,*,#5291,.T.);
#3310=ORIENTED_EDGE('',*,*,#5292,.T.);
#3311=ORIENTED_EDGE('',*,*,#5293,.F.);
#3312=ORIENTED_EDGE('',*,*,#5291,.F.);
#3313=ORIENTED_EDGE('',*,*,#5294,.T.);
#3314=ORIENTED_EDGE('',*,*,#5295,.T.);
#3315=ORIENTED_EDGE('',*,*,#5294,.F.);
#3316=ORIENTED_EDGE('',*,*,#5290,.F.);
#3317=ORIENTED_EDGE('',*,*,#5296,.T.);
#3318=ORIENTED_EDGE('',*,*,#5297,.T.);
#3319=ORIENTED_EDGE('',*,*,#5296,.F.);
#3320=ORIENTED_EDGE('',*,*,#5289,.F.);
#3321=ORIENTED_EDGE('',*,*,#5298,.T.);
#3322=ORIENTED_EDGE('',*,*,#5299,.T.);
#3323=ORIENTED_EDGE('',*,*,#5298,.F.);
#3324=ORIENTED_EDGE('',*,*,#5288,.F.);
#3325=ORIENTED_EDGE('',*,*,#5293,.T.);
#3326=ORIENTED_EDGE('',*,*,#5300,.T.);
#3327=ORIENTED_EDGE('',*,*,#5301,.T.);
#3328=ORIENTED_EDGE('',*,*,#5302,.T.);
#3329=ORIENTED_EDGE('',*,*,#5303,.T.);
#3330=ORIENTED_EDGE('',*,*,#5304,.T.);
#3331=ORIENTED_EDGE('',*,*,#5305,.F.);
#3332=ORIENTED_EDGE('',*,*,#5303,.F.);
#3333=ORIENTED_EDGE('',*,*,#5306,.T.);
#3334=ORIENTED_EDGE('',*,*,#5307,.T.);
#3335=ORIENTED_EDGE('',*,*,#5306,.F.);
#3336=ORIENTED_EDGE('',*,*,#5302,.F.);
#3337=ORIENTED_EDGE('',*,*,#5308,.T.);
#3338=ORIENTED_EDGE('',*,*,#5309,.T.);
#3339=ORIENTED_EDGE('',*,*,#5308,.F.);
#3340=ORIENTED_EDGE('',*,*,#5301,.F.);
#3341=ORIENTED_EDGE('',*,*,#5310,.T.);
#3342=ORIENTED_EDGE('',*,*,#5311,.T.);
#3343=ORIENTED_EDGE('',*,*,#5310,.F.);
#3344=ORIENTED_EDGE('',*,*,#5300,.F.);
#3345=ORIENTED_EDGE('',*,*,#5305,.T.);
#3346=ORIENTED_EDGE('',*,*,#5312,.T.);
#3347=ORIENTED_EDGE('',*,*,#5313,.T.);
#3348=ORIENTED_EDGE('',*,*,#5314,.T.);
#3349=ORIENTED_EDGE('',*,*,#5315,.T.);
#3350=ORIENTED_EDGE('',*,*,#5316,.T.);
#3351=ORIENTED_EDGE('',*,*,#5317,.F.);
#3352=ORIENTED_EDGE('',*,*,#5315,.F.);
#3353=ORIENTED_EDGE('',*,*,#5318,.T.);
#3354=ORIENTED_EDGE('',*,*,#5319,.T.);
#3355=ORIENTED_EDGE('',*,*,#5318,.F.);
#3356=ORIENTED_EDGE('',*,*,#5314,.F.);
#3357=ORIENTED_EDGE('',*,*,#5320,.T.);
#3358=ORIENTED_EDGE('',*,*,#5321,.T.);
#3359=ORIENTED_EDGE('',*,*,#5320,.F.);
#3360=ORIENTED_EDGE('',*,*,#5313,.F.);
#3361=ORIENTED_EDGE('',*,*,#5322,.T.);
#3362=ORIENTED_EDGE('',*,*,#5323,.T.);
#3363=ORIENTED_EDGE('',*,*,#5322,.F.);
#3364=ORIENTED_EDGE('',*,*,#5312,.F.);
#3365=ORIENTED_EDGE('',*,*,#5317,.T.);
#3366=ORIENTED_EDGE('',*,*,#5324,.T.);
#3367=ORIENTED_EDGE('',*,*,#5325,.T.);
#3368=ORIENTED_EDGE('',*,*,#5326,.T.);
#3369=ORIENTED_EDGE('',*,*,#5327,.T.);
#3370=ORIENTED_EDGE('',*,*,#5328,.T.);
#3371=ORIENTED_EDGE('',*,*,#5329,.F.);
#3372=ORIENTED_EDGE('',*,*,#5327,.F.);
#3373=ORIENTED_EDGE('',*,*,#5330,.T.);
#3374=ORIENTED_EDGE('',*,*,#5331,.T.);
#3375=ORIENTED_EDGE('',*,*,#5330,.F.);
#3376=ORIENTED_EDGE('',*,*,#5326,.F.);
#3377=ORIENTED_EDGE('',*,*,#5332,.T.);
#3378=ORIENTED_EDGE('',*,*,#5333,.T.);
#3379=ORIENTED_EDGE('',*,*,#5332,.F.);
#3380=ORIENTED_EDGE('',*,*,#5325,.F.);
#3381=ORIENTED_EDGE('',*,*,#5334,.T.);
#3382=ORIENTED_EDGE('',*,*,#5335,.T.);
#3383=ORIENTED_EDGE('',*,*,#5334,.F.);
#3384=ORIENTED_EDGE('',*,*,#5324,.F.);
#3385=ORIENTED_EDGE('',*,*,#5329,.T.);
#3386=ORIENTED_EDGE('',*,*,#5336,.T.);
#3387=ORIENTED_EDGE('',*,*,#5337,.T.);
#3388=ORIENTED_EDGE('',*,*,#5338,.T.);
#3389=ORIENTED_EDGE('',*,*,#5339,.T.);
#3390=ORIENTED_EDGE('',*,*,#5340,.T.);
#3391=ORIENTED_EDGE('',*,*,#5341,.F.);
#3392=ORIENTED_EDGE('',*,*,#5339,.F.);
#3393=ORIENTED_EDGE('',*,*,#5342,.T.);
#3394=ORIENTED_EDGE('',*,*,#5343,.T.);
#3395=ORIENTED_EDGE('',*,*,#5342,.F.);
#3396=ORIENTED_EDGE('',*,*,#5338,.F.);
#3397=ORIENTED_EDGE('',*,*,#5344,.T.);
#3398=ORIENTED_EDGE('',*,*,#5345,.T.);
#3399=ORIENTED_EDGE('',*,*,#5344,.F.);
#3400=ORIENTED_EDGE('',*,*,#5337,.F.);
#3401=ORIENTED_EDGE('',*,*,#5346,.T.);
#3402=ORIENTED_EDGE('',*,*,#5347,.T.);
#3403=ORIENTED_EDGE('',*,*,#5346,.F.);
#3404=ORIENTED_EDGE('',*,*,#5336,.F.);
#3405=ORIENTED_EDGE('',*,*,#5341,.T.);
#3406=ORIENTED_EDGE('',*,*,#5348,.T.);
#3407=ORIENTED_EDGE('',*,*,#5349,.T.);
#3408=ORIENTED_EDGE('',*,*,#5350,.T.);
#3409=ORIENTED_EDGE('',*,*,#5351,.T.);
#3410=ORIENTED_EDGE('',*,*,#5352,.T.);
#3411=ORIENTED_EDGE('',*,*,#5353,.F.);
#3412=ORIENTED_EDGE('',*,*,#5351,.F.);
#3413=ORIENTED_EDGE('',*,*,#5354,.T.);
#3414=ORIENTED_EDGE('',*,*,#5355,.T.);
#3415=ORIENTED_EDGE('',*,*,#5354,.F.);
#3416=ORIENTED_EDGE('',*,*,#5350,.F.);
#3417=ORIENTED_EDGE('',*,*,#5356,.T.);
#3418=ORIENTED_EDGE('',*,*,#5357,.T.);
#3419=ORIENTED_EDGE('',*,*,#5356,.F.);
#3420=ORIENTED_EDGE('',*,*,#5349,.F.);
#3421=ORIENTED_EDGE('',*,*,#5358,.T.);
#3422=ORIENTED_EDGE('',*,*,#5359,.T.);
#3423=ORIENTED_EDGE('',*,*,#5358,.F.);
#3424=ORIENTED_EDGE('',*,*,#5348,.F.);
#3425=ORIENTED_EDGE('',*,*,#5353,.T.);
#3426=ORIENTED_EDGE('',*,*,#5360,.T.);
#3427=ORIENTED_EDGE('',*,*,#5361,.F.);
#3428=ORIENTED_EDGE('',*,*,#5059,.F.);
#3429=ORIENTED_EDGE('',*,*,#5362,.T.);
#3430=ORIENTED_EDGE('',*,*,#5363,.T.);
#3431=ORIENTED_EDGE('',*,*,#5362,.F.);
#3432=ORIENTED_EDGE('',*,*,#5058,.F.);
#3433=ORIENTED_EDGE('',*,*,#5364,.T.);
#3434=ORIENTED_EDGE('',*,*,#5365,.T.);
#3435=ORIENTED_EDGE('',*,*,#5364,.F.);
#3436=ORIENTED_EDGE('',*,*,#5057,.F.);
#3437=ORIENTED_EDGE('',*,*,#5366,.T.);
#3438=ORIENTED_EDGE('',*,*,#5367,.T.);
#3439=ORIENTED_EDGE('',*,*,#5366,.F.);
#3440=ORIENTED_EDGE('',*,*,#5056,.F.);
#3441=ORIENTED_EDGE('',*,*,#5361,.T.);
#3442=ORIENTED_EDGE('',*,*,#5368,.T.);
#3443=ORIENTED_EDGE('',*,*,#5369,.T.);
#3444=ORIENTED_EDGE('',*,*,#5370,.T.);
#3445=ORIENTED_EDGE('',*,*,#5371,.T.);
#3446=ORIENTED_EDGE('',*,*,#5372,.T.);
#3447=ORIENTED_EDGE('',*,*,#5373,.F.);
#3448=ORIENTED_EDGE('',*,*,#5371,.F.);
#3449=ORIENTED_EDGE('',*,*,#5374,.T.);
#3450=ORIENTED_EDGE('',*,*,#5375,.T.);
#3451=ORIENTED_EDGE('',*,*,#5374,.F.);
#3452=ORIENTED_EDGE('',*,*,#5370,.F.);
#3453=ORIENTED_EDGE('',*,*,#5376,.T.);
#3454=ORIENTED_EDGE('',*,*,#5377,.T.);
#3455=ORIENTED_EDGE('',*,*,#5376,.F.);
#3456=ORIENTED_EDGE('',*,*,#5369,.F.);
#3457=ORIENTED_EDGE('',*,*,#5378,.T.);
#3458=ORIENTED_EDGE('',*,*,#5379,.T.);
#3459=ORIENTED_EDGE('',*,*,#5378,.F.);
#3460=ORIENTED_EDGE('',*,*,#5368,.F.);
#3461=ORIENTED_EDGE('',*,*,#5373,.T.);
#3462=ORIENTED_EDGE('',*,*,#5380,.T.);
#3463=ORIENTED_EDGE('',*,*,#5381,.T.);
#3464=ORIENTED_EDGE('',*,*,#5382,.T.);
#3465=ORIENTED_EDGE('',*,*,#5383,.T.);
#3466=ORIENTED_EDGE('',*,*,#5384,.T.);
#3467=ORIENTED_EDGE('',*,*,#5385,.F.);
#3468=ORIENTED_EDGE('',*,*,#5383,.F.);
#3469=ORIENTED_EDGE('',*,*,#5386,.T.);
#3470=ORIENTED_EDGE('',*,*,#5387,.T.);
#3471=ORIENTED_EDGE('',*,*,#5386,.F.);
#3472=ORIENTED_EDGE('',*,*,#5382,.F.);
#3473=ORIENTED_EDGE('',*,*,#5388,.T.);
#3474=ORIENTED_EDGE('',*,*,#5389,.T.);
#3475=ORIENTED_EDGE('',*,*,#5388,.F.);
#3476=ORIENTED_EDGE('',*,*,#5381,.F.);
#3477=ORIENTED_EDGE('',*,*,#5390,.T.);
#3478=ORIENTED_EDGE('',*,*,#5391,.T.);
#3479=ORIENTED_EDGE('',*,*,#5390,.F.);
#3480=ORIENTED_EDGE('',*,*,#5380,.F.);
#3481=ORIENTED_EDGE('',*,*,#5385,.T.);
#3482=ORIENTED_EDGE('',*,*,#5392,.T.);
#3483=ORIENTED_EDGE('',*,*,#5393,.T.);
#3484=ORIENTED_EDGE('',*,*,#5394,.T.);
#3485=ORIENTED_EDGE('',*,*,#5395,.T.);
#3486=ORIENTED_EDGE('',*,*,#5396,.T.);
#3487=ORIENTED_EDGE('',*,*,#5397,.F.);
#3488=ORIENTED_EDGE('',*,*,#5395,.F.);
#3489=ORIENTED_EDGE('',*,*,#5398,.T.);
#3490=ORIENTED_EDGE('',*,*,#5399,.T.);
#3491=ORIENTED_EDGE('',*,*,#5398,.F.);
#3492=ORIENTED_EDGE('',*,*,#5394,.F.);
#3493=ORIENTED_EDGE('',*,*,#5400,.T.);
#3494=ORIENTED_EDGE('',*,*,#5401,.T.);
#3495=ORIENTED_EDGE('',*,*,#5400,.F.);
#3496=ORIENTED_EDGE('',*,*,#5393,.F.);
#3497=ORIENTED_EDGE('',*,*,#5402,.T.);
#3498=ORIENTED_EDGE('',*,*,#5403,.T.);
#3499=ORIENTED_EDGE('',*,*,#5402,.F.);
#3500=ORIENTED_EDGE('',*,*,#5392,.F.);
#3501=ORIENTED_EDGE('',*,*,#5397,.T.);
#3502=ORIENTED_EDGE('',*,*,#5404,.T.);
#3503=ORIENTED_EDGE('',*,*,#5405,.T.);
#3504=ORIENTED_EDGE('',*,*,#5406,.T.);
#3505=ORIENTED_EDGE('',*,*,#5407,.T.);
#3506=ORIENTED_EDGE('',*,*,#5408,.T.);
#3507=ORIENTED_EDGE('',*,*,#5409,.F.);
#3508=ORIENTED_EDGE('',*,*,#5407,.F.);
#3509=ORIENTED_EDGE('',*,*,#5410,.T.);
#3510=ORIENTED_EDGE('',*,*,#5411,.T.);
#3511=ORIENTED_EDGE('',*,*,#5410,.F.);
#3512=ORIENTED_EDGE('',*,*,#5406,.F.);
#3513=ORIENTED_EDGE('',*,*,#5412,.T.);
#3514=ORIENTED_EDGE('',*,*,#5413,.T.);
#3515=ORIENTED_EDGE('',*,*,#5412,.F.);
#3516=ORIENTED_EDGE('',*,*,#5405,.F.);
#3517=ORIENTED_EDGE('',*,*,#5414,.T.);
#3518=ORIENTED_EDGE('',*,*,#5415,.T.);
#3519=ORIENTED_EDGE('',*,*,#5414,.F.);
#3520=ORIENTED_EDGE('',*,*,#5404,.F.);
#3521=ORIENTED_EDGE('',*,*,#5409,.T.);
#3522=ORIENTED_EDGE('',*,*,#5416,.T.);
#3523=ORIENTED_EDGE('',*,*,#5417,.T.);
#3524=ORIENTED_EDGE('',*,*,#5418,.T.);
#3525=ORIENTED_EDGE('',*,*,#5419,.T.);
#3526=ORIENTED_EDGE('',*,*,#5420,.T.);
#3527=ORIENTED_EDGE('',*,*,#5421,.F.);
#3528=ORIENTED_EDGE('',*,*,#5419,.F.);
#3529=ORIENTED_EDGE('',*,*,#5422,.T.);
#3530=ORIENTED_EDGE('',*,*,#5423,.T.);
#3531=ORIENTED_EDGE('',*,*,#5422,.F.);
#3532=ORIENTED_EDGE('',*,*,#5418,.F.);
#3533=ORIENTED_EDGE('',*,*,#5424,.T.);
#3534=ORIENTED_EDGE('',*,*,#5425,.T.);
#3535=ORIENTED_EDGE('',*,*,#5424,.F.);
#3536=ORIENTED_EDGE('',*,*,#5417,.F.);
#3537=ORIENTED_EDGE('',*,*,#5426,.T.);
#3538=ORIENTED_EDGE('',*,*,#5427,.T.);
#3539=ORIENTED_EDGE('',*,*,#5426,.F.);
#3540=ORIENTED_EDGE('',*,*,#5416,.F.);
#3541=ORIENTED_EDGE('',*,*,#5421,.T.);
#3542=ORIENTED_EDGE('',*,*,#5428,.T.);
#3543=ORIENTED_EDGE('',*,*,#5429,.T.);
#3544=ORIENTED_EDGE('',*,*,#5430,.T.);
#3545=ORIENTED_EDGE('',*,*,#5431,.T.);
#3546=ORIENTED_EDGE('',*,*,#5432,.T.);
#3547=ORIENTED_EDGE('',*,*,#5433,.F.);
#3548=ORIENTED_EDGE('',*,*,#5431,.F.);
#3549=ORIENTED_EDGE('',*,*,#5434,.T.);
#3550=ORIENTED_EDGE('',*,*,#5435,.T.);
#3551=ORIENTED_EDGE('',*,*,#5434,.F.);
#3552=ORIENTED_EDGE('',*,*,#5430,.F.);
#3553=ORIENTED_EDGE('',*,*,#5436,.T.);
#3554=ORIENTED_EDGE('',*,*,#5437,.T.);
#3555=ORIENTED_EDGE('',*,*,#5436,.F.);
#3556=ORIENTED_EDGE('',*,*,#5429,.F.);
#3557=ORIENTED_EDGE('',*,*,#5438,.T.);
#3558=ORIENTED_EDGE('',*,*,#5439,.T.);
#3559=ORIENTED_EDGE('',*,*,#5438,.F.);
#3560=ORIENTED_EDGE('',*,*,#5428,.F.);
#3561=ORIENTED_EDGE('',*,*,#5433,.T.);
#3562=ORIENTED_EDGE('',*,*,#5440,.T.);
#3563=ORIENTED_EDGE('',*,*,#5441,.T.);
#3564=ORIENTED_EDGE('',*,*,#5442,.T.);
#3565=ORIENTED_EDGE('',*,*,#5443,.T.);
#3566=ORIENTED_EDGE('',*,*,#5444,.T.);
#3567=ORIENTED_EDGE('',*,*,#5445,.F.);
#3568=ORIENTED_EDGE('',*,*,#5443,.F.);
#3569=ORIENTED_EDGE('',*,*,#5446,.T.);
#3570=ORIENTED_EDGE('',*,*,#5447,.T.);
#3571=ORIENTED_EDGE('',*,*,#5446,.F.);
#3572=ORIENTED_EDGE('',*,*,#5442,.F.);
#3573=ORIENTED_EDGE('',*,*,#5448,.T.);
#3574=ORIENTED_EDGE('',*,*,#5449,.T.);
#3575=ORIENTED_EDGE('',*,*,#5448,.F.);
#3576=ORIENTED_EDGE('',*,*,#5441,.F.);
#3577=ORIENTED_EDGE('',*,*,#5450,.T.);
#3578=ORIENTED_EDGE('',*,*,#5451,.T.);
#3579=ORIENTED_EDGE('',*,*,#5450,.F.);
#3580=ORIENTED_EDGE('',*,*,#5440,.F.);
#3581=ORIENTED_EDGE('',*,*,#5445,.T.);
#3582=ORIENTED_EDGE('',*,*,#5452,.T.);
#3583=ORIENTED_EDGE('',*,*,#5453,.T.);
#3584=ORIENTED_EDGE('',*,*,#5454,.T.);
#3585=ORIENTED_EDGE('',*,*,#5455,.T.);
#3586=ORIENTED_EDGE('',*,*,#5456,.T.);
#3587=ORIENTED_EDGE('',*,*,#5457,.F.);
#3588=ORIENTED_EDGE('',*,*,#5455,.F.);
#3589=ORIENTED_EDGE('',*,*,#5458,.T.);
#3590=ORIENTED_EDGE('',*,*,#5459,.T.);
#3591=ORIENTED_EDGE('',*,*,#5458,.F.);
#3592=ORIENTED_EDGE('',*,*,#5454,.F.);
#3593=ORIENTED_EDGE('',*,*,#5460,.T.);
#3594=ORIENTED_EDGE('',*,*,#5461,.T.);
#3595=ORIENTED_EDGE('',*,*,#5460,.F.);
#3596=ORIENTED_EDGE('',*,*,#5453,.F.);
#3597=ORIENTED_EDGE('',*,*,#5462,.T.);
#3598=ORIENTED_EDGE('',*,*,#5463,.T.);
#3599=ORIENTED_EDGE('',*,*,#5462,.F.);
#3600=ORIENTED_EDGE('',*,*,#5452,.F.);
#3601=ORIENTED_EDGE('',*,*,#5457,.T.);
#3602=ORIENTED_EDGE('',*,*,#5464,.T.);
#3603=ORIENTED_EDGE('',*,*,#5465,.F.);
#3604=ORIENTED_EDGE('',*,*,#5466,.F.);
#3605=ORIENTED_EDGE('',*,*,#5467,.T.);
#3606=ORIENTED_EDGE('',*,*,#5468,.T.);
#3607=ORIENTED_EDGE('',*,*,#5467,.F.);
#3608=ORIENTED_EDGE('',*,*,#5469,.F.);
#3609=ORIENTED_EDGE('',*,*,#5470,.T.);
#3610=ORIENTED_EDGE('',*,*,#5471,.T.);
#3611=ORIENTED_EDGE('',*,*,#5470,.F.);
#3612=ORIENTED_EDGE('',*,*,#5472,.F.);
#3613=ORIENTED_EDGE('',*,*,#5473,.T.);
#3614=ORIENTED_EDGE('',*,*,#5474,.T.);
#3615=ORIENTED_EDGE('',*,*,#5473,.F.);
#3616=ORIENTED_EDGE('',*,*,#5475,.F.);
#3617=ORIENTED_EDGE('',*,*,#5465,.T.);
#3618=ORIENTED_EDGE('',*,*,#5476,.T.);
#3619=ORIENTED_EDGE('',*,*,#5477,.F.);
#3620=ORIENTED_EDGE('',*,*,#5478,.F.);
#3621=ORIENTED_EDGE('',*,*,#5479,.T.);
#3622=ORIENTED_EDGE('',*,*,#5480,.T.);
#3623=ORIENTED_EDGE('',*,*,#5479,.F.);
#3624=ORIENTED_EDGE('',*,*,#5481,.F.);
#3625=ORIENTED_EDGE('',*,*,#5482,.T.);
#3626=ORIENTED_EDGE('',*,*,#5483,.T.);
#3627=ORIENTED_EDGE('',*,*,#5482,.F.);
#3628=ORIENTED_EDGE('',*,*,#5484,.F.);
#3629=ORIENTED_EDGE('',*,*,#5485,.T.);
#3630=ORIENTED_EDGE('',*,*,#5486,.T.);
#3631=ORIENTED_EDGE('',*,*,#5485,.F.);
#3632=ORIENTED_EDGE('',*,*,#5487,.F.);
#3633=ORIENTED_EDGE('',*,*,#5477,.T.);
#3634=ORIENTED_EDGE('',*,*,#5488,.T.);
#3635=ORIENTED_EDGE('',*,*,#5489,.T.);
#3636=ORIENTED_EDGE('',*,*,#5490,.T.);
#3637=ORIENTED_EDGE('',*,*,#5491,.T.);
#3638=ORIENTED_EDGE('',*,*,#5492,.T.);
#3639=ORIENTED_EDGE('',*,*,#5493,.F.);
#3640=ORIENTED_EDGE('',*,*,#5491,.F.);
#3641=ORIENTED_EDGE('',*,*,#5494,.T.);
#3642=ORIENTED_EDGE('',*,*,#5495,.T.);
#3643=ORIENTED_EDGE('',*,*,#5494,.F.);
#3644=ORIENTED_EDGE('',*,*,#5490,.F.);
#3645=ORIENTED_EDGE('',*,*,#5496,.T.);
#3646=ORIENTED_EDGE('',*,*,#5497,.T.);
#3647=ORIENTED_EDGE('',*,*,#5496,.F.);
#3648=ORIENTED_EDGE('',*,*,#5489,.F.);
#3649=ORIENTED_EDGE('',*,*,#5498,.T.);
#3650=ORIENTED_EDGE('',*,*,#5499,.T.);
#3651=ORIENTED_EDGE('',*,*,#5498,.F.);
#3652=ORIENTED_EDGE('',*,*,#5488,.F.);
#3653=ORIENTED_EDGE('',*,*,#5493,.T.);
#3654=ORIENTED_EDGE('',*,*,#5500,.T.);
#3655=ORIENTED_EDGE('',*,*,#5501,.T.);
#3656=ORIENTED_EDGE('',*,*,#5502,.T.);
#3657=ORIENTED_EDGE('',*,*,#5503,.T.);
#3658=ORIENTED_EDGE('',*,*,#5504,.T.);
#3659=ORIENTED_EDGE('',*,*,#5505,.F.);
#3660=ORIENTED_EDGE('',*,*,#5503,.F.);
#3661=ORIENTED_EDGE('',*,*,#5506,.T.);
#3662=ORIENTED_EDGE('',*,*,#5507,.T.);
#3663=ORIENTED_EDGE('',*,*,#5506,.F.);
#3664=ORIENTED_EDGE('',*,*,#5502,.F.);
#3665=ORIENTED_EDGE('',*,*,#5508,.T.);
#3666=ORIENTED_EDGE('',*,*,#5509,.T.);
#3667=ORIENTED_EDGE('',*,*,#5508,.F.);
#3668=ORIENTED_EDGE('',*,*,#5501,.F.);
#3669=ORIENTED_EDGE('',*,*,#5510,.T.);
#3670=ORIENTED_EDGE('',*,*,#5511,.T.);
#3671=ORIENTED_EDGE('',*,*,#5510,.F.);
#3672=ORIENTED_EDGE('',*,*,#5500,.F.);
#3673=ORIENTED_EDGE('',*,*,#5505,.T.);
#3674=ORIENTED_EDGE('',*,*,#5512,.T.);
#3675=ORIENTED_EDGE('',*,*,#5513,.T.);
#3676=ORIENTED_EDGE('',*,*,#5514,.T.);
#3677=ORIENTED_EDGE('',*,*,#5515,.T.);
#3678=ORIENTED_EDGE('',*,*,#5516,.T.);
#3679=ORIENTED_EDGE('',*,*,#5517,.F.);
#3680=ORIENTED_EDGE('',*,*,#5515,.F.);
#3681=ORIENTED_EDGE('',*,*,#5518,.T.);
#3682=ORIENTED_EDGE('',*,*,#5519,.T.);
#3683=ORIENTED_EDGE('',*,*,#5518,.F.);
#3684=ORIENTED_EDGE('',*,*,#5514,.F.);
#3685=ORIENTED_EDGE('',*,*,#5520,.T.);
#3686=ORIENTED_EDGE('',*,*,#5521,.T.);
#3687=ORIENTED_EDGE('',*,*,#5520,.F.);
#3688=ORIENTED_EDGE('',*,*,#5513,.F.);
#3689=ORIENTED_EDGE('',*,*,#5522,.T.);
#3690=ORIENTED_EDGE('',*,*,#5523,.T.);
#3691=ORIENTED_EDGE('',*,*,#5522,.F.);
#3692=ORIENTED_EDGE('',*,*,#5512,.F.);
#3693=ORIENTED_EDGE('',*,*,#5517,.T.);
#3694=ORIENTED_EDGE('',*,*,#5524,.F.);
#3695=ORIENTED_EDGE('',*,*,#5525,.T.);
#3696=ORIENTED_EDGE('',*,*,#5526,.T.);
#3697=ORIENTED_EDGE('',*,*,#5527,.F.);
#3698=ORIENTED_EDGE('',*,*,#5528,.F.);
#3699=ORIENTED_EDGE('',*,*,#5529,.T.);
#3700=ORIENTED_EDGE('',*,*,#5530,.T.);
#3701=ORIENTED_EDGE('',*,*,#5531,.F.);
#3702=ORIENTED_EDGE('',*,*,#5532,.F.);
#3703=ORIENTED_EDGE('',*,*,#5533,.T.);
#3704=ORIENTED_EDGE('',*,*,#5534,.T.);
#3705=ORIENTED_EDGE('',*,*,#5535,.F.);
#3706=ORIENTED_EDGE('',*,*,#5536,.F.);
#3707=ORIENTED_EDGE('',*,*,#5537,.T.);
#3708=ORIENTED_EDGE('',*,*,#5538,.T.);
#3709=ORIENTED_EDGE('',*,*,#5539,.F.);
#3710=ORIENTED_EDGE('',*,*,#5540,.T.);
#3711=ORIENTED_EDGE('',*,*,#5541,.F.);
#3712=ORIENTED_EDGE('',*,*,#5542,.F.);
#3713=ORIENTED_EDGE('',*,*,#5543,.T.);
#3714=ORIENTED_EDGE('',*,*,#5544,.T.);
#3715=ORIENTED_EDGE('',*,*,#5543,.F.);
#3716=ORIENTED_EDGE('',*,*,#5545,.F.);
#3717=ORIENTED_EDGE('',*,*,#5546,.T.);
#3718=ORIENTED_EDGE('',*,*,#5547,.T.);
#3719=ORIENTED_EDGE('',*,*,#5546,.F.);
#3720=ORIENTED_EDGE('',*,*,#5548,.F.);
#3721=ORIENTED_EDGE('',*,*,#5549,.T.);
#3722=ORIENTED_EDGE('',*,*,#5550,.T.);
#3723=ORIENTED_EDGE('',*,*,#5549,.F.);
#3724=ORIENTED_EDGE('',*,*,#5551,.F.);
#3725=ORIENTED_EDGE('',*,*,#5552,.T.);
#3726=ORIENTED_EDGE('',*,*,#5553,.T.);
#3727=ORIENTED_EDGE('',*,*,#5552,.F.);
#3728=ORIENTED_EDGE('',*,*,#5554,.F.);
#3729=ORIENTED_EDGE('',*,*,#5555,.T.);
#3730=ORIENTED_EDGE('',*,*,#5556,.T.);
#3731=ORIENTED_EDGE('',*,*,#5555,.F.);
#3732=ORIENTED_EDGE('',*,*,#5557,.F.);
#3733=ORIENTED_EDGE('',*,*,#5558,.T.);
#3734=ORIENTED_EDGE('',*,*,#5559,.T.);
#3735=ORIENTED_EDGE('',*,*,#5558,.F.);
#3736=ORIENTED_EDGE('',*,*,#5560,.F.);
#3737=ORIENTED_EDGE('',*,*,#5561,.T.);
#3738=ORIENTED_EDGE('',*,*,#5562,.T.);
#3739=ORIENTED_EDGE('',*,*,#5561,.F.);
#3740=ORIENTED_EDGE('',*,*,#5563,.F.);
#3741=ORIENTED_EDGE('',*,*,#5541,.T.);
#3742=ORIENTED_EDGE('',*,*,#5474,.F.);
#3743=ORIENTED_EDGE('',*,*,#5464,.F.);
#3744=ORIENTED_EDGE('',*,*,#5468,.F.);
#3745=ORIENTED_EDGE('',*,*,#5471,.F.);
#3746=ORIENTED_EDGE('',*,*,#5564,.T.);
#3747=ORIENTED_EDGE('',*,*,#5527,.T.);
#3748=ORIENTED_EDGE('',*,*,#5565,.T.);
#3749=ORIENTED_EDGE('',*,*,#5531,.T.);
#3750=ORIENTED_EDGE('',*,*,#5566,.T.);
#3751=ORIENTED_EDGE('',*,*,#5535,.T.);
#3752=ORIENTED_EDGE('',*,*,#5567,.T.);
#3753=ORIENTED_EDGE('',*,*,#5539,.T.);
#3754=ORIENTED_EDGE('',*,*,#5562,.F.);
#3755=ORIENTED_EDGE('',*,*,#5540,.F.);
#3756=ORIENTED_EDGE('',*,*,#5544,.F.);
#3757=ORIENTED_EDGE('',*,*,#5547,.F.);
#3758=ORIENTED_EDGE('',*,*,#5550,.F.);
#3759=ORIENTED_EDGE('',*,*,#5553,.F.);
#3760=ORIENTED_EDGE('',*,*,#5556,.F.);
#3761=ORIENTED_EDGE('',*,*,#5559,.F.);
#3762=ORIENTED_EDGE('',*,*,#5486,.F.);
#3763=ORIENTED_EDGE('',*,*,#5476,.F.);
#3764=ORIENTED_EDGE('',*,*,#5480,.F.);
#3765=ORIENTED_EDGE('',*,*,#5483,.F.);
#3766=ORIENTED_EDGE('',*,*,#5568,.T.);
#3767=ORIENTED_EDGE('',*,*,#5569,.F.);
#3768=ORIENTED_EDGE('',*,*,#5570,.F.);
#3769=ORIENTED_EDGE('',*,*,#5571,.T.);
#3770=ORIENTED_EDGE('',*,*,#5572,.T.);
#3771=ORIENTED_EDGE('',*,*,#5573,.F.);
#3772=ORIENTED_EDGE('',*,*,#5574,.F.);
#3773=ORIENTED_EDGE('',*,*,#5569,.T.);
#3774=ORIENTED_EDGE('',*,*,#5575,.T.);
#3775=ORIENTED_EDGE('',*,*,#5576,.F.);
#3776=ORIENTED_EDGE('',*,*,#5577,.F.);
#3777=ORIENTED_EDGE('',*,*,#5573,.T.);
#3778=ORIENTED_EDGE('',*,*,#5578,.T.);
#3779=ORIENTED_EDGE('',*,*,#5571,.F.);
#3780=ORIENTED_EDGE('',*,*,#5579,.F.);
#3781=ORIENTED_EDGE('',*,*,#5576,.T.);
#3782=ORIENTED_EDGE('',*,*,#5570,.T.);
#3783=ORIENTED_EDGE('',*,*,#5574,.T.);
#3784=ORIENTED_EDGE('',*,*,#5577,.T.);
#3785=ORIENTED_EDGE('',*,*,#5579,.T.);
#3786=ORIENTED_EDGE('',*,*,#5580,.T.);
#3787=ORIENTED_EDGE('',*,*,#5581,.F.);
#3788=ORIENTED_EDGE('',*,*,#5582,.F.);
#3789=ORIENTED_EDGE('',*,*,#5583,.T.);
#3790=ORIENTED_EDGE('',*,*,#5584,.T.);
#3791=ORIENTED_EDGE('',*,*,#5585,.F.);
#3792=ORIENTED_EDGE('',*,*,#5586,.F.);
#3793=ORIENTED_EDGE('',*,*,#5581,.T.);
#3794=ORIENTED_EDGE('',*,*,#5587,.T.);
#3795=ORIENTED_EDGE('',*,*,#5588,.F.);
#3796=ORIENTED_EDGE('',*,*,#5589,.F.);
#3797=ORIENTED_EDGE('',*,*,#5585,.T.);
#3798=ORIENTED_EDGE('',*,*,#5590,.T.);
#3799=ORIENTED_EDGE('',*,*,#5583,.F.);
#3800=ORIENTED_EDGE('',*,*,#5591,.F.);
#3801=ORIENTED_EDGE('',*,*,#5588,.T.);
#3802=ORIENTED_EDGE('',*,*,#5582,.T.);
#3803=ORIENTED_EDGE('',*,*,#5586,.T.);
#3804=ORIENTED_EDGE('',*,*,#5589,.T.);
#3805=ORIENTED_EDGE('',*,*,#5591,.T.);
#3806=ORIENTED_EDGE('',*,*,#5592,.F.);
#3807=ORIENTED_EDGE('',*,*,#5593,.F.);
#3808=ORIENTED_EDGE('',*,*,#5594,.F.);
#3809=ORIENTED_EDGE('',*,*,#5595,.F.);
#3810=ORIENTED_EDGE('',*,*,#5596,.F.);
#3811=ORIENTED_EDGE('',*,*,#5597,.F.);
#3812=ORIENTED_EDGE('',*,*,#5598,.F.);
#3813=ORIENTED_EDGE('',*,*,#5599,.F.);
#3814=ORIENTED_EDGE('',*,*,#5425,.F.);
#3815=ORIENTED_EDGE('',*,*,#5427,.F.);
#3816=ORIENTED_EDGE('',*,*,#5420,.F.);
#3817=ORIENTED_EDGE('',*,*,#5423,.F.);
#3818=ORIENTED_EDGE('',*,*,#5580,.F.);
#3819=ORIENTED_EDGE('',*,*,#5590,.F.);
#3820=ORIENTED_EDGE('',*,*,#5587,.F.);
#3821=ORIENTED_EDGE('',*,*,#5584,.F.);
#3822=ORIENTED_EDGE('',*,*,#5568,.F.);
#3823=ORIENTED_EDGE('',*,*,#5578,.F.);
#3824=ORIENTED_EDGE('',*,*,#5575,.F.);
#3825=ORIENTED_EDGE('',*,*,#5572,.F.);
#3826=ORIENTED_EDGE('',*,*,#5437,.F.);
#3827=ORIENTED_EDGE('',*,*,#5439,.F.);
#3828=ORIENTED_EDGE('',*,*,#5432,.F.);
#3829=ORIENTED_EDGE('',*,*,#5435,.F.);
#3830=ORIENTED_EDGE('',*,*,#5449,.F.);
#3831=ORIENTED_EDGE('',*,*,#5451,.F.);
#3832=ORIENTED_EDGE('',*,*,#5444,.F.);
#3833=ORIENTED_EDGE('',*,*,#5447,.F.);
#3834=ORIENTED_EDGE('',*,*,#5461,.F.);
#3835=ORIENTED_EDGE('',*,*,#5463,.F.);
#3836=ORIENTED_EDGE('',*,*,#5456,.F.);
#3837=ORIENTED_EDGE('',*,*,#5459,.F.);
#3838=ORIENTED_EDGE('',*,*,#5487,.T.);
#3839=ORIENTED_EDGE('',*,*,#5484,.T.);
#3840=ORIENTED_EDGE('',*,*,#5481,.T.);
#3841=ORIENTED_EDGE('',*,*,#5478,.T.);
#3842=ORIENTED_EDGE('',*,*,#5596,.T.);
#3843=ORIENTED_EDGE('',*,*,#5600,.F.);
#3844=ORIENTED_EDGE('',*,*,#5601,.F.);
#3845=ORIENTED_EDGE('',*,*,#5602,.T.);
#3846=ORIENTED_EDGE('',*,*,#5599,.T.);
#3847=ORIENTED_EDGE('',*,*,#5603,.F.);
#3848=ORIENTED_EDGE('',*,*,#5604,.F.);
#3849=ORIENTED_EDGE('',*,*,#5600,.T.);
#3850=ORIENTED_EDGE('',*,*,#5598,.T.);
#3851=ORIENTED_EDGE('',*,*,#5605,.F.);
#3852=ORIENTED_EDGE('',*,*,#5606,.F.);
#3853=ORIENTED_EDGE('',*,*,#5603,.T.);
#3854=ORIENTED_EDGE('',*,*,#5597,.T.);
#3855=ORIENTED_EDGE('',*,*,#5602,.F.);
#3856=ORIENTED_EDGE('',*,*,#5607,.F.);
#3857=ORIENTED_EDGE('',*,*,#5605,.T.);
#3858=ORIENTED_EDGE('',*,*,#5601,.T.);
#3859=ORIENTED_EDGE('',*,*,#5604,.T.);
#3860=ORIENTED_EDGE('',*,*,#5606,.T.);
#3861=ORIENTED_EDGE('',*,*,#5607,.T.);
#3862=ORIENTED_EDGE('',*,*,#5592,.T.);
#3863=ORIENTED_EDGE('',*,*,#5608,.F.);
#3864=ORIENTED_EDGE('',*,*,#5609,.F.);
#3865=ORIENTED_EDGE('',*,*,#5610,.T.);
#3866=ORIENTED_EDGE('',*,*,#5595,.T.);
#3867=ORIENTED_EDGE('',*,*,#5611,.F.);
#3868=ORIENTED_EDGE('',*,*,#5612,.F.);
#3869=ORIENTED_EDGE('',*,*,#5608,.T.);
#3870=ORIENTED_EDGE('',*,*,#5594,.T.);
#3871=ORIENTED_EDGE('',*,*,#5613,.F.);
#3872=ORIENTED_EDGE('',*,*,#5614,.F.);
#3873=ORIENTED_EDGE('',*,*,#5611,.T.);
#3874=ORIENTED_EDGE('',*,*,#5593,.T.);
#3875=ORIENTED_EDGE('',*,*,#5610,.F.);
#3876=ORIENTED_EDGE('',*,*,#5615,.F.);
#3877=ORIENTED_EDGE('',*,*,#5613,.T.);
#3878=ORIENTED_EDGE('',*,*,#5609,.T.);
#3879=ORIENTED_EDGE('',*,*,#5612,.T.);
#3880=ORIENTED_EDGE('',*,*,#5614,.T.);
#3881=ORIENTED_EDGE('',*,*,#5615,.T.);
#3882=ORIENTED_EDGE('',*,*,#5616,.T.);
#3883=ORIENTED_EDGE('',*,*,#5617,.F.);
#3884=ORIENTED_EDGE('',*,*,#5618,.F.);
#3885=ORIENTED_EDGE('',*,*,#5619,.T.);
#3886=ORIENTED_EDGE('',*,*,#5620,.T.);
#3887=ORIENTED_EDGE('',*,*,#5621,.F.);
#3888=ORIENTED_EDGE('',*,*,#5622,.F.);
#3889=ORIENTED_EDGE('',*,*,#5617,.T.);
#3890=ORIENTED_EDGE('',*,*,#5623,.T.);
#3891=ORIENTED_EDGE('',*,*,#5624,.F.);
#3892=ORIENTED_EDGE('',*,*,#5625,.F.);
#3893=ORIENTED_EDGE('',*,*,#5621,.T.);
#3894=ORIENTED_EDGE('',*,*,#5626,.T.);
#3895=ORIENTED_EDGE('',*,*,#5619,.F.);
#3896=ORIENTED_EDGE('',*,*,#5627,.F.);
#3897=ORIENTED_EDGE('',*,*,#5624,.T.);
#3898=ORIENTED_EDGE('',*,*,#5618,.T.);
#3899=ORIENTED_EDGE('',*,*,#5622,.T.);
#3900=ORIENTED_EDGE('',*,*,#5625,.T.);
#3901=ORIENTED_EDGE('',*,*,#5627,.T.);
#3902=ORIENTED_EDGE('',*,*,#5628,.F.);
#3903=ORIENTED_EDGE('',*,*,#5629,.F.);
#3904=ORIENTED_EDGE('',*,*,#5630,.F.);
#3905=ORIENTED_EDGE('',*,*,#5631,.F.);
#3906=ORIENTED_EDGE('',*,*,#5377,.F.);
#3907=ORIENTED_EDGE('',*,*,#5379,.F.);
#3908=ORIENTED_EDGE('',*,*,#5372,.F.);
#3909=ORIENTED_EDGE('',*,*,#5375,.F.);
#3910=ORIENTED_EDGE('',*,*,#5616,.F.);
#3911=ORIENTED_EDGE('',*,*,#5626,.F.);
#3912=ORIENTED_EDGE('',*,*,#5623,.F.);
#3913=ORIENTED_EDGE('',*,*,#5620,.F.);
#3914=ORIENTED_EDGE('',*,*,#5389,.F.);
#3915=ORIENTED_EDGE('',*,*,#5391,.F.);
#3916=ORIENTED_EDGE('',*,*,#5384,.F.);
#3917=ORIENTED_EDGE('',*,*,#5387,.F.);
#3918=ORIENTED_EDGE('',*,*,#5401,.F.);
#3919=ORIENTED_EDGE('',*,*,#5403,.F.);
#3920=ORIENTED_EDGE('',*,*,#5396,.F.);
#3921=ORIENTED_EDGE('',*,*,#5399,.F.);
#3922=ORIENTED_EDGE('',*,*,#5413,.F.);
#3923=ORIENTED_EDGE('',*,*,#5415,.F.);
#3924=ORIENTED_EDGE('',*,*,#5408,.F.);
#3925=ORIENTED_EDGE('',*,*,#5411,.F.);
#3926=ORIENTED_EDGE('',*,*,#5475,.T.);
#3927=ORIENTED_EDGE('',*,*,#5472,.T.);
#3928=ORIENTED_EDGE('',*,*,#5469,.T.);
#3929=ORIENTED_EDGE('',*,*,#5466,.T.);
#3930=ORIENTED_EDGE('',*,*,#5628,.T.);
#3931=ORIENTED_EDGE('',*,*,#5632,.F.);
#3932=ORIENTED_EDGE('',*,*,#5633,.F.);
#3933=ORIENTED_EDGE('',*,*,#5634,.T.);
#3934=ORIENTED_EDGE('',*,*,#5631,.T.);
#3935=ORIENTED_EDGE('',*,*,#5635,.F.);
#3936=ORIENTED_EDGE('',*,*,#5636,.F.);
#3937=ORIENTED_EDGE('',*,*,#5632,.T.);
#3938=ORIENTED_EDGE('',*,*,#5630,.T.);
#3939=ORIENTED_EDGE('',*,*,#5637,.F.);
#3940=ORIENTED_EDGE('',*,*,#5638,.F.);
#3941=ORIENTED_EDGE('',*,*,#5635,.T.);
#3942=ORIENTED_EDGE('',*,*,#5629,.T.);
#3943=ORIENTED_EDGE('',*,*,#5634,.F.);
#3944=ORIENTED_EDGE('',*,*,#5639,.F.);
#3945=ORIENTED_EDGE('',*,*,#5637,.T.);
#3946=ORIENTED_EDGE('',*,*,#5633,.T.);
#3947=ORIENTED_EDGE('',*,*,#5636,.T.);
#3948=ORIENTED_EDGE('',*,*,#5638,.T.);
#3949=ORIENTED_EDGE('',*,*,#5639,.T.);
#3950=ORIENTED_EDGE('',*,*,#5069,.F.);
#3951=ORIENTED_EDGE('',*,*,#5071,.F.);
#3952=ORIENTED_EDGE('',*,*,#5064,.F.);
#3953=ORIENTED_EDGE('',*,*,#5067,.F.);
#3954=ORIENTED_EDGE('',*,*,#5081,.F.);
#3955=ORIENTED_EDGE('',*,*,#5083,.F.);
#3956=ORIENTED_EDGE('',*,*,#5076,.F.);
#3957=ORIENTED_EDGE('',*,*,#5079,.F.);
#3958=ORIENTED_EDGE('',*,*,#5093,.F.);
#3959=ORIENTED_EDGE('',*,*,#5095,.F.);
#3960=ORIENTED_EDGE('',*,*,#5088,.F.);
#3961=ORIENTED_EDGE('',*,*,#5091,.F.);
#3962=ORIENTED_EDGE('',*,*,#5105,.F.);
#3963=ORIENTED_EDGE('',*,*,#5107,.F.);
#3964=ORIENTED_EDGE('',*,*,#5100,.F.);
#3965=ORIENTED_EDGE('',*,*,#5103,.F.);
#3966=ORIENTED_EDGE('',*,*,#5117,.F.);
#3967=ORIENTED_EDGE('',*,*,#5119,.F.);
#3968=ORIENTED_EDGE('',*,*,#5112,.F.);
#3969=ORIENTED_EDGE('',*,*,#5115,.F.);
#3970=ORIENTED_EDGE('',*,*,#5129,.F.);
#3971=ORIENTED_EDGE('',*,*,#5131,.F.);
#3972=ORIENTED_EDGE('',*,*,#5124,.F.);
#3973=ORIENTED_EDGE('',*,*,#5127,.F.);
#3974=ORIENTED_EDGE('',*,*,#5141,.F.);
#3975=ORIENTED_EDGE('',*,*,#5143,.F.);
#3976=ORIENTED_EDGE('',*,*,#5136,.F.);
#3977=ORIENTED_EDGE('',*,*,#5139,.F.);
#3978=ORIENTED_EDGE('',*,*,#5153,.F.);
#3979=ORIENTED_EDGE('',*,*,#5155,.F.);
#3980=ORIENTED_EDGE('',*,*,#5148,.F.);
#3981=ORIENTED_EDGE('',*,*,#5151,.F.);
#3982=ORIENTED_EDGE('',*,*,#5165,.F.);
#3983=ORIENTED_EDGE('',*,*,#5167,.F.);
#3984=ORIENTED_EDGE('',*,*,#5160,.F.);
#3985=ORIENTED_EDGE('',*,*,#5163,.F.);
#3986=ORIENTED_EDGE('',*,*,#5177,.F.);
#3987=ORIENTED_EDGE('',*,*,#5179,.F.);
#3988=ORIENTED_EDGE('',*,*,#5172,.F.);
#3989=ORIENTED_EDGE('',*,*,#5175,.F.);
#3990=ORIENTED_EDGE('',*,*,#5189,.F.);
#3991=ORIENTED_EDGE('',*,*,#5191,.F.);
#3992=ORIENTED_EDGE('',*,*,#5184,.F.);
#3993=ORIENTED_EDGE('',*,*,#5187,.F.);
#3994=ORIENTED_EDGE('',*,*,#5201,.F.);
#3995=ORIENTED_EDGE('',*,*,#5203,.F.);
#3996=ORIENTED_EDGE('',*,*,#5196,.F.);
#3997=ORIENTED_EDGE('',*,*,#5199,.F.);
#3998=ORIENTED_EDGE('',*,*,#5213,.F.);
#3999=ORIENTED_EDGE('',*,*,#5215,.F.);
#4000=ORIENTED_EDGE('',*,*,#5208,.F.);
#4001=ORIENTED_EDGE('',*,*,#5211,.F.);
#4002=ORIENTED_EDGE('',*,*,#5225,.F.);
#4003=ORIENTED_EDGE('',*,*,#5227,.F.);
#4004=ORIENTED_EDGE('',*,*,#5220,.F.);
#4005=ORIENTED_EDGE('',*,*,#5223,.F.);
#4006=ORIENTED_EDGE('',*,*,#5237,.F.);
#4007=ORIENTED_EDGE('',*,*,#5239,.F.);
#4008=ORIENTED_EDGE('',*,*,#5232,.F.);
#4009=ORIENTED_EDGE('',*,*,#5235,.F.);
#4010=ORIENTED_EDGE('',*,*,#5249,.F.);
#4011=ORIENTED_EDGE('',*,*,#5251,.F.);
#4012=ORIENTED_EDGE('',*,*,#5244,.F.);
#4013=ORIENTED_EDGE('',*,*,#5247,.F.);
#4014=ORIENTED_EDGE('',*,*,#5261,.F.);
#4015=ORIENTED_EDGE('',*,*,#5263,.F.);
#4016=ORIENTED_EDGE('',*,*,#5256,.F.);
#4017=ORIENTED_EDGE('',*,*,#5259,.F.);
#4018=ORIENTED_EDGE('',*,*,#5273,.F.);
#4019=ORIENTED_EDGE('',*,*,#5275,.F.);
#4020=ORIENTED_EDGE('',*,*,#5268,.F.);
#4021=ORIENTED_EDGE('',*,*,#5271,.F.);
#4022=ORIENTED_EDGE('',*,*,#5285,.F.);
#4023=ORIENTED_EDGE('',*,*,#5287,.F.);
#4024=ORIENTED_EDGE('',*,*,#5280,.F.);
#4025=ORIENTED_EDGE('',*,*,#5283,.F.);
#4026=ORIENTED_EDGE('',*,*,#5297,.F.);
#4027=ORIENTED_EDGE('',*,*,#5299,.F.);
#4028=ORIENTED_EDGE('',*,*,#5292,.F.);
#4029=ORIENTED_EDGE('',*,*,#5295,.F.);
#4030=ORIENTED_EDGE('',*,*,#5309,.F.);
#4031=ORIENTED_EDGE('',*,*,#5311,.F.);
#4032=ORIENTED_EDGE('',*,*,#5304,.F.);
#4033=ORIENTED_EDGE('',*,*,#5307,.F.);
#4034=ORIENTED_EDGE('',*,*,#5321,.F.);
#4035=ORIENTED_EDGE('',*,*,#5323,.F.);
#4036=ORIENTED_EDGE('',*,*,#5316,.F.);
#4037=ORIENTED_EDGE('',*,*,#5319,.F.);
#4038=ORIENTED_EDGE('',*,*,#5333,.F.);
#4039=ORIENTED_EDGE('',*,*,#5335,.F.);
#4040=ORIENTED_EDGE('',*,*,#5328,.F.);
#4041=ORIENTED_EDGE('',*,*,#5331,.F.);
#4042=ORIENTED_EDGE('',*,*,#5345,.F.);
#4043=ORIENTED_EDGE('',*,*,#5347,.F.);
#4044=ORIENTED_EDGE('',*,*,#5340,.F.);
#4045=ORIENTED_EDGE('',*,*,#5343,.F.);
#4046=ORIENTED_EDGE('',*,*,#5357,.F.);
#4047=ORIENTED_EDGE('',*,*,#5359,.F.);
#4048=ORIENTED_EDGE('',*,*,#5352,.F.);
#4049=ORIENTED_EDGE('',*,*,#5355,.F.);
#4050=ORIENTED_EDGE('',*,*,#5365,.F.);
#4051=ORIENTED_EDGE('',*,*,#5367,.F.);
#4052=ORIENTED_EDGE('',*,*,#5360,.F.);
#4053=ORIENTED_EDGE('',*,*,#5363,.F.);
#4054=ORIENTED_EDGE('',*,*,#5640,.F.);
#4055=ORIENTED_EDGE('',*,*,#5529,.F.);
#4056=ORIENTED_EDGE('',*,*,#5641,.F.);
#4057=ORIENTED_EDGE('',*,*,#5537,.F.);
#4058=ORIENTED_EDGE('',*,*,#5563,.T.);
#4059=ORIENTED_EDGE('',*,*,#5560,.T.);
#4060=ORIENTED_EDGE('',*,*,#5557,.T.);
#4061=ORIENTED_EDGE('',*,*,#5554,.T.);
#4062=ORIENTED_EDGE('',*,*,#5551,.T.);
#4063=ORIENTED_EDGE('',*,*,#5548,.T.);
#4064=ORIENTED_EDGE('',*,*,#5545,.T.);
#4065=ORIENTED_EDGE('',*,*,#5542,.T.);
#4066=ORIENTED_EDGE('',*,*,#5642,.F.);
#4067=ORIENTED_EDGE('',*,*,#5533,.F.);
#4068=ORIENTED_EDGE('',*,*,#5643,.F.);
#4069=ORIENTED_EDGE('',*,*,#5525,.F.);
#4070=ORIENTED_EDGE('',*,*,#5521,.F.);
#4071=ORIENTED_EDGE('',*,*,#5523,.F.);
#4072=ORIENTED_EDGE('',*,*,#5516,.F.);
#4073=ORIENTED_EDGE('',*,*,#5519,.F.);
#4074=ORIENTED_EDGE('',*,*,#5509,.F.);
#4075=ORIENTED_EDGE('',*,*,#5511,.F.);
#4076=ORIENTED_EDGE('',*,*,#5504,.F.);
#4077=ORIENTED_EDGE('',*,*,#5507,.F.);
#4078=ORIENTED_EDGE('',*,*,#5497,.F.);
#4079=ORIENTED_EDGE('',*,*,#5499,.F.);
#4080=ORIENTED_EDGE('',*,*,#5492,.F.);
#4081=ORIENTED_EDGE('',*,*,#5495,.F.);
#4082=ORIENTED_EDGE('',*,*,#5641,.T.);
#4083=ORIENTED_EDGE('',*,*,#5536,.T.);
#4084=ORIENTED_EDGE('',*,*,#5567,.F.);
#4085=ORIENTED_EDGE('',*,*,#5538,.F.);
#4086=ORIENTED_EDGE('',*,*,#5642,.T.);
#4087=ORIENTED_EDGE('',*,*,#5532,.T.);
#4088=ORIENTED_EDGE('',*,*,#5566,.F.);
#4089=ORIENTED_EDGE('',*,*,#5534,.F.);
#4090=ORIENTED_EDGE('',*,*,#5640,.T.);
#4091=ORIENTED_EDGE('',*,*,#5528,.T.);
#4092=ORIENTED_EDGE('',*,*,#5565,.F.);
#4093=ORIENTED_EDGE('',*,*,#5530,.F.);
#4094=ORIENTED_EDGE('',*,*,#5643,.T.);
#4095=ORIENTED_EDGE('',*,*,#5524,.T.);
#4096=ORIENTED_EDGE('',*,*,#5564,.F.);
#4097=ORIENTED_EDGE('',*,*,#5526,.F.);
#4098=ORIENTED_EDGE('',*,*,#5049,.T.);
#4099=ORIENTED_EDGE('',*,*,#5644,.F.);
#4100=ORIENTED_EDGE('',*,*,#5645,.T.);
#4101=ORIENTED_EDGE('',*,*,#5646,.T.);
#4102=ORIENTED_EDGE('',*,*,#5055,.T.);
#4103=ORIENTED_EDGE('',*,*,#5647,.F.);
#4104=ORIENTED_EDGE('',*,*,#5648,.T.);
#4105=ORIENTED_EDGE('',*,*,#5644,.T.);
#4106=ORIENTED_EDGE('',*,*,#5054,.T.);
#4107=ORIENTED_EDGE('',*,*,#5649,.F.);
#4108=ORIENTED_EDGE('',*,*,#5650,.T.);
#4109=ORIENTED_EDGE('',*,*,#5647,.T.);
#4110=ORIENTED_EDGE('',*,*,#5053,.T.);
#4111=ORIENTED_EDGE('',*,*,#5651,.F.);
#4112=ORIENTED_EDGE('',*,*,#5652,.T.);
#4113=ORIENTED_EDGE('',*,*,#5649,.T.);
#4114=ORIENTED_EDGE('',*,*,#5052,.T.);
#4115=ORIENTED_EDGE('',*,*,#5653,.F.);
#4116=ORIENTED_EDGE('',*,*,#5654,.T.);
#4117=ORIENTED_EDGE('',*,*,#5651,.T.);
#4118=ORIENTED_EDGE('',*,*,#5051,.T.);
#4119=ORIENTED_EDGE('',*,*,#5655,.F.);
#4120=ORIENTED_EDGE('',*,*,#5656,.T.);
#4121=ORIENTED_EDGE('',*,*,#5653,.T.);
#4122=ORIENTED_EDGE('',*,*,#5050,.T.);
#4123=ORIENTED_EDGE('',*,*,#5646,.F.);
#4124=ORIENTED_EDGE('',*,*,#5657,.T.);
#4125=ORIENTED_EDGE('',*,*,#5655,.T.);
#4126=ORIENTED_EDGE('',*,*,#5645,.F.);
#4127=ORIENTED_EDGE('',*,*,#5648,.F.);
#4128=ORIENTED_EDGE('',*,*,#5650,.F.);
#4129=ORIENTED_EDGE('',*,*,#5652,.F.);
#4130=ORIENTED_EDGE('',*,*,#5654,.F.);
#4131=ORIENTED_EDGE('',*,*,#5656,.F.);
#4132=ORIENTED_EDGE('',*,*,#5657,.F.);
#4133=ORIENTED_EDGE('',*,*,#5658,.T.);
#4134=ORIENTED_EDGE('',*,*,#5659,.F.);
#4135=ORIENTED_EDGE('',*,*,#5660,.T.);
#4136=ORIENTED_EDGE('',*,*,#5661,.T.);
#4137=ORIENTED_EDGE('',*,*,#5662,.T.);
#4138=ORIENTED_EDGE('',*,*,#5663,.F.);
#4139=ORIENTED_EDGE('',*,*,#5664,.T.);
#4140=ORIENTED_EDGE('',*,*,#5659,.T.);
#4141=ORIENTED_EDGE('',*,*,#5041,.T.);
#4142=ORIENTED_EDGE('',*,*,#5665,.F.);
#4143=ORIENTED_EDGE('',*,*,#5666,.T.);
#4144=ORIENTED_EDGE('',*,*,#5667,.T.);
#4145=ORIENTED_EDGE('',*,*,#5048,.T.);
#4146=ORIENTED_EDGE('',*,*,#5668,.F.);
#4147=ORIENTED_EDGE('',*,*,#5669,.T.);
#4148=ORIENTED_EDGE('',*,*,#5665,.T.);
#4149=ORIENTED_EDGE('',*,*,#5047,.T.);
#4150=ORIENTED_EDGE('',*,*,#5670,.F.);
#4151=ORIENTED_EDGE('',*,*,#5671,.T.);
#4152=ORIENTED_EDGE('',*,*,#5668,.T.);
#4153=ORIENTED_EDGE('',*,*,#5046,.T.);
#4154=ORIENTED_EDGE('',*,*,#5672,.F.);
#4155=ORIENTED_EDGE('',*,*,#5673,.T.);
#4156=ORIENTED_EDGE('',*,*,#5670,.T.);
#4157=ORIENTED_EDGE('',*,*,#5045,.T.);
#4158=ORIENTED_EDGE('',*,*,#5674,.F.);
#4159=ORIENTED_EDGE('',*,*,#5675,.T.);
#4160=ORIENTED_EDGE('',*,*,#5672,.T.);
#4161=ORIENTED_EDGE('',*,*,#5044,.T.);
#4162=ORIENTED_EDGE('',*,*,#5676,.F.);
#4163=ORIENTED_EDGE('',*,*,#5677,.T.);
#4164=ORIENTED_EDGE('',*,*,#5674,.T.);
#4165=ORIENTED_EDGE('',*,*,#5043,.T.);
#4166=ORIENTED_EDGE('',*,*,#5678,.F.);
#4167=ORIENTED_EDGE('',*,*,#5679,.T.);
#4168=ORIENTED_EDGE('',*,*,#5676,.T.);
#4169=ORIENTED_EDGE('',*,*,#5042,.T.);
#4170=ORIENTED_EDGE('',*,*,#5667,.F.);
#4171=ORIENTED_EDGE('',*,*,#5680,.T.);
#4172=ORIENTED_EDGE('',*,*,#5678,.T.);
#4173=ORIENTED_EDGE('',*,*,#5681,.T.);
#4174=ORIENTED_EDGE('',*,*,#5661,.F.);
#4175=ORIENTED_EDGE('',*,*,#5682,.T.);
#4176=ORIENTED_EDGE('',*,*,#5663,.T.);
#4177=ORIENTED_EDGE('',*,*,#5666,.F.);
#4178=ORIENTED_EDGE('',*,*,#5669,.F.);
#4179=ORIENTED_EDGE('',*,*,#5671,.F.);
#4180=ORIENTED_EDGE('',*,*,#5673,.F.);
#4181=ORIENTED_EDGE('',*,*,#5675,.F.);
#4182=ORIENTED_EDGE('',*,*,#5677,.F.);
#4183=ORIENTED_EDGE('',*,*,#5679,.F.);
#4184=ORIENTED_EDGE('',*,*,#5680,.F.);
#4185=ORIENTED_EDGE('',*,*,#5660,.F.);
#4186=ORIENTED_EDGE('',*,*,#5664,.F.);
#4187=ORIENTED_EDGE('',*,*,#5682,.F.);
#4188=ORIENTED_EDGE('',*,*,#5683,.T.);
#4189=ORIENTED_EDGE('',*,*,#5684,.F.);
#4190=ORIENTED_EDGE('',*,*,#5685,.T.);
#4191=ORIENTED_EDGE('',*,*,#5686,.T.);
#4192=ORIENTED_EDGE('',*,*,#5035,.T.);
#4193=ORIENTED_EDGE('',*,*,#5687,.F.);
#4194=ORIENTED_EDGE('',*,*,#5688,.T.);
#4195=ORIENTED_EDGE('',*,*,#5689,.T.);
#4196=ORIENTED_EDGE('',*,*,#5040,.T.);
#4197=ORIENTED_EDGE('',*,*,#5690,.F.);
#4198=ORIENTED_EDGE('',*,*,#5691,.T.);
#4199=ORIENTED_EDGE('',*,*,#5687,.T.);
#4200=ORIENTED_EDGE('',*,*,#5039,.T.);
#4201=ORIENTED_EDGE('',*,*,#5692,.F.);
#4202=ORIENTED_EDGE('',*,*,#5693,.T.);
#4203=ORIENTED_EDGE('',*,*,#5690,.T.);
#4204=ORIENTED_EDGE('',*,*,#5038,.T.);
#4205=ORIENTED_EDGE('',*,*,#5694,.F.);
#4206=ORIENTED_EDGE('',*,*,#5695,.T.);
#4207=ORIENTED_EDGE('',*,*,#5692,.T.);
#4208=ORIENTED_EDGE('',*,*,#5037,.T.);
#4209=ORIENTED_EDGE('',*,*,#5696,.F.);
#4210=ORIENTED_EDGE('',*,*,#5697,.T.);
#4211=ORIENTED_EDGE('',*,*,#5694,.T.);
#4212=ORIENTED_EDGE('',*,*,#5036,.T.);
#4213=ORIENTED_EDGE('',*,*,#5689,.F.);
#4214=ORIENTED_EDGE('',*,*,#5698,.T.);
#4215=ORIENTED_EDGE('',*,*,#5696,.T.);
#4216=ORIENTED_EDGE('',*,*,#5699,.T.);
#4217=ORIENTED_EDGE('',*,*,#5686,.F.);
#4218=ORIENTED_EDGE('',*,*,#5700,.T.);
#4219=ORIENTED_EDGE('',*,*,#5684,.T.);
#4220=ORIENTED_EDGE('',*,*,#5688,.F.);
#4221=ORIENTED_EDGE('',*,*,#5691,.F.);
#4222=ORIENTED_EDGE('',*,*,#5693,.F.);
#4223=ORIENTED_EDGE('',*,*,#5695,.F.);
#4224=ORIENTED_EDGE('',*,*,#5697,.F.);
#4225=ORIENTED_EDGE('',*,*,#5698,.F.);
#4226=ORIENTED_EDGE('',*,*,#5685,.F.);
#4227=ORIENTED_EDGE('',*,*,#5700,.F.);
#4228=ORIENTED_EDGE('',*,*,#5701,.T.);
#4229=ORIENTED_EDGE('',*,*,#5702,.F.);
#4230=ORIENTED_EDGE('',*,*,#5703,.T.);
#4231=ORIENTED_EDGE('',*,*,#5704,.T.);
#4232=ORIENTED_EDGE('',*,*,#5705,.T.);
#4233=ORIENTED_EDGE('',*,*,#5706,.F.);
#4234=ORIENTED_EDGE('',*,*,#5707,.T.);
#4235=ORIENTED_EDGE('',*,*,#5702,.T.);
#4236=ORIENTED_EDGE('',*,*,#5027,.T.);
#4237=ORIENTED_EDGE('',*,*,#5708,.F.);
#4238=ORIENTED_EDGE('',*,*,#5709,.T.);
#4239=ORIENTED_EDGE('',*,*,#5710,.T.);
#4240=ORIENTED_EDGE('',*,*,#5034,.T.);
#4241=ORIENTED_EDGE('',*,*,#5711,.F.);
#4242=ORIENTED_EDGE('',*,*,#5712,.T.);
#4243=ORIENTED_EDGE('',*,*,#5708,.T.);
#4244=ORIENTED_EDGE('',*,*,#5033,.T.);
#4245=ORIENTED_EDGE('',*,*,#5713,.F.);
#4246=ORIENTED_EDGE('',*,*,#5714,.T.);
#4247=ORIENTED_EDGE('',*,*,#5711,.T.);
#4248=ORIENTED_EDGE('',*,*,#5032,.T.);
#4249=ORIENTED_EDGE('',*,*,#5715,.F.);
#4250=ORIENTED_EDGE('',*,*,#5716,.T.);
#4251=ORIENTED_EDGE('',*,*,#5713,.T.);
#4252=ORIENTED_EDGE('',*,*,#5031,.T.);
#4253=ORIENTED_EDGE('',*,*,#5717,.F.);
#4254=ORIENTED_EDGE('',*,*,#5718,.T.);
#4255=ORIENTED_EDGE('',*,*,#5715,.T.);
#4256=ORIENTED_EDGE('',*,*,#5030,.T.);
#4257=ORIENTED_EDGE('',*,*,#5719,.F.);
#4258=ORIENTED_EDGE('',*,*,#5720,.T.);
#4259=ORIENTED_EDGE('',*,*,#5717,.T.);
#4260=ORIENTED_EDGE('',*,*,#5029,.T.);
#4261=ORIENTED_EDGE('',*,*,#5721,.F.);
#4262=ORIENTED_EDGE('',*,*,#5722,.T.);
#4263=ORIENTED_EDGE('',*,*,#5719,.T.);
#4264=ORIENTED_EDGE('',*,*,#5028,.T.);
#4265=ORIENTED_EDGE('',*,*,#5710,.F.);
#4266=ORIENTED_EDGE('',*,*,#5723,.T.);
#4267=ORIENTED_EDGE('',*,*,#5721,.T.);
#4268=ORIENTED_EDGE('',*,*,#5724,.T.);
#4269=ORIENTED_EDGE('',*,*,#5704,.F.);
#4270=ORIENTED_EDGE('',*,*,#5725,.T.);
#4271=ORIENTED_EDGE('',*,*,#5706,.T.);
#4272=ORIENTED_EDGE('',*,*,#5709,.F.);
#4273=ORIENTED_EDGE('',*,*,#5712,.F.);
#4274=ORIENTED_EDGE('',*,*,#5714,.F.);
#4275=ORIENTED_EDGE('',*,*,#5716,.F.);
#4276=ORIENTED_EDGE('',*,*,#5718,.F.);
#4277=ORIENTED_EDGE('',*,*,#5720,.F.);
#4278=ORIENTED_EDGE('',*,*,#5722,.F.);
#4279=ORIENTED_EDGE('',*,*,#5723,.F.);
#4280=ORIENTED_EDGE('',*,*,#5703,.F.);
#4281=ORIENTED_EDGE('',*,*,#5707,.F.);
#4282=ORIENTED_EDGE('',*,*,#5725,.F.);
#4283=ORIENTED_EDGE('',*,*,#5020,.T.);
#4284=ORIENTED_EDGE('',*,*,#5726,.F.);
#4285=ORIENTED_EDGE('',*,*,#5727,.T.);
#4286=ORIENTED_EDGE('',*,*,#5728,.T.);
#4287=ORIENTED_EDGE('',*,*,#5026,.T.);
#4288=ORIENTED_EDGE('',*,*,#5729,.F.);
#4289=ORIENTED_EDGE('',*,*,#5730,.T.);
#4290=ORIENTED_EDGE('',*,*,#5726,.T.);
#4291=ORIENTED_EDGE('',*,*,#5025,.T.);
#4292=ORIENTED_EDGE('',*,*,#5731,.F.);
#4293=ORIENTED_EDGE('',*,*,#5732,.T.);
#4294=ORIENTED_EDGE('',*,*,#5729,.T.);
#4295=ORIENTED_EDGE('',*,*,#5024,.T.);
#4296=ORIENTED_EDGE('',*,*,#5733,.F.);
#4297=ORIENTED_EDGE('',*,*,#5734,.T.);
#4298=ORIENTED_EDGE('',*,*,#5731,.T.);
#4299=ORIENTED_EDGE('',*,*,#5023,.T.);
#4300=ORIENTED_EDGE('',*,*,#5735,.F.);
#4301=ORIENTED_EDGE('',*,*,#5736,.T.);
#4302=ORIENTED_EDGE('',*,*,#5733,.T.);
#4303=ORIENTED_EDGE('',*,*,#5022,.T.);
#4304=ORIENTED_EDGE('',*,*,#5737,.F.);
#4305=ORIENTED_EDGE('',*,*,#5738,.T.);
#4306=ORIENTED_EDGE('',*,*,#5735,.T.);
#4307=ORIENTED_EDGE('',*,*,#5021,.T.);
#4308=ORIENTED_EDGE('',*,*,#5728,.F.);
#4309=ORIENTED_EDGE('',*,*,#5739,.T.);
#4310=ORIENTED_EDGE('',*,*,#5737,.T.);
#4311=ORIENTED_EDGE('',*,*,#5727,.F.);
#4312=ORIENTED_EDGE('',*,*,#5730,.F.);
#4313=ORIENTED_EDGE('',*,*,#5732,.F.);
#4314=ORIENTED_EDGE('',*,*,#5734,.F.);
#4315=ORIENTED_EDGE('',*,*,#5736,.F.);
#4316=ORIENTED_EDGE('',*,*,#5738,.F.);
#4317=ORIENTED_EDGE('',*,*,#5739,.F.);
#4318=ORIENTED_EDGE('',*,*,#5016,.T.);
#4319=ORIENTED_EDGE('',*,*,#5740,.F.);
#4320=ORIENTED_EDGE('',*,*,#5741,.T.);
#4321=ORIENTED_EDGE('',*,*,#5742,.T.);
#4322=ORIENTED_EDGE('',*,*,#5019,.T.);
#4323=ORIENTED_EDGE('',*,*,#5743,.F.);
#4324=ORIENTED_EDGE('',*,*,#5744,.T.);
#4325=ORIENTED_EDGE('',*,*,#5740,.T.);
#4326=ORIENTED_EDGE('',*,*,#5018,.T.);
#4327=ORIENTED_EDGE('',*,*,#5745,.F.);
#4328=ORIENTED_EDGE('',*,*,#5746,.T.);
#4329=ORIENTED_EDGE('',*,*,#5743,.T.);
#4330=ORIENTED_EDGE('',*,*,#5017,.T.);
#4331=ORIENTED_EDGE('',*,*,#5742,.F.);
#4332=ORIENTED_EDGE('',*,*,#5747,.T.);
#4333=ORIENTED_EDGE('',*,*,#5745,.T.);
#4334=ORIENTED_EDGE('',*,*,#5741,.F.);
#4335=ORIENTED_EDGE('',*,*,#5744,.F.);
#4336=ORIENTED_EDGE('',*,*,#5746,.F.);
#4337=ORIENTED_EDGE('',*,*,#5747,.F.);
#4338=ORIENTED_EDGE('',*,*,#5008,.T.);
#4339=ORIENTED_EDGE('',*,*,#5748,.F.);
#4340=ORIENTED_EDGE('',*,*,#5749,.T.);
#4341=ORIENTED_EDGE('',*,*,#5750,.T.);
#4342=ORIENTED_EDGE('',*,*,#5015,.T.);
#4343=ORIENTED_EDGE('',*,*,#5751,.F.);
#4344=ORIENTED_EDGE('',*,*,#5752,.T.);
#4345=ORIENTED_EDGE('',*,*,#5748,.T.);
#4346=ORIENTED_EDGE('',*,*,#5014,.T.);
#4347=ORIENTED_EDGE('',*,*,#5753,.F.);
#4348=ORIENTED_EDGE('',*,*,#5754,.T.);
#4349=ORIENTED_EDGE('',*,*,#5751,.T.);
#4350=ORIENTED_EDGE('',*,*,#5013,.T.);
#4351=ORIENTED_EDGE('',*,*,#5755,.F.);
#4352=ORIENTED_EDGE('',*,*,#5756,.T.);
#4353=ORIENTED_EDGE('',*,*,#5753,.T.);
#4354=ORIENTED_EDGE('',*,*,#5012,.T.);
#4355=ORIENTED_EDGE('',*,*,#5757,.F.);
#4356=ORIENTED_EDGE('',*,*,#5758,.T.);
#4357=ORIENTED_EDGE('',*,*,#5755,.T.);
#4358=ORIENTED_EDGE('',*,*,#5011,.T.);
#4359=ORIENTED_EDGE('',*,*,#5759,.F.);
#4360=ORIENTED_EDGE('',*,*,#5760,.T.);
#4361=ORIENTED_EDGE('',*,*,#5757,.T.);
#4362=ORIENTED_EDGE('',*,*,#5010,.T.);
#4363=ORIENTED_EDGE('',*,*,#5761,.F.);
#4364=ORIENTED_EDGE('',*,*,#5762,.T.);
#4365=ORIENTED_EDGE('',*,*,#5759,.T.);
#4366=ORIENTED_EDGE('',*,*,#5009,.T.);
#4367=ORIENTED_EDGE('',*,*,#5750,.F.);
#4368=ORIENTED_EDGE('',*,*,#5763,.T.);
#4369=ORIENTED_EDGE('',*,*,#5761,.T.);
#4370=ORIENTED_EDGE('',*,*,#5749,.F.);
#4371=ORIENTED_EDGE('',*,*,#5752,.F.);
#4372=ORIENTED_EDGE('',*,*,#5754,.F.);
#4373=ORIENTED_EDGE('',*,*,#5756,.F.);
#4374=ORIENTED_EDGE('',*,*,#5758,.F.);
#4375=ORIENTED_EDGE('',*,*,#5760,.F.);
#4376=ORIENTED_EDGE('',*,*,#5762,.F.);
#4377=ORIENTED_EDGE('',*,*,#5763,.F.);
#4378=ORIENTED_EDGE('',*,*,#5004,.T.);
#4379=ORIENTED_EDGE('',*,*,#5764,.F.);
#4380=ORIENTED_EDGE('',*,*,#5765,.T.);
#4381=ORIENTED_EDGE('',*,*,#5766,.T.);
#4382=ORIENTED_EDGE('',*,*,#5007,.T.);
#4383=ORIENTED_EDGE('',*,*,#5767,.F.);
#4384=ORIENTED_EDGE('',*,*,#5768,.T.);
#4385=ORIENTED_EDGE('',*,*,#5764,.T.);
#4386=ORIENTED_EDGE('',*,*,#5006,.T.);
#4387=ORIENTED_EDGE('',*,*,#5769,.F.);
#4388=ORIENTED_EDGE('',*,*,#5770,.T.);
#4389=ORIENTED_EDGE('',*,*,#5767,.T.);
#4390=ORIENTED_EDGE('',*,*,#5005,.T.);
#4391=ORIENTED_EDGE('',*,*,#5766,.F.);
#4392=ORIENTED_EDGE('',*,*,#5771,.T.);
#4393=ORIENTED_EDGE('',*,*,#5769,.T.);
#4394=ORIENTED_EDGE('',*,*,#5765,.F.);
#4395=ORIENTED_EDGE('',*,*,#5768,.F.);
#4396=ORIENTED_EDGE('',*,*,#5770,.F.);
#4397=ORIENTED_EDGE('',*,*,#5771,.F.);
#4398=ORIENTED_EDGE('',*,*,#5000,.T.);
#4399=ORIENTED_EDGE('',*,*,#5772,.F.);
#4400=ORIENTED_EDGE('',*,*,#5773,.T.);
#4401=ORIENTED_EDGE('',*,*,#5774,.T.);
#4402=ORIENTED_EDGE('',*,*,#5003,.T.);
#4403=ORIENTED_EDGE('',*,*,#5775,.F.);
#4404=ORIENTED_EDGE('',*,*,#5776,.T.);
#4405=ORIENTED_EDGE('',*,*,#5772,.T.);
#4406=ORIENTED_EDGE('',*,*,#5002,.T.);
#4407=ORIENTED_EDGE('',*,*,#5777,.F.);
#4408=ORIENTED_EDGE('',*,*,#5778,.T.);
#4409=ORIENTED_EDGE('',*,*,#5775,.T.);
#4410=ORIENTED_EDGE('',*,*,#5001,.T.);
#4411=ORIENTED_EDGE('',*,*,#5774,.F.);
#4412=ORIENTED_EDGE('',*,*,#5779,.T.);
#4413=ORIENTED_EDGE('',*,*,#5777,.T.);
#4414=ORIENTED_EDGE('',*,*,#5773,.F.);
#4415=ORIENTED_EDGE('',*,*,#5776,.F.);
#4416=ORIENTED_EDGE('',*,*,#5778,.F.);
#4417=ORIENTED_EDGE('',*,*,#5779,.F.);
#4418=ORIENTED_EDGE('',*,*,#4994,.T.);
#4419=ORIENTED_EDGE('',*,*,#5780,.F.);
#4420=ORIENTED_EDGE('',*,*,#5781,.T.);
#4421=ORIENTED_EDGE('',*,*,#5782,.T.);
#4422=ORIENTED_EDGE('',*,*,#4999,.T.);
#4423=ORIENTED_EDGE('',*,*,#5783,.F.);
#4424=ORIENTED_EDGE('',*,*,#5784,.T.);
#4425=ORIENTED_EDGE('',*,*,#5780,.T.);
#4426=ORIENTED_EDGE('',*,*,#4998,.T.);
#4427=ORIENTED_EDGE('',*,*,#5785,.F.);
#4428=ORIENTED_EDGE('',*,*,#5786,.T.);
#4429=ORIENTED_EDGE('',*,*,#5783,.T.);
#4430=ORIENTED_EDGE('',*,*,#4997,.T.);
#4431=ORIENTED_EDGE('',*,*,#5787,.F.);
#4432=ORIENTED_EDGE('',*,*,#5788,.T.);
#4433=ORIENTED_EDGE('',*,*,#5785,.T.);
#4434=ORIENTED_EDGE('',*,*,#4996,.T.);
#4435=ORIENTED_EDGE('',*,*,#5789,.F.);
#4436=ORIENTED_EDGE('',*,*,#5790,.T.);
#4437=ORIENTED_EDGE('',*,*,#5787,.T.);
#4438=ORIENTED_EDGE('',*,*,#4995,.T.);
#4439=ORIENTED_EDGE('',*,*,#5782,.F.);
#4440=ORIENTED_EDGE('',*,*,#5791,.T.);
#4441=ORIENTED_EDGE('',*,*,#5789,.T.);
#4442=ORIENTED_EDGE('',*,*,#5792,.T.);
#4443=ORIENTED_EDGE('',*,*,#5793,.T.);
#4444=ORIENTED_EDGE('',*,*,#5781,.F.);
#4445=ORIENTED_EDGE('',*,*,#5784,.F.);
#4446=ORIENTED_EDGE('',*,*,#5786,.F.);
#4447=ORIENTED_EDGE('',*,*,#5788,.F.);
#4448=ORIENTED_EDGE('',*,*,#5790,.F.);
#4449=ORIENTED_EDGE('',*,*,#5791,.F.);
#4450=ORIENTED_EDGE('',*,*,#5792,.F.);
#4451=ORIENTED_EDGE('',*,*,#5793,.F.);
#4452=ORIENTED_EDGE('',*,*,#5658,.F.);
#4453=ORIENTED_EDGE('',*,*,#5681,.F.);
#4454=ORIENTED_EDGE('',*,*,#5662,.F.);
#4455=ORIENTED_EDGE('',*,*,#5683,.F.);
#4456=ORIENTED_EDGE('',*,*,#5699,.F.);
#4457=ORIENTED_EDGE('',*,*,#5701,.F.);
#4458=ORIENTED_EDGE('',*,*,#5724,.F.);
#4459=ORIENTED_EDGE('',*,*,#5705,.F.);
#4460=VERTEX_POINT('',#7602);
#4461=VERTEX_POINT('',#7603);
#4462=VERTEX_POINT('',#7608);
#4463=VERTEX_POINT('',#7613);
#4464=VERTEX_POINT('',#7636);
#4465=VERTEX_POINT('',#7641);
#4466=VERTEX_POINT('',#7650);
#4467=VERTEX_POINT('',#7651);
#4468=VERTEX_POINT('',#7656);
#4469=VERTEX_POINT('',#7661);
#4470=VERTEX_POINT('',#7670);
#4471=VERTEX_POINT('',#7671);
#4472=VERTEX_POINT('',#7676);
#4473=VERTEX_POINT('',#7681);
#4474=VERTEX_POINT('',#7690);
#4475=VERTEX_POINT('',#7691);
#4476=VERTEX_POINT('',#7696);
#4477=VERTEX_POINT('',#7701);
#4478=VERTEX_POINT('',#7708);
#4479=VERTEX_POINT('',#7717);
#4480=VERTEX_POINT('',#7722);
#4481=VERTEX_POINT('',#7739);
#4482=VERTEX_POINT('',#7748);
#4483=VERTEX_POINT('',#7749);
#4484=VERTEX_POINT('',#7770);
#4485=VERTEX_POINT('',#7775);
#4486=VERTEX_POINT('',#7798);
#4487=VERTEX_POINT('',#7799);
#4488=VERTEX_POINT('',#7804);
#4489=VERTEX_POINT('',#7809);
#4490=VERTEX_POINT('',#7818);
#4491=VERTEX_POINT('',#7823);
#4492=VERTEX_POINT('',#7836);
#4493=VERTEX_POINT('',#7845);
#4494=VERTEX_POINT('',#7846);
#4495=VERTEX_POINT('',#7861);
#4496=VERTEX_POINT('',#7868);
#4497=VERTEX_POINT('',#7881);
#4498=VERTEX_POINT('',#7886);
#4499=VERTEX_POINT('',#7909);
#4500=VERTEX_POINT('',#7914);
#4501=VERTEX_POINT('',#7923);
#4502=VERTEX_POINT('',#7924);
#4503=VERTEX_POINT('',#7945);
#4504=VERTEX_POINT('',#7950);
#4505=VERTEX_POINT('',#7955);
#4506=VERTEX_POINT('',#7960);
#4507=VERTEX_POINT('',#7969);
#4508=VERTEX_POINT('',#7970);
#4509=VERTEX_POINT('',#7985);
#4510=VERTEX_POINT('',#7992);
#4511=VERTEX_POINT('',#8005);
#4512=VERTEX_POINT('',#8010);
#4513=VERTEX_POINT('',#8033);
#4514=VERTEX_POINT('',#8038);
#4515=VERTEX_POINT('',#8047);
#4516=VERTEX_POINT('',#8048);
#4517=VERTEX_POINT('',#8053);
#4518=VERTEX_POINT('',#8058);
#4519=VERTEX_POINT('',#8067);
#4520=VERTEX_POINT('',#8072);
#4521=VERTEX_POINT('',#8085);
#4522=VERTEX_POINT('',#8091);
#4523=VERTEX_POINT('',#8092);
#4524=VERTEX_POINT('',#8094);
#4525=VERTEX_POINT('',#8096);
#4526=VERTEX_POINT('',#8100);
#4527=VERTEX_POINT('',#8101);
#4528=VERTEX_POINT('',#8103);
#4529=VERTEX_POINT('',#8105);
#4530=VERTEX_POINT('',#8109);
#4531=VERTEX_POINT('',#8110);
#4532=VERTEX_POINT('',#8115);
#4533=VERTEX_POINT('',#8119);
#4534=VERTEX_POINT('',#8125);
#4535=VERTEX_POINT('',#8126);
#4536=VERTEX_POINT('',#8128);
#4537=VERTEX_POINT('',#8130);
#4538=VERTEX_POINT('',#8134);
#4539=VERTEX_POINT('',#8135);
#4540=VERTEX_POINT('',#8140);
#4541=VERTEX_POINT('',#8144);
#4542=VERTEX_POINT('',#8150);
#4543=VERTEX_POINT('',#8151);
#4544=VERTEX_POINT('',#8153);
#4545=VERTEX_POINT('',#8155);
#4546=VERTEX_POINT('',#8159);
#4547=VERTEX_POINT('',#8160);
#4548=VERTEX_POINT('',#8165);
#4549=VERTEX_POINT('',#8169);
#4550=VERTEX_POINT('',#8175);
#4551=VERTEX_POINT('',#8176);
#4552=VERTEX_POINT('',#8178);
#4553=VERTEX_POINT('',#8180);
#4554=VERTEX_POINT('',#8184);
#4555=VERTEX_POINT('',#8185);
#4556=VERTEX_POINT('',#8190);
#4557=VERTEX_POINT('',#8194);
#4558=VERTEX_POINT('',#8200);
#4559=VERTEX_POINT('',#8201);
#4560=VERTEX_POINT('',#8203);
#4561=VERTEX_POINT('',#8205);
#4562=VERTEX_POINT('',#8209);
#4563=VERTEX_POINT('',#8210);
#4564=VERTEX_POINT('',#8215);
#4565=VERTEX_POINT('',#8219);
#4566=VERTEX_POINT('',#8225);
#4567=VERTEX_POINT('',#8226);
#4568=VERTEX_POINT('',#8228);
#4569=VERTEX_POINT('',#8230);
#4570=VERTEX_POINT('',#8234);
#4571=VERTEX_POINT('',#8235);
#4572=VERTEX_POINT('',#8240);
#4573=VERTEX_POINT('',#8244);
#4574=VERTEX_POINT('',#8250);
#4575=VERTEX_POINT('',#8251);
#4576=VERTEX_POINT('',#8253);
#4577=VERTEX_POINT('',#8255);
#4578=VERTEX_POINT('',#8259);
#4579=VERTEX_POINT('',#8260);
#4580=VERTEX_POINT('',#8265);
#4581=VERTEX_POINT('',#8269);
#4582=VERTEX_POINT('',#8275);
#4583=VERTEX_POINT('',#8276);
#4584=VERTEX_POINT('',#8278);
#4585=VERTEX_POINT('',#8280);
#4586=VERTEX_POINT('',#8284);
#4587=VERTEX_POINT('',#8285);
#4588=VERTEX_POINT('',#8290);
#4589=VERTEX_POINT('',#8294);
#4590=VERTEX_POINT('',#8300);
#4591=VERTEX_POINT('',#8301);
#4592=VERTEX_POINT('',#8303);
#4593=VERTEX_POINT('',#8305);
#4594=VERTEX_POINT('',#8309);
#4595=VERTEX_POINT('',#8310);
#4596=VERTEX_POINT('',#8315);
#4597=VERTEX_POINT('',#8319);
#4598=VERTEX_POINT('',#8325);
#4599=VERTEX_POINT('',#8326);
#4600=VERTEX_POINT('',#8328);
#4601=VERTEX_POINT('',#8330);
#4602=VERTEX_POINT('',#8334);
#4603=VERTEX_POINT('',#8335);
#4604=VERTEX_POINT('',#8340);
#4605=VERTEX_POINT('',#8344);
#4606=VERTEX_POINT('',#8350);
#4607=VERTEX_POINT('',#8351);
#4608=VERTEX_POINT('',#8353);
#4609=VERTEX_POINT('',#8355);
#4610=VERTEX_POINT('',#8359);
#4611=VERTEX_POINT('',#8360);
#4612=VERTEX_POINT('',#8365);
#4613=VERTEX_POINT('',#8369);
#4614=VERTEX_POINT('',#8375);
#4615=VERTEX_POINT('',#8376);
#4616=VERTEX_POINT('',#8378);
#4617=VERTEX_POINT('',#8380);
#4618=VERTEX_POINT('',#8384);
#4619=VERTEX_POINT('',#8385);
#4620=VERTEX_POINT('',#8390);
#4621=VERTEX_POINT('',#8394);
#4622=VERTEX_POINT('',#8400);
#4623=VERTEX_POINT('',#8401);
#4624=VERTEX_POINT('',#8403);
#4625=VERTEX_POINT('',#8405);
#4626=VERTEX_POINT('',#8409);
#4627=VERTEX_POINT('',#8410);
#4628=VERTEX_POINT('',#8415);
#4629=VERTEX_POINT('',#8419);
#4630=VERTEX_POINT('',#8425);
#4631=VERTEX_POINT('',#8426);
#4632=VERTEX_POINT('',#8428);
#4633=VERTEX_POINT('',#8430);
#4634=VERTEX_POINT('',#8434);
#4635=VERTEX_POINT('',#8435);
#4636=VERTEX_POINT('',#8440);
#4637=VERTEX_POINT('',#8444);
#4638=VERTEX_POINT('',#8450);
#4639=VERTEX_POINT('',#8451);
#4640=VERTEX_POINT('',#8453);
#4641=VERTEX_POINT('',#8455);
#4642=VERTEX_POINT('',#8459);
#4643=VERTEX_POINT('',#8460);
#4644=VERTEX_POINT('',#8465);
#4645=VERTEX_POINT('',#8469);
#4646=VERTEX_POINT('',#8475);
#4647=VERTEX_POINT('',#8476);
#4648=VERTEX_POINT('',#8478);
#4649=VERTEX_POINT('',#8480);
#4650=VERTEX_POINT('',#8484);
#4651=VERTEX_POINT('',#8485);
#4652=VERTEX_POINT('',#8490);
#4653=VERTEX_POINT('',#8494);
#4654=VERTEX_POINT('',#8500);
#4655=VERTEX_POINT('',#8501);
#4656=VERTEX_POINT('',#8503);
#4657=VERTEX_POINT('',#8505);
#4658=VERTEX_POINT('',#8509);
#4659=VERTEX_POINT('',#8510);
#4660=VERTEX_POINT('',#8515);
#4661=VERTEX_POINT('',#8519);
#4662=VERTEX_POINT('',#8525);
#4663=VERTEX_POINT('',#8526);
#4664=VERTEX_POINT('',#8528);
#4665=VERTEX_POINT('',#8530);
#4666=VERTEX_POINT('',#8534);
#4667=VERTEX_POINT('',#8535);
#4668=VERTEX_POINT('',#8540);
#4669=VERTEX_POINT('',#8544);
#4670=VERTEX_POINT('',#8550);
#4671=VERTEX_POINT('',#8551);
#4672=VERTEX_POINT('',#8553);
#4673=VERTEX_POINT('',#8555);
#4674=VERTEX_POINT('',#8559);
#4675=VERTEX_POINT('',#8560);
#4676=VERTEX_POINT('',#8565);
#4677=VERTEX_POINT('',#8569);
#4678=VERTEX_POINT('',#8575);
#4679=VERTEX_POINT('',#8576);
#4680=VERTEX_POINT('',#8578);
#4681=VERTEX_POINT('',#8580);
#4682=VERTEX_POINT('',#8584);
#4683=VERTEX_POINT('',#8585);
#4684=VERTEX_POINT('',#8590);
#4685=VERTEX_POINT('',#8594);
#4686=VERTEX_POINT('',#8600);
#4687=VERTEX_POINT('',#8601);
#4688=VERTEX_POINT('',#8603);
#4689=VERTEX_POINT('',#8605);
#4690=VERTEX_POINT('',#8609);
#4691=VERTEX_POINT('',#8610);
#4692=VERTEX_POINT('',#8615);
#4693=VERTEX_POINT('',#8619);
#4694=VERTEX_POINT('',#8625);
#4695=VERTEX_POINT('',#8626);
#4696=VERTEX_POINT('',#8628);
#4697=VERTEX_POINT('',#8630);
#4698=VERTEX_POINT('',#8634);
#4699=VERTEX_POINT('',#8635);
#4700=VERTEX_POINT('',#8640);
#4701=VERTEX_POINT('',#8644);
#4702=VERTEX_POINT('',#8650);
#4703=VERTEX_POINT('',#8651);
#4704=VERTEX_POINT('',#8653);
#4705=VERTEX_POINT('',#8655);
#4706=VERTEX_POINT('',#8659);
#4707=VERTEX_POINT('',#8660);
#4708=VERTEX_POINT('',#8665);
#4709=VERTEX_POINT('',#8669);
#4710=VERTEX_POINT('',#8675);
#4711=VERTEX_POINT('',#8676);
#4712=VERTEX_POINT('',#8678);
#4713=VERTEX_POINT('',#8680);
#4714=VERTEX_POINT('',#8684);
#4715=VERTEX_POINT('',#8685);
#4716=VERTEX_POINT('',#8690);
#4717=VERTEX_POINT('',#8694);
#4718=VERTEX_POINT('',#8700);
#4719=VERTEX_POINT('',#8701);
#4720=VERTEX_POINT('',#8703);
#4721=VERTEX_POINT('',#8705);
#4722=VERTEX_POINT('',#8709);
#4723=VERTEX_POINT('',#8710);
#4724=VERTEX_POINT('',#8715);
#4725=VERTEX_POINT('',#8719);
#4726=VERTEX_POINT('',#8725);
#4727=VERTEX_POINT('',#8726);
#4728=VERTEX_POINT('',#8731);
#4729=VERTEX_POINT('',#8735);
#4730=VERTEX_POINT('',#8741);
#4731=VERTEX_POINT('',#8742);
#4732=VERTEX_POINT('',#8744);
#4733=VERTEX_POINT('',#8746);
#4734=VERTEX_POINT('',#8750);
#4735=VERTEX_POINT('',#8751);
#4736=VERTEX_POINT('',#8756);
#4737=VERTEX_POINT('',#8760);
#4738=VERTEX_POINT('',#8766);
#4739=VERTEX_POINT('',#8767);
#4740=VERTEX_POINT('',#8769);
#4741=VERTEX_POINT('',#8771);
#4742=VERTEX_POINT('',#8775);
#4743=VERTEX_POINT('',#8776);
#4744=VERTEX_POINT('',#8781);
#4745=VERTEX_POINT('',#8785);
#4746=VERTEX_POINT('',#8791);
#4747=VERTEX_POINT('',#8792);
#4748=VERTEX_POINT('',#8794);
#4749=VERTEX_POINT('',#8796);
#4750=VERTEX_POINT('',#8800);
#4751=VERTEX_POINT('',#8801);
#4752=VERTEX_POINT('',#8806);
#4753=VERTEX_POINT('',#8810);
#4754=VERTEX_POINT('',#8816);
#4755=VERTEX_POINT('',#8817);
#4756=VERTEX_POINT('',#8819);
#4757=VERTEX_POINT('',#8821);
#4758=VERTEX_POINT('',#8825);
#4759=VERTEX_POINT('',#8826);
#4760=VERTEX_POINT('',#8831);
#4761=VERTEX_POINT('',#8835);
#4762=VERTEX_POINT('',#8841);
#4763=VERTEX_POINT('',#8842);
#4764=VERTEX_POINT('',#8844);
#4765=VERTEX_POINT('',#8846);
#4766=VERTEX_POINT('',#8850);
#4767=VERTEX_POINT('',#8851);
#4768=VERTEX_POINT('',#8856);
#4769=VERTEX_POINT('',#8860);
#4770=VERTEX_POINT('',#8866);
#4771=VERTEX_POINT('',#8867);
#4772=VERTEX_POINT('',#8869);
#4773=VERTEX_POINT('',#8871);
#4774=VERTEX_POINT('',#8875);
#4775=VERTEX_POINT('',#8876);
#4776=VERTEX_POINT('',#8881);
#4777=VERTEX_POINT('',#8885);
#4778=VERTEX_POINT('',#8891);
#4779=VERTEX_POINT('',#8892);
#4780=VERTEX_POINT('',#8894);
#4781=VERTEX_POINT('',#8896);
#4782=VERTEX_POINT('',#8900);
#4783=VERTEX_POINT('',#8901);
#4784=VERTEX_POINT('',#8906);
#4785=VERTEX_POINT('',#8910);
#4786=VERTEX_POINT('',#8916);
#4787=VERTEX_POINT('',#8917);
#4788=VERTEX_POINT('',#8919);
#4789=VERTEX_POINT('',#8921);
#4790=VERTEX_POINT('',#8925);
#4791=VERTEX_POINT('',#8926);
#4792=VERTEX_POINT('',#8931);
#4793=VERTEX_POINT('',#8935);
#4794=VERTEX_POINT('',#8941);
#4795=VERTEX_POINT('',#8942);
#4796=VERTEX_POINT('',#8944);
#4797=VERTEX_POINT('',#8946);
#4798=VERTEX_POINT('',#8950);
#4799=VERTEX_POINT('',#8952);
#4800=VERTEX_POINT('',#8956);
#4801=VERTEX_POINT('',#8958);
#4802=VERTEX_POINT('',#8965);
#4803=VERTEX_POINT('',#8966);
#4804=VERTEX_POINT('',#8968);
#4805=VERTEX_POINT('',#8970);
#4806=VERTEX_POINT('',#8974);
#4807=VERTEX_POINT('',#8976);
#4808=VERTEX_POINT('',#8980);
#4809=VERTEX_POINT('',#8982);
#4810=VERTEX_POINT('',#8989);
#4811=VERTEX_POINT('',#8990);
#4812=VERTEX_POINT('',#8992);
#4813=VERTEX_POINT('',#8994);
#4814=VERTEX_POINT('',#8998);
#4815=VERTEX_POINT('',#8999);
#4816=VERTEX_POINT('',#9004);
#4817=VERTEX_POINT('',#9008);
#4818=VERTEX_POINT('',#9014);
#4819=VERTEX_POINT('',#9015);
#4820=VERTEX_POINT('',#9017);
#4821=VERTEX_POINT('',#9019);
#4822=VERTEX_POINT('',#9023);
#4823=VERTEX_POINT('',#9024);
#4824=VERTEX_POINT('',#9029);
#4825=VERTEX_POINT('',#9033);
#4826=VERTEX_POINT('',#9039);
#4827=VERTEX_POINT('',#9040);
#4828=VERTEX_POINT('',#9042);
#4829=VERTEX_POINT('',#9044);
#4830=VERTEX_POINT('',#9048);
#4831=VERTEX_POINT('',#9049);
#4832=VERTEX_POINT('',#9054);
#4833=VERTEX_POINT('',#9058);
#4834=VERTEX_POINT('',#9064);
#4835=VERTEX_POINT('',#9065);
#4836=VERTEX_POINT('',#9067);
#4837=VERTEX_POINT('',#9069);
#4838=VERTEX_POINT('',#9073);
#4839=VERTEX_POINT('',#9074);
#4840=VERTEX_POINT('',#9076);
#4841=VERTEX_POINT('',#9078);
#4842=VERTEX_POINT('',#9082);
#4843=VERTEX_POINT('',#9083);
#4844=VERTEX_POINT('',#9085);
#4845=VERTEX_POINT('',#9087);
#4846=VERTEX_POINT('',#9091);
#4847=VERTEX_POINT('',#9092);
#4848=VERTEX_POINT('',#9094);
#4849=VERTEX_POINT('',#9096);
#4850=VERTEX_POINT('',#9100);
#4851=VERTEX_POINT('',#9101);
#4852=VERTEX_POINT('',#9103);
#4853=VERTEX_POINT('',#9105);
#4854=VERTEX_POINT('',#9109);
#4855=VERTEX_POINT('',#9111);
#4856=VERTEX_POINT('',#9115);
#4857=VERTEX_POINT('',#9117);
#4858=VERTEX_POINT('',#9121);
#4859=VERTEX_POINT('',#9123);
#4860=VERTEX_POINT('',#9127);
#4861=VERTEX_POINT('',#9129);
#4862=VERTEX_POINT('',#9133);
#4863=VERTEX_POINT('',#9135);
#4864=VERTEX_POINT('',#9139);
#4865=VERTEX_POINT('',#9141);
#4866=VERTEX_POINT('',#9153);
#4867=VERTEX_POINT('',#9154);
#4868=VERTEX_POINT('',#9156);
#4869=VERTEX_POINT('',#9158);
#4870=VERTEX_POINT('',#9162);
#4871=VERTEX_POINT('',#9164);
#4872=VERTEX_POINT('',#9168);
#4873=VERTEX_POINT('',#9170);
#4874=VERTEX_POINT('',#9178);
#4875=VERTEX_POINT('',#9179);
#4876=VERTEX_POINT('',#9181);
#4877=VERTEX_POINT('',#9183);
#4878=VERTEX_POINT('',#9187);
#4879=VERTEX_POINT('',#9189);
#4880=VERTEX_POINT('',#9193);
#4881=VERTEX_POINT('',#9195);
#4882=VERTEX_POINT('',#9203);
#4883=VERTEX_POINT('',#9204);
#4884=VERTEX_POINT('',#9206);
#4885=VERTEX_POINT('',#9208);
#4886=VERTEX_POINT('',#9211);
#4887=VERTEX_POINT('',#9212);
#4888=VERTEX_POINT('',#9214);
#4889=VERTEX_POINT('',#9216);
#4890=VERTEX_POINT('',#9220);
#4891=VERTEX_POINT('',#9222);
#4892=VERTEX_POINT('',#9226);
#4893=VERTEX_POINT('',#9230);
#4894=VERTEX_POINT('',#9237);
#4895=VERTEX_POINT('',#9239);
#4896=VERTEX_POINT('',#9243);
#4897=VERTEX_POINT('',#9247);
#4898=VERTEX_POINT('',#9254);
#4899=VERTEX_POINT('',#9255);
#4900=VERTEX_POINT('',#9257);
#4901=VERTEX_POINT('',#9259);
#4902=VERTEX_POINT('',#9263);
#4903=VERTEX_POINT('',#9265);
#4904=VERTEX_POINT('',#9269);
#4905=VERTEX_POINT('',#9271);
#4906=VERTEX_POINT('',#9279);
#4907=VERTEX_POINT('',#9280);
#4908=VERTEX_POINT('',#9282);
#4909=VERTEX_POINT('',#9284);
#4910=VERTEX_POINT('',#9288);
#4911=VERTEX_POINT('',#9290);
#4912=VERTEX_POINT('',#9294);
#4913=VERTEX_POINT('',#9298);
#4914=VERTEX_POINT('',#9314);
#4915=VERTEX_POINT('',#9319);
#4916=VERTEX_POINT('',#9323);
#4917=VERTEX_POINT('',#9330);
#4918=VERTEX_POINT('',#9356);
#4919=VERTEX_POINT('',#9363);
#4920=VERTEX_POINT('',#9381);
#4921=VERTEX_POINT('',#9397);
#4922=VERTEX_POINT('',#9398);
#4923=VERTEX_POINT('',#9400);
#4924=VERTEX_POINT('',#9405);
#4925=VERTEX_POINT('',#9429);
#4926=VERTEX_POINT('',#9431);
#4927=VERTEX_POINT('',#9469);
#4928=VERTEX_POINT('',#9474);
#4929=VERTEX_POINT('',#9481);
#4930=VERTEX_POINT('',#9491);
#4931=VERTEX_POINT('',#9498);
#4932=VERTEX_POINT('',#9544);
#4933=VERTEX_POINT('',#9551);
#4934=VERTEX_POINT('',#9577);
#4935=VERTEX_POINT('',#9641);
#4936=VERTEX_POINT('',#9642);
#4937=VERTEX_POINT('',#9644);
#4938=VERTEX_POINT('',#9655);
#4939=VERTEX_POINT('',#9668);
#4940=VERTEX_POINT('',#9673);
#4941=VERTEX_POINT('',#9677);
#4942=VERTEX_POINT('',#9684);
#4943=VERTEX_POINT('',#9691);
#4944=VERTEX_POINT('',#9698);
#4945=VERTEX_POINT('',#9779);
#4946=VERTEX_POINT('',#9780);
#4947=VERTEX_POINT('',#9782);
#4948=VERTEX_POINT('',#9787);
#4949=VERTEX_POINT('',#9811);
#4950=VERTEX_POINT('',#9813);
#4951=VERTEX_POINT('',#9851);
#4952=VERTEX_POINT('',#9856);
#4953=VERTEX_POINT('',#9863);
#4954=VERTEX_POINT('',#9873);
#4955=VERTEX_POINT('',#9880);
#4956=VERTEX_POINT('',#9926);
#4957=VERTEX_POINT('',#9933);
#4958=VERTEX_POINT('',#9959);
#4959=VERTEX_POINT('',#10014);
#4960=VERTEX_POINT('',#10019);
#4961=VERTEX_POINT('',#10023);
#4962=VERTEX_POINT('',#10030);
#4963=VERTEX_POINT('',#10056);
#4964=VERTEX_POINT('',#10063);
#4965=VERTEX_POINT('',#10081);
#4966=VERTEX_POINT('',#10094);
#4967=VERTEX_POINT('',#10099);
#4968=VERTEX_POINT('',#10103);
#4969=VERTEX_POINT('',#10141);
#4970=VERTEX_POINT('',#10189);
#4971=VERTEX_POINT('',#10194);
#4972=VERTEX_POINT('',#10198);
#4973=VERTEX_POINT('',#10205);
#4974=VERTEX_POINT('',#10239);
#4975=VERTEX_POINT('',#10246);
#4976=VERTEX_POINT('',#10264);
#4977=VERTEX_POINT('',#10278);
#4978=VERTEX_POINT('',#10291);
#4979=VERTEX_POINT('',#10296);
#4980=VERTEX_POINT('',#10300);
#4981=VERTEX_POINT('',#10307);
#4982=VERTEX_POINT('',#10320);
#4983=VERTEX_POINT('',#10325);
#4984=VERTEX_POINT('',#10329);
#4985=VERTEX_POINT('',#10336);
#4986=VERTEX_POINT('',#10349);
#4987=VERTEX_POINT('',#10354);
#4988=VERTEX_POINT('',#10358);
#4989=VERTEX_POINT('',#10365);
#4990=VERTEX_POINT('',#10372);
#4991=VERTEX_POINT('',#10418);
#4992=VERTEX_POINT('',#10447);
#4993=VERTEX_POINT('',#10466);
#4994=EDGE_CURVE('',#4460,#4461,#5794,.T.);
#4995=EDGE_CURVE('',#4462,#4460,#5795,.T.);
#4996=EDGE_CURVE('',#4463,#4462,#5796,.T.);
#4997=EDGE_CURVE('',#4464,#4463,#5797,.T.);
#4998=EDGE_CURVE('',#4465,#4464,#5798,.T.);
#4999=EDGE_CURVE('',#4461,#4465,#5799,.T.);
#5000=EDGE_CURVE('',#4466,#4467,#5800,.T.);
#5001=EDGE_CURVE('',#4468,#4466,#5801,.T.);
#5002=EDGE_CURVE('',#4469,#4468,#5802,.T.);
#5003=EDGE_CURVE('',#4467,#4469,#5803,.T.);
#5004=EDGE_CURVE('',#4470,#4471,#5804,.T.);
#5005=EDGE_CURVE('',#4472,#4470,#5805,.T.);
#5006=EDGE_CURVE('',#4473,#4472,#5806,.T.);
#5007=EDGE_CURVE('',#4471,#4473,#5807,.T.);
#5008=EDGE_CURVE('',#4474,#4475,#5808,.T.);
#5009=EDGE_CURVE('',#4476,#4474,#5809,.T.);
#5010=EDGE_CURVE('',#4477,#4476,#5810,.T.);
#5011=EDGE_CURVE('',#4478,#4477,#5811,.T.);
#5012=EDGE_CURVE('',#4479,#4478,#5812,.T.);
#5013=EDGE_CURVE('',#4480,#4479,#5813,.T.);
#5014=EDGE_CURVE('',#4481,#4480,#5814,.T.);
#5015=EDGE_CURVE('',#4475,#4481,#5815,.T.);
#5016=EDGE_CURVE('',#4482,#4483,#5816,.T.);
#5017=EDGE_CURVE('',#4484,#4482,#5817,.T.);
#5018=EDGE_CURVE('',#4485,#4484,#5818,.T.);
#5019=EDGE_CURVE('',#4483,#4485,#5819,.T.);
#5020=EDGE_CURVE('',#4486,#4487,#5820,.T.);
#5021=EDGE_CURVE('',#4488,#4486,#5821,.T.);
#5022=EDGE_CURVE('',#4489,#4488,#5822,.T.);
#5023=EDGE_CURVE('',#4490,#4489,#5823,.T.);
#5024=EDGE_CURVE('',#4491,#4490,#5824,.T.);
#5025=EDGE_CURVE('',#4492,#4491,#5825,.T.);
#5026=EDGE_CURVE('',#4487,#4492,#5826,.T.);
#5027=EDGE_CURVE('',#4493,#4494,#5827,.T.);
#5028=EDGE_CURVE('',#4495,#4493,#5828,.T.);
#5029=EDGE_CURVE('',#4496,#4495,#5829,.T.);
#5030=EDGE_CURVE('',#4497,#4496,#5830,.T.);
#5031=EDGE_CURVE('',#4498,#4497,#5831,.T.);
#5032=EDGE_CURVE('',#4499,#4498,#5832,.T.);
#5033=EDGE_CURVE('',#4500,#4499,#5833,.T.);
#5034=EDGE_CURVE('',#4494,#4500,#5834,.T.);
#5035=EDGE_CURVE('',#4501,#4502,#5835,.T.);
#5036=EDGE_CURVE('',#4503,#4501,#5836,.T.);
#5037=EDGE_CURVE('',#4504,#4503,#5837,.T.);
#5038=EDGE_CURVE('',#4505,#4504,#5838,.T.);
#5039=EDGE_CURVE('',#4506,#4505,#5839,.T.);
#5040=EDGE_CURVE('',#4502,#4506,#5840,.T.);
#5041=EDGE_CURVE('',#4507,#4508,#5841,.T.);
#5042=EDGE_CURVE('',#4509,#4507,#5842,.T.);
#5043=EDGE_CURVE('',#4510,#4509,#5843,.T.);
#5044=EDGE_CURVE('',#4511,#4510,#5844,.T.);
#5045=EDGE_CURVE('',#4512,#4511,#5845,.T.);
#5046=EDGE_CURVE('',#4513,#4512,#5846,.T.);
#5047=EDGE_CURVE('',#4514,#4513,#5847,.T.);
#5048=EDGE_CURVE('',#4508,#4514,#5848,.T.);
#5049=EDGE_CURVE('',#4515,#4516,#5849,.T.);
#5050=EDGE_CURVE('',#4517,#4515,#5850,.T.);
#5051=EDGE_CURVE('',#4518,#4517,#5851,.T.);
#5052=EDGE_CURVE('',#4519,#4518,#5852,.T.);
#5053=EDGE_CURVE('',#4520,#4519,#5853,.T.);
#5054=EDGE_CURVE('',#4521,#4520,#5854,.T.);
#5055=EDGE_CURVE('',#4516,#4521,#5855,.T.);
#5056=EDGE_CURVE('',#4522,#4523,#1086,.T.);
#5057=EDGE_CURVE('',#4523,#4524,#1087,.T.);
#5058=EDGE_CURVE('',#4524,#4525,#1088,.T.);
#5059=EDGE_CURVE('',#4525,#4522,#1089,.T.);
#5060=EDGE_CURVE('NONE',#4526,#4527,#1090,.T.);
#5061=EDGE_CURVE('NONE',#4527,#4528,#1091,.T.);
#5062=EDGE_CURVE('NONE',#4528,#4529,#1092,.T.);
#5063=EDGE_CURVE('NONE',#4529,#4526,#1093,.T.);
#5064=EDGE_CURVE('NONE',#4530,#4531,#1094,.T.);
#5065=EDGE_CURVE('NONE',#4526,#4531,#1095,.T.);
#5066=EDGE_CURVE('NONE',#4529,#4530,#1096,.T.);
#5067=EDGE_CURVE('NONE',#4532,#4530,#1097,.T.);
#5068=EDGE_CURVE('NONE',#4528,#4532,#1098,.T.);
#5069=EDGE_CURVE('NONE',#4533,#4532,#1099,.T.);
#5070=EDGE_CURVE('NONE',#4527,#4533,#1100,.T.);
#5071=EDGE_CURVE('NONE',#4531,#4533,#1101,.T.);
#5072=EDGE_CURVE('NONE',#4534,#4535,#1102,.T.);
#5073=EDGE_CURVE('NONE',#4535,#4536,#1103,.T.);
#5074=EDGE_CURVE('NONE',#4536,#4537,#1104,.T.);
#5075=EDGE_CURVE('NONE',#4537,#4534,#1105,.T.);
#5076=EDGE_CURVE('NONE',#4538,#4539,#1106,.T.);
#5077=EDGE_CURVE('NONE',#4534,#4539,#1107,.T.);
#5078=EDGE_CURVE('NONE',#4537,#4538,#1108,.T.);
#5079=EDGE_CURVE('NONE',#4540,#4538,#1109,.T.);
#5080=EDGE_CURVE('NONE',#4536,#4540,#1110,.T.);
#5081=EDGE_CURVE('NONE',#4541,#4540,#1111,.T.);
#5082=EDGE_CURVE('NONE',#4535,#4541,#1112,.T.);
#5083=EDGE_CURVE('NONE',#4539,#4541,#1113,.T.);
#5084=EDGE_CURVE('NONE',#4542,#4543,#1114,.T.);
#5085=EDGE_CURVE('NONE',#4543,#4544,#1115,.T.);
#5086=EDGE_CURVE('NONE',#4544,#4545,#1116,.T.);
#5087=EDGE_CURVE('NONE',#4545,#4542,#1117,.T.);
#5088=EDGE_CURVE('NONE',#4546,#4547,#1118,.T.);
#5089=EDGE_CURVE('NONE',#4542,#4547,#1119,.T.);
#5090=EDGE_CURVE('NONE',#4545,#4546,#1120,.T.);
#5091=EDGE_CURVE('NONE',#4548,#4546,#1121,.T.);
#5092=EDGE_CURVE('NONE',#4544,#4548,#1122,.T.);
#5093=EDGE_CURVE('NONE',#4549,#4548,#1123,.T.);
#5094=EDGE_CURVE('NONE',#4543,#4549,#1124,.T.);
#5095=EDGE_CURVE('NONE',#4547,#4549,#1125,.T.);
#5096=EDGE_CURVE('NONE',#4550,#4551,#1126,.T.);
#5097=EDGE_CURVE('NONE',#4551,#4552,#1127,.T.);
#5098=EDGE_CURVE('NONE',#4552,#4553,#1128,.T.);
#5099=EDGE_CURVE('NONE',#4553,#4550,#1129,.T.);
#5100=EDGE_CURVE('NONE',#4554,#4555,#1130,.T.);
#5101=EDGE_CURVE('NONE',#4550,#4555,#1131,.T.);
#5102=EDGE_CURVE('NONE',#4553,#4554,#1132,.T.);
#5103=EDGE_CURVE('NONE',#4556,#4554,#1133,.T.);
#5104=EDGE_CURVE('NONE',#4552,#4556,#1134,.T.);
#5105=EDGE_CURVE('NONE',#4557,#4556,#1135,.T.);
#5106=EDGE_CURVE('NONE',#4551,#4557,#1136,.T.);
#5107=EDGE_CURVE('NONE',#4555,#4557,#1137,.T.);
#5108=EDGE_CURVE('NONE',#4558,#4559,#1138,.T.);
#5109=EDGE_CURVE('NONE',#4559,#4560,#1139,.T.);
#5110=EDGE_CURVE('NONE',#4560,#4561,#1140,.T.);
#5111=EDGE_CURVE('NONE',#4561,#4558,#1141,.T.);
#5112=EDGE_CURVE('NONE',#4562,#4563,#1142,.T.);
#5113=EDGE_CURVE('NONE',#4558,#4563,#1143,.T.);
#5114=EDGE_CURVE('NONE',#4561,#4562,#1144,.T.);
#5115=EDGE_CURVE('NONE',#4564,#4562,#1145,.T.);
#5116=EDGE_CURVE('NONE',#4560,#4564,#1146,.T.);
#5117=EDGE_CURVE('NONE',#4565,#4564,#1147,.T.);
#5118=EDGE_CURVE('NONE',#4559,#4565,#1148,.T.);
#5119=EDGE_CURVE('NONE',#4563,#4565,#1149,.T.);
#5120=EDGE_CURVE('NONE',#4566,#4567,#1150,.T.);
#5121=EDGE_CURVE('NONE',#4567,#4568,#1151,.T.);
#5122=EDGE_CURVE('NONE',#4568,#4569,#1152,.T.);
#5123=EDGE_CURVE('NONE',#4569,#4566,#1153,.T.);
#5124=EDGE_CURVE('NONE',#4570,#4571,#1154,.T.);
#5125=EDGE_CURVE('NONE',#4566,#4571,#1155,.T.);
#5126=EDGE_CURVE('NONE',#4569,#4570,#1156,.T.);
#5127=EDGE_CURVE('NONE',#4572,#4570,#1157,.T.);
#5128=EDGE_CURVE('NONE',#4568,#4572,#1158,.T.);
#5129=EDGE_CURVE('NONE',#4573,#4572,#1159,.T.);
#5130=EDGE_CURVE('NONE',#4567,#4573,#1160,.T.);
#5131=EDGE_CURVE('NONE',#4571,#4573,#1161,.T.);
#5132=EDGE_CURVE('NONE',#4574,#4575,#1162,.T.);
#5133=EDGE_CURVE('NONE',#4575,#4576,#1163,.T.);
#5134=EDGE_CURVE('NONE',#4576,#4577,#1164,.T.);
#5135=EDGE_CURVE('NONE',#4577,#4574,#1165,.T.);
#5136=EDGE_CURVE('NONE',#4578,#4579,#1166,.T.);
#5137=EDGE_CURVE('NONE',#4574,#4579,#1167,.T.);
#5138=EDGE_CURVE('NONE',#4577,#4578,#1168,.T.);
#5139=EDGE_CURVE('NONE',#4580,#4578,#1169,.T.);
#5140=EDGE_CURVE('NONE',#4576,#4580,#1170,.T.);
#5141=EDGE_CURVE('NONE',#4581,#4580,#1171,.T.);
#5142=EDGE_CURVE('NONE',#4575,#4581,#1172,.T.);
#5143=EDGE_CURVE('NONE',#4579,#4581,#1173,.T.);
#5144=EDGE_CURVE('NONE',#4582,#4583,#1174,.T.);
#5145=EDGE_CURVE('NONE',#4583,#4584,#1175,.T.);
#5146=EDGE_CURVE('NONE',#4584,#4585,#1176,.T.);
#5147=EDGE_CURVE('NONE',#4585,#4582,#1177,.T.);
#5148=EDGE_CURVE('NONE',#4586,#4587,#1178,.T.);
#5149=EDGE_CURVE('NONE',#4582,#4587,#1179,.T.);
#5150=EDGE_CURVE('NONE',#4585,#4586,#1180,.T.);
#5151=EDGE_CURVE('NONE',#4588,#4586,#1181,.T.);
#5152=EDGE_CURVE('NONE',#4584,#4588,#1182,.T.);
#5153=EDGE_CURVE('NONE',#4589,#4588,#1183,.T.);
#5154=EDGE_CURVE('NONE',#4583,#4589,#1184,.T.);
#5155=EDGE_CURVE('NONE',#4587,#4589,#1185,.T.);
#5156=EDGE_CURVE('NONE',#4590,#4591,#1186,.T.);
#5157=EDGE_CURVE('NONE',#4591,#4592,#1187,.T.);
#5158=EDGE_CURVE('NONE',#4592,#4593,#1188,.T.);
#5159=EDGE_CURVE('NONE',#4593,#4590,#1189,.T.);
#5160=EDGE_CURVE('NONE',#4594,#4595,#1190,.T.);
#5161=EDGE_CURVE('NONE',#4590,#4595,#1191,.T.);
#5162=EDGE_CURVE('NONE',#4593,#4594,#1192,.T.);
#5163=EDGE_CURVE('NONE',#4596,#4594,#1193,.T.);
#5164=EDGE_CURVE('NONE',#4592,#4596,#1194,.T.);
#5165=EDGE_CURVE('NONE',#4597,#4596,#1195,.T.);
#5166=EDGE_CURVE('NONE',#4591,#4597,#1196,.T.);
#5167=EDGE_CURVE('NONE',#4595,#4597,#1197,.T.);
#5168=EDGE_CURVE('NONE',#4598,#4599,#1198,.T.);
#5169=EDGE_CURVE('NONE',#4599,#4600,#1199,.T.);
#5170=EDGE_CURVE('NONE',#4600,#4601,#1200,.T.);
#5171=EDGE_CURVE('NONE',#4601,#4598,#1201,.T.);
#5172=EDGE_CURVE('NONE',#4602,#4603,#1202,.T.);
#5173=EDGE_CURVE('NONE',#4598,#4603,#1203,.T.);
#5174=EDGE_CURVE('NONE',#4601,#4602,#1204,.T.);
#5175=EDGE_CURVE('NONE',#4604,#4602,#1205,.T.);
#5176=EDGE_CURVE('NONE',#4600,#4604,#1206,.T.);
#5177=EDGE_CURVE('NONE',#4605,#4604,#1207,.T.);
#5178=EDGE_CURVE('NONE',#4599,#4605,#1208,.T.);
#5179=EDGE_CURVE('NONE',#4603,#4605,#1209,.T.);
#5180=EDGE_CURVE('NONE',#4606,#4607,#1210,.T.);
#5181=EDGE_CURVE('NONE',#4607,#4608,#1211,.T.);
#5182=EDGE_CURVE('NONE',#4608,#4609,#1212,.T.);
#5183=EDGE_CURVE('NONE',#4609,#4606,#1213,.T.);
#5184=EDGE_CURVE('NONE',#4610,#4611,#1214,.T.);
#5185=EDGE_CURVE('NONE',#4606,#4611,#1215,.T.);
#5186=EDGE_CURVE('NONE',#4609,#4610,#1216,.T.);
#5187=EDGE_CURVE('NONE',#4612,#4610,#1217,.T.);
#5188=EDGE_CURVE('NONE',#4608,#4612,#1218,.T.);
#5189=EDGE_CURVE('NONE',#4613,#4612,#1219,.T.);
#5190=EDGE_CURVE('NONE',#4607,#4613,#1220,.T.);
#5191=EDGE_CURVE('NONE',#4611,#4613,#1221,.T.);
#5192=EDGE_CURVE('NONE',#4614,#4615,#1222,.T.);
#5193=EDGE_CURVE('NONE',#4615,#4616,#1223,.T.);
#5194=EDGE_CURVE('NONE',#4616,#4617,#1224,.T.);
#5195=EDGE_CURVE('NONE',#4617,#4614,#1225,.T.);
#5196=EDGE_CURVE('NONE',#4618,#4619,#1226,.T.);
#5197=EDGE_CURVE('NONE',#4614,#4619,#1227,.T.);
#5198=EDGE_CURVE('NONE',#4617,#4618,#1228,.T.);
#5199=EDGE_CURVE('NONE',#4620,#4618,#1229,.T.);
#5200=EDGE_CURVE('NONE',#4616,#4620,#1230,.T.);
#5201=EDGE_CURVE('NONE',#4621,#4620,#1231,.T.);
#5202=EDGE_CURVE('NONE',#4615,#4621,#1232,.T.);
#5203=EDGE_CURVE('NONE',#4619,#4621,#1233,.T.);
#5204=EDGE_CURVE('NONE',#4622,#4623,#1234,.T.);
#5205=EDGE_CURVE('NONE',#4623,#4624,#1235,.T.);
#5206=EDGE_CURVE('NONE',#4624,#4625,#1236,.T.);
#5207=EDGE_CURVE('NONE',#4625,#4622,#1237,.T.);
#5208=EDGE_CURVE('NONE',#4626,#4627,#1238,.T.);
#5209=EDGE_CURVE('NONE',#4622,#4627,#1239,.T.);
#5210=EDGE_CURVE('NONE',#4625,#4626,#1240,.T.);
#5211=EDGE_CURVE('NONE',#4628,#4626,#1241,.T.);
#5212=EDGE_CURVE('NONE',#4624,#4628,#1242,.T.);
#5213=EDGE_CURVE('NONE',#4629,#4628,#1243,.T.);
#5214=EDGE_CURVE('NONE',#4623,#4629,#1244,.T.);
#5215=EDGE_CURVE('NONE',#4627,#4629,#1245,.T.);
#5216=EDGE_CURVE('NONE',#4630,#4631,#1246,.T.);
#5217=EDGE_CURVE('NONE',#4631,#4632,#1247,.T.);
#5218=EDGE_CURVE('NONE',#4632,#4633,#1248,.T.);
#5219=EDGE_CURVE('NONE',#4633,#4630,#1249,.T.);
#5220=EDGE_CURVE('NONE',#4634,#4635,#1250,.T.);
#5221=EDGE_CURVE('NONE',#4630,#4635,#1251,.T.);
#5222=EDGE_CURVE('NONE',#4633,#4634,#1252,.T.);
#5223=EDGE_CURVE('NONE',#4636,#4634,#1253,.T.);
#5224=EDGE_CURVE('NONE',#4632,#4636,#1254,.T.);
#5225=EDGE_CURVE('NONE',#4637,#4636,#1255,.T.);
#5226=EDGE_CURVE('NONE',#4631,#4637,#1256,.T.);
#5227=EDGE_CURVE('NONE',#4635,#4637,#1257,.T.);
#5228=EDGE_CURVE('NONE',#4638,#4639,#1258,.T.);
#5229=EDGE_CURVE('NONE',#4639,#4640,#1259,.T.);
#5230=EDGE_CURVE('NONE',#4640,#4641,#1260,.T.);
#5231=EDGE_CURVE('NONE',#4641,#4638,#1261,.T.);
#5232=EDGE_CURVE('NONE',#4642,#4643,#1262,.T.);
#5233=EDGE_CURVE('NONE',#4638,#4643,#1263,.T.);
#5234=EDGE_CURVE('NONE',#4641,#4642,#1264,.T.);
#5235=EDGE_CURVE('NONE',#4644,#4642,#1265,.T.);
#5236=EDGE_CURVE('NONE',#4640,#4644,#1266,.T.);
#5237=EDGE_CURVE('NONE',#4645,#4644,#1267,.T.);
#5238=EDGE_CURVE('NONE',#4639,#4645,#1268,.T.);
#5239=EDGE_CURVE('NONE',#4643,#4645,#1269,.T.);
#5240=EDGE_CURVE('NONE',#4646,#4647,#1270,.T.);
#5241=EDGE_CURVE('NONE',#4647,#4648,#1271,.T.);
#5242=EDGE_CURVE('NONE',#4648,#4649,#1272,.T.);
#5243=EDGE_CURVE('NONE',#4649,#4646,#1273,.T.);
#5244=EDGE_CURVE('NONE',#4650,#4651,#1274,.T.);
#5245=EDGE_CURVE('NONE',#4646,#4651,#1275,.T.);
#5246=EDGE_CURVE('NONE',#4649,#4650,#1276,.T.);
#5247=EDGE_CURVE('NONE',#4652,#4650,#1277,.T.);
#5248=EDGE_CURVE('NONE',#4648,#4652,#1278,.T.);
#5249=EDGE_CURVE('NONE',#4653,#4652,#1279,.T.);
#5250=EDGE_CURVE('NONE',#4647,#4653,#1280,.T.);
#5251=EDGE_CURVE('NONE',#4651,#4653,#1281,.T.);
#5252=EDGE_CURVE('NONE',#4654,#4655,#1282,.T.);
#5253=EDGE_CURVE('NONE',#4655,#4656,#1283,.T.);
#5254=EDGE_CURVE('NONE',#4656,#4657,#1284,.T.);
#5255=EDGE_CURVE('NONE',#4657,#4654,#1285,.T.);
#5256=EDGE_CURVE('NONE',#4658,#4659,#1286,.T.);
#5257=EDGE_CURVE('NONE',#4654,#4659,#1287,.T.);
#5258=EDGE_CURVE('NONE',#4657,#4658,#1288,.T.);
#5259=EDGE_CURVE('NONE',#4660,#4658,#1289,.T.);
#5260=EDGE_CURVE('NONE',#4656,#4660,#1290,.T.);
#5261=EDGE_CURVE('NONE',#4661,#4660,#1291,.T.);
#5262=EDGE_CURVE('NONE',#4655,#4661,#1292,.T.);
#5263=EDGE_CURVE('NONE',#4659,#4661,#1293,.T.);
#5264=EDGE_CURVE('NONE',#4662,#4663,#1294,.T.);
#5265=EDGE_CURVE('NONE',#4663,#4664,#1295,.T.);
#5266=EDGE_CURVE('NONE',#4664,#4665,#1296,.T.);
#5267=EDGE_CURVE('NONE',#4665,#4662,#1297,.T.);
#5268=EDGE_CURVE('NONE',#4666,#4667,#1298,.T.);
#5269=EDGE_CURVE('NONE',#4662,#4667,#1299,.T.);
#5270=EDGE_CURVE('NONE',#4665,#4666,#1300,.T.);
#5271=EDGE_CURVE('NONE',#4668,#4666,#1301,.T.);
#5272=EDGE_CURVE('NONE',#4664,#4668,#1302,.T.);
#5273=EDGE_CURVE('NONE',#4669,#4668,#1303,.T.);
#5274=EDGE_CURVE('NONE',#4663,#4669,#1304,.T.);
#5275=EDGE_CURVE('NONE',#4667,#4669,#1305,.T.);
#5276=EDGE_CURVE('NONE',#4670,#4671,#1306,.T.);
#5277=EDGE_CURVE('NONE',#4671,#4672,#1307,.T.);
#5278=EDGE_CURVE('NONE',#4672,#4673,#1308,.T.);
#5279=EDGE_CURVE('NONE',#4673,#4670,#1309,.T.);
#5280=EDGE_CURVE('NONE',#4674,#4675,#1310,.T.);
#5281=EDGE_CURVE('NONE',#4670,#4675,#1311,.T.);
#5282=EDGE_CURVE('NONE',#4673,#4674,#1312,.T.);
#5283=EDGE_CURVE('NONE',#4676,#4674,#1313,.T.);
#5284=EDGE_CURVE('NONE',#4672,#4676,#1314,.T.);
#5285=EDGE_CURVE('NONE',#4677,#4676,#1315,.T.);
#5286=EDGE_CURVE('NONE',#4671,#4677,#1316,.T.);
#5287=EDGE_CURVE('NONE',#4675,#4677,#1317,.T.);
#5288=EDGE_CURVE('NONE',#4678,#4679,#1318,.T.);
#5289=EDGE_CURVE('NONE',#4679,#4680,#1319,.T.);
#5290=EDGE_CURVE('NONE',#4680,#4681,#1320,.T.);
#5291=EDGE_CURVE('NONE',#4681,#4678,#1321,.T.);
#5292=EDGE_CURVE('NONE',#4682,#4683,#1322,.T.);
#5293=EDGE_CURVE('NONE',#4678,#4683,#1323,.T.);
#5294=EDGE_CURVE('NONE',#4681,#4682,#1324,.T.);
#5295=EDGE_CURVE('NONE',#4684,#4682,#1325,.T.);
#5296=EDGE_CURVE('NONE',#4680,#4684,#1326,.T.);
#5297=EDGE_CURVE('NONE',#4685,#4684,#1327,.T.);
#5298=EDGE_CURVE('NONE',#4679,#4685,#1328,.T.);
#5299=EDGE_CURVE('NONE',#4683,#4685,#1329,.T.);
#5300=EDGE_CURVE('NONE',#4686,#4687,#1330,.T.);
#5301=EDGE_CURVE('NONE',#4687,#4688,#1331,.T.);
#5302=EDGE_CURVE('NONE',#4688,#4689,#1332,.T.);
#5303=EDGE_CURVE('NONE',#4689,#4686,#1333,.T.);
#5304=EDGE_CURVE('NONE',#4690,#4691,#1334,.T.);
#5305=EDGE_CURVE('NONE',#4686,#4691,#1335,.T.);
#5306=EDGE_CURVE('NONE',#4689,#4690,#1336,.T.);
#5307=EDGE_CURVE('NONE',#4692,#4690,#1337,.T.);
#5308=EDGE_CURVE('NONE',#4688,#4692,#1338,.T.);
#5309=EDGE_CURVE('NONE',#4693,#4692,#1339,.T.);
#5310=EDGE_CURVE('NONE',#4687,#4693,#1340,.T.);
#5311=EDGE_CURVE('NONE',#4691,#4693,#1341,.T.);
#5312=EDGE_CURVE('NONE',#4694,#4695,#1342,.T.);
#5313=EDGE_CURVE('NONE',#4695,#4696,#1343,.T.);
#5314=EDGE_CURVE('NONE',#4696,#4697,#1344,.T.);
#5315=EDGE_CURVE('NONE',#4697,#4694,#1345,.T.);
#5316=EDGE_CURVE('NONE',#4698,#4699,#1346,.T.);
#5317=EDGE_CURVE('NONE',#4694,#4699,#1347,.T.);
#5318=EDGE_CURVE('NONE',#4697,#4698,#1348,.T.);
#5319=EDGE_CURVE('NONE',#4700,#4698,#1349,.T.);
#5320=EDGE_CURVE('NONE',#4696,#4700,#1350,.T.);
#5321=EDGE_CURVE('NONE',#4701,#4700,#1351,.T.);
#5322=EDGE_CURVE('NONE',#4695,#4701,#1352,.T.);
#5323=EDGE_CURVE('NONE',#4699,#4701,#1353,.T.);
#5324=EDGE_CURVE('NONE',#4702,#4703,#1354,.T.);
#5325=EDGE_CURVE('NONE',#4703,#4704,#1355,.T.);
#5326=EDGE_CURVE('NONE',#4704,#4705,#1356,.T.);
#5327=EDGE_CURVE('NONE',#4705,#4702,#1357,.T.);
#5328=EDGE_CURVE('NONE',#4706,#4707,#1358,.T.);
#5329=EDGE_CURVE('NONE',#4702,#4707,#1359,.T.);
#5330=EDGE_CURVE('NONE',#4705,#4706,#1360,.T.);
#5331=EDGE_CURVE('NONE',#4708,#4706,#1361,.T.);
#5332=EDGE_CURVE('NONE',#4704,#4708,#1362,.T.);
#5333=EDGE_CURVE('NONE',#4709,#4708,#1363,.T.);
#5334=EDGE_CURVE('NONE',#4703,#4709,#1364,.T.);
#5335=EDGE_CURVE('NONE',#4707,#4709,#1365,.T.);
#5336=EDGE_CURVE('NONE',#4710,#4711,#1366,.T.);
#5337=EDGE_CURVE('NONE',#4711,#4712,#1367,.T.);
#5338=EDGE_CURVE('NONE',#4712,#4713,#1368,.T.);
#5339=EDGE_CURVE('NONE',#4713,#4710,#1369,.T.);
#5340=EDGE_CURVE('NONE',#4714,#4715,#1370,.T.);
#5341=EDGE_CURVE('NONE',#4710,#4715,#1371,.T.);
#5342=EDGE_CURVE('NONE',#4713,#4714,#1372,.T.);
#5343=EDGE_CURVE('NONE',#4716,#4714,#1373,.T.);
#5344=EDGE_CURVE('NONE',#4712,#4716,#1374,.T.);
#5345=EDGE_CURVE('NONE',#4717,#4716,#1375,.T.);
#5346=EDGE_CURVE('NONE',#4711,#4717,#1376,.T.);
#5347=EDGE_CURVE('NONE',#4715,#4717,#1377,.T.);
#5348=EDGE_CURVE('NONE',#4718,#4719,#1378,.T.);
#5349=EDGE_CURVE('NONE',#4719,#4720,#1379,.T.);
#5350=EDGE_CURVE('NONE',#4720,#4721,#1380,.T.);
#5351=EDGE_CURVE('NONE',#4721,#4718,#1381,.T.);
#5352=EDGE_CURVE('NONE',#4722,#4723,#1382,.T.);
#5353=EDGE_CURVE('NONE',#4718,#4723,#1383,.T.);
#5354=EDGE_CURVE('NONE',#4721,#4722,#1384,.T.);
#5355=EDGE_CURVE('NONE',#4724,#4722,#1385,.T.);
#5356=EDGE_CURVE('NONE',#4720,#4724,#1386,.T.);
#5357=EDGE_CURVE('NONE',#4725,#4724,#1387,.T.);
#5358=EDGE_CURVE('NONE',#4719,#4725,#1388,.T.);
#5359=EDGE_CURVE('NONE',#4723,#4725,#1389,.T.);
#5360=EDGE_CURVE('NONE',#4726,#4727,#1390,.T.);
#5361=EDGE_CURVE('NONE',#4522,#4727,#1391,.T.);
#5362=EDGE_CURVE('NONE',#4525,#4726,#1392,.T.);
#5363=EDGE_CURVE('NONE',#4728,#4726,#1393,.T.);
#5364=EDGE_CURVE('NONE',#4524,#4728,#1394,.T.);
#5365=EDGE_CURVE('NONE',#4729,#4728,#1395,.T.);
#5366=EDGE_CURVE('NONE',#4523,#4729,#1396,.T.);
#5367=EDGE_CURVE('NONE',#4727,#4729,#1397,.T.);
#5368=EDGE_CURVE('NONE',#4730,#4731,#1398,.T.);
#5369=EDGE_CURVE('NONE',#4731,#4732,#1399,.T.);
#5370=EDGE_CURVE('NONE',#4732,#4733,#1400,.T.);
#5371=EDGE_CURVE('NONE',#4733,#4730,#1401,.T.);
#5372=EDGE_CURVE('NONE',#4734,#4735,#1402,.T.);
#5373=EDGE_CURVE('NONE',#4730,#4735,#1403,.T.);
#5374=EDGE_CURVE('NONE',#4733,#4734,#1404,.T.);
#5375=EDGE_CURVE('NONE',#4736,#4734,#1405,.T.);
#5376=EDGE_CURVE('NONE',#4732,#4736,#1406,.T.);
#5377=EDGE_CURVE('NONE',#4737,#4736,#1407,.T.);
#5378=EDGE_CURVE('NONE',#4731,#4737,#1408,.T.);
#5379=EDGE_CURVE('NONE',#4735,#4737,#1409,.T.);
#5380=EDGE_CURVE('NONE',#4738,#4739,#1410,.T.);
#5381=EDGE_CURVE('NONE',#4739,#4740,#1411,.T.);
#5382=EDGE_CURVE('NONE',#4740,#4741,#1412,.T.);
#5383=EDGE_CURVE('NONE',#4741,#4738,#1413,.T.);
#5384=EDGE_CURVE('NONE',#4742,#4743,#1414,.T.);
#5385=EDGE_CURVE('NONE',#4738,#4743,#1415,.T.);
#5386=EDGE_CURVE('NONE',#4741,#4742,#1416,.T.);
#5387=EDGE_CURVE('NONE',#4744,#4742,#1417,.T.);
#5388=EDGE_CURVE('NONE',#4740,#4744,#1418,.T.);
#5389=EDGE_CURVE('NONE',#4745,#4744,#1419,.T.);
#5390=EDGE_CURVE('NONE',#4739,#4745,#1420,.T.);
#5391=EDGE_CURVE('NONE',#4743,#4745,#1421,.T.);
#5392=EDGE_CURVE('NONE',#4746,#4747,#1422,.T.);
#5393=EDGE_CURVE('NONE',#4747,#4748,#1423,.T.);
#5394=EDGE_CURVE('NONE',#4748,#4749,#1424,.T.);
#5395=EDGE_CURVE('NONE',#4749,#4746,#1425,.T.);
#5396=EDGE_CURVE('NONE',#4750,#4751,#1426,.T.);
#5397=EDGE_CURVE('NONE',#4746,#4751,#1427,.T.);
#5398=EDGE_CURVE('NONE',#4749,#4750,#1428,.T.);
#5399=EDGE_CURVE('NONE',#4752,#4750,#1429,.T.);
#5400=EDGE_CURVE('NONE',#4748,#4752,#1430,.T.);
#5401=EDGE_CURVE('NONE',#4753,#4752,#1431,.T.);
#5402=EDGE_CURVE('NONE',#4747,#4753,#1432,.T.);
#5403=EDGE_CURVE('NONE',#4751,#4753,#1433,.T.);
#5404=EDGE_CURVE('NONE',#4754,#4755,#1434,.T.);
#5405=EDGE_CURVE('NONE',#4755,#4756,#1435,.T.);
#5406=EDGE_CURVE('NONE',#4756,#4757,#1436,.T.);
#5407=EDGE_CURVE('NONE',#4757,#4754,#1437,.T.);
#5408=EDGE_CURVE('NONE',#4758,#4759,#1438,.T.);
#5409=EDGE_CURVE('NONE',#4754,#4759,#1439,.T.);
#5410=EDGE_CURVE('NONE',#4757,#4758,#1440,.T.);
#5411=EDGE_CURVE('NONE',#4760,#4758,#1441,.T.);
#5412=EDGE_CURVE('NONE',#4756,#4760,#1442,.T.);
#5413=EDGE_CURVE('NONE',#4761,#4760,#1443,.T.);
#5414=EDGE_CURVE('NONE',#4755,#4761,#1444,.T.);
#5415=EDGE_CURVE('NONE',#4759,#4761,#1445,.T.);
#5416=EDGE_CURVE('NONE',#4762,#4763,#1446,.T.);
#5417=EDGE_CURVE('NONE',#4763,#4764,#1447,.T.);
#5418=EDGE_CURVE('NONE',#4764,#4765,#1448,.T.);
#5419=EDGE_CURVE('NONE',#4765,#4762,#1449,.T.);
#5420=EDGE_CURVE('NONE',#4766,#4767,#1450,.T.);
#5421=EDGE_CURVE('NONE',#4762,#4767,#1451,.T.);
#5422=EDGE_CURVE('NONE',#4765,#4766,#1452,.T.);
#5423=EDGE_CURVE('NONE',#4768,#4766,#1453,.T.);
#5424=EDGE_CURVE('NONE',#4764,#4768,#1454,.T.);
#5425=EDGE_CURVE('NONE',#4769,#4768,#1455,.T.);
#5426=EDGE_CURVE('NONE',#4763,#4769,#1456,.T.);
#5427=EDGE_CURVE('NONE',#4767,#4769,#1457,.T.);
#5428=EDGE_CURVE('NONE',#4770,#4771,#1458,.T.);
#5429=EDGE_CURVE('NONE',#4771,#4772,#1459,.T.);
#5430=EDGE_CURVE('NONE',#4772,#4773,#1460,.T.);
#5431=EDGE_CURVE('NONE',#4773,#4770,#1461,.T.);
#5432=EDGE_CURVE('NONE',#4774,#4775,#1462,.T.);
#5433=EDGE_CURVE('NONE',#4770,#4775,#1463,.T.);
#5434=EDGE_CURVE('NONE',#4773,#4774,#1464,.T.);
#5435=EDGE_CURVE('NONE',#4776,#4774,#1465,.T.);
#5436=EDGE_CURVE('NONE',#4772,#4776,#1466,.T.);
#5437=EDGE_CURVE('NONE',#4777,#4776,#1467,.T.);
#5438=EDGE_CURVE('NONE',#4771,#4777,#1468,.T.);
#5439=EDGE_CURVE('NONE',#4775,#4777,#1469,.T.);
#5440=EDGE_CURVE('NONE',#4778,#4779,#1470,.T.);
#5441=EDGE_CURVE('NONE',#4779,#4780,#1471,.T.);
#5442=EDGE_CURVE('NONE',#4780,#4781,#1472,.T.);
#5443=EDGE_CURVE('NONE',#4781,#4778,#1473,.T.);
#5444=EDGE_CURVE('NONE',#4782,#4783,#1474,.T.);
#5445=EDGE_CURVE('NONE',#4778,#4783,#1475,.T.);
#5446=EDGE_CURVE('NONE',#4781,#4782,#1476,.T.);
#5447=EDGE_CURVE('NONE',#4784,#4782,#1477,.T.);
#5448=EDGE_CURVE('NONE',#4780,#4784,#1478,.T.);
#5449=EDGE_CURVE('NONE',#4785,#4784,#1479,.T.);
#5450=EDGE_CURVE('NONE',#4779,#4785,#1480,.T.);
#5451=EDGE_CURVE('NONE',#4783,#4785,#1481,.T.);
#5452=EDGE_CURVE('NONE',#4786,#4787,#1482,.T.);
#5453=EDGE_CURVE('NONE',#4787,#4788,#1483,.T.);
#5454=EDGE_CURVE('NONE',#4788,#4789,#1484,.T.);
#5455=EDGE_CURVE('NONE',#4789,#4786,#1485,.T.);
#5456=EDGE_CURVE('NONE',#4790,#4791,#1486,.T.);
#5457=EDGE_CURVE('NONE',#4786,#4791,#1487,.T.);
#5458=EDGE_CURVE('NONE',#4789,#4790,#1488,.T.);
#5459=EDGE_CURVE('NONE',#4792,#4790,#1489,.T.);
#5460=EDGE_CURVE('NONE',#4788,#4792,#1490,.T.);
#5461=EDGE_CURVE('NONE',#4793,#4792,#1491,.T.);
#5462=EDGE_CURVE('NONE',#4787,#4793,#1492,.T.);
#5463=EDGE_CURVE('NONE',#4791,#4793,#1493,.T.);
#5464=EDGE_CURVE('NONE',#4794,#4795,#1494,.T.);
#5465=EDGE_CURVE('NONE',#4796,#4795,#1495,.T.);
#5466=EDGE_CURVE('NONE',#4797,#4796,#1496,.T.);
#5467=EDGE_CURVE('NONE',#4797,#4794,#1497,.T.);
#5468=EDGE_CURVE('NONE',#4798,#4794,#1498,.T.);
#5469=EDGE_CURVE('NONE',#4799,#4797,#1499,.T.);
#5470=EDGE_CURVE('NONE',#4799,#4798,#1500,.T.);
#5471=EDGE_CURVE('NONE',#4800,#4798,#1501,.T.);
#5472=EDGE_CURVE('NONE',#4801,#4799,#1502,.T.);
#5473=EDGE_CURVE('NONE',#4801,#4800,#1503,.T.);
#5474=EDGE_CURVE('NONE',#4795,#4800,#1504,.T.);
#5475=EDGE_CURVE('NONE',#4796,#4801,#1505,.T.);
#5476=EDGE_CURVE('NONE',#4802,#4803,#1506,.T.);
#5477=EDGE_CURVE('NONE',#4804,#4803,#1507,.T.);
#5478=EDGE_CURVE('NONE',#4805,#4804,#1508,.T.);
#5479=EDGE_CURVE('NONE',#4805,#4802,#1509,.T.);
#5480=EDGE_CURVE('NONE',#4806,#4802,#1510,.T.);
#5481=EDGE_CURVE('NONE',#4807,#4805,#1511,.T.);
#5482=EDGE_CURVE('NONE',#4807,#4806,#1512,.T.);
#5483=EDGE_CURVE('NONE',#4808,#4806,#1513,.T.);
#5484=EDGE_CURVE('NONE',#4809,#4807,#1514,.T.);
#5485=EDGE_CURVE('NONE',#4809,#4808,#1515,.T.);
#5486=EDGE_CURVE('NONE',#4803,#4808,#1516,.T.);
#5487=EDGE_CURVE('NONE',#4804,#4809,#1517,.T.);
#5488=EDGE_CURVE('NONE',#4810,#4811,#1518,.T.);
#5489=EDGE_CURVE('NONE',#4811,#4812,#1519,.T.);
#5490=EDGE_CURVE('NONE',#4812,#4813,#1520,.T.);
#5491=EDGE_CURVE('NONE',#4813,#4810,#1521,.T.);
#5492=EDGE_CURVE('NONE',#4814,#4815,#1522,.T.);
#5493=EDGE_CURVE('NONE',#4810,#4815,#1523,.T.);
#5494=EDGE_CURVE('NONE',#4813,#4814,#1524,.T.);
#5495=EDGE_CURVE('NONE',#4816,#4814,#1525,.T.);
#5496=EDGE_CURVE('NONE',#4812,#4816,#1526,.T.);
#5497=EDGE_CURVE('NONE',#4817,#4816,#1527,.T.);
#5498=EDGE_CURVE('NONE',#4811,#4817,#1528,.T.);
#5499=EDGE_CURVE('NONE',#4815,#4817,#1529,.T.);
#5500=EDGE_CURVE('NONE',#4818,#4819,#1530,.T.);
#5501=EDGE_CURVE('NONE',#4819,#4820,#1531,.T.);
#5502=EDGE_CURVE('NONE',#4820,#4821,#1532,.T.);
#5503=EDGE_CURVE('NONE',#4821,#4818,#1533,.T.);
#5504=EDGE_CURVE('NONE',#4822,#4823,#1534,.T.);
#5505=EDGE_CURVE('NONE',#4818,#4823,#1535,.T.);
#5506=EDGE_CURVE('NONE',#4821,#4822,#1536,.T.);
#5507=EDGE_CURVE('NONE',#4824,#4822,#1537,.T.);
#5508=EDGE_CURVE('NONE',#4820,#4824,#1538,.T.);
#5509=EDGE_CURVE('NONE',#4825,#4824,#1539,.T.);
#5510=EDGE_CURVE('NONE',#4819,#4825,#1540,.T.);
#5511=EDGE_CURVE('NONE',#4823,#4825,#1541,.T.);
#5512=EDGE_CURVE('NONE',#4826,#4827,#1542,.T.);
#5513=EDGE_CURVE('NONE',#4827,#4828,#1543,.T.);
#5514=EDGE_CURVE('NONE',#4828,#4829,#1544,.T.);
#5515=EDGE_CURVE('NONE',#4829,#4826,#1545,.T.);
#5516=EDGE_CURVE('NONE',#4830,#4831,#1546,.T.);
#5517=EDGE_CURVE('NONE',#4826,#4831,#1547,.T.);
#5518=EDGE_CURVE('NONE',#4829,#4830,#1548,.T.);
#5519=EDGE_CURVE('NONE',#4832,#4830,#1549,.T.);
#5520=EDGE_CURVE('NONE',#4828,#4832,#1550,.T.);
#5521=EDGE_CURVE('NONE',#4833,#4832,#1551,.T.);
#5522=EDGE_CURVE('NONE',#4827,#4833,#1552,.T.);
#5523=EDGE_CURVE('NONE',#4831,#4833,#1553,.T.);
#5524=EDGE_CURVE('NONE',#4834,#4835,#1554,.T.);
#5525=EDGE_CURVE('NONE',#4834,#4836,#132,.T.);
#5526=EDGE_CURVE('NONE',#4836,#4837,#1555,.T.);
#5527=EDGE_CURVE('NONE',#4835,#4837,#133,.T.);
#5528=EDGE_CURVE('NONE',#4838,#4839,#1556,.T.);
#5529=EDGE_CURVE('NONE',#4838,#4840,#134,.T.);
#5530=EDGE_CURVE('NONE',#4840,#4841,#1557,.T.);
#5531=EDGE_CURVE('NONE',#4839,#4841,#135,.T.);
#5532=EDGE_CURVE('NONE',#4842,#4843,#1558,.T.);
#5533=EDGE_CURVE('NONE',#4842,#4844,#136,.T.);
#5534=EDGE_CURVE('NONE',#4844,#4845,#1559,.T.);
#5535=EDGE_CURVE('NONE',#4843,#4845,#137,.T.);
#5536=EDGE_CURVE('NONE',#4846,#4847,#1560,.T.);
#5537=EDGE_CURVE('NONE',#4846,#4848,#138,.T.);
#5538=EDGE_CURVE('NONE',#4848,#4849,#1561,.T.);
#5539=EDGE_CURVE('NONE',#4847,#4849,#139,.T.);
#5540=EDGE_CURVE('NONE',#4850,#4851,#1562,.T.);
#5541=EDGE_CURVE('NONE',#4852,#4851,#1563,.T.);
#5542=EDGE_CURVE('NONE',#4853,#4852,#1564,.T.);
#5543=EDGE_CURVE('NONE',#4853,#4850,#1565,.T.);
#5544=EDGE_CURVE('NONE',#4854,#4850,#140,.T.);
#5545=EDGE_CURVE('NONE',#4855,#4853,#141,.T.);
#5546=EDGE_CURVE('NONE',#4855,#4854,#1566,.T.);
#5547=EDGE_CURVE('NONE',#4856,#4854,#1567,.T.);
#5548=EDGE_CURVE('NONE',#4857,#4855,#1568,.T.);
#5549=EDGE_CURVE('NONE',#4857,#4856,#1569,.T.);
#5550=EDGE_CURVE('NONE',#4858,#4856,#142,.T.);
#5551=EDGE_CURVE('NONE',#4859,#4857,#143,.T.);
#5552=EDGE_CURVE('NONE',#4859,#4858,#1570,.T.);
#5553=EDGE_CURVE('NONE',#4860,#4858,#1571,.T.);
#5554=EDGE_CURVE('NONE',#4861,#4859,#1572,.T.);
#5555=EDGE_CURVE('NONE',#4861,#4860,#1573,.T.);
#5556=EDGE_CURVE('NONE',#4862,#4860,#144,.T.);
#5557=EDGE_CURVE('NONE',#4863,#4861,#145,.T.);
#5558=EDGE_CURVE('NONE',#4863,#4862,#1574,.T.);
#5559=EDGE_CURVE('NONE',#4864,#4862,#1575,.T.);
#5560=EDGE_CURVE('NONE',#4865,#4863,#1576,.T.);
#5561=EDGE_CURVE('NONE',#4865,#4864,#1577,.T.);
#5562=EDGE_CURVE('NONE',#4851,#4864,#146,.T.);
#5563=EDGE_CURVE('NONE',#4852,#4865,#147,.T.);
#5564=EDGE_CURVE('NONE',#4837,#4835,#148,.T.);
#5565=EDGE_CURVE('NONE',#4841,#4839,#149,.T.);
#5566=EDGE_CURVE('NONE',#4845,#4843,#150,.T.);
#5567=EDGE_CURVE('NONE',#4849,#4847,#151,.T.);
#5568=EDGE_CURVE('NONE',#4866,#4867,#1578,.T.);
#5569=EDGE_CURVE('NONE',#4868,#4867,#1579,.T.);
#5570=EDGE_CURVE('NONE',#4869,#4868,#1580,.T.);
#5571=EDGE_CURVE('NONE',#4869,#4866,#1581,.T.);
#5572=EDGE_CURVE('NONE',#4867,#4870,#1582,.T.);
#5573=EDGE_CURVE('NONE',#4871,#4870,#1583,.T.);
#5574=EDGE_CURVE('NONE',#4868,#4871,#1584,.T.);
#5575=EDGE_CURVE('NONE',#4870,#4872,#1585,.T.);
#5576=EDGE_CURVE('NONE',#4873,#4872,#1586,.T.);
#5577=EDGE_CURVE('NONE',#4871,#4873,#1587,.T.);
#5578=EDGE_CURVE('NONE',#4872,#4866,#1588,.T.);
#5579=EDGE_CURVE('NONE',#4873,#4869,#1589,.T.);
#5580=EDGE_CURVE('NONE',#4874,#4875,#1590,.T.);
#5581=EDGE_CURVE('NONE',#4876,#4875,#1591,.T.);
#5582=EDGE_CURVE('NONE',#4877,#4876,#1592,.T.);
#5583=EDGE_CURVE('NONE',#4877,#4874,#1593,.T.);
#5584=EDGE_CURVE('NONE',#4875,#4878,#1594,.T.);
#5585=EDGE_CURVE('NONE',#4879,#4878,#1595,.T.);
#5586=EDGE_CURVE('NONE',#4876,#4879,#1596,.T.);
#5587=EDGE_CURVE('NONE',#4878,#4880,#1597,.T.);
#5588=EDGE_CURVE('NONE',#4881,#4880,#1598,.T.);
#5589=EDGE_CURVE('NONE',#4879,#4881,#1599,.T.);
#5590=EDGE_CURVE('NONE',#4880,#4874,#1600,.T.);
#5591=EDGE_CURVE('NONE',#4881,#4877,#1601,.T.);
#5592=EDGE_CURVE('NONE',#4882,#4883,#1602,.T.);
#5593=EDGE_CURVE('NONE',#4884,#4882,#1603,.T.);
#5594=EDGE_CURVE('NONE',#4885,#4884,#1604,.T.);
#5595=EDGE_CURVE('NONE',#4883,#4885,#1605,.T.);
#5596=EDGE_CURVE('NONE',#4886,#4887,#1606,.T.);
#5597=EDGE_CURVE('NONE',#4888,#4886,#1607,.T.);
#5598=EDGE_CURVE('NONE',#4889,#4888,#1608,.T.);
#5599=EDGE_CURVE('NONE',#4887,#4889,#1609,.T.);
#5600=EDGE_CURVE('NONE',#4890,#4887,#1610,.T.);
#5601=EDGE_CURVE('NONE',#4891,#4890,#1611,.T.);
#5602=EDGE_CURVE('NONE',#4891,#4886,#1612,.T.);
#5603=EDGE_CURVE('NONE',#4892,#4889,#1613,.T.);
#5604=EDGE_CURVE('NONE',#4890,#4892,#1614,.T.);
#5605=EDGE_CURVE('NONE',#4893,#4888,#1615,.T.);
#5606=EDGE_CURVE('NONE',#4892,#4893,#1616,.T.);
#5607=EDGE_CURVE('NONE',#4893,#4891,#1617,.T.);
#5608=EDGE_CURVE('NONE',#4894,#4883,#1618,.T.);
#5609=EDGE_CURVE('NONE',#4895,#4894,#1619,.T.);
#5610=EDGE_CURVE('NONE',#4895,#4882,#1620,.T.);
#5611=EDGE_CURVE('NONE',#4896,#4885,#1621,.T.);
#5612=EDGE_CURVE('NONE',#4894,#4896,#1622,.T.);
#5613=EDGE_CURVE('NONE',#4897,#4884,#1623,.T.);
#5614=EDGE_CURVE('NONE',#4896,#4897,#1624,.T.);
#5615=EDGE_CURVE('NONE',#4897,#4895,#1625,.T.);
#5616=EDGE_CURVE('NONE',#4898,#4899,#1626,.T.);
#5617=EDGE_CURVE('NONE',#4900,#4899,#1627,.T.);
#5618=EDGE_CURVE('NONE',#4901,#4900,#1628,.T.);
#5619=EDGE_CURVE('NONE',#4901,#4898,#1629,.T.);
#5620=EDGE_CURVE('NONE',#4899,#4902,#1630,.T.);
#5621=EDGE_CURVE('NONE',#4903,#4902,#1631,.T.);
#5622=EDGE_CURVE('NONE',#4900,#4903,#1632,.T.);
#5623=EDGE_CURVE('NONE',#4902,#4904,#1633,.T.);
#5624=EDGE_CURVE('NONE',#4905,#4904,#1634,.T.);
#5625=EDGE_CURVE('NONE',#4903,#4905,#1635,.T.);
#5626=EDGE_CURVE('NONE',#4904,#4898,#1636,.T.);
#5627=EDGE_CURVE('NONE',#4905,#4901,#1637,.T.);
#5628=EDGE_CURVE('NONE',#4906,#4907,#1638,.T.);
#5629=EDGE_CURVE('NONE',#4908,#4906,#1639,.T.);
#5630=EDGE_CURVE('NONE',#4909,#4908,#1640,.T.);
#5631=EDGE_CURVE('NONE',#4907,#4909,#1641,.T.);
#5632=EDGE_CURVE('NONE',#4910,#4907,#1642,.T.);
#5633=EDGE_CURVE('NONE',#4911,#4910,#1643,.T.);
#5634=EDGE_CURVE('NONE',#4911,#4906,#1644,.T.);
#5635=EDGE_CURVE('NONE',#4912,#4909,#1645,.T.);
#5636=EDGE_CURVE('NONE',#4910,#4912,#1646,.T.);
#5637=EDGE_CURVE('NONE',#4913,#4908,#1647,.T.);
#5638=EDGE_CURVE('NONE',#4912,#4913,#1648,.T.);
#5639=EDGE_CURVE('NONE',#4913,#4911,#1649,.T.);
#5640=EDGE_CURVE('NONE',#4840,#4838,#152,.T.);
#5641=EDGE_CURVE('NONE',#4848,#4846,#153,.T.);
#5642=EDGE_CURVE('NONE',#4844,#4842,#154,.T.);
#5643=EDGE_CURVE('NONE',#4836,#4834,#155,.T.);
#5644=EDGE_CURVE('',#4914,#4516,#1650,.T.);
#5645=EDGE_CURVE('',#4914,#4915,#5856,.T.);
#5646=EDGE_CURVE('',#4915,#4515,#1651,.T.);
#5647=EDGE_CURVE('',#4916,#4521,#1652,.T.);
#5648=EDGE_CURVE('',#4916,#4914,#5857,.T.);
#5649=EDGE_CURVE('',#4917,#4520,#1653,.T.);
#5650=EDGE_CURVE('',#4917,#4916,#5858,.T.);
#5651=EDGE_CURVE('',#4918,#4519,#1654,.T.);
#5652=EDGE_CURVE('',#4918,#4917,#5860,.T.);
#5653=EDGE_CURVE('',#4919,#4518,#1655,.T.);
#5654=EDGE_CURVE('',#4919,#4918,#5861,.T.);
#5655=EDGE_CURVE('',#4920,#4517,#1656,.T.);
#5656=EDGE_CURVE('',#4920,#4919,#5863,.T.);
#5657=EDGE_CURVE('',#4915,#4920,#5864,.T.);
#5658=EDGE_CURVE('',#4921,#4922,#5865,.T.);
#5659=EDGE_CURVE('',#4923,#4922,#1657,.T.);
#5660=EDGE_CURVE('',#4923,#4924,#5866,.T.);
#5661=EDGE_CURVE('',#4924,#4921,#1658,.T.);
#5662=EDGE_CURVE('',#4922,#4925,#5868,.T.);
#5663=EDGE_CURVE('',#4926,#4925,#1659,.T.);
#5664=EDGE_CURVE('',#4926,#4923,#5869,.T.);
#5665=EDGE_CURVE('',#4927,#4508,#1660,.T.);
#5666=EDGE_CURVE('',#4927,#4928,#5871,.T.);
#5667=EDGE_CURVE('',#4928,#4507,#1661,.T.);
#5668=EDGE_CURVE('',#4929,#4514,#1662,.T.);
#5669=EDGE_CURVE('',#4929,#4927,#5873,.T.);
#5670=EDGE_CURVE('',#4930,#4513,#1663,.T.);
#5671=EDGE_CURVE('',#4930,#4929,#5875,.T.);
#5672=EDGE_CURVE('',#4931,#4512,#1664,.T.);
#5673=EDGE_CURVE('',#4931,#4930,#5876,.T.);
#5674=EDGE_CURVE('',#4932,#4511,#1665,.T.);
#5675=EDGE_CURVE('',#4932,#4931,#5878,.T.);
#5676=EDGE_CURVE('',#4933,#4510,#1666,.T.);
#5677=EDGE_CURVE('',#4933,#4932,#5879,.T.);
#5678=EDGE_CURVE('',#4934,#4509,#1667,.T.);
#5679=EDGE_CURVE('',#4934,#4933,#5881,.T.);
#5680=EDGE_CURVE('',#4928,#4934,#5883,.T.);
#5681=EDGE_CURVE('',#4925,#4921,#5885,.T.);
#5682=EDGE_CURVE('',#4924,#4926,#5886,.T.);
#5683=EDGE_CURVE('',#4935,#4936,#5888,.T.);
#5684=EDGE_CURVE('',#4937,#4936,#1668,.T.);
#5685=EDGE_CURVE('',#4937,#4938,#5889,.T.);
#5686=EDGE_CURVE('',#4938,#4935,#1669,.T.);
#5687=EDGE_CURVE('',#4939,#4502,#1670,.T.);
#5688=EDGE_CURVE('',#4939,#4940,#5891,.T.);
#5689=EDGE_CURVE('',#4940,#4501,#1671,.T.);
#5690=EDGE_CURVE('',#4941,#4506,#1672,.T.);
#5691=EDGE_CURVE('',#4941,#4939,#5892,.T.);
#5692=EDGE_CURVE('',#4942,#4505,#1673,.T.);
#5693=EDGE_CURVE('',#4942,#4941,#5893,.T.);
#5694=EDGE_CURVE('',#4943,#4504,#1674,.T.);
#5695=EDGE_CURVE('',#4943,#4942,#5894,.T.);
#5696=EDGE_CURVE('',#4944,#4503,#1675,.T.);
#5697=EDGE_CURVE('',#4944,#4943,#5895,.T.);
#5698=EDGE_CURVE('',#4940,#4944,#5896,.T.);
#5699=EDGE_CURVE('',#4936,#4935,#5898,.T.);
#5700=EDGE_CURVE('',#4938,#4937,#5899,.T.);
#5701=EDGE_CURVE('',#4945,#4946,#5901,.T.);
#5702=EDGE_CURVE('',#4947,#4946,#1676,.T.);
#5703=EDGE_CURVE('',#4947,#4948,#5902,.T.);
#5704=EDGE_CURVE('',#4948,#4945,#1677,.T.);
#5705=EDGE_CURVE('',#4946,#4949,#5904,.T.);
#5706=EDGE_CURVE('',#4950,#4949,#1678,.T.);
#5707=EDGE_CURVE('',#4950,#4947,#5905,.T.);
#5708=EDGE_CURVE('',#4951,#4494,#1679,.T.);
#5709=EDGE_CURVE('',#4951,#4952,#5907,.T.);
#5710=EDGE_CURVE('',#4952,#4493,#1680,.T.);
#5711=EDGE_CURVE('',#4953,#4500,#1681,.T.);
#5712=EDGE_CURVE('',#4953,#4951,#5909,.T.);
#5713=EDGE_CURVE('',#4954,#4499,#1682,.T.);
#5714=EDGE_CURVE('',#4954,#4953,#5911,.T.);
#5715=EDGE_CURVE('',#4955,#4498,#1683,.T.);
#5716=EDGE_CURVE('',#4955,#4954,#5912,.T.);
#5717=EDGE_CURVE('',#4956,#4497,#1684,.T.);
#5718=EDGE_CURVE('',#4956,#4955,#5914,.T.);
#5719=EDGE_CURVE('',#4957,#4496,#1685,.T.);
#5720=EDGE_CURVE('',#4957,#4956,#5915,.T.);
#5721=EDGE_CURVE('',#4958,#4495,#1686,.T.);
#5722=EDGE_CURVE('',#4958,#4957,#5917,.T.);
#5723=EDGE_CURVE('',#4952,#4958,#5919,.T.);
#5724=EDGE_CURVE('',#4949,#4945,#5921,.T.);
#5725=EDGE_CURVE('',#4948,#4950,#5922,.T.);
#5726=EDGE_CURVE('',#4959,#4487,#1687,.T.);
#5727=EDGE_CURVE('',#4959,#4960,#5924,.T.);
#5728=EDGE_CURVE('',#4960,#4486,#1688,.T.);
#5729=EDGE_CURVE('',#4961,#4492,#1689,.T.);
#5730=EDGE_CURVE('',#4961,#4959,#5925,.T.);
#5731=EDGE_CURVE('',#4962,#4491,#1690,.T.);
#5732=EDGE_CURVE('',#4962,#4961,#5926,.T.);
#5733=EDGE_CURVE('',#4963,#4490,#1691,.T.);
#5734=EDGE_CURVE('',#4963,#4962,#5928,.T.);
#5735=EDGE_CURVE('',#4964,#4489,#1692,.T.);
#5736=EDGE_CURVE('',#4964,#4963,#5929,.T.);
#5737=EDGE_CURVE('',#4965,#4488,#1693,.T.);
#5738=EDGE_CURVE('',#4965,#4964,#5931,.T.);
#5739=EDGE_CURVE('',#4960,#4965,#5932,.T.);
#5740=EDGE_CURVE('',#4966,#4483,#1694,.T.);
#5741=EDGE_CURVE('',#4966,#4967,#5933,.T.);
#5742=EDGE_CURVE('',#4967,#4482,#1695,.T.);
#5743=EDGE_CURVE('',#4968,#4485,#1696,.T.);
#5744=EDGE_CURVE('',#4968,#4966,#5934,.T.);
#5745=EDGE_CURVE('',#4969,#4484,#1697,.T.);
#5746=EDGE_CURVE('',#4969,#4968,#5936,.T.);
#5747=EDGE_CURVE('',#4967,#4969,#5937,.T.);
#5748=EDGE_CURVE('',#4970,#4475,#1698,.T.);
#5749=EDGE_CURVE('',#4970,#4971,#5939,.T.);
#5750=EDGE_CURVE('',#4971,#4474,#1699,.T.);
#5751=EDGE_CURVE('',#4972,#4481,#1700,.T.);
#5752=EDGE_CURVE('',#4972,#4970,#5940,.T.);
#5753=EDGE_CURVE('',#4973,#4480,#1701,.T.);
#5754=EDGE_CURVE('',#4973,#4972,#5941,.T.);
#5755=EDGE_CURVE('',#4974,#4479,#1702,.T.);
#5756=EDGE_CURVE('',#4974,#4973,#5943,.T.);
#5757=EDGE_CURVE('',#4975,#4478,#1703,.T.);
#5758=EDGE_CURVE('',#4975,#4974,#5944,.T.);
#5759=EDGE_CURVE('',#4976,#4477,#1704,.T.);
#5760=EDGE_CURVE('',#4976,#4975,#5946,.T.);
#5761=EDGE_CURVE('',#4977,#4476,#1705,.T.);
#5762=EDGE_CURVE('',#4977,#4976,#5948,.T.);
#5763=EDGE_CURVE('',#4971,#4977,#5949,.T.);
#5764=EDGE_CURVE('',#4978,#4471,#1706,.T.);
#5765=EDGE_CURVE('',#4978,#4979,#5950,.T.);
#5766=EDGE_CURVE('',#4979,#4470,#1707,.T.);
#5767=EDGE_CURVE('',#4980,#4473,#1708,.T.);
#5768=EDGE_CURVE('',#4980,#4978,#5951,.T.);
#5769=EDGE_CURVE('',#4981,#4472,#1709,.T.);
#5770=EDGE_CURVE('',#4981,#4980,#5952,.T.);
#5771=EDGE_CURVE('',#4979,#4981,#5953,.T.);
#5772=EDGE_CURVE('',#4982,#4467,#1710,.T.);
#5773=EDGE_CURVE('',#4982,#4983,#5954,.T.);
#5774=EDGE_CURVE('',#4983,#4466,#1711,.T.);
#5775=EDGE_CURVE('',#4984,#4469,#1712,.T.);
#5776=EDGE_CURVE('',#4984,#4982,#5955,.T.);
#5777=EDGE_CURVE('',#4985,#4468,#1713,.T.);
#5778=EDGE_CURVE('',#4985,#4984,#5956,.T.);
#5779=EDGE_CURVE('',#4983,#4985,#5957,.T.);
#5780=EDGE_CURVE('',#4986,#4461,#1714,.T.);
#5781=EDGE_CURVE('',#4986,#4987,#5958,.T.);
#5782=EDGE_CURVE('',#4987,#4460,#1715,.T.);
#5783=EDGE_CURVE('',#4988,#4465,#1716,.T.);
#5784=EDGE_CURVE('',#4988,#4986,#5959,.T.);
#5785=EDGE_CURVE('',#4989,#4464,#1717,.T.);
#5786=EDGE_CURVE('',#4989,#4988,#5960,.T.);
#5787=EDGE_CURVE('',#4990,#4463,#1718,.T.);
#5788=EDGE_CURVE('',#4990,#4989,#5961,.T.);
#5789=EDGE_CURVE('',#4991,#4462,#1719,.T.);
#5790=EDGE_CURVE('',#4991,#4990,#5963,.T.);
#5791=EDGE_CURVE('',#4987,#4991,#5964,.T.);
#5792=EDGE_CURVE('',#4992,#4992,#5965,.T.);
#5793=EDGE_CURVE('',#4993,#4993,#5966,.T.);
#5794=B_SPLINE_CURVE_WITH_KNOTS('',3,(#7598,#7599,#7600,#7601),
 .UNSPECIFIED.,.F.,.F.,(4,4),(0.,1.),.UNSPECIFIED.);
#5795=B_SPLINE_CURVE_WITH_KNOTS('',3,(#7604,#7605,#7606,#7607),
 .UNSPECIFIED.,.F.,.F.,(4,4),(0.,1.),.UNSPECIFIED.);
#5796=B_SPLINE_CURVE_WITH_KNOTS('',3,(#7609,#7610,#7611,#7612),
 .UNSPECIFIED.,.F.,.F.,(4,4),(0.,1.),.UNSPECIFIED.);
#5797=B_SPLINE_CURVE_WITH_KNOTS('',3,(#7614,#7615,#7616,#7617,#7618,#7619,
#7620,#7621,#7622,#7623,#7624,#7625,#7626,#7627,#7628,#7629,#7630,#7631,
#7632,#7633,#7634,#7635),.UNSPECIFIED.,.F.,.F.,(4,2,2,2,2,2,2,2,2,2,4),
(0.,0.0844522962474029,0.168236725718327,0.282916663556655,0.398168143346634,
0.512946172210526,0.619808474945873,0.727124463483395,0.834644979726833,
0.917181475598354,1.),.UNSPECIFIED.);
#5798=B_SPLINE_CURVE_WITH_KNOTS('',3,(#7637,#7638,#7639,#7640),
 .UNSPECIFIED.,.F.,.F.,(4,4),(0.,1.),.UNSPECIFIED.);
#5799=B_SPLINE_CURVE_WITH_KNOTS('',3,(#7642,#7643,#7644,#7645),
 .UNSPECIFIED.,.F.,.F.,(4,4),(0.,1.),.UNSPECIFIED.);
#5800=B_SPLINE_CURVE_WITH_KNOTS('',3,(#7646,#7647,#7648,#7649),
 .UNSPECIFIED.,.F.,.F.,(4,4),(0.,1.),.UNSPECIFIED.);
#5801=B_SPLINE_CURVE_WITH_KNOTS('',3,(#7652,#7653,#7654,#7655),
 .UNSPECIFIED.,.F.,.F.,(4,4),(0.,1.),.UNSPECIFIED.);
#5802=B_SPLINE_CURVE_WITH_KNOTS('',3,(#7657,#7658,#7659,#7660),
 .UNSPECIFIED.,.F.,.F.,(4,4),(0.,1.),.UNSPECIFIED.);
#5803=B_SPLINE_CURVE_WITH_KNOTS('',3,(#7662,#7663,#7664,#7665),
 .UNSPECIFIED.,.F.,.F.,(4,4),(0.,1.),.UNSPECIFIED.);
#5804=B_SPLINE_CURVE_WITH_KNOTS('',3,(#7666,#7667,#7668,#7669),
 .UNSPECIFIED.,.F.,.F.,(4,4),(0.,1.),.UNSPECIFIED.);
#5805=B_SPLINE_CURVE_WITH_KNOTS('',3,(#7672,#7673,#7674,#7675),
 .UNSPECIFIED.,.F.,.F.,(4,4),(0.,1.),.UNSPECIFIED.);
#5806=B_SPLINE_CURVE_WITH_KNOTS('',3,(#7677,#7678,#7679,#7680),
 .UNSPECIFIED.,.F.,.F.,(4,4),(0.,1.),.UNSPECIFIED.);
#5807=B_SPLINE_CURVE_WITH_KNOTS('',3,(#7682,#7683,#7684,#7685),
 .UNSPECIFIED.,.F.,.F.,(4,4),(0.,1.),.UNSPECIFIED.);
#5808=B_SPLINE_CURVE_WITH_KNOTS('',3,(#7686,#7687,#7688,#7689),
 .UNSPECIFIED.,.F.,.F.,(4,4),(0.,1.),.UNSPECIFIED.);
#5809=B_SPLINE_CURVE_WITH_KNOTS('',3,(#7692,#7693,#7694,#7695),
 .UNSPECIFIED.,.F.,.F.,(4,4),(0.,1.),.UNSPECIFIED.);
#5810=B_SPLINE_CURVE_WITH_KNOTS('',3,(#7697,#7698,#7699,#7700),
 .UNSPECIFIED.,.F.,.F.,(4,4),(0.,1.),.UNSPECIFIED.);
#5811=B_SPLINE_CURVE_WITH_KNOTS('',3,(#7702,#7703,#7704,#7705,#7706,#7707),
 .UNSPECIFIED.,.F.,.F.,(4,2,4),(0.,0.381125226860256,1.),.UNSPECIFIED.);
#5812=B_SPLINE_CURVE_WITH_KNOTS('',3,(#7709,#7710,#7711,#7712,#7713,#7714,
#7715,#7716),.UNSPECIFIED.,.F.,.F.,(4,2,2,4),(0.,0.519145667155451,0.759485527548867,
1.),.UNSPECIFIED.);
#5813=B_SPLINE_CURVE_WITH_KNOTS('',3,(#7718,#7719,#7720,#7721),
 .UNSPECIFIED.,.F.,.F.,(4,4),(0.,1.),.UNSPECIFIED.);
#5814=B_SPLINE_CURVE_WITH_KNOTS('',3,(#7723,#7724,#7725,#7726,#7727,#7728,
#7729,#7730,#7731,#7732,#7733,#7734,#7735,#7736,#7737,#7738),
 .UNSPECIFIED.,.F.,.F.,(4,2,2,2,2,2,2,4),(0.,0.205521978381081,0.293887141455193,
0.382252304529305,0.470617467603416,0.588852544956099,0.706206336861544,
1.),.UNSPECIFIED.);
#5815=B_SPLINE_CURVE_WITH_KNOTS('',3,(#7740,#7741,#7742,#7743),
 .UNSPECIFIED.,.F.,.F.,(4,4),(0.,1.),.UNSPECIFIED.);
#5816=B_SPLINE_CURVE_WITH_KNOTS('',3,(#7744,#7745,#7746,#7747),
 .UNSPECIFIED.,.F.,.F.,(4,4),(0.,1.),.UNSPECIFIED.);
#5817=B_SPLINE_CURVE_WITH_KNOTS('',3,(#7750,#7751,#7752,#7753,#7754,#7755,
#7756,#7757,#7758,#7759,#7760,#7761,#7762,#7763,#7764,#7765,#7766,#7767,
#7768,#7769),.UNSPECIFIED.,.F.,.F.,(4,2,2,2,2,2,2,2,2,4),(0.,0.112326031049,
0.225335277084357,0.315153700643403,0.405409110416972,0.495999851670255,
0.636030637986604,0.775957479078299,0.88804357917759,1.),.UNSPECIFIED.);
#5818=B_SPLINE_CURVE_WITH_KNOTS('',3,(#7771,#7772,#7773,#7774),
 .UNSPECIFIED.,.F.,.F.,(4,4),(0.,1.),.UNSPECIFIED.);
#5819=B_SPLINE_CURVE_WITH_KNOTS('',3,(#7776,#7777,#7778,#7779,#7780,#7781,
#7782,#7783,#7784,#7785,#7786,#7787,#7788,#7789,#7790,#7791,#7792,#7793),
 .UNSPECIFIED.,.F.,.F.,(4,2,2,2,2,2,2,2,4),(0.,0.11547818589557,0.231733357869457,
0.377052322836816,0.522941908690583,0.666534020751377,0.810126132812172,
0.905063066406086,1.),.UNSPECIFIED.);
#5820=B_SPLINE_CURVE_WITH_KNOTS('',3,(#7794,#7795,#7796,#7797),
 .UNSPECIFIED.,.F.,.F.,(4,4),(0.,1.),.UNSPECIFIED.);
#5821=B_SPLINE_CURVE_WITH_KNOTS('',3,(#7800,#7801,#7802,#7803),
 .UNSPECIFIED.,.F.,.F.,(4,4),(0.,1.),.UNSPECIFIED.);
#5822=B_SPLINE_CURVE_WITH_KNOTS('',3,(#7805,#7806,#7807,#7808),
 .UNSPECIFIED.,.F.,.F.,(4,4),(0.,1.),.UNSPECIFIED.);
#5823=B_SPLINE_CURVE_WITH_KNOTS('',3,(#7810,#7811,#7812,#7813,#7814,#7815,
#7816,#7817),.UNSPECIFIED.,.F.,.F.,(4,2,2,4),(0.,0.419689119170979,0.709844559585488,
1.),.UNSPECIFIED.);
#5824=B_SPLINE_CURVE_WITH_KNOTS('',3,(#7819,#7820,#7821,#7822),
 .UNSPECIFIED.,.F.,.F.,(4,4),(0.,1.),.UNSPECIFIED.);
#5825=B_SPLINE_CURVE_WITH_KNOTS('',3,(#7824,#7825,#7826,#7827,#7828,#7829,
#7830,#7831,#7832,#7833,#7834,#7835),.UNSPECIFIED.,.F.,.F.,(4,2,2,2,2,4),
(0.,0.444686913089128,0.626399839139034,0.746070235538882,0.866172151162384,
1.),.UNSPECIFIED.);
#5826=B_SPLINE_CURVE_WITH_KNOTS('',3,(#7837,#7838,#7839,#7840),
 .UNSPECIFIED.,.F.,.F.,(4,4),(0.,1.),.UNSPECIFIED.);
#5827=B_SPLINE_CURVE_WITH_KNOTS('',3,(#7841,#7842,#7843,#7844),
 .UNSPECIFIED.,.F.,.F.,(4,4),(0.,1.),.UNSPECIFIED.);
#5828=B_SPLINE_CURVE_WITH_KNOTS('',3,(#7847,#7848,#7849,#7850,#7851,#7852,
#7853,#7854,#7855,#7856,#7857,#7858,#7859,#7860),.UNSPECIFIED.,.F.,.F.,
(4,2,2,2,2,2,4),(0.,0.135616091232492,0.26996021107537,0.403216341478633,
0.632069261084237,0.860922180689841,1.),.UNSPECIFIED.);
#5829=B_SPLINE_CURVE_WITH_KNOTS('',3,(#7862,#7863,#7864,#7865,#7866,#7867),
 .UNSPECIFIED.,.F.,.F.,(4,2,4),(0.,0.670486557126727,1.),.UNSPECIFIED.);
#5830=B_SPLINE_CURVE_WITH_KNOTS('',3,(#7869,#7870,#7871,#7872,#7873,#7874,
#7875,#7876,#7877,#7878,#7879,#7880),.UNSPECIFIED.,.F.,.F.,(4,2,2,2,2,4),
(0.,0.25443639462777,0.508872789255538,0.781322379963147,0.982546856616777,
1.),.UNSPECIFIED.);
#5831=B_SPLINE_CURVE_WITH_KNOTS('',3,(#7882,#7883,#7884,#7885),
 .UNSPECIFIED.,.F.,.F.,(4,4),(0.,1.),.UNSPECIFIED.);
#5832=B_SPLINE_CURVE_WITH_KNOTS('',3,(#7887,#7888,#7889,#7890,#7891,#7892,
#7893,#7894,#7895,#7896,#7897,#7898,#7899,#7900,#7901,#7902,#7903,#7904,
#7905,#7906,#7907,#7908),.UNSPECIFIED.,.F.,.F.,(4,2,2,2,2,2,2,2,2,2,4),
(0.,0.132349341252085,0.26474600492882,0.327933077824503,0.391021420918786,
0.492663424648551,0.5933016127952,0.694361458103713,0.795838906078786,0.898208807040348,
1.),.UNSPECIFIED.);
#5833=B_SPLINE_CURVE_WITH_KNOTS('',3,(#7910,#7911,#7912,#7913),
 .UNSPECIFIED.,.F.,.F.,(4,4),(0.,1.),.UNSPECIFIED.);
#5834=B_SPLINE_CURVE_WITH_KNOTS('',3,(#7915,#7916,#7917,#7918),
 .UNSPECIFIED.,.F.,.F.,(4,4),(0.,1.),.UNSPECIFIED.);
#5835=B_SPLINE_CURVE_WITH_KNOTS('',3,(#7919,#7920,#7921,#7922),
 .UNSPECIFIED.,.F.,.F.,(4,4),(0.,1.),.UNSPECIFIED.);
#5836=B_SPLINE_CURVE_WITH_KNOTS('',3,(#7925,#7926,#7927,#7928,#7929,#7930,
#7931,#7932,#7933,#7934,#7935,#7936,#7937,#7938,#7939,#7940,#7941,#7942,
#7943,#7944),.UNSPECIFIED.,.F.,.F.,(4,2,2,2,2,2,2,2,2,4),(0.,0.0802008339897463,
0.160401667979491,0.269681166924583,0.379528126933913,0.488918108986712,
0.601013850312903,0.713109591639093,0.825566633243978,1.),.UNSPECIFIED.);
#5837=B_SPLINE_CURVE_WITH_KNOTS('',3,(#7946,#7947,#7948,#7949),
 .UNSPECIFIED.,.F.,.F.,(4,4),(0.,1.),.UNSPECIFIED.);
#5838=B_SPLINE_CURVE_WITH_KNOTS('',3,(#7951,#7952,#7953,#7954),
 .UNSPECIFIED.,.F.,.F.,(4,4),(0.,1.),.UNSPECIFIED.);
#5839=B_SPLINE_CURVE_WITH_KNOTS('',3,(#7956,#7957,#7958,#7959),
 .UNSPECIFIED.,.F.,.F.,(4,4),(0.,1.),.UNSPECIFIED.);
#5840=B_SPLINE_CURVE_WITH_KNOTS('',3,(#7961,#7962,#7963,#7964),
 .UNSPECIFIED.,.F.,.F.,(4,4),(0.,1.),.UNSPECIFIED.);
#5841=B_SPLINE_CURVE_WITH_KNOTS('',3,(#7965,#7966,#7967,#7968),
 .UNSPECIFIED.,.F.,.F.,(4,4),(0.,1.),.UNSPECIFIED.);
#5842=B_SPLINE_CURVE_WITH_KNOTS('',3,(#7971,#7972,#7973,#7974,#7975,#7976,
#7977,#7978,#7979,#7980,#7981,#7982,#7983,#7984),.UNSPECIFIED.,.F.,.F.,
(4,2,2,2,2,2,4),(0.,0.135616091232491,0.26996021107537,0.403216341478634,
0.632069261084237,0.860922180689842,1.),.UNSPECIFIED.);
#5843=B_SPLINE_CURVE_WITH_KNOTS('',3,(#7986,#7987,#7988,#7989,#7990,#7991),
 .UNSPECIFIED.,.F.,.F.,(4,2,4),(0.,0.670486557126725,1.),.UNSPECIFIED.);
#5844=B_SPLINE_CURVE_WITH_KNOTS('',3,(#7993,#7994,#7995,#7996,#7997,#7998,
#7999,#8000,#8001,#8002,#8003,#8004),.UNSPECIFIED.,.F.,.F.,(4,2,2,2,2,4),
(0.,0.254436394627769,0.508872789255537,0.781322379963147,0.982546856616777,
1.),.UNSPECIFIED.);
#5845=B_SPLINE_CURVE_WITH_KNOTS('',3,(#8006,#8007,#8008,#8009),
 .UNSPECIFIED.,.F.,.F.,(4,4),(0.,1.),.UNSPECIFIED.);
#5846=B_SPLINE_CURVE_WITH_KNOTS('',3,(#8011,#8012,#8013,#8014,#8015,#8016,
#8017,#8018,#8019,#8020,#8021,#8022,#8023,#8024,#8025,#8026,#8027,#8028,
#8029,#8030,#8031,#8032),.UNSPECIFIED.,.F.,.F.,(4,2,2,2,2,2,2,2,2,2,4),
(0.,0.132349341252085,0.26474600492882,0.327933077824502,0.391021420918786,
0.49266342464855,0.593301612795199,0.694361458103711,0.795838906078786,
0.898208807040348,1.),.UNSPECIFIED.);
#5847=B_SPLINE_CURVE_WITH_KNOTS('',3,(#8034,#8035,#8036,#8037),
 .UNSPECIFIED.,.F.,.F.,(4,4),(0.,1.),.UNSPECIFIED.);
#5848=B_SPLINE_CURVE_WITH_KNOTS('',3,(#8039,#8040,#8041,#8042),
 .UNSPECIFIED.,.F.,.F.,(4,4),(0.,1.),.UNSPECIFIED.);
#5849=B_SPLINE_CURVE_WITH_KNOTS('',3,(#8043,#8044,#8045,#8046),
 .UNSPECIFIED.,.F.,.F.,(4,4),(0.,1.),.UNSPECIFIED.);
#5850=B_SPLINE_CURVE_WITH_KNOTS('',3,(#8049,#8050,#8051,#8052),
 .UNSPECIFIED.,.F.,.F.,(4,4),(0.,1.),.UNSPECIFIED.);
#5851=B_SPLINE_CURVE_WITH_KNOTS('',3,(#8054,#8055,#8056,#8057),
 .UNSPECIFIED.,.F.,.F.,(4,4),(0.,1.),.UNSPECIFIED.);
#5852=B_SPLINE_CURVE_WITH_KNOTS('',3,(#8059,#8060,#8061,#8062,#8063,#8064,
#8065,#8066),.UNSPECIFIED.,.F.,.F.,(4,2,2,4),(0.,0.419689119170976,0.709844559585488,
1.),.UNSPECIFIED.);
#5853=B_SPLINE_CURVE_WITH_KNOTS('',3,(#8068,#8069,#8070,#8071),
 .UNSPECIFIED.,.F.,.F.,(4,4),(0.,1.),.UNSPECIFIED.);
#5854=B_SPLINE_CURVE_WITH_KNOTS('',3,(#8073,#8074,#8075,#8076,#8077,#8078,
#8079,#8080,#8081,#8082,#8083,#8084),.UNSPECIFIED.,.F.,.F.,(4,2,2,2,2,4),
(0.,0.444686913089127,0.626399839139033,0.746070235538881,0.866172151162382,
1.),.UNSPECIFIED.);
#5855=B_SPLINE_CURVE_WITH_KNOTS('',3,(#8086,#8087,#8088,#8089),
 .UNSPECIFIED.,.F.,.F.,(4,4),(0.,1.),.UNSPECIFIED.);
#5856=B_SPLINE_CURVE_WITH_KNOTS('',3,(#9315,#9316,#9317,#9318),
 .UNSPECIFIED.,.F.,.F.,(4,4),(0.,1.),.UNSPECIFIED.);
#5857=B_SPLINE_CURVE_WITH_KNOTS('',3,(#9324,#9325,#9326,#9327),
 .UNSPECIFIED.,.F.,.F.,(4,4),(0.,1.),.UNSPECIFIED.);
#5858=B_SPLINE_CURVE_WITH_KNOTS('',3,(#9331,#9332,#9333,#9334,#9335,#9336,
#9337,#9338,#9339,#9340,#9341,#9342),.UNSPECIFIED.,.F.,.F.,(4,2,2,2,2,4),
(0.,0.133827848837618,0.253929764461119,0.373600160860967,0.555313086910873,
1.),.UNSPECIFIED.);
#5859=B_SPLINE_CURVE_WITH_KNOTS('',3,(#9343,#9344,#9345,#9346,#9347,#9348,
#9349,#9350,#9351,#9352,#9353,#9354),.UNSPECIFIED.,.F.,.F.,(4,2,2,2,2,4),
(0.,0.444686913089127,0.626399839139033,0.746070235538881,0.866172151162382,
1.),.UNSPECIFIED.);
#5860=B_SPLINE_CURVE_WITH_KNOTS('',3,(#9357,#9358,#9359,#9360),
 .UNSPECIFIED.,.F.,.F.,(4,4),(0.,1.),.UNSPECIFIED.);
#5861=B_SPLINE_CURVE_WITH_KNOTS('',3,(#9364,#9365,#9366,#9367,#9368,#9369,
#9370,#9371),.UNSPECIFIED.,.F.,.F.,(4,2,2,4),(0.,0.290155440414512,0.580310880829024,
1.),.UNSPECIFIED.);
#5862=B_SPLINE_CURVE_WITH_KNOTS('',3,(#9372,#9373,#9374,#9375,#9376,#9377,
#9378,#9379),.UNSPECIFIED.,.F.,.F.,(4,2,2,4),(0.,0.419689119170976,0.709844559585488,
1.),.UNSPECIFIED.);
#5863=B_SPLINE_CURVE_WITH_KNOTS('',3,(#9382,#9383,#9384,#9385),
 .UNSPECIFIED.,.F.,.F.,(4,4),(0.,1.),.UNSPECIFIED.);
#5864=B_SPLINE_CURVE_WITH_KNOTS('',3,(#9387,#9388,#9389,#9390),
 .UNSPECIFIED.,.F.,.F.,(4,4),(0.,1.),.UNSPECIFIED.);
#5865=B_SPLINE_CURVE_WITH_KNOTS('',3,(#9393,#9394,#9395,#9396),
 .UNSPECIFIED.,.F.,.F.,(4,4),(0.,1.),.UNSPECIFIED.);
#5866=B_SPLINE_CURVE_WITH_KNOTS('',3,(#9401,#9402,#9403,#9404),
 .UNSPECIFIED.,.F.,.F.,(4,4),(0.,1.),.UNSPECIFIED.);
#5867=B_SPLINE_CURVE_WITH_KNOTS('',3,(#9407,#9408,#9409,#9410),
 .UNSPECIFIED.,.F.,.F.,(4,4),(0.,1.),.UNSPECIFIED.);
#5868=B_SPLINE_CURVE_WITH_KNOTS('',3,(#9411,#9412,#9413,#9414,#9415,#9416,
#9417,#9418,#9419,#9420,#9421,#9422,#9423,#9424,#9425,#9426,#9427,#9428),
 .UNSPECIFIED.,.F.,.F.,(4,2,2,2,2,2,2,2,4),(0.,0.0343126166344517,0.157721061689042,
0.316539778176833,0.475358494664623,0.635894170249579,0.795008160046456,
0.89818363780537,1.),.UNSPECIFIED.);
#5869=B_SPLINE_CURVE_WITH_KNOTS('',3,(#9432,#9433,#9434,#9435,#9436,#9437,
#9438,#9439,#9440,#9441,#9442,#9443,#9444,#9445,#9446,#9447,#9448,#9449),
 .UNSPECIFIED.,.F.,.F.,(4,2,2,2,2,2,2,2,4),(0.,0.10181636219463,0.204991839953544,
0.364105829750421,0.524641505335377,0.683460221823167,0.842278938310958,
0.965687383365548,1.),.UNSPECIFIED.);
#5870=B_SPLINE_CURVE_WITH_KNOTS('',3,(#9450,#9451,#9452,#9453,#9454,#9455,
#9456,#9457,#9458,#9459,#9460,#9461,#9462,#9463,#9464,#9465,#9466,#9467),
 .UNSPECIFIED.,.F.,.F.,(4,2,2,2,2,2,2,2,4),(0.,0.0343126166344517,0.157721061689042,
0.316539778176833,0.475358494664623,0.635894170249579,0.795008160046456,
0.89818363780537,1.),.UNSPECIFIED.);
#5871=B_SPLINE_CURVE_WITH_KNOTS('',3,(#9470,#9471,#9472,#9473),
 .UNSPECIFIED.,.F.,.F.,(4,4),(0.,1.),.UNSPECIFIED.);
#5872=B_SPLINE_CURVE_WITH_KNOTS('',3,(#9476,#9477,#9478,#9479),
 .UNSPECIFIED.,.F.,.F.,(4,4),(0.,1.),.UNSPECIFIED.);
#5873=B_SPLINE_CURVE_WITH_KNOTS('',3,(#9482,#9483,#9484,#9485),
 .UNSPECIFIED.,.F.,.F.,(4,4),(0.,1.),.UNSPECIFIED.);
#5874=B_SPLINE_CURVE_WITH_KNOTS('',3,(#9486,#9487,#9488,#9489),
 .UNSPECIFIED.,.F.,.F.,(4,4),(0.,1.),.UNSPECIFIED.);
#5875=B_SPLINE_CURVE_WITH_KNOTS('',3,(#9492,#9493,#9494,#9495),
 .UNSPECIFIED.,.F.,.F.,(4,4),(0.,1.),.UNSPECIFIED.);
#5876=B_SPLINE_CURVE_WITH_KNOTS('',3,(#9499,#9500,#9501,#9502,#9503,#9504,
#9505,#9506,#9507,#9508,#9509,#9510,#9511,#9512,#9513,#9514,#9515,#9516,
#9517,#9518,#9519,#9520),.UNSPECIFIED.,.F.,.F.,(4,2,2,2,2,2,2,2,2,2,4),
(0.,0.101791192959652,0.204161093921214,0.305638541896289,0.406698387204801,
0.50733657535145,0.608978579081214,0.672066922175498,0.73525399507118,0.867650658747915,
1.),.UNSPECIFIED.);
#5877=B_SPLINE_CURVE_WITH_KNOTS('',3,(#9521,#9522,#9523,#9524,#9525,#9526,
#9527,#9528,#9529,#9530,#9531,#9532,#9533,#9534,#9535,#9536,#9537,#9538,
#9539,#9540,#9541,#9542),.UNSPECIFIED.,.F.,.F.,(4,2,2,2,2,2,2,2,2,2,4),
(0.,0.132349341252085,0.26474600492882,0.327933077824502,0.391021420918786,
0.49266342464855,0.593301612795199,0.694361458103711,0.795838906078786,
0.898208807040348,1.),.UNSPECIFIED.);
#5878=B_SPLINE_CURVE_WITH_KNOTS('',3,(#9545,#9546,#9547,#9548),
 .UNSPECIFIED.,.F.,.F.,(4,4),(0.,1.),.UNSPECIFIED.);
#5879=B_SPLINE_CURVE_WITH_KNOTS('',3,(#9552,#9553,#9554,#9555,#9556,#9557,
#9558,#9559,#9560,#9561,#9562,#9563),.UNSPECIFIED.,.F.,.F.,(4,2,2,2,2,4),
(0.,0.0174531433832228,0.218677620036853,0.491127210744463,0.745563605372231,
1.),.UNSPECIFIED.);
#5880=B_SPLINE_CURVE_WITH_KNOTS('',3,(#9564,#9565,#9566,#9567,#9568,#9569,
#9570,#9571,#9572,#9573,#9574,#9575),.UNSPECIFIED.,.F.,.F.,(4,2,2,2,2,4),
(0.,0.254436394627769,0.508872789255537,0.781322379963147,0.982546856616777,
1.),.UNSPECIFIED.);
#5881=B_SPLINE_CURVE_WITH_KNOTS('',3,(#9578,#9579,#9580,#9581,#9582,#9583),
 .UNSPECIFIED.,.F.,.F.,(4,2,4),(0.,0.329513442873275,1.),.UNSPECIFIED.);
#5882=B_SPLINE_CURVE_WITH_KNOTS('',3,(#9584,#9585,#9586,#9587,#9588,#9589),
 .UNSPECIFIED.,.F.,.F.,(4,2,4),(0.,0.670486557126725,1.),.UNSPECIFIED.);
#5883=B_SPLINE_CURVE_WITH_KNOTS('',3,(#9590,#9591,#9592,#9593,#9594,#9595,
#9596,#9597,#9598,#9599,#9600,#9601,#9602,#9603),.UNSPECIFIED.,.F.,.F.,
(4,2,2,2,2,2,4),(0.,0.139077819310158,0.367930738915763,0.596783658521366,
0.73003978892463,0.864383908767509,1.),.UNSPECIFIED.);
#5884=B_SPLINE_CURVE_WITH_KNOTS('',3,(#9604,#9605,#9606,#9607,#9608,#9609,
#9610,#9611,#9612,#9613,#9614,#9615,#9616,#9617),.UNSPECIFIED.,.F.,.F.,
(4,2,2,2,2,2,4),(0.,0.135616091232491,0.26996021107537,0.403216341478634,
0.632069261084237,0.860922180689842,1.),.UNSPECIFIED.);
#5885=B_SPLINE_CURVE_WITH_KNOTS('',3,(#9618,#9619,#9620,#9621),
 .UNSPECIFIED.,.F.,.F.,(4,4),(0.,1.),.UNSPECIFIED.);
#5886=B_SPLINE_CURVE_WITH_KNOTS('',3,(#9622,#9623,#9624,#9625),
 .UNSPECIFIED.,.F.,.F.,(4,4),(0.,1.),.UNSPECIFIED.);
#5887=B_SPLINE_CURVE_WITH_KNOTS('',3,(#9626,#9627,#9628,#9629),
 .UNSPECIFIED.,.F.,.F.,(4,4),(0.,1.),.UNSPECIFIED.);
#5888=B_SPLINE_CURVE_WITH_KNOTS('',3,(#9631,#9632,#9633,#9634,#9635,#9636,
#9637,#9638,#9639,#9640),.UNSPECIFIED.,.F.,.F.,(4,2,2,2,4),(0.,0.242231996842045,
0.492471663001183,0.742711329160321,1.),.UNSPECIFIED.);
#5889=B_SPLINE_CURVE_WITH_KNOTS('',3,(#9645,#9646,#9647,#9648,#9649,#9650,
#9651,#9652,#9653,#9654),.UNSPECIFIED.,.F.,.F.,(4,2,2,2,4),(0.,0.257288670839679,
0.507528336998817,0.757768003157955,1.),.UNSPECIFIED.);
#5890=B_SPLINE_CURVE_WITH_KNOTS('',3,(#9657,#9658,#9659,#9660,#9661,#9662,
#9663,#9664,#9665,#9666),.UNSPECIFIED.,.F.,.F.,(4,2,2,2,4),(0.,0.242231996842045,
0.492471663001183,0.742711329160321,1.),.UNSPECIFIED.);
#5891=B_SPLINE_CURVE_WITH_KNOTS('',3,(#9669,#9670,#9671,#9672),
 .UNSPECIFIED.,.F.,.F.,(4,4),(0.,1.),.UNSPECIFIED.);
#5892=B_SPLINE_CURVE_WITH_KNOTS('',3,(#9678,#9679,#9680,#9681),
 .UNSPECIFIED.,.F.,.F.,(4,4),(0.,1.),.UNSPECIFIED.);
#5893=B_SPLINE_CURVE_WITH_KNOTS('',3,(#9685,#9686,#9687,#9688),
 .UNSPECIFIED.,.F.,.F.,(4,4),(0.,1.),.UNSPECIFIED.);
#5894=B_SPLINE_CURVE_WITH_KNOTS('',3,(#9692,#9693,#9694,#9695),
 .UNSPECIFIED.,.F.,.F.,(4,4),(0.,1.),.UNSPECIFIED.);
#5895=B_SPLINE_CURVE_WITH_KNOTS('',3,(#9699,#9700,#9701,#9702),
 .UNSPECIFIED.,.F.,.F.,(4,4),(0.,1.),.UNSPECIFIED.);
#5896=B_SPLINE_CURVE_WITH_KNOTS('',3,(#9704,#9705,#9706,#9707,#9708,#9709,
#9710,#9711,#9712,#9713,#9714,#9715,#9716,#9717,#9718,#9719,#9720,#9721,
#9722,#9723),.UNSPECIFIED.,.F.,.F.,(4,2,2,2,2,2,2,2,2,4),(0.,0.174433366756022,
0.286890408360907,0.398986149687097,0.511081891013288,0.620471873066087,
0.730318833075417,0.839598332020509,0.919799166010254,1.),.UNSPECIFIED.);
#5897=B_SPLINE_CURVE_WITH_KNOTS('',3,(#9724,#9725,#9726,#9727,#9728,#9729,
#9730,#9731,#9732,#9733,#9734,#9735,#9736,#9737,#9738,#9739,#9740,#9741,
#9742,#9743),.UNSPECIFIED.,.F.,.F.,(4,2,2,2,2,2,2,2,2,4),(0.,0.0802008339897463,
0.160401667979491,0.269681166924583,0.379528126933913,0.488918108986712,
0.601013850312903,0.713109591639093,0.825566633243978,1.),.UNSPECIFIED.);
#5898=B_SPLINE_CURVE_WITH_KNOTS('',3,(#9744,#9745,#9746,#9747,#9748,#9749,
#9750,#9751,#9752,#9753),.UNSPECIFIED.,.F.,.F.,(4,2,2,2,4),(0.,0.268499109481884,
0.51208593045514,0.756627994087936,1.),.UNSPECIFIED.);
#5899=B_SPLINE_CURVE_WITH_KNOTS('',3,(#9754,#9755,#9756,#9757,#9758,#9759,
#9760,#9761,#9762,#9763),.UNSPECIFIED.,.F.,.F.,(4,2,2,2,4),(0.,0.243372005912064,
0.48791406954486,0.731500890518116,1.),.UNSPECIFIED.);
#5900=B_SPLINE_CURVE_WITH_KNOTS('',3,(#9764,#9765,#9766,#9767,#9768,#9769,
#9770,#9771,#9772,#9773),.UNSPECIFIED.,.F.,.F.,(4,2,2,2,4),(0.,0.268499109481884,
0.51208593045514,0.756627994087936,1.),.UNSPECIFIED.);
#5901=B_SPLINE_CURVE_WITH_KNOTS('',3,(#9775,#9776,#9777,#9778),
 .UNSPECIFIED.,.F.,.F.,(4,4),(0.,1.),.UNSPECIFIED.);
#5902=B_SPLINE_CURVE_WITH_KNOTS('',3,(#9783,#9784,#9785,#9786),
 .UNSPECIFIED.,.F.,.F.,(4,4),(0.,1.),.UNSPECIFIED.);
#5903=B_SPLINE_CURVE_WITH_KNOTS('',3,(#9789,#9790,#9791,#9792),
 .UNSPECIFIED.,.F.,.F.,(4,4),(0.,1.),.UNSPECIFIED.);
#5904=B_SPLINE_CURVE_WITH_KNOTS('',3,(#9793,#9794,#9795,#9796,#9797,#9798,
#9799,#9800,#9801,#9802,#9803,#9804,#9805,#9806,#9807,#9808,#9809,#9810),
 .UNSPECIFIED.,.F.,.F.,(4,2,2,2,2,2,2,2,4),(0.,0.0343126166344517,0.157721061689042,
0.316539778176832,0.475358494664622,0.635894170249577,0.795008160046456,
0.89818363780537,1.),.UNSPECIFIED.);
#5905=B_SPLINE_CURVE_WITH_KNOTS('',3,(#9814,#9815,#9816,#9817,#9818,#9819,
#9820,#9821,#9822,#9823,#9824,#9825,#9826,#9827,#9828,#9829,#9830,#9831),
 .UNSPECIFIED.,.F.,.F.,(4,2,2,2,2,2,2,2,4),(0.,0.10181636219463,0.204991839953544,
0.364105829750423,0.524641505335378,0.683460221823168,0.842278938310958,
0.965687383365548,1.),.UNSPECIFIED.);
#5906=B_SPLINE_CURVE_WITH_KNOTS('',3,(#9832,#9833,#9834,#9835,#9836,#9837,
#9838,#9839,#9840,#9841,#9842,#9843,#9844,#9845,#9846,#9847,#9848,#9849),
 .UNSPECIFIED.,.F.,.F.,(4,2,2,2,2,2,2,2,4),(0.,0.0343126166344517,0.157721061689042,
0.316539778176832,0.475358494664622,0.635894170249577,0.795008160046456,
0.89818363780537,1.),.UNSPECIFIED.);
#5907=B_SPLINE_CURVE_WITH_KNOTS('',3,(#9852,#9853,#9854,#9855),
 .UNSPECIFIED.,.F.,.F.,(4,4),(0.,1.),.UNSPECIFIED.);
#5908=B_SPLINE_CURVE_WITH_KNOTS('',3,(#9858,#9859,#9860,#9861),
 .UNSPECIFIED.,.F.,.F.,(4,4),(0.,1.),.UNSPECIFIED.);
#5909=B_SPLINE_CURVE_WITH_KNOTS('',3,(#9864,#9865,#9866,#9867),
 .UNSPECIFIED.,.F.,.F.,(4,4),(0.,1.),.UNSPECIFIED.);
#5910=B_SPLINE_CURVE_WITH_KNOTS('',3,(#9868,#9869,#9870,#9871),
 .UNSPECIFIED.,.F.,.F.,(4,4),(0.,1.),.UNSPECIFIED.);
#5911=B_SPLINE_CURVE_WITH_KNOTS('',3,(#9874,#9875,#9876,#9877),
 .UNSPECIFIED.,.F.,.F.,(4,4),(0.,1.),.UNSPECIFIED.);
#5912=B_SPLINE_CURVE_WITH_KNOTS('',3,(#9881,#9882,#9883,#9884,#9885,#9886,
#9887,#9888,#9889,#9890,#9891,#9892,#9893,#9894,#9895,#9896,#9897,#9898,
#9899,#9900,#9901,#9902),.UNSPECIFIED.,.F.,.F.,(4,2,2,2,2,2,2,2,2,2,4),
(0.,0.101791192959652,0.204161093921214,0.305638541896287,0.4066983872048,
0.507336575351449,0.608978579081214,0.672066922175497,0.73525399507118,
0.867650658747914,1.),.UNSPECIFIED.);
#5913=B_SPLINE_CURVE_WITH_KNOTS('',3,(#9903,#9904,#9905,#9906,#9907,#9908,
#9909,#9910,#9911,#9912,#9913,#9914,#9915,#9916,#9917,#9918,#9919,#9920,
#9921,#9922,#9923,#9924),.UNSPECIFIED.,.F.,.F.,(4,2,2,2,2,2,2,2,2,2,4),
(0.,0.132349341252085,0.26474600492882,0.327933077824503,0.391021420918786,
0.492663424648551,0.5933016127952,0.694361458103713,0.795838906078786,0.898208807040348,
1.),.UNSPECIFIED.);
#5914=B_SPLINE_CURVE_WITH_KNOTS('',3,(#9927,#9928,#9929,#9930),
 .UNSPECIFIED.,.F.,.F.,(4,4),(0.,1.),.UNSPECIFIED.);
#5915=B_SPLINE_CURVE_WITH_KNOTS('',3,(#9934,#9935,#9936,#9937,#9938,#9939,
#9940,#9941,#9942,#9943,#9944,#9945),.UNSPECIFIED.,.F.,.F.,(4,2,2,2,2,4),
(0.,0.0174531433832228,0.218677620036853,0.491127210744462,0.74556360537223,
1.),.UNSPECIFIED.);
#5916=B_SPLINE_CURVE_WITH_KNOTS('',3,(#9946,#9947,#9948,#9949,#9950,#9951,
#9952,#9953,#9954,#9955,#9956,#9957),.UNSPECIFIED.,.F.,.F.,(4,2,2,2,2,4),
(0.,0.25443639462777,0.508872789255538,0.781322379963147,0.982546856616777,
1.),.UNSPECIFIED.);
#5917=B_SPLINE_CURVE_WITH_KNOTS('',3,(#9960,#9961,#9962,#9963,#9964,#9965),
 .UNSPECIFIED.,.F.,.F.,(4,2,4),(0.,0.329513442873273,1.),.UNSPECIFIED.);
#5918=B_SPLINE_CURVE_WITH_KNOTS('',3,(#9966,#9967,#9968,#9969,#9970,#9971),
 .UNSPECIFIED.,.F.,.F.,(4,2,4),(0.,0.670486557126727,1.),.UNSPECIFIED.);
#5919=B_SPLINE_CURVE_WITH_KNOTS('',3,(#9972,#9973,#9974,#9975,#9976,#9977,
#9978,#9979,#9980,#9981,#9982,#9983,#9984,#9985),.UNSPECIFIED.,.F.,.F.,
(4,2,2,2,2,2,4),(0.,0.139077819310159,0.367930738915763,0.596783658521367,
0.730039788924631,0.864383908767508,1.),.UNSPECIFIED.);
#5920=B_SPLINE_CURVE_WITH_KNOTS('',3,(#9986,#9987,#9988,#9989,#9990,#9991,
#9992,#9993,#9994,#9995,#9996,#9997,#9998,#9999),.UNSPECIFIED.,.F.,.F.,
(4,2,2,2,2,2,4),(0.,0.135616091232492,0.26996021107537,0.403216341478633,
0.632069261084237,0.860922180689841,1.),.UNSPECIFIED.);
#5921=B_SPLINE_CURVE_WITH_KNOTS('',3,(#10000,#10001,#10002,#10003),
 .UNSPECIFIED.,.F.,.F.,(4,4),(0.,1.),.UNSPECIFIED.);
#5922=B_SPLINE_CURVE_WITH_KNOTS('',3,(#10004,#10005,#10006,#10007),
 .UNSPECIFIED.,.F.,.F.,(4,4),(0.,1.),.UNSPECIFIED.);
#5923=B_SPLINE_CURVE_WITH_KNOTS('',3,(#10008,#10009,#10010,#10011),
 .UNSPECIFIED.,.F.,.F.,(4,4),(0.,1.),.UNSPECIFIED.);
#5924=B_SPLINE_CURVE_WITH_KNOTS('',3,(#10015,#10016,#10017,#10018),
 .UNSPECIFIED.,.F.,.F.,(4,4),(0.,1.),.UNSPECIFIED.);
#5925=B_SPLINE_CURVE_WITH_KNOTS('',3,(#10024,#10025,#10026,#10027),
 .UNSPECIFIED.,.F.,.F.,(4,4),(0.,1.),.UNSPECIFIED.);
#5926=B_SPLINE_CURVE_WITH_KNOTS('',3,(#10031,#10032,#10033,#10034,#10035,
#10036,#10037,#10038,#10039,#10040,#10041,#10042),.UNSPECIFIED.,.F.,.F.,
(4,2,2,2,2,4),(0.,0.133827848837616,0.253929764461118,0.373600160860966,
0.555313086910872,1.),.UNSPECIFIED.);
#5927=B_SPLINE_CURVE_WITH_KNOTS('',3,(#10043,#10044,#10045,#10046,#10047,
#10048,#10049,#10050,#10051,#10052,#10053,#10054),.UNSPECIFIED.,.F.,.F.,
(4,2,2,2,2,4),(0.,0.444686913089128,0.626399839139034,0.746070235538882,
0.866172151162384,1.),.UNSPECIFIED.);
#5928=B_SPLINE_CURVE_WITH_KNOTS('',3,(#10057,#10058,#10059,#10060),
 .UNSPECIFIED.,.F.,.F.,(4,4),(0.,1.),.UNSPECIFIED.);
#5929=B_SPLINE_CURVE_WITH_KNOTS('',3,(#10064,#10065,#10066,#10067,#10068,
#10069,#10070,#10071),.UNSPECIFIED.,.F.,.F.,(4,2,2,4),(0.,0.290155440414512,
0.580310880829021,1.),.UNSPECIFIED.);
#5930=B_SPLINE_CURVE_WITH_KNOTS('',3,(#10072,#10073,#10074,#10075,#10076,
#10077,#10078,#10079),.UNSPECIFIED.,.F.,.F.,(4,2,2,4),(0.,0.419689119170979,
0.709844559585488,1.),.UNSPECIFIED.);
#5931=B_SPLINE_CURVE_WITH_KNOTS('',3,(#10082,#10083,#10084,#10085),
 .UNSPECIFIED.,.F.,.F.,(4,4),(0.,1.),.UNSPECIFIED.);
#5932=B_SPLINE_CURVE_WITH_KNOTS('',3,(#10087,#10088,#10089,#10090),
 .UNSPECIFIED.,.F.,.F.,(4,4),(0.,1.),.UNSPECIFIED.);
#5933=B_SPLINE_CURVE_WITH_KNOTS('',3,(#10095,#10096,#10097,#10098),
 .UNSPECIFIED.,.F.,.F.,(4,4),(0.,1.),.UNSPECIFIED.);
#5934=B_SPLINE_CURVE_WITH_KNOTS('',3,(#10104,#10105,#10106,#10107,#10108,
#10109,#10110,#10111,#10112,#10113,#10114,#10115,#10116,#10117,#10118,#10119,
#10120,#10121),.UNSPECIFIED.,.F.,.F.,(4,2,2,2,2,2,2,2,4),(0.,0.094936933593914,
0.189873867187828,0.333465979248623,0.477058091309417,0.622947677163184,
0.768266642130543,0.88452181410443,1.),.UNSPECIFIED.);
#5935=B_SPLINE_CURVE_WITH_KNOTS('',3,(#10122,#10123,#10124,#10125,#10126,
#10127,#10128,#10129,#10130,#10131,#10132,#10133,#10134,#10135,#10136,#10137,
#10138,#10139),.UNSPECIFIED.,.F.,.F.,(4,2,2,2,2,2,2,2,4),(0.,0.11547818589557,
0.231733357869457,0.377052322836816,0.522941908690583,0.666534020751377,
0.810126132812172,0.905063066406086,1.),.UNSPECIFIED.);
#5936=B_SPLINE_CURVE_WITH_KNOTS('',3,(#10142,#10143,#10144,#10145),
 .UNSPECIFIED.,.F.,.F.,(4,4),(0.,1.),.UNSPECIFIED.);
#5937=B_SPLINE_CURVE_WITH_KNOTS('',3,(#10147,#10148,#10149,#10150,#10151,
#10152,#10153,#10154,#10155,#10156,#10157,#10158,#10159,#10160,#10161,#10162,
#10163,#10164,#10165,#10166),.UNSPECIFIED.,.F.,.F.,(4,2,2,2,2,2,2,2,2,4),
(0.,0.11195642082241,0.224042520921701,0.363969362013396,0.504000148329745,
0.594590889583028,0.684846299356597,0.774664722915643,0.887673968951,1.),
 .UNSPECIFIED.);
#5938=B_SPLINE_CURVE_WITH_KNOTS('',3,(#10167,#10168,#10169,#10170,#10171,
#10172,#10173,#10174,#10175,#10176,#10177,#10178,#10179,#10180,#10181,#10182,
#10183,#10184,#10185,#10186),.UNSPECIFIED.,.F.,.F.,(4,2,2,2,2,2,2,2,2,4),
(0.,0.112326031049,0.225335277084357,0.315153700643403,0.405409110416972,
0.495999851670255,0.636030637986604,0.775957479078299,0.88804357917759,
1.),.UNSPECIFIED.);
#5939=B_SPLINE_CURVE_WITH_KNOTS('',3,(#10190,#10191,#10192,#10193),
 .UNSPECIFIED.,.F.,.F.,(4,4),(0.,1.),.UNSPECIFIED.);
#5940=B_SPLINE_CURVE_WITH_KNOTS('',3,(#10199,#10200,#10201,#10202),
 .UNSPECIFIED.,.F.,.F.,(4,4),(0.,1.),.UNSPECIFIED.);
#5941=B_SPLINE_CURVE_WITH_KNOTS('',3,(#10206,#10207,#10208,#10209,#10210,
#10211,#10212,#10213,#10214,#10215,#10216,#10217,#10218,#10219,#10220,#10221),
 .UNSPECIFIED.,.F.,.F.,(4,2,2,2,2,2,2,4),(0.,0.293793663138456,0.411147455043901,
0.529382532396584,0.617747695470695,0.706112858544807,0.794478021618919,
1.),.UNSPECIFIED.);
#5942=B_SPLINE_CURVE_WITH_KNOTS('',3,(#10222,#10223,#10224,#10225,#10226,
#10227,#10228,#10229,#10230,#10231,#10232,#10233,#10234,#10235,#10236,#10237),
 .UNSPECIFIED.,.F.,.F.,(4,2,2,2,2,2,2,4),(0.,0.205521978381081,0.293887141455193,
0.382252304529305,0.470617467603416,0.588852544956099,0.706206336861544,
1.),.UNSPECIFIED.);
#5943=B_SPLINE_CURVE_WITH_KNOTS('',3,(#10240,#10241,#10242,#10243),
 .UNSPECIFIED.,.F.,.F.,(4,4),(0.,1.),.UNSPECIFIED.);
#5944=B_SPLINE_CURVE_WITH_KNOTS('',3,(#10247,#10248,#10249,#10250,#10251,
#10252,#10253,#10254),.UNSPECIFIED.,.F.,.F.,(4,2,2,4),(0.,0.240514472451133,
0.480854332844549,1.),.UNSPECIFIED.);
#5945=B_SPLINE_CURVE_WITH_KNOTS('',3,(#10255,#10256,#10257,#10258,#10259,
#10260,#10261,#10262),.UNSPECIFIED.,.F.,.F.,(4,2,2,4),(0.,0.519145667155451,
0.759485527548867,1.),.UNSPECIFIED.);
#5946=B_SPLINE_CURVE_WITH_KNOTS('',3,(#10265,#10266,#10267,#10268,#10269,
#10270),.UNSPECIFIED.,.F.,.F.,(4,2,4),(0.,0.618874773139744,1.),
 .UNSPECIFIED.);
#5947=B_SPLINE_CURVE_WITH_KNOTS('',3,(#10271,#10272,#10273,#10274,#10275,
#10276),.UNSPECIFIED.,.F.,.F.,(4,2,4),(0.,0.381125226860256,1.),
 .UNSPECIFIED.);
#5948=B_SPLINE_CURVE_WITH_KNOTS('',3,(#10279,#10280,#10281,#10282),
 .UNSPECIFIED.,.F.,.F.,(4,4),(0.,1.),.UNSPECIFIED.);
#5949=B_SPLINE_CURVE_WITH_KNOTS('',3,(#10284,#10285,#10286,#10287),
 .UNSPECIFIED.,.F.,.F.,(4,4),(0.,1.),.UNSPECIFIED.);
#5950=B_SPLINE_CURVE_WITH_KNOTS('',3,(#10292,#10293,#10294,#10295),
 .UNSPECIFIED.,.F.,.F.,(4,4),(0.,1.),.UNSPECIFIED.);
#5951=B_SPLINE_CURVE_WITH_KNOTS('',3,(#10301,#10302,#10303,#10304),
 .UNSPECIFIED.,.F.,.F.,(4,4),(0.,1.),.UNSPECIFIED.);
#5952=B_SPLINE_CURVE_WITH_KNOTS('',3,(#10308,#10309,#10310,#10311),
 .UNSPECIFIED.,.F.,.F.,(4,4),(0.,1.),.UNSPECIFIED.);
#5953=B_SPLINE_CURVE_WITH_KNOTS('',3,(#10313,#10314,#10315,#10316),
 .UNSPECIFIED.,.F.,.F.,(4,4),(0.,1.),.UNSPECIFIED.);
#5954=B_SPLINE_CURVE_WITH_KNOTS('',3,(#10321,#10322,#10323,#10324),
 .UNSPECIFIED.,.F.,.F.,(4,4),(0.,1.),.UNSPECIFIED.);
#5955=B_SPLINE_CURVE_WITH_KNOTS('',3,(#10330,#10331,#10332,#10333),
 .UNSPECIFIED.,.F.,.F.,(4,4),(0.,1.),.UNSPECIFIED.);
#5956=B_SPLINE_CURVE_WITH_KNOTS('',3,(#10337,#10338,#10339,#10340),
 .UNSPECIFIED.,.F.,.F.,(4,4),(0.,1.),.UNSPECIFIED.);
#5957=B_SPLINE_CURVE_WITH_KNOTS('',3,(#10342,#10343,#10344,#10345),
 .UNSPECIFIED.,.F.,.F.,(4,4),(0.,1.),.UNSPECIFIED.);
#5958=B_SPLINE_CURVE_WITH_KNOTS('',3,(#10350,#10351,#10352,#10353),
 .UNSPECIFIED.,.F.,.F.,(4,4),(0.,1.),.UNSPECIFIED.);
#5959=B_SPLINE_CURVE_WITH_KNOTS('',3,(#10359,#10360,#10361,#10362),
 .UNSPECIFIED.,.F.,.F.,(4,4),(0.,1.),.UNSPECIFIED.);
#5960=B_SPLINE_CURVE_WITH_KNOTS('',3,(#10366,#10367,#10368,#10369),
 .UNSPECIFIED.,.F.,.F.,(4,4),(0.,1.),.UNSPECIFIED.);
#5961=B_SPLINE_CURVE_WITH_KNOTS('',3,(#10373,#10374,#10375,#10376,#10377,
#10378,#10379,#10380,#10381,#10382,#10383,#10384,#10385,#10386,#10387,#10388,
#10389,#10390,#10391,#10392,#10393,#10394),.UNSPECIFIED.,.F.,.F.,(4,2,2,
2,2,2,2,2,2,2,4),(0.,0.0828185244016459,0.165355020273167,0.272875536516605,
0.380191525054127,0.487053827789474,0.601831856653366,0.717083336443345,
0.831763274281673,0.915547703752597,1.),.UNSPECIFIED.);
#5962=B_SPLINE_CURVE_WITH_KNOTS('',3,(#10395,#10396,#10397,#10398,#10399,
#10400,#10401,#10402,#10403,#10404,#10405,#10406,#10407,#10408,#10409,#10410,
#10411,#10412,#10413,#10414,#10415,#10416),.UNSPECIFIED.,.F.,.F.,(4,2,2,
2,2,2,2,2,2,2,4),(0.,0.0844522962474029,0.168236725718327,0.282916663556655,
0.398168143346634,0.512946172210526,0.619808474945873,0.727124463483395,
0.834644979726833,0.917181475598354,1.),.UNSPECIFIED.);
#5963=B_SPLINE_CURVE_WITH_KNOTS('',3,(#10419,#10420,#10421,#10422),
 .UNSPECIFIED.,.F.,.F.,(4,4),(0.,1.),.UNSPECIFIED.);
#5964=B_SPLINE_CURVE_WITH_KNOTS('',3,(#10424,#10425,#10426,#10427),
 .UNSPECIFIED.,.F.,.F.,(4,4),(0.,1.),.UNSPECIFIED.);
#5965=B_SPLINE_CURVE_WITH_KNOTS('',3,(#10429,#10430,#10431,#10432,#10433,
#10434,#10435,#10436,#10437,#10438,#10439,#10440,#10441,#10442,#10443,#10444,
#10445,#10446),.UNSPECIFIED.,.T.,.F.,(1,3,2,2,2,2,2,2,2,3,1),(-0.122937367932125,
0.,0.126941744028152,0.255696941542422,0.385061457254309,0.508282011797821,
0.631972484508031,0.754462078842413,0.877062632067875,1.,1.12694174402815),
 .UNSPECIFIED.);
#5966=B_SPLINE_CURVE_WITH_KNOTS('',3,(#10448,#10449,#10450,#10451,#10452,
#10453,#10454,#10455,#10456,#10457,#10458,#10459,#10460,#10461,#10462,#10463,
#10464,#10465),.UNSPECIFIED.,.T.,.F.,(1,3,2,2,2,2,2,2,2,3,1),(-0.126941744028152,
0.,0.122937367932125,0.245537921157587,0.368027515491969,0.491717988202179,
0.614938542745691,0.744303058457578,0.873058255971848,1.,1.12293736793213),
 .UNSPECIFIED.);
#5967=B_SPLINE_CURVE_WITH_KNOTS('',3,(#10467,#10468,#10469,#10470,#10471,
#10472,#10473,#10474,#10475,#10476,#10477,#10478,#10479,#10480,#10481,#10482,
#10483,#10484),.UNSPECIFIED.,.T.,.F.,(1,3,2,2,2,2,2,2,2,3,1),(-0.126941744028152,
0.,0.122937367932125,0.245537921157587,0.368027515491969,0.491717988202179,
0.614938542745691,0.744303058457578,0.873058255971848,1.,1.12293736793213),
 .UNSPECIFIED.);
#5968=AXIS2_PLACEMENT_3D('',#7597,#6289,#6290);
#5969=AXIS2_PLACEMENT_3D('',#8098,#6295,#6296);
#5970=AXIS2_PLACEMENT_3D('',#8107,#6301,#6302);
#5971=AXIS2_PLACEMENT_3D('',#8113,#6306,#6307);
#5972=AXIS2_PLACEMENT_3D('',#8117,#6310,#6311);
#5973=AXIS2_PLACEMENT_3D('',#8121,#6314,#6315);
#5974=AXIS2_PLACEMENT_3D('',#8123,#6317,#6318);
#5975=AXIS2_PLACEMENT_3D('',#8132,#6323,#6324);
#5976=AXIS2_PLACEMENT_3D('',#8138,#6328,#6329);
#5977=AXIS2_PLACEMENT_3D('',#8142,#6332,#6333);
#5978=AXIS2_PLACEMENT_3D('',#8146,#6336,#6337);
#5979=AXIS2_PLACEMENT_3D('',#8148,#6339,#6340);
#5980=AXIS2_PLACEMENT_3D('',#8157,#6345,#6346);
#5981=AXIS2_PLACEMENT_3D('',#8163,#6350,#6351);
#5982=AXIS2_PLACEMENT_3D('',#8167,#6354,#6355);
#5983=AXIS2_PLACEMENT_3D('',#8171,#6358,#6359);
#5984=AXIS2_PLACEMENT_3D('',#8173,#6361,#6362);
#5985=AXIS2_PLACEMENT_3D('',#8182,#6367,#6368);
#5986=AXIS2_PLACEMENT_3D('',#8188,#6372,#6373);
#5987=AXIS2_PLACEMENT_3D('',#8192,#6376,#6377);
#5988=AXIS2_PLACEMENT_3D('',#8196,#6380,#6381);
#5989=AXIS2_PLACEMENT_3D('',#8198,#6383,#6384);
#5990=AXIS2_PLACEMENT_3D('',#8207,#6389,#6390);
#5991=AXIS2_PLACEMENT_3D('',#8213,#6394,#6395);
#5992=AXIS2_PLACEMENT_3D('',#8217,#6398,#6399);
#5993=AXIS2_PLACEMENT_3D('',#8221,#6402,#6403);
#5994=AXIS2_PLACEMENT_3D('',#8223,#6405,#6406);
#5995=AXIS2_PLACEMENT_3D('',#8232,#6411,#6412);
#5996=AXIS2_PLACEMENT_3D('',#8238,#6416,#6417);
#5997=AXIS2_PLACEMENT_3D('',#8242,#6420,#6421);
#5998=AXIS2_PLACEMENT_3D('',#8246,#6424,#6425);
#5999=AXIS2_PLACEMENT_3D('',#8248,#6427,#6428);
#6000=AXIS2_PLACEMENT_3D('',#8257,#6433,#6434);
#6001=AXIS2_PLACEMENT_3D('',#8263,#6438,#6439);
#6002=AXIS2_PLACEMENT_3D('',#8267,#6442,#6443);
#6003=AXIS2_PLACEMENT_3D('',#8271,#6446,#6447);
#6004=AXIS2_PLACEMENT_3D('',#8273,#6449,#6450);
#6005=AXIS2_PLACEMENT_3D('',#8282,#6455,#6456);
#6006=AXIS2_PLACEMENT_3D('',#8288,#6460,#6461);
#6007=AXIS2_PLACEMENT_3D('',#8292,#6464,#6465);
#6008=AXIS2_PLACEMENT_3D('',#8296,#6468,#6469);
#6009=AXIS2_PLACEMENT_3D('',#8298,#6471,#6472);
#6010=AXIS2_PLACEMENT_3D('',#8307,#6477,#6478);
#6011=AXIS2_PLACEMENT_3D('',#8313,#6482,#6483);
#6012=AXIS2_PLACEMENT_3D('',#8317,#6486,#6487);
#6013=AXIS2_PLACEMENT_3D('',#8321,#6490,#6491);
#6014=AXIS2_PLACEMENT_3D('',#8323,#6493,#6494);
#6015=AXIS2_PLACEMENT_3D('',#8332,#6499,#6500);
#6016=AXIS2_PLACEMENT_3D('',#8338,#6504,#6505);
#6017=AXIS2_PLACEMENT_3D('',#8342,#6508,#6509);
#6018=AXIS2_PLACEMENT_3D('',#8346,#6512,#6513);
#6019=AXIS2_PLACEMENT_3D('',#8348,#6515,#6516);
#6020=AXIS2_PLACEMENT_3D('',#8357,#6521,#6522);
#6021=AXIS2_PLACEMENT_3D('',#8363,#6526,#6527);
#6022=AXIS2_PLACEMENT_3D('',#8367,#6530,#6531);
#6023=AXIS2_PLACEMENT_3D('',#8371,#6534,#6535);
#6024=AXIS2_PLACEMENT_3D('',#8373,#6537,#6538);
#6025=AXIS2_PLACEMENT_3D('',#8382,#6543,#6544);
#6026=AXIS2_PLACEMENT_3D('',#8388,#6548,#6549);
#6027=AXIS2_PLACEMENT_3D('',#8392,#6552,#6553);
#6028=AXIS2_PLACEMENT_3D('',#8396,#6556,#6557);
#6029=AXIS2_PLACEMENT_3D('',#8398,#6559,#6560);
#6030=AXIS2_PLACEMENT_3D('',#8407,#6565,#6566);
#6031=AXIS2_PLACEMENT_3D('',#8413,#6570,#6571);
#6032=AXIS2_PLACEMENT_3D('',#8417,#6574,#6575);
#6033=AXIS2_PLACEMENT_3D('',#8421,#6578,#6579);
#6034=AXIS2_PLACEMENT_3D('',#8423,#6581,#6582);
#6035=AXIS2_PLACEMENT_3D('',#8432,#6587,#6588);
#6036=AXIS2_PLACEMENT_3D('',#8438,#6592,#6593);
#6037=AXIS2_PLACEMENT_3D('',#8442,#6596,#6597);
#6038=AXIS2_PLACEMENT_3D('',#8446,#6600,#6601);
#6039=AXIS2_PLACEMENT_3D('',#8448,#6603,#6604);
#6040=AXIS2_PLACEMENT_3D('',#8457,#6609,#6610);
#6041=AXIS2_PLACEMENT_3D('',#8463,#6614,#6615);
#6042=AXIS2_PLACEMENT_3D('',#8467,#6618,#6619);
#6043=AXIS2_PLACEMENT_3D('',#8471,#6622,#6623);
#6044=AXIS2_PLACEMENT_3D('',#8473,#6625,#6626);
#6045=AXIS2_PLACEMENT_3D('',#8482,#6631,#6632);
#6046=AXIS2_PLACEMENT_3D('',#8488,#6636,#6637);
#6047=AXIS2_PLACEMENT_3D('',#8492,#6640,#6641);
#6048=AXIS2_PLACEMENT_3D('',#8496,#6644,#6645);
#6049=AXIS2_PLACEMENT_3D('',#8498,#6647,#6648);
#6050=AXIS2_PLACEMENT_3D('',#8507,#6653,#6654);
#6051=AXIS2_PLACEMENT_3D('',#8513,#6658,#6659);
#6052=AXIS2_PLACEMENT_3D('',#8517,#6662,#6663);
#6053=AXIS2_PLACEMENT_3D('',#8521,#6666,#6667);
#6054=AXIS2_PLACEMENT_3D('',#8523,#6669,#6670);
#6055=AXIS2_PLACEMENT_3D('',#8532,#6675,#6676);
#6056=AXIS2_PLACEMENT_3D('',#8538,#6680,#6681);
#6057=AXIS2_PLACEMENT_3D('',#8542,#6684,#6685);
#6058=AXIS2_PLACEMENT_3D('',#8546,#6688,#6689);
#6059=AXIS2_PLACEMENT_3D('',#8548,#6691,#6692);
#6060=AXIS2_PLACEMENT_3D('',#8557,#6697,#6698);
#6061=AXIS2_PLACEMENT_3D('',#8563,#6702,#6703);
#6062=AXIS2_PLACEMENT_3D('',#8567,#6706,#6707);
#6063=AXIS2_PLACEMENT_3D('',#8571,#6710,#6711);
#6064=AXIS2_PLACEMENT_3D('',#8573,#6713,#6714);
#6065=AXIS2_PLACEMENT_3D('',#8582,#6719,#6720);
#6066=AXIS2_PLACEMENT_3D('',#8588,#6724,#6725);
#6067=AXIS2_PLACEMENT_3D('',#8592,#6728,#6729);
#6068=AXIS2_PLACEMENT_3D('',#8596,#6732,#6733);
#6069=AXIS2_PLACEMENT_3D('',#8598,#6735,#6736);
#6070=AXIS2_PLACEMENT_3D('',#8607,#6741,#6742);
#6071=AXIS2_PLACEMENT_3D('',#8613,#6746,#6747);
#6072=AXIS2_PLACEMENT_3D('',#8617,#6750,#6751);
#6073=AXIS2_PLACEMENT_3D('',#8621,#6754,#6755);
#6074=AXIS2_PLACEMENT_3D('',#8623,#6757,#6758);
#6075=AXIS2_PLACEMENT_3D('',#8632,#6763,#6764);
#6076=AXIS2_PLACEMENT_3D('',#8638,#6768,#6769);
#6077=AXIS2_PLACEMENT_3D('',#8642,#6772,#6773);
#6078=AXIS2_PLACEMENT_3D('',#8646,#6776,#6777);
#6079=AXIS2_PLACEMENT_3D('',#8648,#6779,#6780);
#6080=AXIS2_PLACEMENT_3D('',#8657,#6785,#6786);
#6081=AXIS2_PLACEMENT_3D('',#8663,#6790,#6791);
#6082=AXIS2_PLACEMENT_3D('',#8667,#6794,#6795);
#6083=AXIS2_PLACEMENT_3D('',#8671,#6798,#6799);
#6084=AXIS2_PLACEMENT_3D('',#8673,#6801,#6802);
#6085=AXIS2_PLACEMENT_3D('',#8682,#6807,#6808);
#6086=AXIS2_PLACEMENT_3D('',#8688,#6812,#6813);
#6087=AXIS2_PLACEMENT_3D('',#8692,#6816,#6817);
#6088=AXIS2_PLACEMENT_3D('',#8696,#6820,#6821);
#6089=AXIS2_PLACEMENT_3D('',#8698,#6823,#6824);
#6090=AXIS2_PLACEMENT_3D('',#8707,#6829,#6830);
#6091=AXIS2_PLACEMENT_3D('',#8713,#6834,#6835);
#6092=AXIS2_PLACEMENT_3D('',#8717,#6838,#6839);
#6093=AXIS2_PLACEMENT_3D('',#8721,#6842,#6843);
#6094=AXIS2_PLACEMENT_3D('',#8723,#6845,#6846);
#6095=AXIS2_PLACEMENT_3D('',#8729,#6850,#6851);
#6096=AXIS2_PLACEMENT_3D('',#8733,#6854,#6855);
#6097=AXIS2_PLACEMENT_3D('',#8737,#6858,#6859);
#6098=AXIS2_PLACEMENT_3D('',#8739,#6861,#6862);
#6099=AXIS2_PLACEMENT_3D('',#8748,#6867,#6868);
#6100=AXIS2_PLACEMENT_3D('',#8754,#6872,#6873);
#6101=AXIS2_PLACEMENT_3D('',#8758,#6876,#6877);
#6102=AXIS2_PLACEMENT_3D('',#8762,#6880,#6881);
#6103=AXIS2_PLACEMENT_3D('',#8764,#6883,#6884);
#6104=AXIS2_PLACEMENT_3D('',#8773,#6889,#6890);
#6105=AXIS2_PLACEMENT_3D('',#8779,#6894,#6895);
#6106=AXIS2_PLACEMENT_3D('',#8783,#6898,#6899);
#6107=AXIS2_PLACEMENT_3D('',#8787,#6902,#6903);
#6108=AXIS2_PLACEMENT_3D('',#8789,#6905,#6906);
#6109=AXIS2_PLACEMENT_3D('',#8798,#6911,#6912);
#6110=AXIS2_PLACEMENT_3D('',#8804,#6916,#6917);
#6111=AXIS2_PLACEMENT_3D('',#8808,#6920,#6921);
#6112=AXIS2_PLACEMENT_3D('',#8812,#6924,#6925);
#6113=AXIS2_PLACEMENT_3D('',#8814,#6927,#6928);
#6114=AXIS2_PLACEMENT_3D('',#8823,#6933,#6934);
#6115=AXIS2_PLACEMENT_3D('',#8829,#6938,#6939);
#6116=AXIS2_PLACEMENT_3D('',#8833,#6942,#6943);
#6117=AXIS2_PLACEMENT_3D('',#8837,#6946,#6947);
#6118=AXIS2_PLACEMENT_3D('',#8839,#6949,#6950);
#6119=AXIS2_PLACEMENT_3D('',#8848,#6955,#6956);
#6120=AXIS2_PLACEMENT_3D('',#8854,#6960,#6961);
#6121=AXIS2_PLACEMENT_3D('',#8858,#6964,#6965);
#6122=AXIS2_PLACEMENT_3D('',#8862,#6968,#6969);
#6123=AXIS2_PLACEMENT_3D('',#8864,#6971,#6972);
#6124=AXIS2_PLACEMENT_3D('',#8873,#6977,#6978);
#6125=AXIS2_PLACEMENT_3D('',#8879,#6982,#6983);
#6126=AXIS2_PLACEMENT_3D('',#8883,#6986,#6987);
#6127=AXIS2_PLACEMENT_3D('',#8887,#6990,#6991);
#6128=AXIS2_PLACEMENT_3D('',#8889,#6993,#6994);
#6129=AXIS2_PLACEMENT_3D('',#8898,#6999,#7000);
#6130=AXIS2_PLACEMENT_3D('',#8904,#7004,#7005);
#6131=AXIS2_PLACEMENT_3D('',#8908,#7008,#7009);
#6132=AXIS2_PLACEMENT_3D('',#8912,#7012,#7013);
#6133=AXIS2_PLACEMENT_3D('',#8914,#7015,#7016);
#6134=AXIS2_PLACEMENT_3D('',#8923,#7021,#7022);
#6135=AXIS2_PLACEMENT_3D('',#8929,#7026,#7027);
#6136=AXIS2_PLACEMENT_3D('',#8933,#7030,#7031);
#6137=AXIS2_PLACEMENT_3D('',#8937,#7034,#7035);
#6138=AXIS2_PLACEMENT_3D('',#8939,#7037,#7038);
#6139=AXIS2_PLACEMENT_3D('',#8948,#7043,#7044);
#6140=AXIS2_PLACEMENT_3D('',#8954,#7048,#7049);
#6141=AXIS2_PLACEMENT_3D('',#8960,#7053,#7054);
#6142=AXIS2_PLACEMENT_3D('',#8963,#7057,#7058);
#6143=AXIS2_PLACEMENT_3D('',#8972,#7063,#7064);
#6144=AXIS2_PLACEMENT_3D('',#8978,#7068,#7069);
#6145=AXIS2_PLACEMENT_3D('',#8984,#7073,#7074);
#6146=AXIS2_PLACEMENT_3D('',#8987,#7077,#7078);
#6147=AXIS2_PLACEMENT_3D('',#8996,#7083,#7084);
#6148=AXIS2_PLACEMENT_3D('',#9002,#7088,#7089);
#6149=AXIS2_PLACEMENT_3D('',#9006,#7092,#7093);
#6150=AXIS2_PLACEMENT_3D('',#9010,#7096,#7097);
#6151=AXIS2_PLACEMENT_3D('',#9012,#7099,#7100);
#6152=AXIS2_PLACEMENT_3D('',#9021,#7105,#7106);
#6153=AXIS2_PLACEMENT_3D('',#9027,#7110,#7111);
#6154=AXIS2_PLACEMENT_3D('',#9031,#7114,#7115);
#6155=AXIS2_PLACEMENT_3D('',#9035,#7118,#7119);
#6156=AXIS2_PLACEMENT_3D('',#9037,#7121,#7122);
#6157=AXIS2_PLACEMENT_3D('',#9046,#7127,#7128);
#6158=AXIS2_PLACEMENT_3D('',#9052,#7132,#7133);
#6159=AXIS2_PLACEMENT_3D('',#9056,#7136,#7137);
#6160=AXIS2_PLACEMENT_3D('',#9060,#7140,#7141);
#6161=AXIS2_PLACEMENT_3D('',#9062,#7143,#7144);
#6162=AXIS2_PLACEMENT_3D('',#9066,#7146,#7147);
#6163=AXIS2_PLACEMENT_3D('',#9070,#7149,#7150);
#6164=AXIS2_PLACEMENT_3D('',#9071,#7151,#7152);
#6165=AXIS2_PLACEMENT_3D('',#9075,#7154,#7155);
#6166=AXIS2_PLACEMENT_3D('',#9079,#7157,#7158);
#6167=AXIS2_PLACEMENT_3D('',#9080,#7159,#7160);
#6168=AXIS2_PLACEMENT_3D('',#9084,#7162,#7163);
#6169=AXIS2_PLACEMENT_3D('',#9088,#7165,#7166);
#6170=AXIS2_PLACEMENT_3D('',#9089,#7167,#7168);
#6171=AXIS2_PLACEMENT_3D('',#9093,#7170,#7171);
#6172=AXIS2_PLACEMENT_3D('',#9097,#7173,#7174);
#6173=AXIS2_PLACEMENT_3D('',#9098,#7175,#7176);
#6174=AXIS2_PLACEMENT_3D('',#9107,#7181,#7182);
#6175=AXIS2_PLACEMENT_3D('',#9108,#7183,#7184);
#6176=AXIS2_PLACEMENT_3D('',#9110,#7185,#7186);
#6177=AXIS2_PLACEMENT_3D('',#9113,#7188,#7189);
#6178=AXIS2_PLACEMENT_3D('',#9119,#7193,#7194);
#6179=AXIS2_PLACEMENT_3D('',#9120,#7195,#7196);
#6180=AXIS2_PLACEMENT_3D('',#9122,#7197,#7198);
#6181=AXIS2_PLACEMENT_3D('',#9125,#7200,#7201);
#6182=AXIS2_PLACEMENT_3D('',#9131,#7205,#7206);
#6183=AXIS2_PLACEMENT_3D('',#9132,#7207,#7208);
#6184=AXIS2_PLACEMENT_3D('',#9134,#7209,#7210);
#6185=AXIS2_PLACEMENT_3D('',#9137,#7212,#7213);
#6186=AXIS2_PLACEMENT_3D('',#9143,#7217,#7218);
#6187=AXIS2_PLACEMENT_3D('',#9144,#7219,#7220);
#6188=AXIS2_PLACEMENT_3D('',#9145,#7221,#7222);
#6189=AXIS2_PLACEMENT_3D('',#9146,#7223,#7224);
#6190=AXIS2_PLACEMENT_3D('',#9147,#7225,#7226);
#6191=AXIS2_PLACEMENT_3D('',#9148,#7227,#7228);
#6192=AXIS2_PLACEMENT_3D('',#9149,#7229,#7230);
#6193=AXIS2_PLACEMENT_3D('',#9150,#7231,#7232);
#6194=AXIS2_PLACEMENT_3D('',#9151,#7233,#7234);
#6195=AXIS2_PLACEMENT_3D('',#9160,#7239,#7240);
#6196=AXIS2_PLACEMENT_3D('',#9166,#7244,#7245);
#6197=AXIS2_PLACEMENT_3D('',#9172,#7249,#7250);
#6198=AXIS2_PLACEMENT_3D('',#9175,#7253,#7254);
#6199=AXIS2_PLACEMENT_3D('',#9176,#7255,#7256);
#6200=AXIS2_PLACEMENT_3D('',#9185,#7261,#7262);
#6201=AXIS2_PLACEMENT_3D('',#9191,#7266,#7267);
#6202=AXIS2_PLACEMENT_3D('',#9197,#7271,#7272);
#6203=AXIS2_PLACEMENT_3D('',#9200,#7275,#7276);
#6204=AXIS2_PLACEMENT_3D('',#9201,#7277,#7278);
#6205=AXIS2_PLACEMENT_3D('',#9218,#7287,#7288);
#6206=AXIS2_PLACEMENT_3D('',#9224,#7292,#7293);
#6207=AXIS2_PLACEMENT_3D('',#9228,#7296,#7297);
#6208=AXIS2_PLACEMENT_3D('',#9232,#7300,#7301);
#6209=AXIS2_PLACEMENT_3D('',#9234,#7303,#7304);
#6210=AXIS2_PLACEMENT_3D('',#9235,#7305,#7306);
#6211=AXIS2_PLACEMENT_3D('',#9241,#7310,#7311);
#6212=AXIS2_PLACEMENT_3D('',#9245,#7314,#7315);
#6213=AXIS2_PLACEMENT_3D('',#9249,#7318,#7319);
#6214=AXIS2_PLACEMENT_3D('',#9251,#7321,#7322);
#6215=AXIS2_PLACEMENT_3D('',#9252,#7323,#7324);
#6216=AXIS2_PLACEMENT_3D('',#9261,#7329,#7330);
#6217=AXIS2_PLACEMENT_3D('',#9267,#7334,#7335);
#6218=AXIS2_PLACEMENT_3D('',#9273,#7339,#7340);
#6219=AXIS2_PLACEMENT_3D('',#9276,#7343,#7344);
#6220=AXIS2_PLACEMENT_3D('',#9277,#7345,#7346);
#6221=AXIS2_PLACEMENT_3D('',#9286,#7351,#7352);
#6222=AXIS2_PLACEMENT_3D('',#9292,#7356,#7357);
#6223=AXIS2_PLACEMENT_3D('',#9296,#7360,#7361);
#6224=AXIS2_PLACEMENT_3D('',#9300,#7364,#7365);
#6225=AXIS2_PLACEMENT_3D('',#9302,#7367,#7368);
#6226=AXIS2_PLACEMENT_3D('',#9303,#7369,#7370);
#6227=AXIS2_PLACEMENT_3D('',#9304,#7371,#7372);
#6228=AXIS2_PLACEMENT_3D('',#9305,#7373,#7374);
#6229=AXIS2_PLACEMENT_3D('',#9306,#7375,#7376);
#6230=AXIS2_PLACEMENT_3D('',#9307,#7377,#7378);
#6231=AXIS2_PLACEMENT_3D('',#9308,#7379,#7380);
#6232=AXIS2_PLACEMENT_3D('',#9309,#7381,#7382);
#6233=AXIS2_PLACEMENT_3D('',#9310,#7383,#7384);
#6234=AXIS2_PLACEMENT_3D('',#9311,#7385,#7386);
#6235=AXIS2_PLACEMENT_3D('',#9312,#7387,#7388);
#6236=AXIS2_PLACEMENT_3D('',#9321,#7391,#7392);
#6237=AXIS2_PLACEMENT_3D('',#9328,#7394,#7395);
#6238=AXIS2_PLACEMENT_3D('',#9361,#7399,#7400);
#6239=AXIS2_PLACEMENT_3D('',#9386,#7404,#7405);
#6240=AXIS2_PLACEMENT_3D('',#9391,#7406,#7407);
#6241=AXIS2_PLACEMENT_3D('',#9392,#7408,#7409);
#6242=AXIS2_PLACEMENT_3D('',#9496,#7421,#7422);
#6243=AXIS2_PLACEMENT_3D('',#9549,#7426,#7427);
#6244=AXIS2_PLACEMENT_3D('',#9630,#7434,#7435);
#6245=AXIS2_PLACEMENT_3D('',#9675,#7441,#7442);
#6246=AXIS2_PLACEMENT_3D('',#9682,#7444,#7445);
#6247=AXIS2_PLACEMENT_3D('',#9689,#7447,#7448);
#6248=AXIS2_PLACEMENT_3D('',#9696,#7450,#7451);
#6249=AXIS2_PLACEMENT_3D('',#9703,#7453,#7454);
#6250=AXIS2_PLACEMENT_3D('',#9774,#7457,#7458);
#6251=AXIS2_PLACEMENT_3D('',#9878,#7470,#7471);
#6252=AXIS2_PLACEMENT_3D('',#9931,#7475,#7476);
#6253=AXIS2_PLACEMENT_3D('',#10012,#7483,#7484);
#6254=AXIS2_PLACEMENT_3D('',#10021,#7487,#7488);
#6255=AXIS2_PLACEMENT_3D('',#10028,#7490,#7491);
#6256=AXIS2_PLACEMENT_3D('',#10061,#7495,#7496);
#6257=AXIS2_PLACEMENT_3D('',#10086,#7500,#7501);
#6258=AXIS2_PLACEMENT_3D('',#10091,#7502,#7503);
#6259=AXIS2_PLACEMENT_3D('',#10092,#7504,#7505);
#6260=AXIS2_PLACEMENT_3D('',#10101,#7508,#7509);
#6261=AXIS2_PLACEMENT_3D('',#10146,#7513,#7514);
#6262=AXIS2_PLACEMENT_3D('',#10187,#7516,#7517);
#6263=AXIS2_PLACEMENT_3D('',#10196,#7520,#7521);
#6264=AXIS2_PLACEMENT_3D('',#10203,#7523,#7524);
#6265=AXIS2_PLACEMENT_3D('',#10244,#7528,#7529);
#6266=AXIS2_PLACEMENT_3D('',#10283,#7535,#7536);
#6267=AXIS2_PLACEMENT_3D('',#10288,#7537,#7538);
#6268=AXIS2_PLACEMENT_3D('',#10289,#7539,#7540);
#6269=AXIS2_PLACEMENT_3D('',#10298,#7543,#7544);
#6270=AXIS2_PLACEMENT_3D('',#10305,#7546,#7547);
#6271=AXIS2_PLACEMENT_3D('',#10312,#7549,#7550);
#6272=AXIS2_PLACEMENT_3D('',#10317,#7551,#7552);
#6273=AXIS2_PLACEMENT_3D('',#10318,#7553,#7554);
#6274=AXIS2_PLACEMENT_3D('',#10327,#7557,#7558);
#6275=AXIS2_PLACEMENT_3D('',#10334,#7560,#7561);
#6276=AXIS2_PLACEMENT_3D('',#10341,#7563,#7564);
#6277=AXIS2_PLACEMENT_3D('',#10346,#7565,#7566);
#6278=AXIS2_PLACEMENT_3D('',#10347,#7567,#7568);
#6279=AXIS2_PLACEMENT_3D('',#10356,#7571,#7572);
#6280=AXIS2_PLACEMENT_3D('',#10363,#7574,#7575);
#6281=AXIS2_PLACEMENT_3D('',#10370,#7577,#7578);
#6282=AXIS2_PLACEMENT_3D('',#10423,#7582,#7583);
#6283=AXIS2_PLACEMENT_3D('',#10428,#7584,#7585);
#6284=AXIS2_PLACEMENT_3D('',#10485,#7587,#7588);
#6285=AXIS2_PLACEMENT_3D('',#10486,#7589,#7590);
#6286=AXIS2_PLACEMENT_3D('',#10487,#7591,#7592);
#6287=AXIS2_PLACEMENT_3D('',#10488,#7593,#7594);
#6288=AXIS2_PLACEMENT_3D('',#10489,#7595,#7596);
#6289=DIRECTION('',(0.,0.,1.));
#6290=DIRECTION('',(1.,0.,0.));
#6291=DIRECTION('',(1.82218852518572E-16,0.,1.));
#6292=DIRECTION('',(1.,0.,0.));
#6293=DIRECTION('',(-1.36664139388929E-16,0.,-1.));
#6294=DIRECTION('',(-1.,0.,0.));
#6295=DIRECTION('',(0.,1.,0.));
#6296=DIRECTION('',(0.,0.,1.));
#6297=DIRECTION('',(0.,0.,1.));
#6298=DIRECTION('',(1.,0.,0.));
#6299=DIRECTION('',(0.,0.,-1.));
#6300=DIRECTION('',(-1.,0.,0.));
#6301=DIRECTION('',(0.,1.,0.));
#6302=DIRECTION('',(0.,0.,1.));
#6303=DIRECTION('',(-1.,0.,0.));
#6304=DIRECTION('',(0.,-1.,0.));
#6305=DIRECTION('',(0.,-1.,0.));
#6306=DIRECTION('',(0.,0.,1.));
#6307=DIRECTION('',(1.,0.,0.));
#6308=DIRECTION('',(0.,0.,-1.));
#6309=DIRECTION('',(0.,-1.,0.));
#6310=DIRECTION('',(-1.,0.,0.));
#6311=DIRECTION('',(0.,0.,1.));
#6312=DIRECTION('',(1.,0.,0.));
#6313=DIRECTION('',(0.,-1.,0.));
#6314=DIRECTION('',(0.,0.,-1.));
#6315=DIRECTION('',(-1.,0.,0.));
#6316=DIRECTION('',(0.,0.,1.));
#6317=DIRECTION('',(1.,0.,0.));
#6318=DIRECTION('',(0.,0.,-1.));
#6319=DIRECTION('',(0.,0.,1.));
#6320=DIRECTION('',(1.,0.,0.));
#6321=DIRECTION('',(0.,0.,-1.));
#6322=DIRECTION('',(-1.,0.,0.));
#6323=DIRECTION('',(0.,1.,0.));
#6324=DIRECTION('',(0.,0.,1.));
#6325=DIRECTION('',(-1.,0.,0.));
#6326=DIRECTION('',(0.,-1.,0.));
#6327=DIRECTION('',(0.,-1.,0.));
#6328=DIRECTION('',(0.,0.,1.));
#6329=DIRECTION('',(1.,0.,0.));
#6330=DIRECTION('',(0.,0.,-1.));
#6331=DIRECTION('',(0.,-1.,0.));
#6332=DIRECTION('',(-1.,0.,0.));
#6333=DIRECTION('',(0.,0.,1.));
#6334=DIRECTION('',(1.,0.,0.));
#6335=DIRECTION('',(0.,-1.,0.));
#6336=DIRECTION('',(0.,0.,-1.));
#6337=DIRECTION('',(-1.,0.,0.));
#6338=DIRECTION('',(0.,0.,1.));
#6339=DIRECTION('',(1.,0.,0.));
#6340=DIRECTION('',(0.,0.,-1.));
#6341=DIRECTION('',(0.,0.,1.));
#6342=DIRECTION('',(1.,0.,0.));
#6343=DIRECTION('',(0.,0.,-1.));
#6344=DIRECTION('',(-1.,0.,0.));
#6345=DIRECTION('',(0.,1.,0.));
#6346=DIRECTION('',(0.,0.,1.));
#6347=DIRECTION('',(-1.,0.,0.));
#6348=DIRECTION('',(0.,-1.,0.));
#6349=DIRECTION('',(0.,-1.,0.));
#6350=DIRECTION('',(0.,0.,1.));
#6351=DIRECTION('',(1.,0.,0.));
#6352=DIRECTION('',(0.,0.,-1.));
#6353=DIRECTION('',(0.,-1.,0.));
#6354=DIRECTION('',(-1.,0.,0.));
#6355=DIRECTION('',(0.,0.,1.));
#6356=DIRECTION('',(1.,0.,0.));
#6357=DIRECTION('',(0.,-1.,0.));
#6358=DIRECTION('',(0.,0.,-1.));
#6359=DIRECTION('',(-1.,0.,0.));
#6360=DIRECTION('',(0.,0.,1.));
#6361=DIRECTION('',(1.,0.,0.));
#6362=DIRECTION('',(0.,0.,-1.));
#6363=DIRECTION('',(0.,0.,1.));
#6364=DIRECTION('',(1.,0.,0.));
#6365=DIRECTION('',(0.,0.,-1.));
#6366=DIRECTION('',(-1.,0.,0.));
#6367=DIRECTION('',(0.,1.,0.));
#6368=DIRECTION('',(0.,0.,1.));
#6369=DIRECTION('',(-1.,0.,0.));
#6370=DIRECTION('',(0.,-1.,0.));
#6371=DIRECTION('',(0.,-1.,0.));
#6372=DIRECTION('',(0.,0.,1.));
#6373=DIRECTION('',(1.,0.,0.));
#6374=DIRECTION('',(0.,0.,-1.));
#6375=DIRECTION('',(0.,-1.,0.));
#6376=DIRECTION('',(-1.,0.,0.));
#6377=DIRECTION('',(0.,0.,1.));
#6378=DIRECTION('',(1.,0.,0.));
#6379=DIRECTION('',(0.,-1.,0.));
#6380=DIRECTION('',(0.,0.,-1.));
#6381=DIRECTION('',(-1.,0.,0.));
#6382=DIRECTION('',(0.,0.,1.));
#6383=DIRECTION('',(1.,0.,0.));
#6384=DIRECTION('',(0.,0.,-1.));
#6385=DIRECTION('',(1.7113848892068E-15,0.,1.));
#6386=DIRECTION('',(1.,0.,0.));
#6387=DIRECTION('',(0.,0.,-1.));
#6388=DIRECTION('',(-1.,0.,0.));
#6389=DIRECTION('',(0.,1.,0.));
#6390=DIRECTION('',(0.,0.,1.));
#6391=DIRECTION('',(-1.,0.,0.));
#6392=DIRECTION('',(0.,-1.,0.));
#6393=DIRECTION('',(0.,-1.,0.));
#6394=DIRECTION('',(0.,0.,1.));
#6395=DIRECTION('',(1.,0.,0.));
#6396=DIRECTION('',(0.,0.,-1.));
#6397=DIRECTION('',(0.,-1.,0.));
#6398=DIRECTION('',(-1.,0.,0.));
#6399=DIRECTION('',(0.,0.,1.));
#6400=DIRECTION('',(1.,0.,0.));
#6401=DIRECTION('',(0.,-1.,0.));
#6402=DIRECTION('',(0.,0.,-1.));
#6403=DIRECTION('',(-1.,0.,0.));
#6404=DIRECTION('',(1.7113848892068E-15,0.,1.));
#6405=DIRECTION('',(1.,0.,-1.71138488920679E-15));
#6406=DIRECTION('',(-1.71130470905112E-15,0.,-1.));
#6407=DIRECTION('',(1.7113848892068E-15,0.,1.));
#6408=DIRECTION('',(1.,0.,0.));
#6409=DIRECTION('',(0.,0.,-1.));
#6410=DIRECTION('',(-1.,0.,0.));
#6411=DIRECTION('',(0.,1.,0.));
#6412=DIRECTION('',(0.,0.,1.));
#6413=DIRECTION('',(-1.,0.,0.));
#6414=DIRECTION('',(0.,-1.,0.));
#6415=DIRECTION('',(0.,-1.,0.));
#6416=DIRECTION('',(0.,0.,1.));
#6417=DIRECTION('',(1.,0.,0.));
#6418=DIRECTION('',(0.,0.,-1.));
#6419=DIRECTION('',(0.,-1.,0.));
#6420=DIRECTION('',(-1.,0.,0.));
#6421=DIRECTION('',(0.,0.,1.));
#6422=DIRECTION('',(1.,0.,0.));
#6423=DIRECTION('',(0.,-1.,0.));
#6424=DIRECTION('',(0.,0.,-1.));
#6425=DIRECTION('',(-1.,0.,0.));
#6426=DIRECTION('',(1.7113848892068E-15,0.,1.));
#6427=DIRECTION('',(1.,0.,-1.71138488920679E-15));
#6428=DIRECTION('',(-1.71130470905112E-15,0.,-1.));
#6429=DIRECTION('',(-1.7113848892068E-15,0.,1.));
#6430=DIRECTION('',(1.,0.,0.));
#6431=DIRECTION('',(0.,0.,-1.));
#6432=DIRECTION('',(-1.,0.,0.));
#6433=DIRECTION('',(0.,1.,0.));
#6434=DIRECTION('',(0.,0.,1.));
#6435=DIRECTION('',(-1.,0.,0.));
#6436=DIRECTION('',(0.,-1.,0.));
#6437=DIRECTION('',(0.,-1.,0.));
#6438=DIRECTION('',(0.,0.,1.));
#6439=DIRECTION('',(1.,0.,0.));
#6440=DIRECTION('',(0.,0.,-1.));
#6441=DIRECTION('',(0.,-1.,0.));
#6442=DIRECTION('',(-1.,0.,0.));
#6443=DIRECTION('',(0.,0.,1.));
#6444=DIRECTION('',(1.,0.,0.));
#6445=DIRECTION('',(0.,-1.,0.));
#6446=DIRECTION('',(0.,0.,-1.));
#6447=DIRECTION('',(-1.,0.,0.));
#6448=DIRECTION('',(-1.7113848892068E-15,0.,1.));
#6449=DIRECTION('',(1.,0.,1.71138488920679E-15));
#6450=DIRECTION('',(1.71130470905112E-15,0.,-1.));
#6451=DIRECTION('',(0.,0.,1.));
#6452=DIRECTION('',(1.,0.,3.66725333401457E-16));
#6453=DIRECTION('',(0.,0.,-1.));
#6454=DIRECTION('',(-1.,0.,3.66725333401457E-16));
#6455=DIRECTION('',(0.,1.,0.));
#6456=DIRECTION('',(0.,0.,1.));
#6457=DIRECTION('',(-1.,0.,3.66725333401457E-16));
#6458=DIRECTION('',(0.,-1.,0.));
#6459=DIRECTION('',(0.,-1.,0.));
#6460=DIRECTION('',(3.66725333401457E-16,0.,1.));
#6461=DIRECTION('',(1.,0.,-3.66894015169095E-16));
#6462=DIRECTION('',(0.,0.,-1.));
#6463=DIRECTION('',(0.,-1.,0.));
#6464=DIRECTION('',(-1.,0.,0.));
#6465=DIRECTION('',(0.,0.,1.));
#6466=DIRECTION('',(1.,0.,3.66725333401457E-16));
#6467=DIRECTION('',(0.,-1.,0.));
#6468=DIRECTION('',(3.66725333401457E-16,0.,-1.));
#6469=DIRECTION('',(-1.,0.,-3.66894015169095E-16));
#6470=DIRECTION('',(0.,0.,1.));
#6471=DIRECTION('',(1.,0.,0.));
#6472=DIRECTION('',(0.,0.,-1.));
#6473=DIRECTION('',(0.,0.,1.));
#6474=DIRECTION('',(1.,0.,3.66725333401458E-16));
#6475=DIRECTION('',(0.,0.,-1.));
#6476=DIRECTION('',(-1.,0.,0.));
#6477=DIRECTION('',(0.,1.,0.));
#6478=DIRECTION('',(0.,0.,1.));
#6479=DIRECTION('',(-1.,0.,0.));
#6480=DIRECTION('',(0.,-1.,0.));
#6481=DIRECTION('',(0.,-1.,0.));
#6482=DIRECTION('',(0.,0.,1.));
#6483=DIRECTION('',(1.,0.,0.));
#6484=DIRECTION('',(0.,0.,-1.));
#6485=DIRECTION('',(0.,-1.,0.));
#6486=DIRECTION('',(-1.,0.,0.));
#6487=DIRECTION('',(0.,0.,1.));
#6488=DIRECTION('',(1.,0.,3.66725333401458E-16));
#6489=DIRECTION('',(0.,-1.,0.));
#6490=DIRECTION('',(3.66725333401458E-16,0.,-1.));
#6491=DIRECTION('',(-1.,0.,-3.66894015169095E-16));
#6492=DIRECTION('',(0.,0.,1.));
#6493=DIRECTION('',(1.,0.,0.));
#6494=DIRECTION('',(0.,0.,-1.));
#6495=DIRECTION('',(0.,0.,1.));
#6496=DIRECTION('',(1.,0.,0.));
#6497=DIRECTION('',(0.,0.,-1.));
#6498=DIRECTION('',(-1.,0.,0.));
#6499=DIRECTION('',(0.,1.,0.));
#6500=DIRECTION('',(0.,0.,1.));
#6501=DIRECTION('',(-1.,0.,0.));
#6502=DIRECTION('',(0.,-1.,0.));
#6503=DIRECTION('',(0.,-1.,0.));
#6504=DIRECTION('',(0.,0.,1.));
#6505=DIRECTION('',(1.,0.,0.));
#6506=DIRECTION('',(0.,0.,-1.));
#6507=DIRECTION('',(0.,-1.,0.));
#6508=DIRECTION('',(-1.,0.,0.));
#6509=DIRECTION('',(0.,0.,1.));
#6510=DIRECTION('',(1.,0.,0.));
#6511=DIRECTION('',(0.,-1.,0.));
#6512=DIRECTION('',(0.,0.,-1.));
#6513=DIRECTION('',(-1.,0.,0.));
#6514=DIRECTION('',(0.,0.,1.));
#6515=DIRECTION('',(1.,0.,0.));
#6516=DIRECTION('',(0.,0.,-1.));
#6517=DIRECTION('',(0.,0.,-1.));
#6518=DIRECTION('',(-1.,0.,1.28404485099636E-16));
#6519=DIRECTION('',(1.7113848892068E-15,0.,1.));
#6520=DIRECTION('',(1.,0.,-1.28404485099637E-16));
#6521=DIRECTION('',(0.,-1.,0.));
#6522=DIRECTION('',(0.,0.,-1.));
#6523=DIRECTION('',(1.,0.,-1.28404485099637E-16));
#6524=DIRECTION('',(0.,-1.,0.));
#6525=DIRECTION('',(0.,-1.,0.));
#6526=DIRECTION('',(-1.28404485099637E-16,0.,-1.));
#6527=DIRECTION('',(-1.,0.,1.28396642276596E-16));
#6528=DIRECTION('',(1.7113848892068E-15,0.,1.));
#6529=DIRECTION('',(0.,-1.,0.));
#6530=DIRECTION('',(1.,0.,-1.71138488920679E-15));
#6531=DIRECTION('',(-1.71130470905112E-15,0.,-1.));
#6532=DIRECTION('',(-1.,0.,1.28404485099636E-16));
#6533=DIRECTION('',(0.,-1.,0.));
#6534=DIRECTION('',(1.28404485099636E-16,0.,1.));
#6535=DIRECTION('',(1.,0.,-1.28423747330908E-16));
#6536=DIRECTION('',(0.,0.,-1.));
#6537=DIRECTION('',(-1.,0.,0.));
#6538=DIRECTION('',(0.,0.,1.));
#6539=DIRECTION('',(0.,0.,-1.));
#6540=DIRECTION('',(-1.,0.,1.71205980132849E-16));
#6541=DIRECTION('',(0.,0.,1.));
#6542=DIRECTION('',(1.,0.,-8.56029900664243E-17));
#6543=DIRECTION('',(0.,-1.,0.));
#6544=DIRECTION('',(0.,0.,-1.));
#6545=DIRECTION('',(1.,0.,-8.56029900664243E-17));
#6546=DIRECTION('',(0.,-1.,0.));
#6547=DIRECTION('',(0.,-1.,0.));
#6548=DIRECTION('',(-8.56029900664243E-17,0.,-1.));
#6549=DIRECTION('',(-1.,0.,8.56519716263549E-17));
#6550=DIRECTION('',(0.,0.,1.));
#6551=DIRECTION('',(0.,-1.,0.));
#6552=DIRECTION('',(1.,0.,0.));
#6553=DIRECTION('',(0.,0.,-1.));
#6554=DIRECTION('',(-1.,0.,1.71205980132849E-16));
#6555=DIRECTION('',(0.,-1.,0.));
#6556=DIRECTION('',(1.71205980132849E-16,0.,1.));
#6557=DIRECTION('',(1.,0.,-1.7130394325271E-16));
#6558=DIRECTION('',(0.,0.,-1.));
#6559=DIRECTION('',(-1.,0.,0.));
#6560=DIRECTION('',(0.,0.,1.));
#6561=DIRECTION('',(0.,0.,1.));
#6562=DIRECTION('',(1.,0.,0.));
#6563=DIRECTION('',(0.,0.,-1.));
#6564=DIRECTION('',(-1.,0.,0.));
#6565=DIRECTION('',(0.,1.,0.));
#6566=DIRECTION('',(0.,0.,1.));
#6567=DIRECTION('',(-1.,0.,0.));
#6568=DIRECTION('',(0.,-1.,0.));
#6569=DIRECTION('',(0.,-1.,0.));
#6570=DIRECTION('',(0.,0.,1.));
#6571=DIRECTION('',(1.,0.,0.));
#6572=DIRECTION('',(0.,0.,-1.));
#6573=DIRECTION('',(0.,-1.,0.));
#6574=DIRECTION('',(-1.,0.,0.));
#6575=DIRECTION('',(0.,0.,1.));
#6576=DIRECTION('',(1.,0.,0.));
#6577=DIRECTION('',(0.,-1.,0.));
#6578=DIRECTION('',(0.,0.,-1.));
#6579=DIRECTION('',(-1.,0.,0.));
#6580=DIRECTION('',(0.,0.,1.));
#6581=DIRECTION('',(1.,0.,0.));
#6582=DIRECTION('',(0.,0.,-1.));
#6583=DIRECTION('',(0.,0.,1.));
#6584=DIRECTION('',(1.,0.,0.));
#6585=DIRECTION('',(0.,0.,-1.));
#6586=DIRECTION('',(-1.,0.,0.));
#6587=DIRECTION('',(0.,1.,0.));
#6588=DIRECTION('',(0.,0.,1.));
#6589=DIRECTION('',(-1.,0.,0.));
#6590=DIRECTION('',(0.,-1.,0.));
#6591=DIRECTION('',(0.,-1.,0.));
#6592=DIRECTION('',(0.,0.,1.));
#6593=DIRECTION('',(1.,0.,0.));
#6594=DIRECTION('',(0.,0.,-1.));
#6595=DIRECTION('',(0.,-1.,0.));
#6596=DIRECTION('',(-1.,0.,0.));
#6597=DIRECTION('',(0.,0.,1.));
#6598=DIRECTION('',(1.,0.,0.));
#6599=DIRECTION('',(0.,-1.,0.));
#6600=DIRECTION('',(0.,0.,-1.));
#6601=DIRECTION('',(-1.,0.,0.));
#6602=DIRECTION('',(0.,0.,1.));
#6603=DIRECTION('',(1.,0.,0.));
#6604=DIRECTION('',(0.,0.,-1.));
#6605=DIRECTION('',(0.,0.,1.));
#6606=DIRECTION('',(1.,0.,0.));
#6607=DIRECTION('',(0.,0.,-1.));
#6608=DIRECTION('',(-1.,0.,0.));
#6609=DIRECTION('',(0.,1.,0.));
#6610=DIRECTION('',(0.,0.,1.));
#6611=DIRECTION('',(-1.,0.,0.));
#6612=DIRECTION('',(0.,-1.,0.));
#6613=DIRECTION('',(0.,-1.,0.));
#6614=DIRECTION('',(0.,0.,1.));
#6615=DIRECTION('',(1.,0.,0.));
#6616=DIRECTION('',(0.,0.,-1.));
#6617=DIRECTION('',(0.,-1.,0.));
#6618=DIRECTION('',(-1.,0.,0.));
#6619=DIRECTION('',(0.,0.,1.));
#6620=DIRECTION('',(1.,0.,0.));
#6621=DIRECTION('',(0.,-1.,0.));
#6622=DIRECTION('',(0.,0.,-1.));
#6623=DIRECTION('',(-1.,0.,0.));
#6624=DIRECTION('',(0.,0.,1.));
#6625=DIRECTION('',(1.,0.,0.));
#6626=DIRECTION('',(0.,0.,-1.));
#6627=DIRECTION('',(0.,0.,1.));
#6628=DIRECTION('',(1.,0.,0.));
#6629=DIRECTION('',(0.,0.,-1.));
#6630=DIRECTION('',(-1.,0.,0.));
#6631=DIRECTION('',(0.,1.,0.));
#6632=DIRECTION('',(0.,0.,1.));
#6633=DIRECTION('',(-1.,0.,0.));
#6634=DIRECTION('',(0.,-1.,0.));
#6635=DIRECTION('',(0.,-1.,0.));
#6636=DIRECTION('',(0.,0.,1.));
#6637=DIRECTION('',(1.,0.,0.));
#6638=DIRECTION('',(0.,0.,-1.));
#6639=DIRECTION('',(0.,-1.,0.));
#6640=DIRECTION('',(-1.,0.,0.));
#6641=DIRECTION('',(0.,0.,1.));
#6642=DIRECTION('',(1.,0.,0.));
#6643=DIRECTION('',(0.,-1.,0.));
#6644=DIRECTION('',(0.,0.,-1.));
#6645=DIRECTION('',(-1.,0.,0.));
#6646=DIRECTION('',(0.,0.,1.));
#6647=DIRECTION('',(1.,0.,0.));
#6648=DIRECTION('',(0.,0.,-1.));
#6649=DIRECTION('',(0.,0.,1.));
#6650=DIRECTION('',(1.,0.,0.));
#6651=DIRECTION('',(1.7113848892068E-15,0.,-1.));
#6652=DIRECTION('',(-1.,0.,0.));
#6653=DIRECTION('',(0.,1.,0.));
#6654=DIRECTION('',(0.,0.,1.));
#6655=DIRECTION('',(-1.,0.,0.));
#6656=DIRECTION('',(0.,-1.,0.));
#6657=DIRECTION('',(0.,-1.,0.));
#6658=DIRECTION('',(0.,0.,1.));
#6659=DIRECTION('',(1.,0.,0.));
#6660=DIRECTION('',(1.7113848892068E-15,0.,-1.));
#6661=DIRECTION('',(0.,-1.,0.));
#6662=DIRECTION('',(-1.,0.,-1.71138488920679E-15));
#6663=DIRECTION('',(-1.71130470905112E-15,0.,1.));
#6664=DIRECTION('',(1.,0.,0.));
#6665=DIRECTION('',(0.,-1.,0.));
#6666=DIRECTION('',(0.,0.,-1.));
#6667=DIRECTION('',(-1.,0.,0.));
#6668=DIRECTION('',(0.,0.,1.));
#6669=DIRECTION('',(1.,0.,0.));
#6670=DIRECTION('',(0.,0.,-1.));
#6671=DIRECTION('',(0.,0.,1.));
#6672=DIRECTION('',(1.,0.,0.));
#6673=DIRECTION('',(0.,0.,-1.));
#6674=DIRECTION('',(-1.,0.,0.));
#6675=DIRECTION('',(0.,1.,0.));
#6676=DIRECTION('',(0.,0.,1.));
#6677=DIRECTION('',(-1.,0.,0.));
#6678=DIRECTION('',(0.,-1.,0.));
#6679=DIRECTION('',(0.,-1.,0.));
#6680=DIRECTION('',(0.,0.,1.));
#6681=DIRECTION('',(1.,0.,0.));
#6682=DIRECTION('',(0.,0.,-1.));
#6683=DIRECTION('',(0.,-1.,0.));
#6684=DIRECTION('',(-1.,0.,0.));
#6685=DIRECTION('',(0.,0.,1.));
#6686=DIRECTION('',(1.,0.,0.));
#6687=DIRECTION('',(0.,-1.,0.));
#6688=DIRECTION('',(0.,0.,-1.));
#6689=DIRECTION('',(-1.,0.,0.));
#6690=DIRECTION('',(0.,0.,1.));
#6691=DIRECTION('',(1.,0.,0.));
#6692=DIRECTION('',(0.,0.,-1.));
#6693=DIRECTION('',(0.,0.,1.));
#6694=DIRECTION('',(1.,0.,0.));
#6695=DIRECTION('',(0.,0.,-1.));
#6696=DIRECTION('',(-1.,0.,0.));
#6697=DIRECTION('',(0.,1.,0.));
#6698=DIRECTION('',(0.,0.,1.));
#6699=DIRECTION('',(-1.,0.,0.));
#6700=DIRECTION('',(0.,-1.,0.));
#6701=DIRECTION('',(0.,-1.,0.));
#6702=DIRECTION('',(0.,0.,1.));
#6703=DIRECTION('',(1.,0.,0.));
#6704=DIRECTION('',(0.,0.,-1.));
#6705=DIRECTION('',(0.,-1.,0.));
#6706=DIRECTION('',(-1.,0.,0.));
#6707=DIRECTION('',(0.,0.,1.));
#6708=DIRECTION('',(1.,0.,0.));
#6709=DIRECTION('',(0.,-1.,0.));
#6710=DIRECTION('',(0.,0.,-1.));
#6711=DIRECTION('',(-1.,0.,0.));
#6712=DIRECTION('',(0.,0.,1.));
#6713=DIRECTION('',(1.,0.,0.));
#6714=DIRECTION('',(0.,0.,-1.));
#6715=DIRECTION('',(0.,0.,1.));
#6716=DIRECTION('',(1.,0.,-3.66725333401457E-16));
#6717=DIRECTION('',(0.,0.,-1.));
#6718=DIRECTION('',(-1.,0.,3.66725333401457E-16));
#6719=DIRECTION('',(0.,1.,0.));
#6720=DIRECTION('',(0.,0.,1.));
#6721=DIRECTION('',(-1.,0.,3.66725333401457E-16));
#6722=DIRECTION('',(0.,-1.,0.));
#6723=DIRECTION('',(0.,-1.,0.));
#6724=DIRECTION('',(3.66725333401457E-16,0.,1.));
#6725=DIRECTION('',(1.,0.,-3.66894015169095E-16));
#6726=DIRECTION('',(0.,0.,-1.));
#6727=DIRECTION('',(0.,-1.,0.));
#6728=DIRECTION('',(-1.,0.,0.));
#6729=DIRECTION('',(0.,0.,1.));
#6730=DIRECTION('',(1.,0.,-3.66725333401457E-16));
#6731=DIRECTION('',(0.,-1.,0.));
#6732=DIRECTION('',(-3.66725333401457E-16,0.,-1.));
#6733=DIRECTION('',(-1.,0.,3.66894015169095E-16));
#6734=DIRECTION('',(0.,0.,1.));
#6735=DIRECTION('',(1.,0.,0.));
#6736=DIRECTION('',(0.,0.,-1.));
#6737=DIRECTION('',(0.,0.,1.));
#6738=DIRECTION('',(1.,0.,0.));
#6739=DIRECTION('',(0.,0.,-1.));
#6740=DIRECTION('',(-1.,0.,0.));
#6741=DIRECTION('',(0.,1.,0.));
#6742=DIRECTION('',(0.,0.,1.));
#6743=DIRECTION('',(-1.,0.,0.));
#6744=DIRECTION('',(0.,-1.,0.));
#6745=DIRECTION('',(0.,-1.,0.));
#6746=DIRECTION('',(0.,0.,1.));
#6747=DIRECTION('',(1.,0.,0.));
#6748=DIRECTION('',(0.,0.,-1.));
#6749=DIRECTION('',(0.,-1.,0.));
#6750=DIRECTION('',(-1.,0.,0.));
#6751=DIRECTION('',(0.,0.,1.));
#6752=DIRECTION('',(1.,0.,0.));
#6753=DIRECTION('',(0.,-1.,0.));
#6754=DIRECTION('',(0.,0.,-1.));
#6755=DIRECTION('',(-1.,0.,0.));
#6756=DIRECTION('',(0.,0.,1.));
#6757=DIRECTION('',(1.,0.,0.));
#6758=DIRECTION('',(0.,0.,-1.));
#6759=DIRECTION('',(0.,0.,-1.));
#6760=DIRECTION('',(-1.,0.,0.));
#6761=DIRECTION('',(0.,0.,1.));
#6762=DIRECTION('',(1.,0.,0.));
#6763=DIRECTION('',(0.,-1.,0.));
#6764=DIRECTION('',(0.,0.,-1.));
#6765=DIRECTION('',(1.,0.,0.));
#6766=DIRECTION('',(0.,-1.,0.));
#6767=DIRECTION('',(0.,-1.,0.));
#6768=DIRECTION('',(0.,0.,-1.));
#6769=DIRECTION('',(-1.,0.,0.));
#6770=DIRECTION('',(0.,0.,1.));
#6771=DIRECTION('',(0.,-1.,0.));
#6772=DIRECTION('',(1.,0.,0.));
#6773=DIRECTION('',(0.,0.,-1.));
#6774=DIRECTION('',(-1.,0.,0.));
#6775=DIRECTION('',(0.,-1.,0.));
#6776=DIRECTION('',(0.,0.,1.));
#6777=DIRECTION('',(1.,0.,0.));
#6778=DIRECTION('',(0.,0.,-1.));
#6779=DIRECTION('',(-1.,0.,0.));
#6780=DIRECTION('',(0.,0.,1.));
#6781=DIRECTION('',(0.,0.,1.));
#6782=DIRECTION('',(1.,0.,0.));
#6783=DIRECTION('',(0.,0.,-1.));
#6784=DIRECTION('',(-1.,0.,0.));
#6785=DIRECTION('',(0.,1.,0.));
#6786=DIRECTION('',(0.,0.,1.));
#6787=DIRECTION('',(-1.,0.,0.));
#6788=DIRECTION('',(0.,-1.,0.));
#6789=DIRECTION('',(0.,-1.,0.));
#6790=DIRECTION('',(0.,0.,1.));
#6791=DIRECTION('',(1.,0.,0.));
#6792=DIRECTION('',(0.,0.,-1.));
#6793=DIRECTION('',(0.,-1.,0.));
#6794=DIRECTION('',(-1.,0.,0.));
#6795=DIRECTION('',(0.,0.,1.));
#6796=DIRECTION('',(1.,0.,0.));
#6797=DIRECTION('',(0.,-1.,0.));
#6798=DIRECTION('',(0.,0.,-1.));
#6799=DIRECTION('',(-1.,0.,0.));
#6800=DIRECTION('',(0.,0.,1.));
#6801=DIRECTION('',(1.,0.,0.));
#6802=DIRECTION('',(0.,0.,-1.));
#6803=DIRECTION('',(0.,0.,1.));
#6804=DIRECTION('',(1.,0.,0.));
#6805=DIRECTION('',(0.,0.,-1.));
#6806=DIRECTION('',(-1.,0.,0.));
#6807=DIRECTION('',(0.,1.,0.));
#6808=DIRECTION('',(0.,0.,1.));
#6809=DIRECTION('',(-1.,0.,0.));
#6810=DIRECTION('',(0.,-1.,0.));
#6811=DIRECTION('',(0.,-1.,0.));
#6812=DIRECTION('',(0.,0.,1.));
#6813=DIRECTION('',(1.,0.,0.));
#6814=DIRECTION('',(0.,0.,-1.));
#6815=DIRECTION('',(0.,-1.,0.));
#6816=DIRECTION('',(-1.,0.,0.));
#6817=DIRECTION('',(0.,0.,1.));
#6818=DIRECTION('',(1.,0.,0.));
#6819=DIRECTION('',(0.,-1.,0.));
#6820=DIRECTION('',(0.,0.,-1.));
#6821=DIRECTION('',(-1.,0.,0.));
#6822=DIRECTION('',(0.,0.,1.));
#6823=DIRECTION('',(1.,0.,0.));
#6824=DIRECTION('',(0.,0.,-1.));
#6825=DIRECTION('',(0.,0.,1.));
#6826=DIRECTION('',(1.,0.,0.));
#6827=DIRECTION('',(0.,0.,-1.));
#6828=DIRECTION('',(-1.,0.,0.));
#6829=DIRECTION('',(0.,1.,0.));
#6830=DIRECTION('',(0.,0.,1.));
#6831=DIRECTION('',(-1.,0.,0.));
#6832=DIRECTION('',(0.,-1.,0.));
#6833=DIRECTION('',(0.,-1.,0.));
#6834=DIRECTION('',(0.,0.,1.));
#6835=DIRECTION('',(1.,0.,0.));
#6836=DIRECTION('',(0.,0.,-1.));
#6837=DIRECTION('',(0.,-1.,0.));
#6838=DIRECTION('',(-1.,0.,0.));
#6839=DIRECTION('',(0.,0.,1.));
#6840=DIRECTION('',(1.,0.,0.));
#6841=DIRECTION('',(0.,-1.,0.));
#6842=DIRECTION('',(0.,0.,-1.));
#6843=DIRECTION('',(-1.,0.,0.));
#6844=DIRECTION('',(0.,0.,1.));
#6845=DIRECTION('',(1.,0.,0.));
#6846=DIRECTION('',(0.,0.,-1.));
#6847=DIRECTION('',(-1.,0.,0.));
#6848=DIRECTION('',(0.,-1.,0.));
#6849=DIRECTION('',(0.,-1.,0.));
#6850=DIRECTION('',(0.,0.,1.));
#6851=DIRECTION('',(1.,0.,0.));
#6852=DIRECTION('',(-1.36664139388929E-16,0.,-1.));
#6853=DIRECTION('',(0.,-1.,0.));
#6854=DIRECTION('',(-1.,0.,1.36664139388929E-16));
#6855=DIRECTION('',(1.36609473733174E-16,0.,1.));
#6856=DIRECTION('',(1.,0.,0.));
#6857=DIRECTION('',(0.,-1.,0.));
#6858=DIRECTION('',(0.,0.,-1.));
#6859=DIRECTION('',(-1.,0.,0.));
#6860=DIRECTION('',(1.82218852518572E-16,0.,1.));
#6861=DIRECTION('',(1.,0.,-1.82218852518572E-16));
#6862=DIRECTION('',(-1.82145964977565E-16,0.,-1.));
#6863=DIRECTION('',(3.46944695195361E-15,0.,-1.));
#6864=DIRECTION('',(1.,0.,0.));
#6865=DIRECTION('',(0.,0.,1.));
#6866=DIRECTION('',(-1.,0.,-1.73472347597681E-15));
#6867=DIRECTION('',(0.,-1.,0.));
#6868=DIRECTION('',(0.,0.,-1.));
#6869=DIRECTION('',(-1.,0.,-1.73472347597681E-15));
#6870=DIRECTION('',(0.,1.,0.));
#6871=DIRECTION('',(0.,1.,0.));
#6872=DIRECTION('',(1.73472347597681E-15,0.,-1.));
#6873=DIRECTION('',(-1.,0.,-1.73472347597681E-15));
#6874=DIRECTION('',(0.,0.,1.));
#6875=DIRECTION('',(0.,1.,0.));
#6876=DIRECTION('',(-1.,0.,0.));
#6877=DIRECTION('',(0.,0.,1.));
#6878=DIRECTION('',(1.,0.,0.));
#6879=DIRECTION('',(0.,1.,0.));
#6880=DIRECTION('',(0.,0.,1.));
#6881=DIRECTION('',(1.,0.,0.));
#6882=DIRECTION('',(3.46944695195361E-15,0.,-1.));
#6883=DIRECTION('',(1.,0.,3.46944695195361E-15));
#6884=DIRECTION('',(3.46944695195361E-15,0.,-1.));
#6885=DIRECTION('',(0.,0.,-1.));
#6886=DIRECTION('',(1.,0.,0.));
#6887=DIRECTION('',(3.46944695195361E-15,0.,1.));
#6888=DIRECTION('',(-1.,0.,0.));
#6889=DIRECTION('',(0.,-1.,0.));
#6890=DIRECTION('',(0.,0.,-1.));
#6891=DIRECTION('',(-1.,0.,0.));
#6892=DIRECTION('',(0.,1.,0.));
#6893=DIRECTION('',(0.,1.,0.));
#6894=DIRECTION('',(0.,0.,-1.));
#6895=DIRECTION('',(-1.,0.,0.));
#6896=DIRECTION('',(3.46944695195361E-15,0.,1.));
#6897=DIRECTION('',(0.,1.,0.));
#6898=DIRECTION('',(-1.,0.,3.46944695195361E-15));
#6899=DIRECTION('',(3.46944695195361E-15,0.,1.));
#6900=DIRECTION('',(1.,0.,0.));
#6901=DIRECTION('',(0.,1.,0.));
#6902=DIRECTION('',(0.,0.,1.));
#6903=DIRECTION('',(1.,0.,0.));
#6904=DIRECTION('',(0.,0.,-1.));
#6905=DIRECTION('',(1.,0.,0.));
#6906=DIRECTION('',(0.,0.,-1.));
#6907=DIRECTION('',(0.,0.,-1.));
#6908=DIRECTION('',(1.,0.,0.));
#6909=DIRECTION('',(3.46944695195361E-15,0.,1.));
#6910=DIRECTION('',(-1.,0.,0.));
#6911=DIRECTION('',(0.,-1.,0.));
#6912=DIRECTION('',(0.,0.,-1.));
#6913=DIRECTION('',(-1.,0.,0.));
#6914=DIRECTION('',(0.,1.,0.));
#6915=DIRECTION('',(0.,1.,0.));
#6916=DIRECTION('',(0.,0.,-1.));
#6917=DIRECTION('',(-1.,0.,0.));
#6918=DIRECTION('',(3.46944695195361E-15,0.,1.));
#6919=DIRECTION('',(0.,1.,0.));
#6920=DIRECTION('',(-1.,0.,3.46944695195361E-15));
#6921=DIRECTION('',(3.46944695195361E-15,0.,1.));
#6922=DIRECTION('',(1.,0.,0.));
#6923=DIRECTION('',(0.,1.,0.));
#6924=DIRECTION('',(0.,0.,1.));
#6925=DIRECTION('',(1.,0.,0.));
#6926=DIRECTION('',(0.,0.,-1.));
#6927=DIRECTION('',(1.,0.,0.));
#6928=DIRECTION('',(0.,0.,-1.));
#6929=DIRECTION('',(3.46944695195361E-15,0.,-1.));
#6930=DIRECTION('',(1.,0.,0.));
#6931=DIRECTION('',(0.,0.,1.));
#6932=DIRECTION('',(-1.,0.,-1.73472347597681E-15));
#6933=DIRECTION('',(0.,-1.,0.));
#6934=DIRECTION('',(0.,0.,-1.));
#6935=DIRECTION('',(-1.,0.,-1.73472347597681E-15));
#6936=DIRECTION('',(0.,1.,0.));
#6937=DIRECTION('',(0.,1.,0.));
#6938=DIRECTION('',(1.73472347597681E-15,0.,-1.));
#6939=DIRECTION('',(-1.,0.,-1.73472347597681E-15));
#6940=DIRECTION('',(0.,0.,1.));
#6941=DIRECTION('',(0.,1.,0.));
#6942=DIRECTION('',(-1.,0.,0.));
#6943=DIRECTION('',(0.,0.,1.));
#6944=DIRECTION('',(1.,0.,0.));
#6945=DIRECTION('',(0.,1.,0.));
#6946=DIRECTION('',(0.,0.,1.));
#6947=DIRECTION('',(1.,0.,0.));
#6948=DIRECTION('',(3.46944695195361E-15,0.,-1.));
#6949=DIRECTION('',(1.,0.,3.46944695195361E-15));
#6950=DIRECTION('',(3.46944695195361E-15,0.,-1.));
#6951=DIRECTION('',(0.,0.,-1.));
#6952=DIRECTION('',(1.,0.,0.));
#6953=DIRECTION('',(0.,0.,1.));
#6954=DIRECTION('',(-1.,0.,-1.73472347597681E-15));
#6955=DIRECTION('',(0.,-1.,0.));
#6956=DIRECTION('',(0.,0.,-1.));
#6957=DIRECTION('',(-1.,0.,-1.73472347597681E-15));
#6958=DIRECTION('',(0.,1.,0.));
#6959=DIRECTION('',(0.,1.,0.));
#6960=DIRECTION('',(1.73472347597681E-15,0.,-1.));
#6961=DIRECTION('',(-1.,0.,-1.73472347597681E-15));
#6962=DIRECTION('',(0.,0.,1.));
#6963=DIRECTION('',(0.,1.,0.));
#6964=DIRECTION('',(-1.,0.,0.));
#6965=DIRECTION('',(0.,0.,1.));
#6966=DIRECTION('',(1.,0.,0.));
#6967=DIRECTION('',(0.,1.,0.));
#6968=DIRECTION('',(0.,0.,1.));
#6969=DIRECTION('',(1.,0.,0.));
#6970=DIRECTION('',(0.,0.,-1.));
#6971=DIRECTION('',(1.,0.,0.));
#6972=DIRECTION('',(0.,0.,-1.));
#6973=DIRECTION('',(0.,0.,-1.));
#6974=DIRECTION('',(1.,0.,0.));
#6975=DIRECTION('',(0.,0.,1.));
#6976=DIRECTION('',(-1.,0.,-1.73472347597681E-15));
#6977=DIRECTION('',(0.,-1.,0.));
#6978=DIRECTION('',(0.,0.,-1.));
#6979=DIRECTION('',(-1.,0.,-1.73472347597681E-15));
#6980=DIRECTION('',(0.,1.,0.));
#6981=DIRECTION('',(0.,1.,0.));
#6982=DIRECTION('',(1.73472347597681E-15,0.,-1.));
#6983=DIRECTION('',(-1.,0.,-1.73472347597681E-15));
#6984=DIRECTION('',(0.,0.,1.));
#6985=DIRECTION('',(0.,1.,0.));
#6986=DIRECTION('',(-1.,0.,0.));
#6987=DIRECTION('',(0.,0.,1.));
#6988=DIRECTION('',(1.,0.,0.));
#6989=DIRECTION('',(0.,1.,0.));
#6990=DIRECTION('',(0.,0.,1.));
#6991=DIRECTION('',(1.,0.,0.));
#6992=DIRECTION('',(0.,0.,-1.));
#6993=DIRECTION('',(1.,0.,0.));
#6994=DIRECTION('',(0.,0.,-1.));
#6995=DIRECTION('',(0.,0.,-1.));
#6996=DIRECTION('',(1.,0.,0.));
#6997=DIRECTION('',(0.,0.,1.));
#6998=DIRECTION('',(-1.,0.,-1.73472347597681E-15));
#6999=DIRECTION('',(0.,-1.,0.));
#7000=DIRECTION('',(0.,0.,-1.));
#7001=DIRECTION('',(-1.,0.,-1.73472347597681E-15));
#7002=DIRECTION('',(0.,1.,0.));
#7003=DIRECTION('',(0.,1.,0.));
#7004=DIRECTION('',(1.73472347597681E-15,0.,-1.));
#7005=DIRECTION('',(-1.,0.,-1.73472347597681E-15));
#7006=DIRECTION('',(0.,0.,1.));
#7007=DIRECTION('',(0.,1.,0.));
#7008=DIRECTION('',(-1.,0.,0.));
#7009=DIRECTION('',(0.,0.,1.));
#7010=DIRECTION('',(1.,0.,0.));
#7011=DIRECTION('',(0.,1.,0.));
#7012=DIRECTION('',(0.,0.,1.));
#7013=DIRECTION('',(1.,0.,0.));
#7014=DIRECTION('',(0.,0.,-1.));
#7015=DIRECTION('',(1.,0.,0.));
#7016=DIRECTION('',(0.,0.,-1.));
#7017=DIRECTION('',(0.,0.,-1.));
#7018=DIRECTION('',(1.,0.,0.));
#7019=DIRECTION('',(0.,0.,1.));
#7020=DIRECTION('',(-1.,0.,-1.73472347597681E-15));
#7021=DIRECTION('',(0.,-1.,0.));
#7022=DIRECTION('',(0.,0.,-1.));
#7023=DIRECTION('',(-1.,0.,-1.73472347597681E-15));
#7024=DIRECTION('',(0.,1.,0.));
#7025=DIRECTION('',(0.,1.,0.));
#7026=DIRECTION('',(1.73472347597681E-15,0.,-1.));
#7027=DIRECTION('',(-1.,0.,-1.73472347597681E-15));
#7028=DIRECTION('',(0.,0.,1.));
#7029=DIRECTION('',(0.,1.,0.));
#7030=DIRECTION('',(-1.,0.,0.));
#7031=DIRECTION('',(0.,0.,1.));
#7032=DIRECTION('',(1.,0.,0.));
#7033=DIRECTION('',(0.,1.,0.));
#7034=DIRECTION('',(0.,0.,1.));
#7035=DIRECTION('',(1.,0.,0.));
#7036=DIRECTION('',(0.,0.,-1.));
#7037=DIRECTION('',(1.,0.,0.));
#7038=DIRECTION('',(0.,0.,-1.));
#7039=DIRECTION('',(-1.,0.,-1.0842021724855E-15));
#7040=DIRECTION('',(0.,1.,0.));
#7041=DIRECTION('',(-1.,0.,-1.0842021724855E-15));
#7042=DIRECTION('',(0.,1.,0.));
#7043=DIRECTION('',(1.0842021724855E-15,0.,-1.));
#7044=DIRECTION('',(-1.,0.,-1.0842021724855E-15));
#7045=DIRECTION('',(-2.89120579329469E-16,0.,1.));
#7046=DIRECTION('',(-2.89120579329469E-16,0.,1.));
#7047=DIRECTION('',(0.,1.,0.));
#7048=DIRECTION('',(-1.,0.,-2.89120579329469E-16));
#7049=DIRECTION('',(-2.89698820488127E-16,0.,1.));
#7050=DIRECTION('',(1.,0.,4.87890977618477E-16));
#7051=DIRECTION('',(1.,0.,4.87890977618477E-16));
#7052=DIRECTION('',(0.,1.,0.));
#7053=DIRECTION('',(-4.87890977618477E-16,0.,1.));
#7054=DIRECTION('',(1.,0.,4.87890977618477E-16));
#7055=DIRECTION('',(0.,0.,-1.));
#7056=DIRECTION('',(0.,0.,-1.));
#7057=DIRECTION('',(1.,0.,0.));
#7058=DIRECTION('',(0.,0.,-1.));
#7059=DIRECTION('',(-1.,0.,-4.33680868994201E-16));
#7060=DIRECTION('',(0.,1.,0.));
#7061=DIRECTION('',(-1.,0.,-4.33680868994201E-16));
#7062=DIRECTION('',(0.,1.,0.));
#7063=DIRECTION('',(4.33680868994201E-16,0.,-1.));
#7064=DIRECTION('',(-1.,0.,-4.33680868994202E-16));
#7065=DIRECTION('',(-1.0842021724855E-15,0.,1.));
#7066=DIRECTION('',(-1.0842021724855E-15,0.,1.));
#7067=DIRECTION('',(0.,1.,0.));
#7068=DIRECTION('',(-1.,0.,-1.0842021724855E-15));
#7069=DIRECTION('',(-1.0842021724855E-15,0.,1.));
#7070=DIRECTION('',(1.,0.,1.21972744404619E-16));
#7071=DIRECTION('',(1.,0.,1.21972744404619E-16));
#7072=DIRECTION('',(0.,1.,0.));
#7073=DIRECTION('',(-1.21972744404619E-16,0.,1.));
#7074=DIRECTION('',(1.,0.,1.21972744404619E-16));
#7075=DIRECTION('',(0.,0.,-1.));
#7076=DIRECTION('',(0.,0.,-1.));
#7077=DIRECTION('',(1.,0.,0.));
#7078=DIRECTION('',(0.,0.,-1.));
#7079=DIRECTION('',(0.,0.,1.));
#7080=DIRECTION('',(1.,0.,0.));
#7081=DIRECTION('',(0.,0.,-1.));
#7082=DIRECTION('',(-1.,0.,0.));
#7083=DIRECTION('',(0.,1.,0.));
#7084=DIRECTION('',(0.,0.,1.));
#7085=DIRECTION('',(-1.,0.,0.));
#7086=DIRECTION('',(0.,-1.,0.));
#7087=DIRECTION('',(0.,-1.,0.));
#7088=DIRECTION('',(0.,0.,1.));
#7089=DIRECTION('',(1.,0.,0.));
#7090=DIRECTION('',(0.,0.,-1.));
#7091=DIRECTION('',(0.,-1.,0.));
#7092=DIRECTION('',(-1.,0.,0.));
#7093=DIRECTION('',(0.,0.,1.));
#7094=DIRECTION('',(1.,0.,0.));
#7095=DIRECTION('',(0.,-1.,0.));
#7096=DIRECTION('',(0.,0.,-1.));
#7097=DIRECTION('',(-1.,0.,0.));
#7098=DIRECTION('',(0.,0.,1.));
#7099=DIRECTION('',(1.,0.,0.));
#7100=DIRECTION('',(0.,0.,-1.));
#7101=DIRECTION('',(0.,0.,1.));
#7102=DIRECTION('',(1.,0.,0.));
#7103=DIRECTION('',(0.,0.,-1.));
#7104=DIRECTION('',(-1.,0.,0.));
#7105=DIRECTION('',(0.,1.,0.));
#7106=DIRECTION('',(0.,0.,1.));
#7107=DIRECTION('',(-1.,0.,0.));
#7108=DIRECTION('',(0.,-1.,0.));
#7109=DIRECTION('',(0.,-1.,0.));
#7110=DIRECTION('',(0.,0.,1.));
#7111=DIRECTION('',(1.,0.,0.));
#7112=DIRECTION('',(0.,0.,-1.));
#7113=DIRECTION('',(0.,-1.,0.));
#7114=DIRECTION('',(-1.,0.,0.));
#7115=DIRECTION('',(0.,0.,1.));
#7116=DIRECTION('',(1.,0.,0.));
#7117=DIRECTION('',(0.,-1.,0.));
#7118=DIRECTION('',(0.,0.,-1.));
#7119=DIRECTION('',(-1.,0.,0.));
#7120=DIRECTION('',(0.,0.,1.));
#7121=DIRECTION('',(1.,0.,0.));
#7122=DIRECTION('',(0.,0.,-1.));
#7123=DIRECTION('',(0.,0.,1.));
#7124=DIRECTION('',(1.,0.,0.));
#7125=DIRECTION('',(0.,0.,-1.));
#7126=DIRECTION('',(-1.,0.,0.));
#7127=DIRECTION('',(0.,1.,0.));
#7128=DIRECTION('',(0.,0.,1.));
#7129=DIRECTION('',(-1.,0.,0.));
#7130=DIRECTION('',(0.,-1.,0.));
#7131=DIRECTION('',(0.,-1.,0.));
#7132=DIRECTION('',(0.,0.,1.));
#7133=DIRECTION('',(1.,0.,0.));
#7134=DIRECTION('',(0.,0.,-1.));
#7135=DIRECTION('',(0.,-1.,0.));
#7136=DIRECTION('',(-1.,0.,0.));
#7137=DIRECTION('',(0.,0.,1.));
#7138=DIRECTION('',(1.,0.,0.));
#7139=DIRECTION('',(0.,-1.,0.));
#7140=DIRECTION('',(0.,0.,-1.));
#7141=DIRECTION('',(-1.,0.,0.));
#7142=DIRECTION('',(0.,0.,1.));
#7143=DIRECTION('',(1.,0.,0.));
#7144=DIRECTION('',(0.,0.,-1.));
#7145=DIRECTION('',(0.,-1.,0.));
#7146=DIRECTION('',(0.,1.,0.));
#7147=DIRECTION('',(0.,0.,1.));
#7148=DIRECTION('',(0.,-1.,0.));
#7149=DIRECTION('',(0.,1.,0.));
#7150=DIRECTION('',(0.,0.,1.));
#7151=DIRECTION('',(0.,-1.,0.));
#7152=DIRECTION('',(0.,0.,-1.));
#7153=DIRECTION('',(0.,-1.,0.));
#7154=DIRECTION('',(0.,1.,0.));
#7155=DIRECTION('',(0.,0.,1.));
#7156=DIRECTION('',(0.,-1.,0.));
#7157=DIRECTION('',(0.,1.,0.));
#7158=DIRECTION('',(0.,0.,1.));
#7159=DIRECTION('',(0.,-1.,0.));
#7160=DIRECTION('',(0.,0.,-1.));
#7161=DIRECTION('',(0.,-1.,0.));
#7162=DIRECTION('',(0.,1.,0.));
#7163=DIRECTION('',(0.,0.,1.));
#7164=DIRECTION('',(0.,-1.,0.));
#7165=DIRECTION('',(0.,1.,0.));
#7166=DIRECTION('',(0.,0.,1.));
#7167=DIRECTION('',(0.,-1.,0.));
#7168=DIRECTION('',(0.,0.,-1.));
#7169=DIRECTION('',(0.,-1.,0.));
#7170=DIRECTION('',(0.,1.,0.));
#7171=DIRECTION('',(0.,0.,1.));
#7172=DIRECTION('',(0.,-1.,0.));
#7173=DIRECTION('',(0.,1.,0.));
#7174=DIRECTION('',(0.,0.,1.));
#7175=DIRECTION('',(0.,-1.,0.));
#7176=DIRECTION('',(0.,0.,-1.));
#7177=DIRECTION('',(-1.,0.,0.));
#7178=DIRECTION('',(0.,-1.,0.));
#7179=DIRECTION('',(-1.,0.,0.));
#7180=DIRECTION('',(0.,-1.,0.));
#7181=DIRECTION('',(0.,0.,1.));
#7182=DIRECTION('',(1.,0.,0.));
#7183=DIRECTION('',(0.,1.,0.));
#7184=DIRECTION('',(0.,0.,1.));
#7185=DIRECTION('',(0.,1.,0.));
#7186=DIRECTION('',(0.,0.,1.));
#7187=DIRECTION('',(0.,-1.,0.));
#7188=DIRECTION('',(0.,-1.,0.));
#7189=DIRECTION('',(0.,0.,-1.));
#7190=DIRECTION('',(2.58913951638329E-16,0.,-1.));
#7191=DIRECTION('',(2.58913951638329E-16,0.,-1.));
#7192=DIRECTION('',(0.,-1.,0.));
#7193=DIRECTION('',(-1.,0.,-2.58913951638329E-16));
#7194=DIRECTION('',(-2.58473797920544E-16,0.,1.));
#7195=DIRECTION('',(0.,1.,0.));
#7196=DIRECTION('',(0.,0.,-1.));
#7197=DIRECTION('',(0.,1.,0.));
#7198=DIRECTION('',(0.,0.,-1.));
#7199=DIRECTION('',(0.,-1.,0.));
#7200=DIRECTION('',(0.,-1.,0.));
#7201=DIRECTION('',(0.,0.,-1.));
#7202=DIRECTION('',(1.,0.,-2.18204210814693E-16));
#7203=DIRECTION('',(1.,0.,-2.18204210814693E-16));
#7204=DIRECTION('',(0.,-1.,0.));
#7205=DIRECTION('',(-2.18204210814693E-16,0.,-1.));
#7206=DIRECTION('',(-1.,0.,2.18575157973078E-16));
#7207=DIRECTION('',(0.,1.,0.));
#7208=DIRECTION('',(0.,0.,-1.));
#7209=DIRECTION('',(0.,1.,0.));
#7210=DIRECTION('',(0.,0.,-1.));
#7211=DIRECTION('',(0.,-1.,0.));
#7212=DIRECTION('',(0.,-1.,0.));
#7213=DIRECTION('',(0.,0.,-1.));
#7214=DIRECTION('',(-2.5891395163833E-16,0.,1.));
#7215=DIRECTION('',(-2.5891395163833E-16,0.,1.));
#7216=DIRECTION('',(0.,-1.,0.));
#7217=DIRECTION('',(1.,0.,2.5891395163833E-16));
#7218=DIRECTION('',(2.60208521396521E-16,0.,-1.));
#7219=DIRECTION('',(0.,1.,0.));
#7220=DIRECTION('',(0.,0.,1.));
#7221=DIRECTION('',(0.,1.,0.));
#7222=DIRECTION('',(0.,0.,1.));
#7223=DIRECTION('',(0.,-1.,0.));
#7224=DIRECTION('',(0.,0.,-1.));
#7225=DIRECTION('',(0.,1.,0.));
#7226=DIRECTION('',(0.,0.,1.));
#7227=DIRECTION('',(0.,1.,0.));
#7228=DIRECTION('',(0.,0.,1.));
#7229=DIRECTION('',(0.,1.,0.));
#7230=DIRECTION('',(0.,0.,1.));
#7231=DIRECTION('',(0.,1.,0.));
#7232=DIRECTION('',(0.,0.,1.));
#7233=DIRECTION('',(0.,1.,0.));
#7234=DIRECTION('',(0.,0.,1.));
#7235=DIRECTION('',(0.,0.,-1.));
#7236=DIRECTION('',(0.,1.,0.));
#7237=DIRECTION('',(0.,0.,-1.));
#7238=DIRECTION('',(0.,1.,0.));
#7239=DIRECTION('',(1.,0.,0.));
#7240=DIRECTION('',(0.,0.,-1.));
#7241=DIRECTION('',(1.,0.,0.));
#7242=DIRECTION('',(0.,1.,0.));
#7243=DIRECTION('',(1.,0.,0.));
#7244=DIRECTION('',(0.,0.,1.));
#7245=DIRECTION('',(1.,0.,0.));
#7246=DIRECTION('',(0.,0.,1.));
#7247=DIRECTION('',(0.,1.,0.));
#7248=DIRECTION('',(0.,0.,1.));
#7249=DIRECTION('',(-1.,0.,0.));
#7250=DIRECTION('',(0.,0.,1.));
#7251=DIRECTION('',(-1.,0.,-1.73472347597681E-15));
#7252=DIRECTION('',(-1.,0.,-1.73472347597681E-15));
#7253=DIRECTION('',(1.73472347597681E-15,0.,-1.));
#7254=DIRECTION('',(-1.,0.,-1.73472347597681E-15));
#7255=DIRECTION('',(0.,-1.,0.));
#7256=DIRECTION('',(0.,0.,-1.));
#7257=DIRECTION('',(0.,0.,-1.));
#7258=DIRECTION('',(0.,1.,0.));
#7259=DIRECTION('',(0.,0.,-1.));
#7260=DIRECTION('',(0.,1.,0.));
#7261=DIRECTION('',(1.,0.,0.));
#7262=DIRECTION('',(0.,0.,-1.));
#7263=DIRECTION('',(1.,0.,0.));
#7264=DIRECTION('',(0.,1.,0.));
#7265=DIRECTION('',(1.,0.,0.));
#7266=DIRECTION('',(0.,0.,1.));
#7267=DIRECTION('',(1.,0.,0.));
#7268=DIRECTION('',(0.,0.,1.));
#7269=DIRECTION('',(0.,1.,0.));
#7270=DIRECTION('',(0.,0.,1.));
#7271=DIRECTION('',(-1.,0.,0.));
#7272=DIRECTION('',(0.,0.,1.));
#7273=DIRECTION('',(-1.,0.,-1.73472347597681E-15));
#7274=DIRECTION('',(-1.,0.,-1.73472347597681E-15));
#7275=DIRECTION('',(1.73472347597681E-15,0.,-1.));
#7276=DIRECTION('',(-1.,0.,-1.73472347597681E-15));
#7277=DIRECTION('',(0.,-1.,0.));
#7278=DIRECTION('',(0.,0.,-1.));
#7279=DIRECTION('',(0.,0.,-1.));
#7280=DIRECTION('',(-1.,0.,-1.73472347597681E-15));
#7281=DIRECTION('',(0.,0.,1.));
#7282=DIRECTION('',(1.,0.,0.));
#7283=DIRECTION('',(0.,0.,-1.));
#7284=DIRECTION('',(-1.,0.,-1.73472347597681E-15));
#7285=DIRECTION('',(0.,0.,1.));
#7286=DIRECTION('',(1.,0.,0.));
#7287=DIRECTION('',(0.,-1.,0.));
#7288=DIRECTION('',(0.,0.,-1.));
#7289=DIRECTION('',(0.,1.,0.));
#7290=DIRECTION('',(0.,0.,-1.));
#7291=DIRECTION('',(0.,1.,0.));
#7292=DIRECTION('',(1.,0.,0.));
#7293=DIRECTION('',(0.,0.,-1.));
#7294=DIRECTION('',(0.,1.,0.));
#7295=DIRECTION('',(1.,0.,0.));
#7296=DIRECTION('',(0.,0.,1.));
#7297=DIRECTION('',(1.,0.,0.));
#7298=DIRECTION('',(0.,1.,0.));
#7299=DIRECTION('',(0.,0.,1.));
#7300=DIRECTION('',(-1.,0.,0.));
#7301=DIRECTION('',(0.,0.,1.));
#7302=DIRECTION('',(-1.,0.,-1.73472347597681E-15));
#7303=DIRECTION('',(1.73472347597681E-15,0.,-1.));
#7304=DIRECTION('',(-1.,0.,-1.73472347597681E-15));
#7305=DIRECTION('',(0.,-1.,0.));
#7306=DIRECTION('',(0.,0.,-1.));
#7307=DIRECTION('',(0.,1.,0.));
#7308=DIRECTION('',(0.,0.,-1.));
#7309=DIRECTION('',(0.,1.,0.));
#7310=DIRECTION('',(1.,0.,0.));
#7311=DIRECTION('',(0.,0.,-1.));
#7312=DIRECTION('',(0.,1.,0.));
#7313=DIRECTION('',(1.,0.,0.));
#7314=DIRECTION('',(0.,0.,1.));
#7315=DIRECTION('',(1.,0.,0.));
#7316=DIRECTION('',(0.,1.,0.));
#7317=DIRECTION('',(0.,0.,1.));
#7318=DIRECTION('',(-1.,0.,0.));
#7319=DIRECTION('',(0.,0.,1.));
#7320=DIRECTION('',(-1.,0.,-1.73472347597681E-15));
#7321=DIRECTION('',(1.73472347597681E-15,0.,-1.));
#7322=DIRECTION('',(-1.,0.,-1.73472347597681E-15));
#7323=DIRECTION('',(0.,-1.,0.));
#7324=DIRECTION('',(0.,0.,-1.));
#7325=DIRECTION('',(0.,0.,-1.));
#7326=DIRECTION('',(0.,1.,0.));
#7327=DIRECTION('',(0.,0.,-1.));
#7328=DIRECTION('',(0.,1.,0.));
#7329=DIRECTION('',(1.,0.,0.));
#7330=DIRECTION('',(0.,0.,-1.));
#7331=DIRECTION('',(1.,0.,0.));
#7332=DIRECTION('',(0.,1.,0.));
#7333=DIRECTION('',(1.,0.,0.));
#7334=DIRECTION('',(0.,0.,1.));
#7335=DIRECTION('',(1.,0.,0.));
#7336=DIRECTION('',(3.46944695195361E-15,0.,1.));
#7337=DIRECTION('',(0.,1.,0.));
#7338=DIRECTION('',(3.46944695195361E-15,0.,1.));
#7339=DIRECTION('',(-1.,0.,3.46944695195361E-15));
#7340=DIRECTION('',(3.46944695195361E-15,0.,1.));
#7341=DIRECTION('',(-1.,0.,0.));
#7342=DIRECTION('',(-1.,0.,0.));
#7343=DIRECTION('',(0.,0.,-1.));
#7344=DIRECTION('',(-1.,0.,0.));
#7345=DIRECTION('',(0.,-1.,0.));
#7346=DIRECTION('',(0.,0.,-1.));
#7347=DIRECTION('',(3.46944695195361E-15,0.,-1.));
#7348=DIRECTION('',(-1.,0.,-1.73472347597681E-15));
#7349=DIRECTION('',(0.,0.,1.));
#7350=DIRECTION('',(1.,0.,0.));
#7351=DIRECTION('',(0.,-1.,0.));
#7352=DIRECTION('',(0.,0.,-1.));
#7353=DIRECTION('',(0.,1.,0.));
#7354=DIRECTION('',(3.46944695195361E-15,0.,-1.));
#7355=DIRECTION('',(0.,1.,0.));
#7356=DIRECTION('',(1.,0.,3.46944695195361E-15));
#7357=DIRECTION('',(3.46944695195361E-15,0.,-1.));
#7358=DIRECTION('',(0.,1.,0.));
#7359=DIRECTION('',(1.,0.,0.));
#7360=DIRECTION('',(0.,0.,1.));
#7361=DIRECTION('',(1.,0.,0.));
#7362=DIRECTION('',(0.,1.,0.));
#7363=DIRECTION('',(0.,0.,1.));
#7364=DIRECTION('',(-1.,0.,0.));
#7365=DIRECTION('',(0.,0.,1.));
#7366=DIRECTION('',(-1.,0.,-1.73472347597681E-15));
#7367=DIRECTION('',(1.73472347597681E-15,0.,-1.));
#7368=DIRECTION('',(-1.,0.,-1.73472347597681E-15));
#7369=DIRECTION('',(0.,-1.,0.));
#7370=DIRECTION('',(0.,0.,-1.));
#7371=DIRECTION('',(0.,1.,0.));
#7372=DIRECTION('',(0.,0.,1.));
#7373=DIRECTION('',(0.,1.,0.));
#7374=DIRECTION('',(0.,0.,1.));
#7375=DIRECTION('',(0.,1.,0.));
#7376=DIRECTION('',(0.,0.,1.));
#7377=DIRECTION('',(0.,1.,0.));
#7378=DIRECTION('',(0.,0.,1.));
#7379=DIRECTION('',(0.,1.,0.));
#7380=DIRECTION('',(0.,0.,1.));
#7381=DIRECTION('',(0.,-1.,0.));
#7382=DIRECTION('',(0.,0.,-1.));
#7383=DIRECTION('',(0.,-1.,0.));
#7384=DIRECTION('',(0.,0.,-1.));
#7385=DIRECTION('',(0.,-1.,0.));
#7386=DIRECTION('',(0.,0.,-1.));
#7387=DIRECTION('',(0.,-1.,0.));
#7388=DIRECTION('',(0.,0.,-1.));
#7389=DIRECTION('',(0.,1.,0.));
#7390=DIRECTION('',(0.,1.,0.));
#7391=DIRECTION('',(-1.,0.,0.));
#7392=DIRECTION('',(0.,0.,1.));
#7393=DIRECTION('',(0.,1.,0.));
#7394=DIRECTION('',(0.,0.,1.));
#7395=DIRECTION('',(1.,0.,0.));
#7396=DIRECTION('',(0.,1.,0.));
#7397=DIRECTION('',(0.,1.,0.));
#7398=DIRECTION('',(0.,1.,0.));
#7399=DIRECTION('',(0.983597750188004,0.,0.180375901453318));
#7400=DIRECTION('',(0.180375901453318,0.,-0.983597750188004));
#7401=DIRECTION('',(0.,1.,0.));
#7402=DIRECTION('',(0.,1.,0.));
#7403=DIRECTION('',(0.,1.,0.));
#7404=DIRECTION('',(1.,0.,0.));
#7405=DIRECTION('',(0.,0.,-1.));
#7406=DIRECTION('',(0.,0.,-1.));
#7407=DIRECTION('',(-1.,0.,0.));
#7408=DIRECTION('',(0.,1.,0.));
#7409=DIRECTION('',(0.,0.,1.));
#7410=DIRECTION('',(0.,1.,0.));
#7411=DIRECTION('',(0.,1.,0.));
#7412=DIRECTION('',(0.,1.,0.));
#7413=DIRECTION('',(0.,1.,0.));
#7414=DIRECTION('',(0.,1.,0.));
#7415=DIRECTION('',(0.,1.,0.));
#7416=DIRECTION('',(0.,1.,0.));
#7417=DIRECTION('',(0.,1.,0.));
#7418=DIRECTION('',(0.,1.,0.));
#7419=DIRECTION('',(0.,1.,0.));
#7420=DIRECTION('',(0.,1.,0.));
#7421=DIRECTION('',(0.,0.,1.));
#7422=DIRECTION('',(1.,0.,0.));
#7423=DIRECTION('',(0.,1.,0.));
#7424=DIRECTION('',(0.,1.,0.));
#7425=DIRECTION('',(0.,1.,0.));
#7426=DIRECTION('',(-0.265973434780155,0.,0.963980358716528));
#7427=DIRECTION('',(0.963980358716528,0.,0.265973434780155));
#7428=DIRECTION('',(0.,1.,0.));
#7429=DIRECTION('',(0.,1.,0.));
#7430=DIRECTION('',(0.,1.,0.));
#7431=DIRECTION('',(0.,1.,0.));
#7432=DIRECTION('',(0.,1.,0.));
#7433=DIRECTION('',(0.,1.,0.));
#7434=DIRECTION('',(0.,-1.,0.));
#7435=DIRECTION('',(0.,0.,-1.));
#7436=DIRECTION('',(0.,1.,0.));
#7437=DIRECTION('',(0.,1.,0.));
#7438=DIRECTION('',(0.,1.,0.));
#7439=DIRECTION('',(0.,1.,0.));
#7440=DIRECTION('',(0.,1.,0.));
#7441=DIRECTION('',(-1.,0.,0.));
#7442=DIRECTION('',(0.,0.,1.));
#7443=DIRECTION('',(0.,1.,0.));
#7444=DIRECTION('',(0.,0.,1.));
#7445=DIRECTION('',(1.,0.,0.));
#7446=DIRECTION('',(0.,1.,0.));
#7447=DIRECTION('',(1.,0.,0.));
#7448=DIRECTION('',(0.,0.,-1.));
#7449=DIRECTION('',(0.,1.,0.));
#7450=DIRECTION('',(0.,0.,-1.));
#7451=DIRECTION('',(-1.,0.,0.));
#7452=DIRECTION('',(0.,1.,0.));
#7453=DIRECTION('',(-1.,0.,0.));
#7454=DIRECTION('',(0.,0.,1.));
#7455=DIRECTION('',(0.,1.,0.));
#7456=DIRECTION('',(0.,1.,0.));
#7457=DIRECTION('',(0.,-1.,0.));
#7458=DIRECTION('',(0.,0.,-1.));
#7459=DIRECTION('',(0.,1.,0.));
#7460=DIRECTION('',(0.,1.,0.));
#7461=DIRECTION('',(0.,1.,0.));
#7462=DIRECTION('',(0.,1.,0.));
#7463=DIRECTION('',(0.,1.,0.));
#7464=DIRECTION('',(0.,1.,0.));
#7465=DIRECTION('',(0.,1.,0.));
#7466=DIRECTION('',(0.,1.,0.));
#7467=DIRECTION('',(0.,1.,0.));
#7468=DIRECTION('',(0.,1.,0.));
#7469=DIRECTION('',(0.,1.,0.));
#7470=DIRECTION('',(0.,0.,1.));
#7471=DIRECTION('',(1.,0.,0.));
#7472=DIRECTION('',(0.,1.,0.));
#7473=DIRECTION('',(0.,1.,0.));
#7474=DIRECTION('',(0.,1.,0.));
#7475=DIRECTION('',(-0.265973434780155,0.,0.963980358716528));
#7476=DIRECTION('',(0.963980358716528,0.,0.265973434780155));
#7477=DIRECTION('',(0.,1.,0.));
#7478=DIRECTION('',(0.,1.,0.));
#7479=DIRECTION('',(0.,1.,0.));
#7480=DIRECTION('',(0.,1.,0.));
#7481=DIRECTION('',(0.,1.,0.));
#7482=DIRECTION('',(0.,1.,0.));
#7483=DIRECTION('',(0.,-1.,0.));
#7484=DIRECTION('',(0.,0.,-1.));
#7485=DIRECTION('',(0.,1.,0.));
#7486=DIRECTION('',(0.,1.,0.));
#7487=DIRECTION('',(-1.,0.,0.));
#7488=DIRECTION('',(0.,0.,1.));
#7489=DIRECTION('',(0.,1.,0.));
#7490=DIRECTION('',(0.,0.,1.));
#7491=DIRECTION('',(1.,0.,0.));
#7492=DIRECTION('',(0.,1.,0.));
#7493=DIRECTION('',(0.,1.,0.));
#7494=DIRECTION('',(0.,1.,0.));
#7495=DIRECTION('',(0.983597750188004,0.,0.180375901453319));
#7496=DIRECTION('',(0.180375901453319,0.,-0.983597750188004));
#7497=DIRECTION('',(0.,1.,0.));
#7498=DIRECTION('',(0.,1.,0.));
#7499=DIRECTION('',(0.,1.,0.));
#7500=DIRECTION('',(1.,0.,0.));
#7501=DIRECTION('',(0.,0.,-1.));
#7502=DIRECTION('',(0.,0.,-1.));
#7503=DIRECTION('',(-1.,0.,0.));
#7504=DIRECTION('',(0.,1.,0.));
#7505=DIRECTION('',(0.,0.,1.));
#7506=DIRECTION('',(0.,1.,0.));
#7507=DIRECTION('',(0.,1.,0.));
#7508=DIRECTION('',(0.252817990804196,0.,-0.967513857020006));
#7509=DIRECTION('',(-0.967513857020006,0.,-0.252817990804196));
#7510=DIRECTION('',(0.,1.,0.));
#7511=DIRECTION('',(0.,1.,0.));
#7512=DIRECTION('',(0.,1.,0.));
#7513=DIRECTION('',(0.297605186534344,0.,0.954689034685042));
#7514=DIRECTION('',(0.954689034685042,0.,-0.297605186534344));
#7515=DIRECTION('',(0.,1.,0.));
#7516=DIRECTION('',(0.,1.,0.));
#7517=DIRECTION('',(0.,0.,1.));
#7518=DIRECTION('',(0.,1.,0.));
#7519=DIRECTION('',(0.,1.,0.));
#7520=DIRECTION('',(-1.,0.,0.));
#7521=DIRECTION('',(0.,0.,1.));
#7522=DIRECTION('',(0.,1.,0.));
#7523=DIRECTION('',(0.,0.,1.));
#7524=DIRECTION('',(1.,0.,0.));
#7525=DIRECTION('',(0.,1.,0.));
#7526=DIRECTION('',(0.,1.,0.));
#7527=DIRECTION('',(0.,1.,0.));
#7528=DIRECTION('',(0.,0.,1.));
#7529=DIRECTION('',(1.,0.,0.));
#7530=DIRECTION('',(0.,1.,0.));
#7531=DIRECTION('',(0.,1.,0.));
#7532=DIRECTION('',(0.,1.,0.));
#7533=DIRECTION('',(0.,1.,0.));
#7534=DIRECTION('',(0.,1.,0.));
#7535=DIRECTION('',(1.,0.,0.));
#7536=DIRECTION('',(0.,0.,-1.));
#7537=DIRECTION('',(0.,0.,-1.));
#7538=DIRECTION('',(-1.,0.,0.));
#7539=DIRECTION('',(0.,1.,0.));
#7540=DIRECTION('',(0.,0.,1.));
#7541=DIRECTION('',(0.,1.,0.));
#7542=DIRECTION('',(0.,1.,0.));
#7543=DIRECTION('',(-1.,0.,0.));
#7544=DIRECTION('',(0.,0.,1.));
#7545=DIRECTION('',(0.,1.,0.));
#7546=DIRECTION('',(0.,0.,1.));
#7547=DIRECTION('',(1.,0.,0.));
#7548=DIRECTION('',(0.,1.,0.));
#7549=DIRECTION('',(1.,0.,0.));
#7550=DIRECTION('',(0.,0.,-1.));
#7551=DIRECTION('',(0.,0.,-1.));
#7552=DIRECTION('',(-1.,0.,0.));
#7553=DIRECTION('',(0.,-1.,0.));
#7554=DIRECTION('',(0.,0.,-1.));
#7555=DIRECTION('',(0.,1.,0.));
#7556=DIRECTION('',(0.,1.,0.));
#7557=DIRECTION('',(-1.,0.,0.));
#7558=DIRECTION('',(0.,0.,1.));
#7559=DIRECTION('',(0.,1.,0.));
#7560=DIRECTION('',(0.,0.,1.));
#7561=DIRECTION('',(1.,0.,0.));
#7562=DIRECTION('',(0.,1.,0.));
#7563=DIRECTION('',(1.,0.,0.));
#7564=DIRECTION('',(0.,0.,-1.));
#7565=DIRECTION('',(0.,0.,-1.));
#7566=DIRECTION('',(-1.,0.,0.));
#7567=DIRECTION('',(0.,-1.,0.));
#7568=DIRECTION('',(0.,0.,-1.));
#7569=DIRECTION('',(0.,1.,0.));
#7570=DIRECTION('',(0.,1.,0.));
#7571=DIRECTION('',(-1.,0.,0.));
#7572=DIRECTION('',(0.,0.,1.));
#7573=DIRECTION('',(0.,1.,0.));
#7574=DIRECTION('',(0.,0.,1.));
#7575=DIRECTION('',(1.,0.,0.));
#7576=DIRECTION('',(0.,1.,0.));
#7577=DIRECTION('',(1.,0.,0.));
#7578=DIRECTION('',(0.,0.,-1.));
#7579=DIRECTION('',(0.,1.,0.));
#7580=DIRECTION('',(0.,1.,0.));
#7581=DIRECTION('',(0.,1.,0.));
#7582=DIRECTION('',(1.,0.,0.));
#7583=DIRECTION('',(0.,0.,-1.));
#7584=DIRECTION('',(0.,0.,-1.));
#7585=DIRECTION('',(-1.,0.,0.));
#7586=DIRECTION('',(0.,1.,0.));
#7587=DIRECTION('',(0.,-1.,0.));
#7588=DIRECTION('',(0.,0.,-1.));
#7589=DIRECTION('',(0.,1.,0.));
#7590=DIRECTION('',(0.,0.,1.));
#7591=DIRECTION('',(0.,1.,0.));
#7592=DIRECTION('',(0.,0.,1.));
#7593=DIRECTION('',(0.,1.,0.));
#7594=DIRECTION('',(0.,0.,1.));
#7595=DIRECTION('',(0.,1.,0.));
#7596=DIRECTION('',(0.,0.,1.));
#7597=CARTESIAN_POINT('',(0.,0.,0.));
#7598=CARTESIAN_POINT('',(1.08084262162906,1.99999999999999,-2.87393146186122));
#7599=CARTESIAN_POINT('',(1.08084262162906,1.99999999999999,-2.20590042237968));
#7600=CARTESIAN_POINT('',(1.08084262162906,1.99999999999999,-1.53786938289815));
#7601=CARTESIAN_POINT('',(1.08084262162906,1.99999999999999,-0.869838343416606));
#7602=CARTESIAN_POINT('',(1.08084262162906,1.99999999999999,-2.87393146186122));
#7603=CARTESIAN_POINT('',(1.08084262162906,1.99999999999999,-0.869838343416606));
#7604=CARTESIAN_POINT('',(1.19142420823444,1.99999999999999,-2.87393146186122));
#7605=CARTESIAN_POINT('',(1.15456367936598,1.99999999999999,-2.87393146186122));
#7606=CARTESIAN_POINT('',(1.11770315049752,1.99999999999999,-2.87393146186122));
#7607=CARTESIAN_POINT('',(1.08084262162906,1.99999999999999,-2.87393146186122));
#7608=CARTESIAN_POINT('',(1.19142420823444,2.,-2.87393146186122));
#7609=CARTESIAN_POINT('',(1.19142420823444,1.99999999999999,-2.68564801340893));
#7610=CARTESIAN_POINT('',(1.19142420823444,1.99999999999999,-2.74840916289303));
#7611=CARTESIAN_POINT('',(1.19142420823444,1.99999999999999,-2.81117031237713));
#7612=CARTESIAN_POINT('',(1.19142420823444,1.99999999999999,-2.87393146186122));
#7613=CARTESIAN_POINT('',(1.19142420823444,1.99999999999999,-2.68564801340893));
#7614=CARTESIAN_POINT('',(1.20230523391872,1.99999999999999,-1.57487799550154));
#7615=CARTESIAN_POINT('',(1.22305509685153,1.99999999999999,-1.52217909552712));
#7616=CARTESIAN_POINT('',(1.24937199618096,1.99999999999999,-1.47868971205309));
#7617=CARTESIAN_POINT('',(1.31339181573427,1.99999999999999,-1.40938183715295));
#7618=CARTESIAN_POINT('',(1.3500847455378,1.99999999999999,-1.3922225849106));
#7619=CARTESIAN_POINT('',(1.44598959982484,1.99999999999999,-1.3922225849106));
#7620=CARTESIAN_POINT('',(1.49862339848369,1.99999999999999,-1.42394425285636));
#7621=CARTESIAN_POINT('',(1.59907975862043,1.99999999999999,-1.55012128405773));
#7622=CARTESIAN_POINT('',(1.63729321418104,1.99999999999999,-1.64139117022653));
#7623=CARTESIAN_POINT('',(1.68981890350905,1.99999999999999,-1.87830442084497));
#7624=CARTESIAN_POINT('',(1.70308546250461,1.99999999999999,-2.01181838946419));
#7625=CARTESIAN_POINT('',(1.70308546250461,1.99999999999999,-2.29833668058724));
#7626=CARTESIAN_POINT('',(1.69093920127564,1.99999999999999,-2.42573499217588));
#7627=CARTESIAN_POINT('',(1.64326535909242,1.99999999999999,-2.65748709604368));
#7628=CARTESIAN_POINT('',(1.60793974954438,1.99999999999999,-2.74755642988373));
#7629=CARTESIAN_POINT('',(1.51472967601073,1.99999999999999,-2.87456401487016));
#7630=CARTESIAN_POINT('',(1.46041328503423,1.99999999999999,-2.90667640941814));
#7631=CARTESIAN_POINT('',(1.35261521662716,1.99999999999999,-2.90667640941814));
#7632=CARTESIAN_POINT('',(1.31263377341515,1.99999999999999,-2.88825737641737));
#7633=CARTESIAN_POINT('',(1.24723607739164,1.99999999999999,-2.81445536815196));
#7634=CARTESIAN_POINT('',(1.21748806045492,1.99999999999999,-2.759324145412));
#7635=CARTESIAN_POINT('',(1.19142420823444,1.99999999999999,-2.68564801340893));
#7636=CARTESIAN_POINT('',(1.20230523391872,1.99999999999999,-1.57487799550154));
#7637=CARTESIAN_POINT('',(1.20230523391872,1.99999999999999,-0.869838343416606));
#7638=CARTESIAN_POINT('',(1.20230523391872,1.99999999999999,-1.10485156077825));
#7639=CARTESIAN_POINT('',(1.20230523391872,1.99999999999999,-1.3398647781399));
#7640=CARTESIAN_POINT('',(1.20230523391872,1.99999999999999,-1.57487799550154));
#7641=CARTESIAN_POINT('',(1.20230523391872,1.99999999999999,-0.869838343416606));
#7642=CARTESIAN_POINT('',(1.08084262162906,1.99999999999999,-0.869838343416606));
#7643=CARTESIAN_POINT('',(1.12133015905895,1.99999999999999,-0.869838343416606));
#7644=CARTESIAN_POINT('',(1.16181769648883,1.99999999999999,-0.869838343416606));
#7645=CARTESIAN_POINT('',(1.20230523391872,1.99999999999999,-0.869838343416606));
#7646=CARTESIAN_POINT('',(0.774655619815558,1.99999999999999,-2.87393146186122));
#7647=CARTESIAN_POINT('',(0.774655619815558,1.99999999999999,-2.39094348539665));
#7648=CARTESIAN_POINT('',(0.774655619815558,1.99999999999999,-1.90795550893208));
#7649=CARTESIAN_POINT('',(0.774655619815558,1.99999999999999,-1.42496753246751));
#7650=CARTESIAN_POINT('',(0.774655619815558,1.99999999999999,-2.87393146186122));
#7651=CARTESIAN_POINT('',(0.774655619815558,1.99999999999999,-1.42496753246751));
#7652=CARTESIAN_POINT('',(0.896118232105213,1.99999999999999,-2.87393146186122));
#7653=CARTESIAN_POINT('',(0.855630694675328,1.99999999999999,-2.87393146186122));
#7654=CARTESIAN_POINT('',(0.815143157245443,1.99999999999999,-2.87393146186122));
#7655=CARTESIAN_POINT('',(0.774655619815558,1.99999999999999,-2.87393146186122));
#7656=CARTESIAN_POINT('',(0.896118232105213,2.,-2.87393146186122));
#7657=CARTESIAN_POINT('',(0.896118232105213,1.99999999999999,-1.42496753246751));
#7658=CARTESIAN_POINT('',(0.896118232105213,1.99999999999999,-1.90795550893208));
#7659=CARTESIAN_POINT('',(0.896118232105213,1.99999999999999,-2.39094348539665));
#7660=CARTESIAN_POINT('',(0.896118232105213,1.99999999999999,-2.87393146186122));
#7661=CARTESIAN_POINT('',(0.896118232105213,1.99999999999999,-1.42496753246751));
#7662=CARTESIAN_POINT('',(0.774655619815558,1.99999999999999,-1.42496753246751));
#7663=CARTESIAN_POINT('',(0.815143157245443,1.99999999999999,-1.42496753246751));
#7664=CARTESIAN_POINT('',(0.855630694675328,1.99999999999999,-1.42496753246751));
#7665=CARTESIAN_POINT('',(0.896118232105213,1.99999999999999,-1.42496753246751));
#7666=CARTESIAN_POINT('',(0.774655619815558,1.99999999999999,-3.42496753246751));
#7667=CARTESIAN_POINT('',(0.774655619815558,1.99999999999999,-3.33082580824137));
#7668=CARTESIAN_POINT('',(0.774655619815558,1.99999999999999,-3.23668408401523));
#7669=CARTESIAN_POINT('',(0.774655619815558,1.99999999999999,-3.14254235978908));
#7670=CARTESIAN_POINT('',(0.774655619815558,1.99999999999999,-3.42496753246751));
#7671=CARTESIAN_POINT('',(0.774655619815558,1.99999999999999,-3.14254235978908));
#7672=CARTESIAN_POINT('',(0.896118232105213,1.99999999999999,-3.42496753246751));
#7673=CARTESIAN_POINT('',(0.855630694675328,1.99999999999999,-3.42496753246751));
#7674=CARTESIAN_POINT('',(0.815143157245443,1.99999999999999,-3.42496753246751));
#7675=CARTESIAN_POINT('',(0.774655619815558,1.99999999999999,-3.42496753246751));
#7676=CARTESIAN_POINT('',(0.896118232105213,2.,-3.42496753246751));
#7677=CARTESIAN_POINT('',(0.896118232105213,1.99999999999999,-3.14254235978908));
#7678=CARTESIAN_POINT('',(0.896118232105213,1.99999999999999,-3.23668408401523));
#7679=CARTESIAN_POINT('',(0.896118232105213,1.99999999999999,-3.33082580824137));
#7680=CARTESIAN_POINT('',(0.896118232105213,1.99999999999999,-3.42496753246751));
#7681=CARTESIAN_POINT('',(0.896118232105213,1.99999999999999,-3.14254235978908));
#7682=CARTESIAN_POINT('',(0.774655619815558,1.99999999999999,-3.14254235978908));
#7683=CARTESIAN_POINT('',(0.815143157245443,1.99999999999999,-3.14254235978908));
#7684=CARTESIAN_POINT('',(0.855630694675328,1.99999999999999,-3.14254235978908));
#7685=CARTESIAN_POINT('',(0.896118232105213,1.99999999999999,-3.14254235978908));
#7686=CARTESIAN_POINT('',(0.00539240864774548,1.99999999999999,-3.42496753246751));
#7687=CARTESIAN_POINT('',(0.00539240864774548,1.99999999999999,-2.75830086580085));
#7688=CARTESIAN_POINT('',(0.00539240864774548,1.99999999999999,-2.09163419913418));
#7689=CARTESIAN_POINT('',(0.00539240864774548,1.99999999999999,-1.42496753246751));
#7690=CARTESIAN_POINT('',(0.00539240864774548,1.99999999999999,-3.42496753246751));
#7691=CARTESIAN_POINT('',(0.00539240864774548,1.99999999999999,-1.42496753246751));
#7692=CARTESIAN_POINT('',(0.126855020937399,1.99999999999999,-3.42496753246751));
#7693=CARTESIAN_POINT('',(0.0863674835075147,1.99999999999999,-3.42496753246751));
#7694=CARTESIAN_POINT('',(0.0458799460776301,1.99999999999999,-3.42496753246751));
#7695=CARTESIAN_POINT('',(0.00539240864774548,1.99999999999999,-3.42496753246751));
#7696=CARTESIAN_POINT('',(0.126855020937399,2.,-3.42496753246751));
#7697=CARTESIAN_POINT('',(0.126855020937399,1.99999999999999,-2.70713688524316));
#7698=CARTESIAN_POINT('',(0.126855020937399,1.99999999999999,-2.94641376765128));
#7699=CARTESIAN_POINT('',(0.126855020937399,1.99999999999999,-3.1856906500594));
#7700=CARTESIAN_POINT('',(0.126855020937399,1.99999999999999,-3.42496753246751));
#7701=CARTESIAN_POINT('',(0.126855020937399,1.99999999999999,-2.70713688524316));
#7702=CARTESIAN_POINT('',(0.479855737904209,1.99999999999999,-2.84323307352661));
#7703=CARTESIAN_POINT('',(0.440633436019008,1.99999999999999,-2.88518753758391));
#7704=CARTESIAN_POINT('',(0.394578862192514,1.99999999999999,-2.90667640941814));
#7705=CARTESIAN_POINT('',(0.255149905168347,1.99999999999999,-2.90667640941814));
#7706=CARTESIAN_POINT('',(0.183537573339239,1.99999999999999,-2.84016323469315));
#7707=CARTESIAN_POINT('',(0.126855020937399,1.99999999999999,-2.70713688524316));
#7708=CARTESIAN_POINT('',(0.479855737904209,1.99999999999999,-2.84323307352661));
#7709=CARTESIAN_POINT('',(0.589172088964898,1.99999999999999,-1.42496753246751));
#7710=CARTESIAN_POINT('',(0.589172088964898,1.99999999999999,-1.73109868280434));
#7711=CARTESIAN_POINT('',(0.589172088964898,1.99999999999999,-2.03722983314117));
#7712=CARTESIAN_POINT('',(0.589172088964898,1.99999999999999,-2.4850852096228));
#7713=CARTESIAN_POINT('',(0.580568487261047,1.99999999999999,-2.59304120859952));
#7714=CARTESIAN_POINT('',(0.547154135167755,1.99999999999999,-2.74249430255089));
#7715=CARTESIAN_POINT('',(0.518824992680472,1.99999999999999,-2.80076696966373));
#7716=CARTESIAN_POINT('',(0.479855737904209,1.99999999999999,-2.84323307352661));
#7717=CARTESIAN_POINT('',(0.589172088964898,1.99999999999999,-1.42496753246751));
#7718=CARTESIAN_POINT('',(0.467709476675243,1.99999999999999,-1.42496753246751));
#7719=CARTESIAN_POINT('',(0.508197014105128,1.99999999999999,-1.42496753246751));
#7720=CARTESIAN_POINT('',(0.548684551535013,1.99999999999999,-1.42496753246751));
#7721=CARTESIAN_POINT('',(0.589172088964898,1.99999999999999,-1.42496753246751));
#7722=CARTESIAN_POINT('',(0.467709476675243,1.99999999999999,-1.42496753246751));
#7723=CARTESIAN_POINT('',(0.126855020937399,1.99999999999999,-1.42496753246751));
#7724=CARTESIAN_POINT('',(0.126855020937399,1.99999999999999,-1.68914421874704));
#7725=CARTESIAN_POINT('',(0.126855020937399,1.99999999999999,-1.95332090502657));
#7726=CARTESIAN_POINT('',(0.126855020937399,1.99999999999999,-2.33108162814416));
#7727=CARTESIAN_POINT('',(0.133687292878693,1.99999999999999,-2.42061859412011));
#7728=CARTESIAN_POINT('',(0.160510286425992,1.99999999999999,-2.54955182512548));
#7729=CARTESIAN_POINT('',(0.183284526230302,1.99999999999999,-2.60071580568317));
#7730=CARTESIAN_POINT('',(0.246546303464497,1.99999999999999,-2.67643849690855));
#7731=CARTESIAN_POINT('',(0.280454616062025,1.99999999999999,-2.69485752990932));
#7732=CARTESIAN_POINT('',(0.364466256229036,1.99999999999999,-2.69485752990932));
#7733=CARTESIAN_POINT('',(0.401917228351681,1.99999999999999,-2.66722898040816));
#7734=CARTESIAN_POINT('',(0.454354869483384,1.99999999999999,-2.55508771864527));
#7735=CARTESIAN_POINT('',(0.467709476675243,1.99999999999999,-2.46564289701088));
#7736=CARTESIAN_POINT('',(0.467709476675243,1.99999999999999,-2.03722983314117));
#7737=CARTESIAN_POINT('',(0.467709476675243,1.99999999999999,-1.73109868280434));
#7738=CARTESIAN_POINT('',(0.467709476675243,1.99999999999999,-1.42496753246751));
#7739=CARTESIAN_POINT('',(0.126855020937399,1.99999999999999,-1.42496753246751));
#7740=CARTESIAN_POINT('',(0.00539240864774548,1.99999999999999,-1.42496753246751));
#7741=CARTESIAN_POINT('',(0.0458799460776301,1.99999999999999,-1.42496753246751));
#7742=CARTESIAN_POINT('',(0.0863674835075147,1.99999999999999,-1.42496753246751));
#7743=CARTESIAN_POINT('',(0.126855020937399,1.99999999999999,-1.42496753246751));
#7744=CARTESIAN_POINT('',(-0.0986099531252718,1.99999999999999,-1.92432798271054));
#7745=CARTESIAN_POINT('',(-0.138422698264658,1.99999999999999,-1.93473132542394));
#7746=CARTESIAN_POINT('',(-0.178235443404045,1.99999999999999,-1.94513466813734));
#7747=CARTESIAN_POINT('',(-0.218048188543431,1.99999999999999,-1.95553801085073));
#7748=CARTESIAN_POINT('',(-0.0986099531252718,1.99999999999999,-1.92432798271054));
#7749=CARTESIAN_POINT('',(-0.218048188543431,1.99999999999999,-1.95553801085073));
#7750=CARTESIAN_POINT('',(-0.109997073027427,1.99999999999999,-2.44824714362126));
#7751=CARTESIAN_POINT('',(-0.124167711127886,1.99999999999999,-2.59457612801625));
#7752=CARTESIAN_POINT('',(-0.155798599744984,1.99999999999999,-2.70764852504874));
#7753=CARTESIAN_POINT('',(-0.254787104685963,1.99999999999999,-2.86673922667379));
#7754=CARTESIAN_POINT('',(-0.318507890791334,1.99999999999999,-2.90667640941814));
#7755=CARTESIAN_POINT('',(-0.457936847815499,1.99999999999999,-2.90667640941814));
#7756=CARTESIAN_POINT('',(-0.514872447326275,1.99999999999999,-2.87700130069468));
#7757=CARTESIAN_POINT('',(-0.619888794203433,1.99999999999999,-2.76006365175304));
#7758=CARTESIAN_POINT('',(-0.658603205202366,1.99999999999999,-2.67183373865836));
#7759=CARTESIAN_POINT('',(-0.710320711898516,1.99999999999999,-2.43706739545223));
#7760=CARTESIAN_POINT('',(-0.722877170872309,1.99999999999999,-2.30038323980955));
#7761=CARTESIAN_POINT('',(-0.722877170872309,1.99999999999999,-1.90181583126516));
#7762=CARTESIAN_POINT('',(-0.693017612017768,1.99999999999999,-1.71609058184076));
#7763=CARTESIAN_POINT('',(-0.573623706259319,1.99999999999999,-1.45729692749031));
#7764=CARTESIAN_POINT('',(-0.49488172572027,1.99999999999999,-1.3922225849106));
#7765=CARTESIAN_POINT('',(-0.318507890791334,1.99999999999999,-1.3922225849106));
#7766=CARTESIAN_POINT('',(-0.252715642467771,1.99999999999999,-1.43929344702367));
#7767=CARTESIAN_POINT('',(-0.144979933155843,1.99999999999999,-1.627467977147));
#7768=CARTESIAN_POINT('',(-0.111768402789984,1.99999999999999,-1.75804504589806));
#7769=CARTESIAN_POINT('',(-0.0986099531252718,1.99999999999999,-1.92432798271054));
#7770=CARTESIAN_POINT('',(-0.109997073027427,2.,-2.44824714362126));
#7771=CARTESIAN_POINT('',(-0.228170072900903,1.99999999999999,-2.41140907761973));
#7772=CARTESIAN_POINT('',(-0.188779072943077,1.99999999999999,-2.42368843295357));
#7773=CARTESIAN_POINT('',(-0.149388072985252,1.99999999999999,-2.43596778828742));
#7774=CARTESIAN_POINT('',(-0.109997073027427,1.99999999999999,-2.44824714362126));
#7775=CARTESIAN_POINT('',(-0.228170072900903,1.99999999999999,-2.41140907761973));
#7776=CARTESIAN_POINT('',(-0.218048188543431,1.99999999999999,-1.95553801085073));
#7777=CARTESIAN_POINT('',(-0.226651790247282,1.99999999999999,-1.83274445751228));
#7778=CARTESIAN_POINT('',(-0.246895558962224,1.99999999999999,-1.7416725721196));
#7779=CARTESIAN_POINT('',(-0.310877959019753,1.99999999999999,-1.62359952599969));
#7780=CARTESIAN_POINT('',(-0.350644873626305,1.99999999999999,-1.59432030811346));
#7781=CARTESIAN_POINT('',(-0.457683800706563,1.99999999999999,-1.59432030811346));
#7782=CARTESIAN_POINT('',(-0.505762751404551,1.99999999999999,-1.63832133139307));
#7783=CARTESIAN_POINT('',(-0.579797577879733,1.99999999999999,-1.81467098027449));
#7784=CARTESIAN_POINT('',(-0.597871899057539,1.99999999999999,-1.95604965065631));
#7785=CARTESIAN_POINT('',(-0.597871899057539,1.99999999999999,-2.34284934367243));
#7786=CARTESIAN_POINT('',(-0.57889336588728,1.99999999999999,-2.48303865040049));
#7787=CARTESIAN_POINT('',(-0.502473138988373,1.99999999999999,-2.66006602313009));
#7788=CARTESIAN_POINT('',(-0.452622858527827,1.99999999999999,-2.70457868621528));
#7789=CARTESIAN_POINT('',(-0.350897920735242,1.99999999999999,-2.70457868621528));
#7790=CARTESIAN_POINT('',(-0.316483513919839,1.99999999999999,-2.68001997554759));
#7791=CARTESIAN_POINT('',(-0.259294867300128,1.99999999999999,-2.58178513287683));
#7792=CARTESIAN_POINT('',(-0.239557192803058,1.99999999999999,-2.50862064067933));
#7793=CARTESIAN_POINT('',(-0.228170072900903,1.99999999999999,-2.41140907761973));
#7794=CARTESIAN_POINT('',(-1.53110963681639,1.99999999999999,-2.87393146186122));
#7795=CARTESIAN_POINT('',(-1.53110963681639,1.99999999999999,-2.39094348539665));
#7796=CARTESIAN_POINT('',(-1.53110963681639,1.99999999999999,-1.90795550893208));
#7797=CARTESIAN_POINT('',(-1.53110963681639,1.99999999999999,-1.42496753246751));
#7798=CARTESIAN_POINT('',(-1.53110963681639,1.99999999999999,-2.87393146186122));
#7799=CARTESIAN_POINT('',(-1.53110963681639,1.99999999999999,-1.42496753246751));
#7800=CARTESIAN_POINT('',(-1.4217932857557,1.99999999999999,-2.87393146186122));
#7801=CARTESIAN_POINT('',(-1.45823206944259,1.99999999999999,-2.87393146186122));
#7802=CARTESIAN_POINT('',(-1.49467085312949,1.99999999999999,-2.87393146186122));
#7803=CARTESIAN_POINT('',(-1.53110963681639,1.99999999999999,-2.87393146186122));
#7804=CARTESIAN_POINT('',(-1.4217932857557,2.,-2.87393146186122));
#7805=CARTESIAN_POINT('',(-1.4217932857557,1.99999999999999,-2.65392634546317));
#7806=CARTESIAN_POINT('',(-1.4217932857557,1.99999999999999,-2.72726138426252));
#7807=CARTESIAN_POINT('',(-1.4217932857557,1.99999999999999,-2.80059642306187));
#7808=CARTESIAN_POINT('',(-1.4217932857557,1.99999999999999,-2.87393146186122));
#7809=CARTESIAN_POINT('',(-1.4217932857557,1.99999999999999,-2.65392634546317));
#7810=CARTESIAN_POINT('',(-1.14192318327162,1.99999999999999,-2.82737223955373));
#7811=CARTESIAN_POINT('',(-1.18418205046406,1.99999999999999,-2.88007113952814));
#7812=CARTESIAN_POINT('',(-1.22568177632969,1.99999999999999,-2.90667640941814));
#7813=CARTESIAN_POINT('',(-1.29501668417837,1.99999999999999,-2.90667640941814));
#7814=CARTESIAN_POINT('',(-1.32108053639886,1.99999999999999,-2.89030393563968));
#7815=CARTESIAN_POINT('',(-1.3681472986611,1.99999999999999,-2.82481404052584));
#7816=CARTESIAN_POINT('',(-1.39395810377265,1.99999999999999,-2.75676594638412));
#7817=CARTESIAN_POINT('',(-1.4217932857557,1.99999999999999,-2.65392634546317));
#7818=CARTESIAN_POINT('',(-1.14192318327162,1.99999999999999,-2.82737223955373));
#7819=CARTESIAN_POINT('',(-1.18367595624619,1.99999999999999,-2.59969252607202));
#7820=CARTESIAN_POINT('',(-1.16975836525466,1.99999999999999,-2.67558576389925));
#7821=CARTESIAN_POINT('',(-1.15584077426314,1.99999999999999,-2.75147900172649));
#7822=CARTESIAN_POINT('',(-1.14192318327162,1.99999999999999,-2.82737223955373));
#7823=CARTESIAN_POINT('',(-1.18367595624619,1.99999999999999,-2.59969252607202));
#7824=CARTESIAN_POINT('',(-1.40964702452673,1.99999999999999,-1.42496753246751));
#7825=CARTESIAN_POINT('',(-1.40964702452673,1.99999999999999,-1.67788814302435));
#7826=CARTESIAN_POINT('',(-1.40964702452673,1.99999999999999,-1.93080875358118));
#7827=CARTESIAN_POINT('',(-1.40964702452673,1.99999999999999,-2.28708060486455));
#7828=CARTESIAN_POINT('',(-1.40306779969437,1.99999999999999,-2.38275724850742));
#7829=CARTESIAN_POINT('',(-1.38040421860184,1.99999999999999,-2.52701748543846));
#7830=CARTESIAN_POINT('',(-1.36536378046279,1.99999999999999,-2.57206397657087));
#7831=CARTESIAN_POINT('',(-1.32328222603138,1.99999999999999,-2.63664682208829));
#7832=CARTESIAN_POINT('',(-1.29931848503029,1.99999999999999,-2.65290306585201));
#7833=CARTESIAN_POINT('',(-1.24314202684633,1.99999999999999,-2.65290306585201));
#7834=CARTESIAN_POINT('',(-1.21328246799179,1.99999999999999,-2.63499567265682));
#7835=CARTESIAN_POINT('',(-1.18367595624619,1.99999999999999,-2.59969252607202));
#7836=CARTESIAN_POINT('',(-1.40964702452673,1.99999999999999,-1.42496753246751));
#7837=CARTESIAN_POINT('',(-1.53110963681639,1.99999999999999,-1.42496753246751));
#7838=CARTESIAN_POINT('',(-1.4906220993865,1.99999999999999,-1.42496753246751));
#7839=CARTESIAN_POINT('',(-1.45013456195662,1.99999999999999,-1.42496753246751));
#7840=CARTESIAN_POINT('',(-1.40964702452673,1.99999999999999,-1.42496753246751));
#7841=CARTESIAN_POINT('',(-1.9605305806821,1.99999999999999,-1.43980508682924));
#7842=CARTESIAN_POINT('',(-1.91903085481647,1.99999999999999,-1.47152675477501));
#7843=CARTESIAN_POINT('',(-1.87575979918828,1.99999999999999,-1.52627221397174));
#7844=CARTESIAN_POINT('',(-1.83071741379753,1.99999999999999,-1.60352982461384));
#7845=CARTESIAN_POINT('',(-1.9605305806821,1.99999999999999,-1.43980508682924));
#7846=CARTESIAN_POINT('',(-1.83071741379753,1.99999999999999,-1.60352982461384));
#7847=CARTESIAN_POINT('',(-2.16549873892089,1.99999999999999,-2.22312562916744));
#7848=CARTESIAN_POINT('',(-2.1978887688648,1.99999999999999,-2.20470659616667));
#7849=CARTESIAN_POINT('',(-2.22698918639253,1.99999999999999,-2.17810132627667));
#7850=CARTESIAN_POINT('',(-2.27836871173215,1.99999999999999,-2.10680766779044));
#7851=CARTESIAN_POINT('',(-2.29961370665739,1.99999999999999,-2.05991253118842));
#7852=CARTESIAN_POINT('',(-2.33136853593126,1.99999999999999,-1.94271188169691));
#7853=CARTESIAN_POINT('',(-2.3395951498694,1.99999999999999,-1.87776876040305));
#7854=CARTESIAN_POINT('',(-2.3395951498694,1.99999999999999,-1.68590383331172));
#7855=CARTESIAN_POINT('',(-2.31833919271871,1.99999999999999,-1.58664571102981));
#7856=CARTESIAN_POINT('',(-2.23382145833382,1.99999999999999,-1.43110721013444));
#7857=CARTESIAN_POINT('',(-2.17334319929793,1.99999999999999,-1.3922225849106));
#7858=CARTESIAN_POINT('',(-2.04681964482954,1.99999999999999,-1.3922225849106));
#7859=CARTESIAN_POINT('',(-2.00228335365667,1.99999999999999,-1.40808341888348));
#7860=CARTESIAN_POINT('',(-1.9605305806821,1.99999999999999,-1.43980508682924));
#7861=CARTESIAN_POINT('',(-2.16549873892089,2.,-2.22312562916744));
#7862=CARTESIAN_POINT('',(-1.840839298155,1.99999999999999,-2.34438426308916));
#7863=CARTESIAN_POINT('',(-1.88714691909044,1.99999999999999,-2.31163931553224));
#7864=CARTESIAN_POINT('',(-1.95951839224635,1.99999999999999,-2.28349912622551));
#7865=CARTESIAN_POINT('',(-2.10557535657715,1.99999999999999,-2.24839710843503));
#7866=CARTESIAN_POINT('',(-2.1414592635719,1.99999999999999,-2.23591662430686));
#7867=CARTESIAN_POINT('',(-2.16549873892089,1.99999999999999,-2.22312562916744));
#7868=CARTESIAN_POINT('',(-1.840839298155,1.99999999999999,-2.34438426308916));
#7869=CARTESIAN_POINT('',(-2.1999131457363,1.99999999999999,-2.42778155139819));
#7870=CARTESIAN_POINT('',(-2.18675469607158,1.99999999999999,-2.53062115231914));
#7871=CARTESIAN_POINT('',(-2.16676397446558,1.99999999999999,-2.6022507250999));
#7872=CARTESIAN_POINT('',(-2.11210579893523,1.99999999999999,-2.68308981438105));
#7873=CARTESIAN_POINT('',(-2.07009997885173,1.99999999999999,-2.70304376679855));
#7874=CARTESIAN_POINT('',(-1.95167393186931,1.99999999999999,-2.70304376679855));
#7875=CARTESIAN_POINT('',(-1.90561935804282,1.99999999999999,-2.67541521729739));
#7876=CARTESIAN_POINT('',(-1.8515065663129,1.99999999999999,-2.57934660230324));
#7877=CARTESIAN_POINT('',(-1.84008015682819,1.99999999999999,-2.50862064067933));
#7878=CARTESIAN_POINT('',(-1.84008015682819,1.99999999999999,-2.39964136209146));
#7879=CARTESIAN_POINT('',(-1.84033320393713,1.99999999999999,-2.37815249025723));
#7880=CARTESIAN_POINT('',(-1.840839298155,1.99999999999999,-2.34438426308916));
#7881=CARTESIAN_POINT('',(-2.1999131457363,1.99999999999999,-2.42778155139819));
#7882=CARTESIAN_POINT('',(-2.31859223982765,1.99999999999999,-2.46052649895511));
#7883=CARTESIAN_POINT('',(-2.2790325417972,1.99999999999999,-2.44961151643613));
#7884=CARTESIAN_POINT('',(-2.23947284376675,1.99999999999999,-2.43869653391716));
#7885=CARTESIAN_POINT('',(-2.1999131457363,1.99999999999999,-2.42778155139819));
#7886=CARTESIAN_POINT('',(-2.31859223982765,1.99999999999999,-2.46052649895511));
#7887=CARTESIAN_POINT('',(-1.67964828976228,1.99999999999999,-1.42496753246751));
#7888=CARTESIAN_POINT('',(-1.69483111629848,1.99999999999999,-1.48022463146982));
#7889=CARTESIAN_POINT('',(-1.70520604776489,1.99999999999999,-1.53855156930558));
#7890=CARTESIAN_POINT('',(-1.71532974169733,1.99999999999999,-1.65932015038421));
#7891=CARTESIAN_POINT('',(-1.71811145032067,1.99999999999999,-1.8035809885944));
#7892=CARTESIAN_POINT('',(-1.71811145032067,1.99999999999999,-2.141433806877));
#7893=CARTESIAN_POINT('',(-1.71811145032067,1.99999999999999,-2.25058363206673));
#7894=CARTESIAN_POINT('',(-1.71811145032067,1.99999999999999,-2.46871273584434));
#7895=CARTESIAN_POINT('',(-1.72013582719216,1.99999999999999,-2.54392378726414));
#7896=CARTESIAN_POINT('',(-1.73070755210322,1.99999999999999,-2.65347133719184));
#7897=CARTESIAN_POINT('',(-1.74392225543222,1.99999999999999,-2.70867180465989));
#7898=CARTESIAN_POINT('',(-1.77967750943013,1.99999999999999,-2.79725752414001));
#7899=CARTESIAN_POINT('',(-1.80794317399322,1.99999999999999,-2.83351191722065));
#7900=CARTESIAN_POINT('',(-1.88452349487125,1.99999999999999,-2.89196104510932));
#7901=CARTESIAN_POINT('',(-1.93421368135268,1.99999999999999,-2.90667640941814));
#7902=CARTESIAN_POINT('',(-2.05694152918702,1.99999999999999,-2.90667640941814));
#7903=CARTESIAN_POINT('',(-2.11134665760842,1.99999999999999,-2.88928065602853));
#7904=CARTESIAN_POINT('',(-2.20487747588338,1.99999999999999,-2.82144722383389));
#7905=CARTESIAN_POINT('',(-2.24065373027512,1.99999999999999,-2.772626780357));
#7906=CARTESIAN_POINT('',(-2.28960611067815,1.99999999999999,-2.64609876053905));
#7907=CARTESIAN_POINT('',(-2.30771121414336,1.99999999999999,-2.56336609987606));
#7908=CARTESIAN_POINT('',(-2.31859223982765,1.99999999999999,-2.46052649895511));
#7909=CARTESIAN_POINT('',(-1.67964828976228,1.99999999999999,-1.42496753246751));
#7910=CARTESIAN_POINT('',(-1.8064248913396,1.99999999999999,-1.42496753246751));
#7911=CARTESIAN_POINT('',(-1.76416602414716,1.99999999999999,-1.42496753246751));
#7912=CARTESIAN_POINT('',(-1.72190715695472,1.99999999999999,-1.42496753246751));
#7913=CARTESIAN_POINT('',(-1.67964828976228,1.99999999999999,-1.42496753246751));
#7914=CARTESIAN_POINT('',(-1.8064248913396,1.99999999999999,-1.42496753246751));
#7915=CARTESIAN_POINT('',(-1.83071741379753,1.99999999999999,-1.60352982461384));
#7916=CARTESIAN_POINT('',(-1.82717475427242,1.99999999999999,-1.53548173047212));
#7917=CARTESIAN_POINT('',(-1.81907724678644,1.99999999999999,-1.47561987321963));
#7918=CARTESIAN_POINT('',(-1.8064248913396,1.99999999999999,-1.42496753246751));
#7919=CARTESIAN_POINT('',(-2.60200500183684,1.99999999999999,-1.60762294305846));
#7920=CARTESIAN_POINT('',(-2.60200500183684,1.99999999999999,-1.54673780619481));
#7921=CARTESIAN_POINT('',(-2.60200500183684,1.99999999999999,-1.48585266933116));
#7922=CARTESIAN_POINT('',(-2.60200500183684,1.99999999999999,-1.42496753246751));
#7923=CARTESIAN_POINT('',(-2.60200500183684,1.99999999999999,-1.60762294305846));
#7924=CARTESIAN_POINT('',(-2.60200500183684,1.99999999999999,-1.42496753246751));
#7925=CARTESIAN_POINT('',(-2.61010250932282,1.99999999999999,-2.70713688524316));
#7926=CARTESIAN_POINT('',(-2.63110541936457,1.99999999999999,-2.76648710269008));
#7927=CARTESIAN_POINT('',(-2.65868755423868,1.99999999999999,-2.8145812444143));
#7928=CARTESIAN_POINT('',(-2.72599808521586,1.99999999999999,-2.88825737641737));
#7929=CARTESIAN_POINT('',(-2.76446124577425,1.99999999999999,-2.90667640941814));
#7930=CARTESIAN_POINT('',(-2.86669227778471,1.99999999999999,-2.90667640941814));
#7931=CARTESIAN_POINT('',(-2.92008521777037,1.99999999999999,-2.87495474147238));
#7932=CARTESIAN_POINT('',(-3.01547796465762,1.99999999999999,-2.74979049719516));
#7933=CARTESIAN_POINT('',(-3.05116362019962,1.99999999999999,-2.65955438332451));
#7934=CARTESIAN_POINT('',(-3.09863752197613,1.99999999999999,-2.42366847424741));
#7935=CARTESIAN_POINT('',(-3.11062969079977,1.99999999999999,-2.29270864272589));
#7936=CARTESIAN_POINT('',(-3.11062969079977,1.99999999999999,-1.99953903413034));
#7937=CARTESIAN_POINT('',(-3.09747124113506,1.99999999999999,-1.86855924390266));
#7938=CARTESIAN_POINT('',(-3.04483744247621,1.99999999999999,-1.64036789061538));
#7939=CARTESIAN_POINT('',(-3.00789256457144,1.99999999999999,-1.551342564445));
#7940=CARTESIAN_POINT('',(-2.91157969798159,1.99999999999999,-1.42425140590207));
#7941=CARTESIAN_POINT('',(-2.85935391162555,1.99999999999999,-1.3922225849106));
#7942=CARTESIAN_POINT('',(-2.71410487109583,1.99999999999999,-1.3922225849106));
#7943=CARTESIAN_POINT('',(-2.64730043433652,1.99999999999999,-1.46385215769136));
#7944=CARTESIAN_POINT('',(-2.60200500183684,1.99999999999999,-1.60762294305846));
#7945=CARTESIAN_POINT('',(-2.61010250932282,2.,-2.70713688524316));
#7946=CARTESIAN_POINT('',(-2.61010250932282,1.99999999999999,-3.42496753246751));
#7947=CARTESIAN_POINT('',(-2.61010250932282,1.99999999999999,-3.1856906500594));
#7948=CARTESIAN_POINT('',(-2.61010250932282,1.99999999999999,-2.94641376765128));
#7949=CARTESIAN_POINT('',(-2.61010250932282,1.99999999999999,-2.70713688524316));
#7950=CARTESIAN_POINT('',(-2.61010250932282,1.99999999999999,-3.42496753246751));
#7951=CARTESIAN_POINT('',(-2.48914599125104,1.99999999999999,-3.42496753246751));
#7952=CARTESIAN_POINT('',(-2.5294648306083,1.99999999999999,-3.42496753246751));
#7953=CARTESIAN_POINT('',(-2.56978366996556,1.99999999999999,-3.42496753246751));
#7954=CARTESIAN_POINT('',(-2.61010250932282,1.99999999999999,-3.42496753246751));
#7955=CARTESIAN_POINT('',(-2.48914599125104,1.99999999999999,-3.42496753246751));
#7956=CARTESIAN_POINT('',(-2.48914599125104,1.99999999999999,-1.42496753246751));
#7957=CARTESIAN_POINT('',(-2.48914599125104,1.99999999999999,-2.09163419913418));
#7958=CARTESIAN_POINT('',(-2.48914599125104,1.99999999999999,-2.75830086580085));
#7959=CARTESIAN_POINT('',(-2.48914599125104,1.99999999999999,-3.42496753246751));
#7960=CARTESIAN_POINT('',(-2.48914599125104,1.99999999999999,-1.42496753246751));
#7961=CARTESIAN_POINT('',(-2.60200500183684,1.99999999999999,-1.42496753246751));
#7962=CARTESIAN_POINT('',(-2.56438533164157,1.99999999999999,-1.42496753246751));
#7963=CARTESIAN_POINT('',(-2.5267656614463,1.99999999999999,-1.42496753246751));
#7964=CARTESIAN_POINT('',(-2.48914599125104,1.99999999999999,-1.42496753246751));
#7965=CARTESIAN_POINT('',(-3.49753872036411,1.99999999999999,-1.43980508682924));
#7966=CARTESIAN_POINT('',(-3.45603899449847,1.99999999999999,-1.47152675477501));
#7967=CARTESIAN_POINT('',(-3.41276793887028,1.99999999999999,-1.52627221397174));
#7968=CARTESIAN_POINT('',(-3.36772555347954,1.99999999999999,-1.60352982461384));
#7969=CARTESIAN_POINT('',(-3.49753872036411,1.99999999999999,-1.43980508682924));
#7970=CARTESIAN_POINT('',(-3.36772555347954,1.99999999999999,-1.60352982461384));
#7971=CARTESIAN_POINT('',(-3.7025068786029,1.99999999999999,-2.22312562916744));
#7972=CARTESIAN_POINT('',(-3.73489690854681,1.99999999999999,-2.20470659616667));
#7973=CARTESIAN_POINT('',(-3.76399732607454,1.99999999999999,-2.17810132627667));
#7974=CARTESIAN_POINT('',(-3.81537685141415,1.99999999999999,-2.10680766779044));
#7975=CARTESIAN_POINT('',(-3.83662184633939,1.99999999999999,-2.05991253118842));
#7976=CARTESIAN_POINT('',(-3.86837667561326,1.99999999999999,-1.94271188169691));
#7977=CARTESIAN_POINT('',(-3.8766032895514,1.99999999999999,-1.87776876040305));
#7978=CARTESIAN_POINT('',(-3.8766032895514,1.99999999999999,-1.68590383331172));
#7979=CARTESIAN_POINT('',(-3.85534733240071,1.99999999999999,-1.58664571102981));
#7980=CARTESIAN_POINT('',(-3.77082959801583,1.99999999999999,-1.43110721013444));
#7981=CARTESIAN_POINT('',(-3.71035133897994,1.99999999999999,-1.3922225849106));
#7982=CARTESIAN_POINT('',(-3.58382778451155,1.99999999999999,-1.3922225849106));
#7983=CARTESIAN_POINT('',(-3.53929149333867,1.99999999999999,-1.40808341888348));
#7984=CARTESIAN_POINT('',(-3.49753872036411,1.99999999999999,-1.43980508682924));
#7985=CARTESIAN_POINT('',(-3.7025068786029,2.,-2.22312562916744));
#7986=CARTESIAN_POINT('',(-3.37784743783701,1.99999999999999,-2.34438426308916));
#7987=CARTESIAN_POINT('',(-3.42415505877244,1.99999999999999,-2.31163931553224));
#7988=CARTESIAN_POINT('',(-3.49652653192836,1.99999999999999,-2.28349912622551));
#7989=CARTESIAN_POINT('',(-3.64258349625915,1.99999999999999,-2.24839710843503));
#7990=CARTESIAN_POINT('',(-3.6784674032539,1.99999999999999,-2.23591662430686));
#7991=CARTESIAN_POINT('',(-3.7025068786029,1.99999999999999,-2.22312562916744));
#7992=CARTESIAN_POINT('',(-3.37784743783701,1.99999999999999,-2.34438426308916));
#7993=CARTESIAN_POINT('',(-3.7369212854183,1.99999999999999,-2.42778155139819));
#7994=CARTESIAN_POINT('',(-3.72376283575359,1.99999999999999,-2.53062115231914));
#7995=CARTESIAN_POINT('',(-3.70377211414758,1.99999999999999,-2.6022507250999));
#7996=CARTESIAN_POINT('',(-3.64911393861724,1.99999999999999,-2.68308981438105));
#7997=CARTESIAN_POINT('',(-3.60710811853373,1.99999999999999,-2.70304376679855));
#7998=CARTESIAN_POINT('',(-3.48868207155132,1.99999999999999,-2.70304376679855));
#7999=CARTESIAN_POINT('',(-3.44262749772482,1.99999999999999,-2.67541521729739));
#8000=CARTESIAN_POINT('',(-3.3885147059949,1.99999999999999,-2.57934660230324));
#8001=CARTESIAN_POINT('',(-3.3770882965102,1.99999999999999,-2.50862064067933));
#8002=CARTESIAN_POINT('',(-3.3770882965102,1.99999999999999,-2.39964136209146));
#8003=CARTESIAN_POINT('',(-3.37734134361913,1.99999999999999,-2.37815249025723));
#8004=CARTESIAN_POINT('',(-3.37784743783701,1.99999999999999,-2.34438426308916));
#8005=CARTESIAN_POINT('',(-3.7369212854183,1.99999999999999,-2.42778155139819));
#8006=CARTESIAN_POINT('',(-3.85560037950965,1.99999999999999,-2.46052649895511));
#8007=CARTESIAN_POINT('',(-3.8160406814792,1.99999999999999,-2.44961151643613));
#8008=CARTESIAN_POINT('',(-3.77648098344875,1.99999999999999,-2.43869653391716));
#8009=CARTESIAN_POINT('',(-3.7369212854183,1.99999999999999,-2.42778155139819));
#8010=CARTESIAN_POINT('',(-3.85560037950965,1.99999999999999,-2.46052649895511));
#8011=CARTESIAN_POINT('',(-3.21665642944428,1.99999999999999,-1.42496753246751));
#8012=CARTESIAN_POINT('',(-3.23183925598049,1.99999999999999,-1.48022463146982));
#8013=CARTESIAN_POINT('',(-3.24221418744689,1.99999999999999,-1.53855156930558));
#8014=CARTESIAN_POINT('',(-3.25233788137933,1.99999999999999,-1.65932015038421));
#8015=CARTESIAN_POINT('',(-3.25511959000267,1.99999999999999,-1.8035809885944));
#8016=CARTESIAN_POINT('',(-3.25511959000267,1.99999999999999,-2.141433806877));
#8017=CARTESIAN_POINT('',(-3.25511959000267,1.99999999999999,-2.25058363206673));
#8018=CARTESIAN_POINT('',(-3.25511959000267,1.99999999999999,-2.46871273584434));
#8019=CARTESIAN_POINT('',(-3.25714396687416,1.99999999999999,-2.54392378726414));
#8020=CARTESIAN_POINT('',(-3.26771569178523,1.99999999999999,-2.65347133719184));
#8021=CARTESIAN_POINT('',(-3.28093039511422,1.99999999999999,-2.70867180465989));
#8022=CARTESIAN_POINT('',(-3.31668564911214,1.99999999999999,-2.79725752414001));
#8023=CARTESIAN_POINT('',(-3.34495131367523,1.99999999999999,-2.83351191722065));
#8024=CARTESIAN_POINT('',(-3.42153163455325,1.99999999999999,-2.89196104510932));
#8025=CARTESIAN_POINT('',(-3.47122182103468,1.99999999999999,-2.90667640941814));
#8026=CARTESIAN_POINT('',(-3.59394966886902,1.99999999999999,-2.90667640941814));
#8027=CARTESIAN_POINT('',(-3.64835479729043,1.99999999999999,-2.88928065602853));
#8028=CARTESIAN_POINT('',(-3.74188561556538,1.99999999999999,-2.82144722383389));
#8029=CARTESIAN_POINT('',(-3.77766186995712,1.99999999999999,-2.772626780357));
#8030=CARTESIAN_POINT('',(-3.82661425036015,1.99999999999999,-2.64609876053905));
#8031=CARTESIAN_POINT('',(-3.84471935382537,1.99999999999999,-2.56336609987606));
#8032=CARTESIAN_POINT('',(-3.85560037950965,1.99999999999999,-2.46052649895511));
#8033=CARTESIAN_POINT('',(-3.21665642944428,1.99999999999999,-1.42496753246751));
#8034=CARTESIAN_POINT('',(-3.34343303102161,1.99999999999999,-1.42496753246751));
#8035=CARTESIAN_POINT('',(-3.30117416382916,1.99999999999999,-1.42496753246751));
#8036=CARTESIAN_POINT('',(-3.25891529663672,1.99999999999999,-1.42496753246751));
#8037=CARTESIAN_POINT('',(-3.21665642944428,1.99999999999999,-1.42496753246751));
#8038=CARTESIAN_POINT('',(-3.34343303102161,1.99999999999999,-1.42496753246751));
#8039=CARTESIAN_POINT('',(-3.36772555347954,1.99999999999999,-1.60352982461384));
#8040=CARTESIAN_POINT('',(-3.36418289395442,1.99999999999999,-1.53548173047212));
#8041=CARTESIAN_POINT('',(-3.35608538646845,1.99999999999999,-1.47561987321963));
#8042=CARTESIAN_POINT('',(-3.34343303102161,1.99999999999999,-1.42496753246751));
#8043=CARTESIAN_POINT('',(-4.29691453749539,1.99999999999999,-2.87393146186122));
#8044=CARTESIAN_POINT('',(-4.29691453749539,1.99999999999999,-2.39094348539665));
#8045=CARTESIAN_POINT('',(-4.29691453749539,1.99999999999999,-1.90795550893208));
#8046=CARTESIAN_POINT('',(-4.29691453749539,1.99999999999999,-1.42496753246751));
#8047=CARTESIAN_POINT('',(-4.29691453749539,1.99999999999999,-2.87393146186122));
#8048=CARTESIAN_POINT('',(-4.29691453749539,1.99999999999999,-1.42496753246751));
#8049=CARTESIAN_POINT('',(-4.18759818643471,1.99999999999999,-2.87393146186122));
#8050=CARTESIAN_POINT('',(-4.2240369701216,1.99999999999999,-2.87393146186122));
#8051=CARTESIAN_POINT('',(-4.2604757538085,1.99999999999999,-2.87393146186122));
#8052=CARTESIAN_POINT('',(-4.29691453749539,1.99999999999999,-2.87393146186122));
#8053=CARTESIAN_POINT('',(-4.18759818643471,2.,-2.87393146186122));
#8054=CARTESIAN_POINT('',(-4.18759818643471,1.99999999999999,-2.65392634546317));
#8055=CARTESIAN_POINT('',(-4.18759818643471,1.99999999999999,-2.72726138426252));
#8056=CARTESIAN_POINT('',(-4.18759818643471,1.99999999999999,-2.80059642306187));
#8057=CARTESIAN_POINT('',(-4.18759818643471,1.99999999999999,-2.87393146186122));
#8058=CARTESIAN_POINT('',(-4.18759818643471,1.99999999999999,-2.65392634546317));
#8059=CARTESIAN_POINT('',(-3.90772808395063,1.99999999999999,-2.82737223955373));
#8060=CARTESIAN_POINT('',(-3.94998695114307,1.99999999999999,-2.88007113952814));
#8061=CARTESIAN_POINT('',(-3.9914866770087,1.99999999999999,-2.90667640941814));
#8062=CARTESIAN_POINT('',(-4.06082158485738,1.99999999999999,-2.90667640941814));
#8063=CARTESIAN_POINT('',(-4.08688543707787,1.99999999999999,-2.89030393563968));
#8064=CARTESIAN_POINT('',(-4.13395219934011,1.99999999999999,-2.82481404052584));
#8065=CARTESIAN_POINT('',(-4.15976300445166,1.99999999999999,-2.75676594638412));
#8066=CARTESIAN_POINT('',(-4.18759818643471,1.99999999999999,-2.65392634546317));
#8067=CARTESIAN_POINT('',(-3.90772808395063,1.99999999999999,-2.82737223955373));
#8068=CARTESIAN_POINT('',(-3.9494808569252,1.99999999999999,-2.59969252607202));
#8069=CARTESIAN_POINT('',(-3.93556326593367,1.99999999999999,-2.67558576389925));
#8070=CARTESIAN_POINT('',(-3.92164567494215,1.99999999999999,-2.75147900172649));
#8071=CARTESIAN_POINT('',(-3.90772808395063,1.99999999999999,-2.82737223955373));
#8072=CARTESIAN_POINT('',(-3.9494808569252,1.99999999999999,-2.59969252607202));
#8073=CARTESIAN_POINT('',(-4.17545192520574,1.99999999999999,-1.42496753246751));
#8074=CARTESIAN_POINT('',(-4.17545192520574,1.99999999999999,-1.67788814302435));
#8075=CARTESIAN_POINT('',(-4.17545192520574,1.99999999999999,-1.93080875358118));
#8076=CARTESIAN_POINT('',(-4.17545192520574,1.99999999999999,-2.28708060486455));
#8077=CARTESIAN_POINT('',(-4.16887270037338,1.99999999999999,-2.38275724850742));
#8078=CARTESIAN_POINT('',(-4.14620911928085,1.99999999999999,-2.52701748543846));
#8079=CARTESIAN_POINT('',(-4.1311686811418,1.99999999999999,-2.57206397657087));
#8080=CARTESIAN_POINT('',(-4.08908712671039,1.99999999999999,-2.63664682208829));
#8081=CARTESIAN_POINT('',(-4.0651233857093,1.99999999999999,-2.65290306585201));
#8082=CARTESIAN_POINT('',(-4.00894692752534,1.99999999999999,-2.65290306585201));
#8083=CARTESIAN_POINT('',(-3.9790873686708,1.99999999999999,-2.63499567265682));
#8084=CARTESIAN_POINT('',(-3.9494808569252,1.99999999999999,-2.59969252607202));
#8085=CARTESIAN_POINT('',(-4.17545192520574,1.99999999999999,-1.42496753246751));
#8086=CARTESIAN_POINT('',(-4.29691453749539,1.99999999999999,-1.42496753246751));
#8087=CARTESIAN_POINT('',(-4.25642700006551,1.99999999999999,-1.42496753246751));
#8088=CARTESIAN_POINT('',(-4.21593946263563,1.99999999999999,-1.42496753246751));
#8089=CARTESIAN_POINT('',(-4.17545192520574,1.99999999999999,-1.42496753246751));
#8090=CARTESIAN_POINT('',(-4.5469145374954,2.,-4.58496753246751));
#8091=CARTESIAN_POINT('',(-4.5469145374954,2.,-4.58496753246751));
#8092=CARTESIAN_POINT('',(-4.54691453749539,2.,0.175032467532485));
#8093=CARTESIAN_POINT('',(-4.54691453749539,2.,0.175032467532485));
#8094=CARTESIAN_POINT('',(1.9530854625046,2.,0.175032467532485));
#8095=CARTESIAN_POINT('',(1.9530854625046,2.,-4.58496753246751));
#8096=CARTESIAN_POINT('',(1.9530854625046,2.,-4.58496753246751));
#8097=CARTESIAN_POINT('',(-4.5469145374954,2.,-4.58496753246751));
#8098=CARTESIAN_POINT('',(0.,2.,0.));
#8099=CARTESIAN_POINT('',(7.9678402641861,2.2,11.2551339557411));
#8100=CARTESIAN_POINT('',(7.9678402641861,2.2,11.2551339557411));
#8101=CARTESIAN_POINT('',(7.9678402641861,2.2,11.761952581673));
#8102=CARTESIAN_POINT('',(7.9678402641861,2.2,11.761952581673));
#8103=CARTESIAN_POINT('',(9.15041705802719,2.2,11.761952581673));
#8104=CARTESIAN_POINT('',(9.15041705802719,2.2,11.2551339557411));
#8105=CARTESIAN_POINT('',(9.15041705802719,2.2,11.2551339557411));
#8106=CARTESIAN_POINT('',(7.9678402641861,2.2,11.2551339557411));
#8107=CARTESIAN_POINT('',(0.,2.2,0.));
#8108=CARTESIAN_POINT('',(7.9678402641861,1.,11.2551339557411));
#8109=CARTESIAN_POINT('',(9.15041705802719,1.,11.2551339557411));
#8110=CARTESIAN_POINT('',(7.9678402641861,1.,11.2551339557411));
#8111=CARTESIAN_POINT('',(7.9678402641861,2.2,11.2551339557411));
#8112=CARTESIAN_POINT('',(9.15041705802719,2.2,11.2551339557411));
#8113=CARTESIAN_POINT('',(7.9678402641861,2.2,11.2551339557411));
#8114=CARTESIAN_POINT('',(9.15041705802719,1.,11.2551339557411));
#8115=CARTESIAN_POINT('',(9.15041705802719,1.,11.761952581673));
#8116=CARTESIAN_POINT('',(9.15041705802719,2.2,11.761952581673));
#8117=CARTESIAN_POINT('',(9.15041705802719,2.2,11.2551339557411));
#8118=CARTESIAN_POINT('',(7.9678402641861,1.,11.761952581673));
#8119=CARTESIAN_POINT('',(7.9678402641861,1.,11.761952581673));
#8120=CARTESIAN_POINT('',(7.9678402641861,2.2,11.761952581673));
#8121=CARTESIAN_POINT('',(7.9678402641861,2.2,11.761952581673));
#8122=CARTESIAN_POINT('',(7.9678402641861,1.,11.2551339557411));
#8123=CARTESIAN_POINT('',(7.9678402641861,2.2,11.2551339557411));
#8124=CARTESIAN_POINT('',(7.9678402641861,2.2,10.4526711313489));
#8125=CARTESIAN_POINT('',(7.9678402641861,2.2,10.4526711313489));
#8126=CARTESIAN_POINT('',(7.9678402641861,2.2,10.9594897572808));
#8127=CARTESIAN_POINT('',(7.9678402641861,2.2,10.9594897572808));
#8128=CARTESIAN_POINT('',(9.15041705802719,2.2,10.9594897572808));
#8129=CARTESIAN_POINT('',(9.15041705802719,2.2,10.4526711313489));
#8130=CARTESIAN_POINT('',(9.15041705802719,2.2,10.4526711313489));
#8131=CARTESIAN_POINT('',(7.9678402641861,2.2,10.4526711313489));
#8132=CARTESIAN_POINT('',(0.,2.2,0.));
#8133=CARTESIAN_POINT('',(7.9678402641861,1.,10.4526711313489));
#8134=CARTESIAN_POINT('',(9.15041705802719,1.,10.4526711313489));
#8135=CARTESIAN_POINT('',(7.9678402641861,1.,10.4526711313489));
#8136=CARTESIAN_POINT('',(7.9678402641861,2.2,10.4526711313489));
#8137=CARTESIAN_POINT('',(9.15041705802719,2.2,10.4526711313489));
#8138=CARTESIAN_POINT('',(7.9678402641861,2.2,10.4526711313489));
#8139=CARTESIAN_POINT('',(9.15041705802719,1.,10.4526711313489));
#8140=CARTESIAN_POINT('',(9.15041705802719,1.,10.9594897572808));
#8141=CARTESIAN_POINT('',(9.15041705802719,2.2,10.9594897572808));
#8142=CARTESIAN_POINT('',(9.15041705802719,2.2,10.4526711313489));
#8143=CARTESIAN_POINT('',(7.9678402641861,1.,10.9594897572808));
#8144=CARTESIAN_POINT('',(7.9678402641861,1.,10.9594897572808));
#8145=CARTESIAN_POINT('',(7.9678402641861,2.2,10.9594897572808));
#8146=CARTESIAN_POINT('',(7.9678402641861,2.2,10.9594897572808));
#8147=CARTESIAN_POINT('',(7.9678402641861,1.,10.4526711313489));
#8148=CARTESIAN_POINT('',(7.9678402641861,2.2,10.4526711313489));
#8149=CARTESIAN_POINT('',(7.9678402641861,2.2,9.56573853596809));
#8150=CARTESIAN_POINT('',(7.9678402641861,2.2,9.56573853596809));
#8151=CARTESIAN_POINT('',(7.9678402641861,2.2,10.0725571619));
#8152=CARTESIAN_POINT('',(7.9678402641861,2.2,10.0725571619));
#8153=CARTESIAN_POINT('',(9.15041705802719,2.2,10.0725571619));
#8154=CARTESIAN_POINT('',(9.15041705802719,2.2,9.56573853596809));
#8155=CARTESIAN_POINT('',(9.15041705802719,2.2,9.56573853596809));
#8156=CARTESIAN_POINT('',(7.9678402641861,2.2,9.56573853596809));
#8157=CARTESIAN_POINT('',(0.,2.2,0.));
#8158=CARTESIAN_POINT('',(7.9678402641861,1.,9.56573853596809));
#8159=CARTESIAN_POINT('',(9.15041705802719,1.,9.56573853596809));
#8160=CARTESIAN_POINT('',(7.9678402641861,1.,9.56573853596809));
#8161=CARTESIAN_POINT('',(7.9678402641861,2.2,9.56573853596809));
#8162=CARTESIAN_POINT('',(9.15041705802719,2.2,9.56573853596809));
#8163=CARTESIAN_POINT('',(7.9678402641861,2.2,9.56573853596809));
#8164=CARTESIAN_POINT('',(9.15041705802719,1.,9.56573853596809));
#8165=CARTESIAN_POINT('',(9.15041705802719,1.,10.0725571619));
#8166=CARTESIAN_POINT('',(9.15041705802719,2.2,10.0725571619));
#8167=CARTESIAN_POINT('',(9.15041705802719,2.2,9.56573853596809));
#8168=CARTESIAN_POINT('',(7.9678402641861,1.,10.0725571619));
#8169=CARTESIAN_POINT('',(7.9678402641861,1.,10.0725571619));
#8170=CARTESIAN_POINT('',(7.9678402641861,2.2,10.0725571619));
#8171=CARTESIAN_POINT('',(7.9678402641861,2.2,10.0725571619));
#8172=CARTESIAN_POINT('',(7.9678402641861,1.,9.56573853596809));
#8173=CARTESIAN_POINT('',(7.9678402641861,2.2,9.56573853596809));
#8174=CARTESIAN_POINT('',(6.10950530243581,2.2,11.0017246427751));
#8175=CARTESIAN_POINT('',(6.10950530243581,2.2,11.0017246427751));
#8176=CARTESIAN_POINT('',(6.10950530243581,2.2,11.508543268707));
#8177=CARTESIAN_POINT('',(6.10950530243581,2.2,11.508543268707));
#8178=CARTESIAN_POINT('',(7.2920820962769,2.2,11.508543268707));
#8179=CARTESIAN_POINT('',(7.2920820962769,2.2,11.0017246427751));
#8180=CARTESIAN_POINT('',(7.2920820962769,2.2,11.0017246427751));
#8181=CARTESIAN_POINT('',(6.10950530243581,2.2,11.0017246427751));
#8182=CARTESIAN_POINT('',(0.,2.2,0.));
#8183=CARTESIAN_POINT('',(6.10950530243581,1.,11.0017246427751));
#8184=CARTESIAN_POINT('',(7.2920820962769,1.,11.0017246427751));
#8185=CARTESIAN_POINT('',(6.10950530243581,1.,11.0017246427751));
#8186=CARTESIAN_POINT('',(6.10950530243581,2.2,11.0017246427751));
#8187=CARTESIAN_POINT('',(7.2920820962769,2.2,11.0017246427751));
#8188=CARTESIAN_POINT('',(6.10950530243581,2.2,11.0017246427751));
#8189=CARTESIAN_POINT('',(7.2920820962769,1.,11.0017246427751));
#8190=CARTESIAN_POINT('',(7.2920820962769,1.,11.508543268707));
#8191=CARTESIAN_POINT('',(7.2920820962769,2.2,11.508543268707));
#8192=CARTESIAN_POINT('',(7.2920820962769,2.2,11.0017246427751));
#8193=CARTESIAN_POINT('',(6.10950530243581,1.,11.508543268707));
#8194=CARTESIAN_POINT('',(6.10950530243581,1.,11.508543268707));
#8195=CARTESIAN_POINT('',(6.10950530243581,2.2,11.508543268707));
#8196=CARTESIAN_POINT('',(6.10950530243581,2.2,11.508543268707));
#8197=CARTESIAN_POINT('',(6.10950530243581,1.,11.0017246427751));
#8198=CARTESIAN_POINT('',(6.10950530243581,2.2,11.0017246427751));
#8199=CARTESIAN_POINT('',(6.10950530243581,2.2,10.2414967038773));
#8200=CARTESIAN_POINT('',(6.10950530243581,2.2,10.2414967038773));
#8201=CARTESIAN_POINT('',(6.10950530243581,2.2,10.7483153298092));
#8202=CARTESIAN_POINT('',(6.10950530243581,2.2,10.7483153298092));
#8203=CARTESIAN_POINT('',(7.2920820962769,2.2,10.7483153298092));
#8204=CARTESIAN_POINT('',(7.2920820962769,2.2,10.2414967038773));
#8205=CARTESIAN_POINT('',(7.2920820962769,2.2,10.2414967038773));
#8206=CARTESIAN_POINT('',(6.10950530243581,2.2,10.2414967038773));
#8207=CARTESIAN_POINT('',(0.,2.2,0.));
#8208=CARTESIAN_POINT('',(6.10950530243581,1.,10.2414967038773));
#8209=CARTESIAN_POINT('',(7.2920820962769,1.,10.2414967038773));
#8210=CARTESIAN_POINT('',(6.10950530243581,1.,10.2414967038773));
#8211=CARTESIAN_POINT('',(6.10950530243581,2.2,10.2414967038773));
#8212=CARTESIAN_POINT('',(7.2920820962769,2.2,10.2414967038773));
#8213=CARTESIAN_POINT('',(6.10950530243581,2.2,10.2414967038773));
#8214=CARTESIAN_POINT('',(7.2920820962769,1.,10.2414967038773));
#8215=CARTESIAN_POINT('',(7.2920820962769,1.,10.7483153298092));
#8216=CARTESIAN_POINT('',(7.2920820962769,2.2,10.7483153298092));
#8217=CARTESIAN_POINT('',(7.2920820962769,2.2,10.2414967038773));
#8218=CARTESIAN_POINT('',(6.10950530243581,1.,10.7483153298092));
#8219=CARTESIAN_POINT('',(6.10950530243581,1.,10.7483153298092));
#8220=CARTESIAN_POINT('',(6.10950530243581,2.2,10.7483153298092));
#8221=CARTESIAN_POINT('',(6.10950530243581,2.2,10.7483153298092));
#8222=CARTESIAN_POINT('',(6.10950530243581,1.,10.2414967038773));
#8223=CARTESIAN_POINT('',(6.10950530243581,2.2,10.2414967038773));
#8224=CARTESIAN_POINT('',(6.10950530243581,2.2,9.56573853596809));
#8225=CARTESIAN_POINT('',(6.10950530243581,2.2,9.56573853596809));
#8226=CARTESIAN_POINT('',(6.10950530243581,2.2,10.0725571619));
#8227=CARTESIAN_POINT('',(6.10950530243581,2.2,10.0725571619));
#8228=CARTESIAN_POINT('',(7.2920820962769,2.2,10.0725571619));
#8229=CARTESIAN_POINT('',(7.2920820962769,2.2,9.56573853596809));
#8230=CARTESIAN_POINT('',(7.2920820962769,2.2,9.56573853596809));
#8231=CARTESIAN_POINT('',(6.10950530243581,2.2,9.56573853596809));
#8232=CARTESIAN_POINT('',(0.,2.2,0.));
#8233=CARTESIAN_POINT('',(6.10950530243581,1.,9.56573853596809));
#8234=CARTESIAN_POINT('',(7.2920820962769,1.,9.56573853596809));
#8235=CARTESIAN_POINT('',(6.10950530243581,1.,9.56573853596809));
#8236=CARTESIAN_POINT('',(6.10950530243581,2.2,9.56573853596809));
#8237=CARTESIAN_POINT('',(7.2920820962769,2.2,9.56573853596809));
#8238=CARTESIAN_POINT('',(6.10950530243581,2.2,9.56573853596809));
#8239=CARTESIAN_POINT('',(7.2920820962769,1.,9.56573853596809));
#8240=CARTESIAN_POINT('',(7.2920820962769,1.,10.0725571619));
#8241=CARTESIAN_POINT('',(7.2920820962769,2.2,10.0725571619));
#8242=CARTESIAN_POINT('',(7.2920820962769,2.2,9.56573853596809));
#8243=CARTESIAN_POINT('',(6.10950530243581,1.,10.0725571619));
#8244=CARTESIAN_POINT('',(6.10950530243581,1.,10.0725571619));
#8245=CARTESIAN_POINT('',(6.10950530243581,2.2,10.0725571619));
#8246=CARTESIAN_POINT('',(6.10950530243581,2.2,10.0725571619));
#8247=CARTESIAN_POINT('',(6.10950530243581,1.,9.56573853596809));
#8248=CARTESIAN_POINT('',(6.10950530243581,2.2,9.56573853596809));
#8249=CARTESIAN_POINT('',(7.50325652374853,2.2,4.15967319269451));
#8250=CARTESIAN_POINT('',(7.50325652374853,2.2,4.15967319269451));
#8251=CARTESIAN_POINT('',(7.50325652374853,2.2,4.66649181862641));
#8252=CARTESIAN_POINT('',(7.50325652374853,2.2,4.66649181862641));
#8253=CARTESIAN_POINT('',(8.68583331758962,2.2,4.66649181862641));
#8254=CARTESIAN_POINT('',(8.68583331758962,2.2,4.15967319269451));
#8255=CARTESIAN_POINT('',(8.68583331758962,2.2,4.15967319269451));
#8256=CARTESIAN_POINT('',(7.50325652374853,2.2,4.15967319269451));
#8257=CARTESIAN_POINT('',(0.,2.2,0.));
#8258=CARTESIAN_POINT('',(7.50325652374853,1.,4.15967319269451));
#8259=CARTESIAN_POINT('',(8.68583331758962,1.,4.15967319269451));
#8260=CARTESIAN_POINT('',(7.50325652374853,1.,4.15967319269451));
#8261=CARTESIAN_POINT('',(7.50325652374853,2.2,4.15967319269451));
#8262=CARTESIAN_POINT('',(8.68583331758962,2.2,4.15967319269451));
#8263=CARTESIAN_POINT('',(7.50325652374853,2.2,4.15967319269451));
#8264=CARTESIAN_POINT('',(8.68583331758962,1.,4.15967319269451));
#8265=CARTESIAN_POINT('',(8.68583331758962,1.,4.66649181862641));
#8266=CARTESIAN_POINT('',(8.68583331758962,2.2,4.66649181862641));
#8267=CARTESIAN_POINT('',(8.68583331758962,2.2,4.15967319269451));
#8268=CARTESIAN_POINT('',(7.50325652374853,1.,4.66649181862641));
#8269=CARTESIAN_POINT('',(7.50325652374853,1.,4.66649181862641));
#8270=CARTESIAN_POINT('',(7.50325652374853,2.2,4.66649181862641));
#8271=CARTESIAN_POINT('',(7.50325652374853,2.2,4.66649181862641));
#8272=CARTESIAN_POINT('',(7.50325652374853,1.,4.15967319269451));
#8273=CARTESIAN_POINT('',(7.50325652374853,2.2,4.15967319269451));
#8274=CARTESIAN_POINT('',(7.50325652374853,2.2,2.85039174237044));
#8275=CARTESIAN_POINT('',(7.50325652374853,2.2,2.85039174237044));
#8276=CARTESIAN_POINT('',(7.50325652374853,2.2,3.35721036830233));
#8277=CARTESIAN_POINT('',(7.50325652374853,2.2,3.35721036830233));
#8278=CARTESIAN_POINT('',(8.68583331758962,2.2,3.35721036830233));
#8279=CARTESIAN_POINT('',(8.68583331758962,2.2,2.85039174237043));
#8280=CARTESIAN_POINT('',(8.68583331758962,2.2,2.85039174237043));
#8281=CARTESIAN_POINT('',(7.50325652374853,2.2,2.85039174237044));
#8282=CARTESIAN_POINT('',(0.,2.2,0.));
#8283=CARTESIAN_POINT('',(7.50325652374853,1.,2.85039174237044));
#8284=CARTESIAN_POINT('',(8.68583331758962,1.,2.85039174237044));
#8285=CARTESIAN_POINT('',(7.50325652374853,1.,2.85039174237044));
#8286=CARTESIAN_POINT('',(7.50325652374853,2.2,2.85039174237044));
#8287=CARTESIAN_POINT('',(8.68583331758962,2.2,2.85039174237043));
#8288=CARTESIAN_POINT('',(7.50325652374853,2.2,2.85039174237044));
#8289=CARTESIAN_POINT('',(8.68583331758962,1.,2.85039174237043));
#8290=CARTESIAN_POINT('',(8.68583331758962,1.,3.35721036830233));
#8291=CARTESIAN_POINT('',(8.68583331758962,2.2,3.35721036830233));
#8292=CARTESIAN_POINT('',(8.68583331758962,2.2,2.85039174237043));
#8293=CARTESIAN_POINT('',(7.50325652374853,1.,3.35721036830233));
#8294=CARTESIAN_POINT('',(7.50325652374853,1.,3.35721036830233));
#8295=CARTESIAN_POINT('',(7.50325652374853,2.2,3.35721036830233));
#8296=CARTESIAN_POINT('',(7.50325652374853,2.2,3.35721036830233));
#8297=CARTESIAN_POINT('',(7.50325652374853,1.,2.85039174237044));
#8298=CARTESIAN_POINT('',(7.50325652374853,2.2,2.85039174237044));
#8299=CARTESIAN_POINT('',(7.50325652374853,2.2,1.83675449050664));
#8300=CARTESIAN_POINT('',(7.50325652374853,2.2,1.83675449050664));
#8301=CARTESIAN_POINT('',(7.50325652374853,2.2,2.34357311643854));
#8302=CARTESIAN_POINT('',(7.50325652374853,2.2,2.34357311643854));
#8303=CARTESIAN_POINT('',(8.68583331758962,2.2,2.34357311643854));
#8304=CARTESIAN_POINT('',(8.68583331758962,2.2,1.83675449050664));
#8305=CARTESIAN_POINT('',(8.68583331758962,2.2,1.83675449050664));
#8306=CARTESIAN_POINT('',(7.50325652374853,2.2,1.83675449050664));
#8307=CARTESIAN_POINT('',(0.,2.2,0.));
#8308=CARTESIAN_POINT('',(7.50325652374853,1.,1.83675449050664));
#8309=CARTESIAN_POINT('',(8.68583331758962,1.,1.83675449050664));
#8310=CARTESIAN_POINT('',(7.50325652374853,1.,1.83675449050664));
#8311=CARTESIAN_POINT('',(7.50325652374853,2.2,1.83675449050664));
#8312=CARTESIAN_POINT('',(8.68583331758962,2.2,1.83675449050664));
#8313=CARTESIAN_POINT('',(7.50325652374853,2.2,1.83675449050664));
#8314=CARTESIAN_POINT('',(8.68583331758962,1.,1.83675449050664));
#8315=CARTESIAN_POINT('',(8.68583331758962,1.,2.34357311643854));
#8316=CARTESIAN_POINT('',(8.68583331758962,2.2,2.34357311643854));
#8317=CARTESIAN_POINT('',(8.68583331758962,2.2,1.83675449050664));
#8318=CARTESIAN_POINT('',(7.50325652374853,1.,2.34357311643854));
#8319=CARTESIAN_POINT('',(7.50325652374853,1.,2.34357311643854));
#8320=CARTESIAN_POINT('',(7.50325652374853,2.2,2.34357311643854));
#8321=CARTESIAN_POINT('',(7.50325652374853,2.2,2.34357311643854));
#8322=CARTESIAN_POINT('',(7.50325652374853,1.,1.83675449050664));
#8323=CARTESIAN_POINT('',(7.50325652374853,2.2,1.83675449050664));
#8324=CARTESIAN_POINT('',(7.50325652374853,2.2,0.949821895125815));
#8325=CARTESIAN_POINT('',(7.50325652374853,2.2,0.949821895125815));
#8326=CARTESIAN_POINT('',(7.50325652374853,2.2,1.45664052105771));
#8327=CARTESIAN_POINT('',(7.50325652374853,2.2,1.45664052105771));
#8328=CARTESIAN_POINT('',(8.68583331758962,2.2,1.45664052105771));
#8329=CARTESIAN_POINT('',(8.68583331758962,2.2,0.949821895125815));
#8330=CARTESIAN_POINT('',(8.68583331758962,2.2,0.949821895125815));
#8331=CARTESIAN_POINT('',(7.50325652374853,2.2,0.949821895125815));
#8332=CARTESIAN_POINT('',(0.,2.2,0.));
#8333=CARTESIAN_POINT('',(7.50325652374853,1.,0.949821895125815));
#8334=CARTESIAN_POINT('',(8.68583331758962,1.,0.949821895125815));
#8335=CARTESIAN_POINT('',(7.50325652374853,1.,0.949821895125815));
#8336=CARTESIAN_POINT('',(7.50325652374853,2.2,0.949821895125815));
#8337=CARTESIAN_POINT('',(8.68583331758962,2.2,0.949821895125815));
#8338=CARTESIAN_POINT('',(7.50325652374853,2.2,0.949821895125815));
#8339=CARTESIAN_POINT('',(8.68583331758962,1.,0.949821895125815));
#8340=CARTESIAN_POINT('',(8.68583331758962,1.,1.45664052105771));
#8341=CARTESIAN_POINT('',(8.68583331758962,2.2,1.45664052105771));
#8342=CARTESIAN_POINT('',(8.68583331758962,2.2,0.949821895125815));
#8343=CARTESIAN_POINT('',(7.50325652374853,1.,1.45664052105771));
#8344=CARTESIAN_POINT('',(7.50325652374853,1.,1.45664052105771));
#8345=CARTESIAN_POINT('',(7.50325652374853,2.2,1.45664052105771));
#8346=CARTESIAN_POINT('',(7.50325652374853,2.2,1.45664052105771));
#8347=CARTESIAN_POINT('',(7.50325652374853,1.,0.949821895125815));
#8348=CARTESIAN_POINT('',(7.50325652374853,2.2,0.949821895125815));
#8349=CARTESIAN_POINT('',(8.68583331758962,2.2,-0.317224669703932));
#8350=CARTESIAN_POINT('',(8.68583331758962,2.2,0.189593956227967));
#8351=CARTESIAN_POINT('',(8.68583331758962,2.2,-0.317224669703932));
#8352=CARTESIAN_POINT('',(8.68583331758962,2.2,-0.317224669703932));
#8353=CARTESIAN_POINT('',(7.41928623594655,2.2,-0.317224669703932));
#8354=CARTESIAN_POINT('',(7.41928623594655,2.2,-0.317224669703932));
#8355=CARTESIAN_POINT('',(7.41928623594656,2.2,0.189593956227967));
#8356=CARTESIAN_POINT('',(8.68583331758962,2.2,0.189593956227967));
#8357=CARTESIAN_POINT('',(0.,2.2,0.));
#8358=CARTESIAN_POINT('',(8.68583331758962,1.,0.189593956227967));
#8359=CARTESIAN_POINT('',(7.41928623594656,1.,0.189593956227967));
#8360=CARTESIAN_POINT('',(8.68583331758962,1.,0.189593956227967));
#8361=CARTESIAN_POINT('',(8.68583331758962,2.2,0.189593956227967));
#8362=CARTESIAN_POINT('',(7.41928623594656,2.2,0.189593956227967));
#8363=CARTESIAN_POINT('',(8.68583331758962,2.2,0.189593956227967));
#8364=CARTESIAN_POINT('',(7.41928623594655,1.,-0.317224669703932));
#8365=CARTESIAN_POINT('',(7.41928623594655,1.,-0.317224669703932));
#8366=CARTESIAN_POINT('',(7.41928623594655,2.2,-0.317224669703932));
#8367=CARTESIAN_POINT('',(7.41928623594655,2.2,-0.317224669703932));
#8368=CARTESIAN_POINT('',(8.68583331758962,1.,-0.317224669703932));
#8369=CARTESIAN_POINT('',(8.68583331758962,1.,-0.317224669703932));
#8370=CARTESIAN_POINT('',(8.68583331758962,2.2,-0.317224669703932));
#8371=CARTESIAN_POINT('',(8.68583331758962,2.2,-0.317224669703932));
#8372=CARTESIAN_POINT('',(8.68583331758962,1.,-0.317224669703932));
#8373=CARTESIAN_POINT('',(8.68583331758962,2.2,-0.317224669703932));
#8374=CARTESIAN_POINT('',(8.68583331758962,2.2,-1.24639215057908));
#8375=CARTESIAN_POINT('',(8.68583331758962,2.2,-0.73957352464718));
#8376=CARTESIAN_POINT('',(8.68583331758962,2.2,-1.24639215057908));
#8377=CARTESIAN_POINT('',(8.68583331758962,2.2,-1.24639215057908));
#8378=CARTESIAN_POINT('',(7.41928623594655,2.2,-1.24639215057908));
#8379=CARTESIAN_POINT('',(7.41928623594655,2.2,-1.24639215057908));
#8380=CARTESIAN_POINT('',(7.41928623594655,2.2,-0.73957352464718));
#8381=CARTESIAN_POINT('',(8.68583331758962,2.2,-0.73957352464718));
#8382=CARTESIAN_POINT('',(0.,2.2,0.));
#8383=CARTESIAN_POINT('',(8.68583331758962,1.,-0.73957352464718));
#8384=CARTESIAN_POINT('',(7.41928623594655,1.,-0.739573524647181));
#8385=CARTESIAN_POINT('',(8.68583331758962,1.,-0.73957352464718));
#8386=CARTESIAN_POINT('',(8.68583331758962,2.2,-0.73957352464718));
#8387=CARTESIAN_POINT('',(7.41928623594655,2.2,-0.73957352464718));
#8388=CARTESIAN_POINT('',(8.68583331758962,2.2,-0.73957352464718));
#8389=CARTESIAN_POINT('',(7.41928623594655,1.,-1.24639215057908));
#8390=CARTESIAN_POINT('',(7.41928623594655,1.,-1.24639215057908));
#8391=CARTESIAN_POINT('',(7.41928623594655,2.2,-1.24639215057908));
#8392=CARTESIAN_POINT('',(7.41928623594655,2.2,-1.24639215057908));
#8393=CARTESIAN_POINT('',(8.68583331758962,1.,-1.24639215057908));
#8394=CARTESIAN_POINT('',(8.68583331758962,1.,-1.24639215057908));
#8395=CARTESIAN_POINT('',(8.68583331758962,2.2,-1.24639215057908));
#8396=CARTESIAN_POINT('',(8.68583331758962,2.2,-1.24639215057908));
#8397=CARTESIAN_POINT('',(8.68583331758962,1.,-1.24639215057908));
#8398=CARTESIAN_POINT('',(8.68583331758962,2.2,-1.24639215057908));
#8399=CARTESIAN_POINT('',(5.22257270705499,2.2,1.62558006303501));
#8400=CARTESIAN_POINT('',(5.22257270705499,2.2,1.62558006303501));
#8401=CARTESIAN_POINT('',(5.22257270705499,2.2,2.13239868896691));
#8402=CARTESIAN_POINT('',(5.22257270705499,2.2,2.13239868896691));
#8403=CARTESIAN_POINT('',(6.40514950089608,2.2,2.13239868896691));
#8404=CARTESIAN_POINT('',(6.40514950089608,2.2,1.62558006303501));
#8405=CARTESIAN_POINT('',(6.40514950089608,2.2,1.62558006303501));
#8406=CARTESIAN_POINT('',(5.22257270705499,2.2,1.62558006303501));
#8407=CARTESIAN_POINT('',(0.,2.2,0.));
#8408=CARTESIAN_POINT('',(5.22257270705499,1.,1.62558006303501));
#8409=CARTESIAN_POINT('',(6.40514950089608,1.,1.62558006303501));
#8410=CARTESIAN_POINT('',(5.22257270705499,1.,1.62558006303501));
#8411=CARTESIAN_POINT('',(5.22257270705499,2.2,1.62558006303501));
#8412=CARTESIAN_POINT('',(6.40514950089608,2.2,1.62558006303501));
#8413=CARTESIAN_POINT('',(5.22257270705499,2.2,1.62558006303501));
#8414=CARTESIAN_POINT('',(6.40514950089608,1.,1.62558006303501));
#8415=CARTESIAN_POINT('',(6.40514950089608,1.,2.13239868896691));
#8416=CARTESIAN_POINT('',(6.40514950089608,2.2,2.13239868896691));
#8417=CARTESIAN_POINT('',(6.40514950089608,2.2,1.62558006303501));
#8418=CARTESIAN_POINT('',(5.22257270705499,1.,2.13239868896691));
#8419=CARTESIAN_POINT('',(5.22257270705499,1.,2.13239868896691));
#8420=CARTESIAN_POINT('',(5.22257270705499,2.2,2.13239868896691));
#8421=CARTESIAN_POINT('',(5.22257270705499,2.2,2.13239868896691));
#8422=CARTESIAN_POINT('',(5.22257270705499,1.,1.62558006303501));
#8423=CARTESIAN_POINT('',(5.22257270705499,2.2,1.62558006303501));
#8424=CARTESIAN_POINT('',(5.22257270705499,2.2,0.73864746765419));
#8425=CARTESIAN_POINT('',(5.22257270705499,2.2,0.73864746765419));
#8426=CARTESIAN_POINT('',(5.22257270705499,2.2,1.24546609358609));
#8427=CARTESIAN_POINT('',(5.22257270705499,2.2,1.24546609358609));
#8428=CARTESIAN_POINT('',(6.40514950089608,2.2,1.24546609358609));
#8429=CARTESIAN_POINT('',(6.40514950089608,2.2,0.73864746765419));
#8430=CARTESIAN_POINT('',(6.40514950089608,2.2,0.73864746765419));
#8431=CARTESIAN_POINT('',(5.22257270705499,2.2,0.73864746765419));
#8432=CARTESIAN_POINT('',(0.,2.2,0.));
#8433=CARTESIAN_POINT('',(5.22257270705499,1.,0.73864746765419));
#8434=CARTESIAN_POINT('',(6.40514950089608,1.,0.73864746765419));
#8435=CARTESIAN_POINT('',(5.22257270705499,1.,0.73864746765419));
#8436=CARTESIAN_POINT('',(5.22257270705499,2.2,0.73864746765419));
#8437=CARTESIAN_POINT('',(6.40514950089608,2.2,0.73864746765419));
#8438=CARTESIAN_POINT('',(5.22257270705499,2.2,0.73864746765419));
#8439=CARTESIAN_POINT('',(6.40514950089608,1.,0.73864746765419));
#8440=CARTESIAN_POINT('',(6.40514950089608,1.,1.24546609358609));
#8441=CARTESIAN_POINT('',(6.40514950089608,2.2,1.24546609358609));
#8442=CARTESIAN_POINT('',(6.40514950089608,2.2,0.73864746765419));
#8443=CARTESIAN_POINT('',(5.22257270705499,1.,1.24546609358609));
#8444=CARTESIAN_POINT('',(5.22257270705499,1.,1.24546609358609));
#8445=CARTESIAN_POINT('',(5.22257270705499,2.2,1.24546609358609));
#8446=CARTESIAN_POINT('',(5.22257270705499,2.2,1.24546609358609));
#8447=CARTESIAN_POINT('',(5.22257270705499,1.,0.73864746765419));
#8448=CARTESIAN_POINT('',(5.22257270705499,2.2,0.73864746765419));
#8449=CARTESIAN_POINT('',(5.22257270705499,2.2,-0.99298283761313));
#8450=CARTESIAN_POINT('',(5.22257270705499,2.2,-0.99298283761313));
#8451=CARTESIAN_POINT('',(5.22257270705499,2.2,-0.486164211681231));
#8452=CARTESIAN_POINT('',(5.22257270705499,2.2,-0.486164211681231));
#8453=CARTESIAN_POINT('',(6.40514950089608,2.2,-0.486164211681231));
#8454=CARTESIAN_POINT('',(6.40514950089608,2.2,-0.99298283761313));
#8455=CARTESIAN_POINT('',(6.40514950089608,2.2,-0.99298283761313));
#8456=CARTESIAN_POINT('',(5.22257270705499,2.2,-0.99298283761313));
#8457=CARTESIAN_POINT('',(0.,2.2,0.));
#8458=CARTESIAN_POINT('',(5.22257270705499,1.,-0.99298283761313));
#8459=CARTESIAN_POINT('',(6.40514950089608,1.,-0.99298283761313));
#8460=CARTESIAN_POINT('',(5.22257270705499,1.,-0.99298283761313));
#8461=CARTESIAN_POINT('',(5.22257270705499,2.2,-0.99298283761313));
#8462=CARTESIAN_POINT('',(6.40514950089608,2.2,-0.99298283761313));
#8463=CARTESIAN_POINT('',(5.22257270705499,2.2,-0.99298283761313));
#8464=CARTESIAN_POINT('',(6.40514950089608,1.,-0.99298283761313));
#8465=CARTESIAN_POINT('',(6.40514950089608,1.,-0.486164211681231));
#8466=CARTESIAN_POINT('',(6.40514950089608,2.2,-0.486164211681231));
#8467=CARTESIAN_POINT('',(6.40514950089608,2.2,-0.99298283761313));
#8468=CARTESIAN_POINT('',(5.22257270705499,1.,-0.486164211681231));
#8469=CARTESIAN_POINT('',(5.22257270705499,1.,-0.486164211681231));
#8470=CARTESIAN_POINT('',(5.22257270705499,2.2,-0.486164211681231));
#8471=CARTESIAN_POINT('',(5.22257270705499,2.2,-0.486164211681231));
#8472=CARTESIAN_POINT('',(5.22257270705499,1.,-0.99298283761313));
#8473=CARTESIAN_POINT('',(5.22257270705499,2.2,-0.99298283761313));
#8474=CARTESIAN_POINT('',(5.22257270705499,2.2,-1.79544566200533));
#8475=CARTESIAN_POINT('',(5.22257270705499,2.2,-1.79544566200533));
#8476=CARTESIAN_POINT('',(5.22257270705499,2.2,-1.28862703607343));
#8477=CARTESIAN_POINT('',(5.22257270705499,2.2,-1.28862703607343));
#8478=CARTESIAN_POINT('',(6.40514950089608,2.2,-1.28862703607343));
#8479=CARTESIAN_POINT('',(6.40514950089608,2.2,-1.79544566200533));
#8480=CARTESIAN_POINT('',(6.40514950089608,2.2,-1.79544566200533));
#8481=CARTESIAN_POINT('',(5.22257270705499,2.2,-1.79544566200533));
#8482=CARTESIAN_POINT('',(0.,2.2,0.));
#8483=CARTESIAN_POINT('',(5.22257270705499,1.,-1.79544566200533));
#8484=CARTESIAN_POINT('',(6.40514950089608,1.,-1.79544566200533));
#8485=CARTESIAN_POINT('',(5.22257270705499,1.,-1.79544566200533));
#8486=CARTESIAN_POINT('',(5.22257270705499,2.2,-1.79544566200533));
#8487=CARTESIAN_POINT('',(6.40514950089608,2.2,-1.79544566200533));
#8488=CARTESIAN_POINT('',(5.22257270705499,2.2,-1.79544566200533));
#8489=CARTESIAN_POINT('',(6.40514950089608,1.,-1.79544566200533));
#8490=CARTESIAN_POINT('',(6.40514950089608,1.,-1.28862703607343));
#8491=CARTESIAN_POINT('',(6.40514950089608,2.2,-1.28862703607343));
#8492=CARTESIAN_POINT('',(6.40514950089608,2.2,-1.79544566200533));
#8493=CARTESIAN_POINT('',(5.22257270705499,1.,-1.28862703607343));
#8494=CARTESIAN_POINT('',(5.22257270705499,1.,-1.28862703607343));
#8495=CARTESIAN_POINT('',(5.22257270705499,2.2,-1.28862703607343));
#8496=CARTESIAN_POINT('',(5.22257270705499,2.2,-1.28862703607343));
#8497=CARTESIAN_POINT('',(5.22257270705499,1.,-1.79544566200533));
#8498=CARTESIAN_POINT('',(5.22257270705499,2.2,-1.79544566200533));
#8499=CARTESIAN_POINT('',(5.22257270705499,2.2,-3.23143176881235));
#8500=CARTESIAN_POINT('',(5.22257270705499,2.2,-3.23143176881235));
#8501=CARTESIAN_POINT('',(5.22257270705499,2.2,-2.72461314288045));
#8502=CARTESIAN_POINT('',(5.22257270705499,2.2,-2.72461314288045));
#8503=CARTESIAN_POINT('',(6.40514950089608,2.2,-2.72461314288045));
#8504=CARTESIAN_POINT('',(6.40514950089608,2.2,-3.23143176881235));
#8505=CARTESIAN_POINT('',(6.40514950089608,2.2,-3.23143176881235));
#8506=CARTESIAN_POINT('',(5.22257270705499,2.2,-3.23143176881235));
#8507=CARTESIAN_POINT('',(0.,2.2,0.));
#8508=CARTESIAN_POINT('',(5.22257270705499,1.,-3.23143176881235));
#8509=CARTESIAN_POINT('',(6.40514950089608,1.,-3.23143176881235));
#8510=CARTESIAN_POINT('',(5.22257270705499,1.,-3.23143176881235));
#8511=CARTESIAN_POINT('',(5.22257270705499,2.2,-3.23143176881235));
#8512=CARTESIAN_POINT('',(6.40514950089608,2.2,-3.23143176881235));
#8513=CARTESIAN_POINT('',(5.22257270705499,2.2,-3.23143176881235));
#8514=CARTESIAN_POINT('',(6.40514950089608,1.,-3.23143176881235));
#8515=CARTESIAN_POINT('',(6.40514950089608,1.,-2.72461314288045));
#8516=CARTESIAN_POINT('',(6.40514950089608,2.2,-2.72461314288045));
#8517=CARTESIAN_POINT('',(6.40514950089608,2.2,-3.23143176881235));
#8518=CARTESIAN_POINT('',(5.22257270705499,1.,-2.72461314288045));
#8519=CARTESIAN_POINT('',(5.22257270705499,1.,-2.72461314288045));
#8520=CARTESIAN_POINT('',(5.22257270705499,2.2,-2.72461314288045));
#8521=CARTESIAN_POINT('',(5.22257270705499,2.2,-2.72461314288045));
#8522=CARTESIAN_POINT('',(5.22257270705499,1.,-3.23143176881235));
#8523=CARTESIAN_POINT('',(5.22257270705499,2.2,-3.23143176881235));
#8524=CARTESIAN_POINT('',(5.22257270705499,2.2,-3.94942482221587));
#8525=CARTESIAN_POINT('',(5.22257270705499,2.2,-3.94942482221587));
#8526=CARTESIAN_POINT('',(5.22257270705499,2.2,-3.44260619628397));
#8527=CARTESIAN_POINT('',(5.22257270705499,2.2,-3.44260619628397));
#8528=CARTESIAN_POINT('',(6.40514950089608,2.2,-3.44260619628397));
#8529=CARTESIAN_POINT('',(6.40514950089608,2.2,-3.94942482221587));
#8530=CARTESIAN_POINT('',(6.40514950089608,2.2,-3.94942482221587));
#8531=CARTESIAN_POINT('',(5.22257270705499,2.2,-3.94942482221587));
#8532=CARTESIAN_POINT('',(0.,2.2,0.));
#8533=CARTESIAN_POINT('',(5.22257270705499,1.,-3.94942482221587));
#8534=CARTESIAN_POINT('',(6.40514950089608,1.,-3.94942482221587));
#8535=CARTESIAN_POINT('',(5.22257270705499,1.,-3.94942482221587));
#8536=CARTESIAN_POINT('',(5.22257270705499,2.2,-3.94942482221587));
#8537=CARTESIAN_POINT('',(6.40514950089608,2.2,-3.94942482221587));
#8538=CARTESIAN_POINT('',(5.22257270705499,2.2,-3.94942482221587));
#8539=CARTESIAN_POINT('',(6.40514950089608,1.,-3.94942482221587));
#8540=CARTESIAN_POINT('',(6.40514950089608,1.,-3.44260619628397));
#8541=CARTESIAN_POINT('',(6.40514950089608,2.2,-3.44260619628397));
#8542=CARTESIAN_POINT('',(6.40514950089608,2.2,-3.94942482221587));
#8543=CARTESIAN_POINT('',(5.22257270705499,1.,-3.44260619628397));
#8544=CARTESIAN_POINT('',(5.22257270705499,1.,-3.44260619628397));
#8545=CARTESIAN_POINT('',(5.22257270705499,2.2,-3.44260619628397));
#8546=CARTESIAN_POINT('',(5.22257270705499,2.2,-3.44260619628397));
#8547=CARTESIAN_POINT('',(5.22257270705499,1.,-3.94942482221587));
#8548=CARTESIAN_POINT('',(5.22257270705499,2.2,-3.94942482221587));
#8549=CARTESIAN_POINT('',(5.22257270705499,2.2,5.55342441400723));
#8550=CARTESIAN_POINT('',(5.22257270705499,2.2,5.55342441400723));
#8551=CARTESIAN_POINT('',(5.22257270705499,2.2,6.06024303993913));
#8552=CARTESIAN_POINT('',(5.22257270705499,2.2,6.06024303993913));
#8553=CARTESIAN_POINT('',(6.40514950089608,2.2,6.06024303993913));
#8554=CARTESIAN_POINT('',(6.40514950089608,2.2,5.55342441400723));
#8555=CARTESIAN_POINT('',(6.40514950089608,2.2,5.55342441400723));
#8556=CARTESIAN_POINT('',(5.22257270705499,2.2,5.55342441400723));
#8557=CARTESIAN_POINT('',(0.,2.2,0.));
#8558=CARTESIAN_POINT('',(5.22257270705499,1.,5.55342441400723));
#8559=CARTESIAN_POINT('',(6.40514950089608,1.,5.55342441400723));
#8560=CARTESIAN_POINT('',(5.22257270705499,1.,5.55342441400723));
#8561=CARTESIAN_POINT('',(5.22257270705499,2.2,5.55342441400723));
#8562=CARTESIAN_POINT('',(6.40514950089608,2.2,5.55342441400723));
#8563=CARTESIAN_POINT('',(5.22257270705499,2.2,5.55342441400723));
#8564=CARTESIAN_POINT('',(6.40514950089608,1.,5.55342441400723));
#8565=CARTESIAN_POINT('',(6.40514950089608,1.,6.06024303993913));
#8566=CARTESIAN_POINT('',(6.40514950089608,2.2,6.06024303993913));
#8567=CARTESIAN_POINT('',(6.40514950089608,2.2,5.55342441400723));
#8568=CARTESIAN_POINT('',(5.22257270705499,1.,6.06024303993913));
#8569=CARTESIAN_POINT('',(5.22257270705499,1.,6.06024303993913));
#8570=CARTESIAN_POINT('',(5.22257270705499,2.2,6.06024303993913));
#8571=CARTESIAN_POINT('',(5.22257270705499,2.2,6.06024303993913));
#8572=CARTESIAN_POINT('',(5.22257270705499,1.,5.55342441400723));
#8573=CARTESIAN_POINT('',(5.22257270705499,2.2,5.55342441400723));
#8574=CARTESIAN_POINT('',(5.22257270705499,2.2,2.80815685687611));
#8575=CARTESIAN_POINT('',(5.22257270705499,2.2,2.80815685687611));
#8576=CARTESIAN_POINT('',(5.22257270705499,2.2,3.31497548280801));
#8577=CARTESIAN_POINT('',(5.22257270705499,2.2,3.31497548280801));
#8578=CARTESIAN_POINT('',(6.40514950089608,2.2,3.31497548280801));
#8579=CARTESIAN_POINT('',(6.40514950089608,2.2,2.80815685687611));
#8580=CARTESIAN_POINT('',(6.40514950089608,2.2,2.80815685687611));
#8581=CARTESIAN_POINT('',(5.22257270705499,2.2,2.80815685687611));
#8582=CARTESIAN_POINT('',(0.,2.2,0.));
#8583=CARTESIAN_POINT('',(5.22257270705499,1.,2.80815685687611));
#8584=CARTESIAN_POINT('',(6.40514950089608,1.,2.80815685687611));
#8585=CARTESIAN_POINT('',(5.22257270705499,1.,2.80815685687611));
#8586=CARTESIAN_POINT('',(5.22257270705499,2.2,2.80815685687611));
#8587=CARTESIAN_POINT('',(6.40514950089608,2.2,2.80815685687611));
#8588=CARTESIAN_POINT('',(5.22257270705499,2.2,2.80815685687611));
#8589=CARTESIAN_POINT('',(6.40514950089608,1.,2.80815685687611));
#8590=CARTESIAN_POINT('',(6.40514950089608,1.,3.31497548280801));
#8591=CARTESIAN_POINT('',(6.40514950089608,2.2,3.31497548280801));
#8592=CARTESIAN_POINT('',(6.40514950089608,2.2,2.80815685687611));
#8593=CARTESIAN_POINT('',(5.22257270705499,1.,3.31497548280801));
#8594=CARTESIAN_POINT('',(5.22257270705499,1.,3.31497548280801));
#8595=CARTESIAN_POINT('',(5.22257270705499,2.2,3.31497548280801));
#8596=CARTESIAN_POINT('',(5.22257270705499,2.2,3.31497548280801));
#8597=CARTESIAN_POINT('',(5.22257270705499,1.,2.80815685687611));
#8598=CARTESIAN_POINT('',(5.22257270705499,2.2,2.80815685687611));
#8599=CARTESIAN_POINT('',(5.22257270705499,2.2,-0.190520013220957));
#8600=CARTESIAN_POINT('',(5.22257270705499,2.2,-0.190520013220957));
#8601=CARTESIAN_POINT('',(5.22257270705499,2.2,0.316298612710942));
#8602=CARTESIAN_POINT('',(5.22257270705499,2.2,0.316298612710942));
#8603=CARTESIAN_POINT('',(6.40514950089608,2.2,0.316298612710942));
#8604=CARTESIAN_POINT('',(6.40514950089608,2.2,-0.190520013220957));
#8605=CARTESIAN_POINT('',(6.40514950089608,2.2,-0.190520013220957));
#8606=CARTESIAN_POINT('',(5.22257270705499,2.2,-0.190520013220957));
#8607=CARTESIAN_POINT('',(0.,2.2,0.));
#8608=CARTESIAN_POINT('',(5.22257270705499,1.,-0.190520013220957));
#8609=CARTESIAN_POINT('',(6.40514950089608,1.,-0.190520013220957));
#8610=CARTESIAN_POINT('',(5.22257270705499,1.,-0.190520013220957));
#8611=CARTESIAN_POINT('',(5.22257270705499,2.2,-0.190520013220957));
#8612=CARTESIAN_POINT('',(6.40514950089608,2.2,-0.190520013220957));
#8613=CARTESIAN_POINT('',(5.22257270705499,2.2,-0.190520013220957));
#8614=CARTESIAN_POINT('',(6.40514950089608,1.,-0.190520013220957));
#8615=CARTESIAN_POINT('',(6.40514950089608,1.,0.316298612710942));
#8616=CARTESIAN_POINT('',(6.40514950089608,2.2,0.316298612710942));
#8617=CARTESIAN_POINT('',(6.40514950089608,2.2,-0.190520013220957));
#8618=CARTESIAN_POINT('',(5.22257270705499,1.,0.316298612710942));
#8619=CARTESIAN_POINT('',(5.22257270705499,1.,0.316298612710942));
#8620=CARTESIAN_POINT('',(5.22257270705499,2.2,0.316298612710942));
#8621=CARTESIAN_POINT('',(5.22257270705499,2.2,0.316298612710942));
#8622=CARTESIAN_POINT('',(5.22257270705499,1.,-0.190520013220957));
#8623=CARTESIAN_POINT('',(5.22257270705499,2.2,-0.190520013220957));
#8624=CARTESIAN_POINT('',(8.68583331758962,2.2,-2.51343871540883));
#8625=CARTESIAN_POINT('',(8.68583331758962,2.2,-2.00662008947693));
#8626=CARTESIAN_POINT('',(8.68583331758962,2.2,-2.51343871540883));
#8627=CARTESIAN_POINT('',(8.68583331758962,2.2,-2.51343871540883));
#8628=CARTESIAN_POINT('',(7.41928623594655,2.2,-2.51343871540883));
#8629=CARTESIAN_POINT('',(7.41928623594655,2.2,-2.51343871540883));
#8630=CARTESIAN_POINT('',(7.41928623594655,2.2,-2.00662008947693));
#8631=CARTESIAN_POINT('',(8.68583331758962,2.2,-2.00662008947693));
#8632=CARTESIAN_POINT('',(0.,2.2,0.));
#8633=CARTESIAN_POINT('',(8.68583331758962,1.,-2.00662008947693));
#8634=CARTESIAN_POINT('',(7.41928623594655,1.,-2.00662008947693));
#8635=CARTESIAN_POINT('',(8.68583331758962,1.,-2.00662008947693));
#8636=CARTESIAN_POINT('',(8.68583331758962,2.2,-2.00662008947693));
#8637=CARTESIAN_POINT('',(7.41928623594655,2.2,-2.00662008947693));
#8638=CARTESIAN_POINT('',(8.68583331758962,2.2,-2.00662008947693));
#8639=CARTESIAN_POINT('',(7.41928623594655,1.,-2.51343871540883));
#8640=CARTESIAN_POINT('',(7.41928623594655,1.,-2.51343871540883));
#8641=CARTESIAN_POINT('',(7.41928623594655,2.2,-2.51343871540883));
#8642=CARTESIAN_POINT('',(7.41928623594655,2.2,-2.51343871540883));
#8643=CARTESIAN_POINT('',(8.68583331758962,1.,-2.51343871540883));
#8644=CARTESIAN_POINT('',(8.68583331758962,1.,-2.51343871540883));
#8645=CARTESIAN_POINT('',(8.68583331758962,2.2,-2.51343871540883));
#8646=CARTESIAN_POINT('',(8.68583331758962,2.2,-2.51343871540883));
#8647=CARTESIAN_POINT('',(8.68583331758962,1.,-2.51343871540883));
#8648=CARTESIAN_POINT('',(8.68583331758962,2.2,-2.51343871540883));
#8649=CARTESIAN_POINT('',(5.22257270705499,2.2,-4.92082718858537));
#8650=CARTESIAN_POINT('',(5.22257270705499,2.2,-4.92082718858537));
#8651=CARTESIAN_POINT('',(5.22257270705499,2.2,-4.41400856265347));
#8652=CARTESIAN_POINT('',(5.22257270705499,2.2,-4.41400856265347));
#8653=CARTESIAN_POINT('',(6.40514950089608,2.2,-4.41400856265347));
#8654=CARTESIAN_POINT('',(6.40514950089608,2.2,-4.92082718858537));
#8655=CARTESIAN_POINT('',(6.40514950089608,2.2,-4.92082718858537));
#8656=CARTESIAN_POINT('',(5.22257270705499,2.2,-4.92082718858537));
#8657=CARTESIAN_POINT('',(0.,2.2,0.));
#8658=CARTESIAN_POINT('',(5.22257270705499,1.,-4.92082718858537));
#8659=CARTESIAN_POINT('',(6.40514950089608,1.,-4.92082718858537));
#8660=CARTESIAN_POINT('',(5.22257270705499,1.,-4.92082718858537));
#8661=CARTESIAN_POINT('',(5.22257270705499,2.2,-4.92082718858537));
#8662=CARTESIAN_POINT('',(6.40514950089608,2.2,-4.92082718858537));
#8663=CARTESIAN_POINT('',(5.22257270705499,2.2,-4.92082718858537));
#8664=CARTESIAN_POINT('',(6.40514950089608,1.,-4.92082718858537));
#8665=CARTESIAN_POINT('',(6.40514950089608,1.,-4.41400856265347));
#8666=CARTESIAN_POINT('',(6.40514950089608,2.2,-4.41400856265347));
#8667=CARTESIAN_POINT('',(6.40514950089608,2.2,-4.92082718858537));
#8668=CARTESIAN_POINT('',(5.22257270705499,1.,-4.41400856265347));
#8669=CARTESIAN_POINT('',(5.22257270705499,1.,-4.41400856265347));
#8670=CARTESIAN_POINT('',(5.22257270705499,2.2,-4.41400856265347));
#8671=CARTESIAN_POINT('',(5.22257270705499,2.2,-4.41400856265347));
#8672=CARTESIAN_POINT('',(5.22257270705499,1.,-4.92082718858537));
#8673=CARTESIAN_POINT('',(5.22257270705499,2.2,-4.92082718858537));
#8674=CARTESIAN_POINT('',(-3.26663927730432,2.2,4.41308250566043));
#8675=CARTESIAN_POINT('',(-3.26663927730432,2.2,4.41308250566043));
#8676=CARTESIAN_POINT('',(-3.26663927730432,2.2,6.27141746741072));
#8677=CARTESIAN_POINT('',(-3.26663927730432,2.2,6.27141746741072));
#8678=CARTESIAN_POINT('',(-1.32383454456537,2.2,6.27141746741072));
#8679=CARTESIAN_POINT('',(-1.32383454456537,2.2,4.41308250566043));
#8680=CARTESIAN_POINT('',(-1.32383454456537,2.2,4.41308250566043));
#8681=CARTESIAN_POINT('',(-3.26663927730432,2.2,4.41308250566043));
#8682=CARTESIAN_POINT('',(0.,2.2,0.));
#8683=CARTESIAN_POINT('',(-3.26663927730432,1.,4.41308250566043));
#8684=CARTESIAN_POINT('',(-1.32383454456537,1.,4.41308250566043));
#8685=CARTESIAN_POINT('',(-3.26663927730432,1.,4.41308250566043));
#8686=CARTESIAN_POINT('',(-3.26663927730432,2.2,4.41308250566043));
#8687=CARTESIAN_POINT('',(-1.32383454456537,2.2,4.41308250566043));
#8688=CARTESIAN_POINT('',(-3.26663927730432,2.2,4.41308250566043));
#8689=CARTESIAN_POINT('',(-1.32383454456537,1.,4.41308250566043));
#8690=CARTESIAN_POINT('',(-1.32383454456537,1.,6.27141746741072));
#8691=CARTESIAN_POINT('',(-1.32383454456537,2.2,6.27141746741072));
#8692=CARTESIAN_POINT('',(-1.32383454456537,2.2,4.41308250566043));
#8693=CARTESIAN_POINT('',(-3.26663927730432,1.,6.27141746741072));
#8694=CARTESIAN_POINT('',(-3.26663927730432,1.,6.27141746741072));
#8695=CARTESIAN_POINT('',(-3.26663927730432,2.2,6.27141746741072));
#8696=CARTESIAN_POINT('',(-3.26663927730432,2.2,6.27141746741072));
#8697=CARTESIAN_POINT('',(-3.26663927730432,1.,4.41308250566043));
#8698=CARTESIAN_POINT('',(-3.26663927730432,2.2,4.41308250566043));
#8699=CARTESIAN_POINT('',(-15.3719816856608,2.2,-5.46227514321629));
#8700=CARTESIAN_POINT('',(-15.3719816856608,2.2,-5.46227514321629));
#8701=CARTESIAN_POINT('',(-15.3719816856608,2.2,0.788703253235212));
#8702=CARTESIAN_POINT('',(-15.3719816856608,2.2,0.788703253235212));
#8703=CARTESIAN_POINT('',(-8.52185481760159,2.2,0.788703253235212));
#8704=CARTESIAN_POINT('',(-8.52185481760159,2.2,-5.46227514321629));
#8705=CARTESIAN_POINT('',(-8.52185481760159,2.2,-5.46227514321629));
#8706=CARTESIAN_POINT('',(-15.3719816856608,2.2,-5.46227514321629));
#8707=CARTESIAN_POINT('',(0.,2.2,0.));
#8708=CARTESIAN_POINT('',(-15.3719816856608,1.,-5.46227514321629));
#8709=CARTESIAN_POINT('',(-8.52185481760159,1.,-5.46227514321629));
#8710=CARTESIAN_POINT('',(-15.3719816856608,1.,-5.46227514321629));
#8711=CARTESIAN_POINT('',(-15.3719816856608,2.2,-5.46227514321629));
#8712=CARTESIAN_POINT('',(-8.52185481760159,2.2,-5.46227514321629));
#8713=CARTESIAN_POINT('',(-15.3719816856608,2.2,-5.46227514321629));
#8714=CARTESIAN_POINT('',(-8.52185481760159,1.,-5.46227514321629));
#8715=CARTESIAN_POINT('',(-8.52185481760159,1.,0.788703253235212));
#8716=CARTESIAN_POINT('',(-8.52185481760159,2.2,0.788703253235212));
#8717=CARTESIAN_POINT('',(-8.52185481760159,2.2,-5.46227514321629));
#8718=CARTESIAN_POINT('',(-15.3719816856608,1.,0.788703253235212));
#8719=CARTESIAN_POINT('',(-15.3719816856608,1.,0.788703253235212));
#8720=CARTESIAN_POINT('',(-15.3719816856608,2.2,0.788703253235212));
#8721=CARTESIAN_POINT('',(-15.3719816856608,2.2,0.788703253235212));
#8722=CARTESIAN_POINT('',(-15.3719816856608,1.,-5.46227514321629));
#8723=CARTESIAN_POINT('',(-15.3719816856608,2.2,-5.46227514321629));
#8724=CARTESIAN_POINT('',(-4.5469145374954,1.,-4.58496753246751));
#8725=CARTESIAN_POINT('',(1.9530854625046,1.,-4.58496753246751));
#8726=CARTESIAN_POINT('',(-4.5469145374954,1.,-4.58496753246751));
#8727=CARTESIAN_POINT('',(-4.5469145374954,2.,-4.58496753246751));
#8728=CARTESIAN_POINT('',(1.9530854625046,2.,-4.58496753246751));
#8729=CARTESIAN_POINT('',(-4.5469145374954,2.,-4.58496753246751));
#8730=CARTESIAN_POINT('',(1.9530854625046,1.,-4.58496753246751));
#8731=CARTESIAN_POINT('',(1.9530854625046,1.,0.175032467532485));
#8732=CARTESIAN_POINT('',(1.9530854625046,2.,0.175032467532485));
#8733=CARTESIAN_POINT('',(1.9530854625046,2.,-4.58496753246751));
#8734=CARTESIAN_POINT('',(-4.54691453749539,1.,0.175032467532485));
#8735=CARTESIAN_POINT('',(-4.54691453749539,1.,0.175032467532485));
#8736=CARTESIAN_POINT('',(-4.54691453749539,2.,0.175032467532485));
#8737=CARTESIAN_POINT('',(-4.54691453749539,2.,0.175032467532485));
#8738=CARTESIAN_POINT('',(-4.5469145374954,1.,-4.58496753246751));
#8739=CARTESIAN_POINT('',(-4.5469145374954,2.,-4.58496753246751));
#8740=CARTESIAN_POINT('',(8.55324675324677,-6.3,3.95503246753247));
#8741=CARTESIAN_POINT('',(8.55324675324677,-6.3,3.95503246753247));
#8742=CARTESIAN_POINT('',(8.55324675324677,-6.3,3.45503246753247));
#8743=CARTESIAN_POINT('',(8.55324675324677,-6.3,3.45503246753247));
#8744=CARTESIAN_POINT('',(9.05324675324677,-6.3,3.45503246753247));
#8745=CARTESIAN_POINT('',(9.05324675324677,-6.3,3.95503246753247));
#8746=CARTESIAN_POINT('',(9.05324675324677,-6.3,3.95503246753247));
#8747=CARTESIAN_POINT('',(8.55324675324677,-6.3,3.95503246753247));
#8748=CARTESIAN_POINT('',(8.67361737988406E-16,-6.3,-2.));
#8749=CARTESIAN_POINT('',(8.55324675324677,-2.5,3.95503246753247));
#8750=CARTESIAN_POINT('',(9.05324675324677,-2.5,3.95503246753247));
#8751=CARTESIAN_POINT('',(8.55324675324677,-2.5,3.95503246753247));
#8752=CARTESIAN_POINT('',(8.55324675324677,-6.3,3.95503246753247));
#8753=CARTESIAN_POINT('',(9.05324675324677,-6.3,3.95503246753247));
#8754=CARTESIAN_POINT('',(8.55324675324677,-6.3,3.95503246753247));
#8755=CARTESIAN_POINT('',(9.05324675324677,-2.5,3.95503246753247));
#8756=CARTESIAN_POINT('',(9.05324675324677,-2.5,3.45503246753247));
#8757=CARTESIAN_POINT('',(9.05324675324677,-6.3,3.45503246753247));
#8758=CARTESIAN_POINT('',(9.05324675324677,-6.3,3.95503246753247));
#8759=CARTESIAN_POINT('',(8.55324675324677,-2.5,3.45503246753247));
#8760=CARTESIAN_POINT('',(8.55324675324677,-2.5,3.45503246753247));
#8761=CARTESIAN_POINT('',(8.55324675324677,-6.3,3.45503246753247));
#8762=CARTESIAN_POINT('',(8.55324675324677,-6.3,3.45503246753247));
#8763=CARTESIAN_POINT('',(8.55324675324677,-2.5,3.95503246753247));
#8764=CARTESIAN_POINT('',(8.55324675324677,-6.3,3.95503246753247));
#8765=CARTESIAN_POINT('',(10.5532467532468,-6.3,3.95503246753247));
#8766=CARTESIAN_POINT('',(10.5532467532468,-6.3,3.95503246753247));
#8767=CARTESIAN_POINT('',(10.5532467532468,-6.3,3.45503246753247));
#8768=CARTESIAN_POINT('',(10.5532467532468,-6.3,3.45503246753247));
#8769=CARTESIAN_POINT('',(11.0532467532468,-6.3,3.45503246753247));
#8770=CARTESIAN_POINT('',(11.0532467532468,-6.3,3.95503246753247));
#8771=CARTESIAN_POINT('',(11.0532467532468,-6.3,3.95503246753247));
#8772=CARTESIAN_POINT('',(10.5532467532468,-6.3,3.95503246753247));
#8773=CARTESIAN_POINT('',(8.67361737988406E-16,-6.3,-2.));
#8774=CARTESIAN_POINT('',(10.5532467532468,-2.5,3.95503246753247));
#8775=CARTESIAN_POINT('',(11.0532467532468,-2.5,3.95503246753247));
#8776=CARTESIAN_POINT('',(10.5532467532468,-2.5,3.95503246753247));
#8777=CARTESIAN_POINT('',(10.5532467532468,-6.3,3.95503246753247));
#8778=CARTESIAN_POINT('',(11.0532467532468,-6.3,3.95503246753247));
#8779=CARTESIAN_POINT('',(10.5532467532468,-6.3,3.95503246753247));
#8780=CARTESIAN_POINT('',(11.0532467532468,-2.5,3.95503246753247));
#8781=CARTESIAN_POINT('',(11.0532467532468,-2.5,3.45503246753247));
#8782=CARTESIAN_POINT('',(11.0532467532468,-6.3,3.45503246753247));
#8783=CARTESIAN_POINT('',(11.0532467532468,-6.3,3.95503246753247));
#8784=CARTESIAN_POINT('',(10.5532467532468,-2.5,3.45503246753247));
#8785=CARTESIAN_POINT('',(10.5532467532468,-2.5,3.45503246753247));
#8786=CARTESIAN_POINT('',(10.5532467532468,-6.3,3.45503246753247));
#8787=CARTESIAN_POINT('',(10.5532467532468,-6.3,3.45503246753247));
#8788=CARTESIAN_POINT('',(10.5532467532468,-2.5,3.95503246753247));
#8789=CARTESIAN_POINT('',(10.5532467532468,-6.3,3.95503246753247));
#8790=CARTESIAN_POINT('',(10.5532467532468,-6.3,5.95503246753247));
#8791=CARTESIAN_POINT('',(10.5532467532468,-6.3,5.95503246753247));
#8792=CARTESIAN_POINT('',(10.5532467532468,-6.3,5.45503246753247));
#8793=CARTESIAN_POINT('',(10.5532467532468,-6.3,5.45503246753247));
#8794=CARTESIAN_POINT('',(11.0532467532468,-6.3,5.45503246753247));
#8795=CARTESIAN_POINT('',(11.0532467532468,-6.3,5.95503246753247));
#8796=CARTESIAN_POINT('',(11.0532467532468,-6.3,5.95503246753247));
#8797=CARTESIAN_POINT('',(10.5532467532468,-6.3,5.95503246753247));
#8798=CARTESIAN_POINT('',(0.,-6.3,0.));
#8799=CARTESIAN_POINT('',(10.5532467532468,-2.5,5.95503246753247));
#8800=CARTESIAN_POINT('',(11.0532467532468,-2.5,5.95503246753247));
#8801=CARTESIAN_POINT('',(10.5532467532468,-2.5,5.95503246753247));
#8802=CARTESIAN_POINT('',(10.5532467532468,-6.3,5.95503246753247));
#8803=CARTESIAN_POINT('',(11.0532467532468,-6.3,5.95503246753247));
#8804=CARTESIAN_POINT('',(10.5532467532468,-6.3,5.95503246753247));
#8805=CARTESIAN_POINT('',(11.0532467532468,-2.5,5.95503246753247));
#8806=CARTESIAN_POINT('',(11.0532467532468,-2.5,5.45503246753247));
#8807=CARTESIAN_POINT('',(11.0532467532468,-6.3,5.45503246753247));
#8808=CARTESIAN_POINT('',(11.0532467532468,-6.3,5.95503246753247));
#8809=CARTESIAN_POINT('',(10.5532467532468,-2.5,5.45503246753247));
#8810=CARTESIAN_POINT('',(10.5532467532468,-2.5,5.45503246753247));
#8811=CARTESIAN_POINT('',(10.5532467532468,-6.3,5.45503246753247));
#8812=CARTESIAN_POINT('',(10.5532467532468,-6.3,5.45503246753247));
#8813=CARTESIAN_POINT('',(10.5532467532468,-2.5,5.95503246753247));
#8814=CARTESIAN_POINT('',(10.5532467532468,-6.3,5.95503246753247));
#8815=CARTESIAN_POINT('',(8.55324675324677,-6.3,5.95503246753247));
#8816=CARTESIAN_POINT('',(8.55324675324677,-6.3,5.95503246753247));
#8817=CARTESIAN_POINT('',(8.55324675324677,-6.3,5.45503246753247));
#8818=CARTESIAN_POINT('',(8.55324675324677,-6.3,5.45503246753247));
#8819=CARTESIAN_POINT('',(9.05324675324677,-6.3,5.45503246753247));
#8820=CARTESIAN_POINT('',(9.05324675324677,-6.3,5.95503246753247));
#8821=CARTESIAN_POINT('',(9.05324675324677,-6.3,5.95503246753247));
#8822=CARTESIAN_POINT('',(8.55324675324677,-6.3,5.95503246753247));
#8823=CARTESIAN_POINT('',(0.,-6.3,0.));
#8824=CARTESIAN_POINT('',(8.55324675324677,-2.5,5.95503246753247));
#8825=CARTESIAN_POINT('',(9.05324675324677,-2.5,5.95503246753247));
#8826=CARTESIAN_POINT('',(8.55324675324677,-2.5,5.95503246753247));
#8827=CARTESIAN_POINT('',(8.55324675324677,-6.3,5.95503246753247));
#8828=CARTESIAN_POINT('',(9.05324675324677,-6.3,5.95503246753247));
#8829=CARTESIAN_POINT('',(8.55324675324677,-6.3,5.95503246753247));
#8830=CARTESIAN_POINT('',(9.05324675324677,-2.5,5.95503246753247));
#8831=CARTESIAN_POINT('',(9.05324675324677,-2.5,5.45503246753247));
#8832=CARTESIAN_POINT('',(9.05324675324677,-6.3,5.45503246753247));
#8833=CARTESIAN_POINT('',(9.05324675324677,-6.3,5.95503246753247));
#8834=CARTESIAN_POINT('',(8.55324675324677,-2.5,5.45503246753247));
#8835=CARTESIAN_POINT('',(8.55324675324677,-2.5,5.45503246753247));
#8836=CARTESIAN_POINT('',(8.55324675324677,-6.3,5.45503246753247));
#8837=CARTESIAN_POINT('',(8.55324675324677,-6.3,5.45503246753247));
#8838=CARTESIAN_POINT('',(8.55324675324677,-2.5,5.95503246753247));
#8839=CARTESIAN_POINT('',(8.55324675324677,-6.3,5.95503246753247));
#8840=CARTESIAN_POINT('',(-18.4467532467532,-6.3,4.95503246753247));
#8841=CARTESIAN_POINT('',(-18.4467532467532,-6.3,4.95503246753247));
#8842=CARTESIAN_POINT('',(-18.4467532467532,-6.3,4.45503246753247));
#8843=CARTESIAN_POINT('',(-18.4467532467532,-6.3,4.45503246753247));
#8844=CARTESIAN_POINT('',(-17.9467532467532,-6.3,4.45503246753247));
#8845=CARTESIAN_POINT('',(-17.9467532467532,-6.3,4.95503246753247));
#8846=CARTESIAN_POINT('',(-17.9467532467532,-6.3,4.95503246753247));
#8847=CARTESIAN_POINT('',(-18.4467532467532,-6.3,4.95503246753247));
#8848=CARTESIAN_POINT('',(0.,-6.3,-2.));
#8849=CARTESIAN_POINT('',(-18.4467532467532,-2.5,4.95503246753247));
#8850=CARTESIAN_POINT('',(-17.9467532467532,-2.5,4.95503246753247));
#8851=CARTESIAN_POINT('',(-18.4467532467532,-2.5,4.95503246753247));
#8852=CARTESIAN_POINT('',(-18.4467532467532,-6.3,4.95503246753247));
#8853=CARTESIAN_POINT('',(-17.9467532467532,-6.3,4.95503246753247));
#8854=CARTESIAN_POINT('',(-18.4467532467532,-6.3,4.95503246753247));
#8855=CARTESIAN_POINT('',(-17.9467532467532,-2.5,4.95503246753247));
#8856=CARTESIAN_POINT('',(-17.9467532467532,-2.5,4.45503246753247));
#8857=CARTESIAN_POINT('',(-17.9467532467532,-6.3,4.45503246753247));
#8858=CARTESIAN_POINT('',(-17.9467532467532,-6.3,4.95503246753247));
#8859=CARTESIAN_POINT('',(-18.4467532467532,-2.5,4.45503246753247));
#8860=CARTESIAN_POINT('',(-18.4467532467532,-2.5,4.45503246753247));
#8861=CARTESIAN_POINT('',(-18.4467532467532,-6.3,4.45503246753247));
#8862=CARTESIAN_POINT('',(-18.4467532467532,-6.3,4.45503246753247));
#8863=CARTESIAN_POINT('',(-18.4467532467532,-2.5,4.95503246753247));
#8864=CARTESIAN_POINT('',(-18.4467532467532,-6.3,4.95503246753247));
#8865=CARTESIAN_POINT('',(-16.4467532467532,-6.3,4.95503246753247));
#8866=CARTESIAN_POINT('',(-16.4467532467532,-6.3,4.95503246753247));
#8867=CARTESIAN_POINT('',(-16.4467532467532,-6.3,4.45503246753247));
#8868=CARTESIAN_POINT('',(-16.4467532467532,-6.3,4.45503246753247));
#8869=CARTESIAN_POINT('',(-15.9467532467532,-6.3,4.45503246753247));
#8870=CARTESIAN_POINT('',(-15.9467532467532,-6.3,4.95503246753247));
#8871=CARTESIAN_POINT('',(-15.9467532467532,-6.3,4.95503246753247));
#8872=CARTESIAN_POINT('',(-16.4467532467532,-6.3,4.95503246753247));
#8873=CARTESIAN_POINT('',(0.,-6.3,-2.));
#8874=CARTESIAN_POINT('',(-16.4467532467532,-2.5,4.95503246753247));
#8875=CARTESIAN_POINT('',(-15.9467532467532,-2.5,4.95503246753247));
#8876=CARTESIAN_POINT('',(-16.4467532467532,-2.5,4.95503246753247));
#8877=CARTESIAN_POINT('',(-16.4467532467532,-6.3,4.95503246753247));
#8878=CARTESIAN_POINT('',(-15.9467532467532,-6.3,4.95503246753247));
#8879=CARTESIAN_POINT('',(-16.4467532467532,-6.3,4.95503246753247));
#8880=CARTESIAN_POINT('',(-15.9467532467532,-2.5,4.95503246753247));
#8881=CARTESIAN_POINT('',(-15.9467532467532,-2.5,4.45503246753247));
#8882=CARTESIAN_POINT('',(-15.9467532467532,-6.3,4.45503246753247));
#8883=CARTESIAN_POINT('',(-15.9467532467532,-6.3,4.95503246753247));
#8884=CARTESIAN_POINT('',(-16.4467532467532,-2.5,4.45503246753247));
#8885=CARTESIAN_POINT('',(-16.4467532467532,-2.5,4.45503246753247));
#8886=CARTESIAN_POINT('',(-16.4467532467532,-6.3,4.45503246753247));
#8887=CARTESIAN_POINT('',(-16.4467532467532,-6.3,4.45503246753247));
#8888=CARTESIAN_POINT('',(-16.4467532467532,-2.5,4.95503246753247));
#8889=CARTESIAN_POINT('',(-16.4467532467532,-6.3,4.95503246753247));
#8890=CARTESIAN_POINT('',(-16.4467532467532,-6.3,6.95503246753247));
#8891=CARTESIAN_POINT('',(-16.4467532467532,-6.3,6.95503246753247));
#8892=CARTESIAN_POINT('',(-16.4467532467532,-6.3,6.45503246753247));
#8893=CARTESIAN_POINT('',(-16.4467532467532,-6.3,6.45503246753247));
#8894=CARTESIAN_POINT('',(-15.9467532467532,-6.3,6.45503246753247));
#8895=CARTESIAN_POINT('',(-15.9467532467532,-6.3,6.95503246753247));
#8896=CARTESIAN_POINT('',(-15.9467532467532,-6.3,6.95503246753247));
#8897=CARTESIAN_POINT('',(-16.4467532467532,-6.3,6.95503246753247));
#8898=CARTESIAN_POINT('',(0.,-6.3,0.));
#8899=CARTESIAN_POINT('',(-16.4467532467532,-2.5,6.95503246753247));
#8900=CARTESIAN_POINT('',(-15.9467532467532,-2.5,6.95503246753247));
#8901=CARTESIAN_POINT('',(-16.4467532467532,-2.5,6.95503246753247));
#8902=CARTESIAN_POINT('',(-16.4467532467532,-6.3,6.95503246753247));
#8903=CARTESIAN_POINT('',(-15.9467532467532,-6.3,6.95503246753247));
#8904=CARTESIAN_POINT('',(-16.4467532467532,-6.3,6.95503246753247));
#8905=CARTESIAN_POINT('',(-15.9467532467532,-2.5,6.95503246753247));
#8906=CARTESIAN_POINT('',(-15.9467532467532,-2.5,6.45503246753247));
#8907=CARTESIAN_POINT('',(-15.9467532467532,-6.3,6.45503246753247));
#8908=CARTESIAN_POINT('',(-15.9467532467532,-6.3,6.95503246753247));
#8909=CARTESIAN_POINT('',(-16.4467532467532,-2.5,6.45503246753247));
#8910=CARTESIAN_POINT('',(-16.4467532467532,-2.5,6.45503246753247));
#8911=CARTESIAN_POINT('',(-16.4467532467532,-6.3,6.45503246753247));
#8912=CARTESIAN_POINT('',(-16.4467532467532,-6.3,6.45503246753247));
#8913=CARTESIAN_POINT('',(-16.4467532467532,-2.5,6.95503246753247));
#8914=CARTESIAN_POINT('',(-16.4467532467532,-6.3,6.95503246753247));
#8915=CARTESIAN_POINT('',(-18.4467532467532,-6.3,6.95503246753247));
#8916=CARTESIAN_POINT('',(-18.4467532467532,-6.3,6.95503246753247));
#8917=CARTESIAN_POINT('',(-18.4467532467532,-6.3,6.45503246753247));
#8918=CARTESIAN_POINT('',(-18.4467532467532,-6.3,6.45503246753247));
#8919=CARTESIAN_POINT('',(-17.9467532467532,-6.3,6.45503246753247));
#8920=CARTESIAN_POINT('',(-17.9467532467532,-6.3,6.95503246753247));
#8921=CARTESIAN_POINT('',(-17.9467532467532,-6.3,6.95503246753247));
#8922=CARTESIAN_POINT('',(-18.4467532467532,-6.3,6.95503246753247));
#8923=CARTESIAN_POINT('',(0.,-6.3,0.));
#8924=CARTESIAN_POINT('',(-18.4467532467532,-2.5,6.95503246753247));
#8925=CARTESIAN_POINT('',(-17.9467532467532,-2.5,6.95503246753247));
#8926=CARTESIAN_POINT('',(-18.4467532467532,-2.5,6.95503246753247));
#8927=CARTESIAN_POINT('',(-18.4467532467532,-6.3,6.95503246753247));
#8928=CARTESIAN_POINT('',(-17.9467532467532,-6.3,6.95503246753247));
#8929=CARTESIAN_POINT('',(-18.4467532467532,-6.3,6.95503246753247));
#8930=CARTESIAN_POINT('',(-17.9467532467532,-2.5,6.95503246753247));
#8931=CARTESIAN_POINT('',(-17.9467532467532,-2.5,6.45503246753247));
#8932=CARTESIAN_POINT('',(-17.9467532467532,-6.3,6.45503246753247));
#8933=CARTESIAN_POINT('',(-17.9467532467532,-6.3,6.95503246753247));
#8934=CARTESIAN_POINT('',(-18.4467532467532,-2.5,6.45503246753247));
#8935=CARTESIAN_POINT('',(-18.4467532467532,-2.5,6.45503246753247));
#8936=CARTESIAN_POINT('',(-18.4467532467532,-6.3,6.45503246753247));
#8937=CARTESIAN_POINT('',(-18.4467532467532,-6.3,6.45503246753247));
#8938=CARTESIAN_POINT('',(-18.4467532467532,-2.5,6.95503246753247));
#8939=CARTESIAN_POINT('',(-18.4467532467532,-6.3,6.95503246753247));
#8940=CARTESIAN_POINT('',(7.80324675324677,0.,6.70503246753247));
#8941=CARTESIAN_POINT('',(11.8032467532468,0.,6.70503246753247));
#8942=CARTESIAN_POINT('',(7.80324675324677,0.,6.70503246753247));
#8943=CARTESIAN_POINT('',(7.80324675324677,-2.5,6.70503246753247));
#8944=CARTESIAN_POINT('',(7.80324675324677,-2.5,6.70503246753247));
#8945=CARTESIAN_POINT('',(7.80324675324677,-2.5,6.70503246753247));
#8946=CARTESIAN_POINT('',(11.8032467532468,-2.5,6.70503246753247));
#8947=CARTESIAN_POINT('',(11.8032467532468,-2.5,6.70503246753247));
#8948=CARTESIAN_POINT('',(7.80324675324677,-2.5,6.70503246753247));
#8949=CARTESIAN_POINT('',(11.8032467532468,0.,6.70503246753247));
#8950=CARTESIAN_POINT('',(11.8032467532468,0.,0.705032467532483));
#8951=CARTESIAN_POINT('',(11.8032467532468,-2.5,6.70503246753247));
#8952=CARTESIAN_POINT('',(11.8032467532468,-2.5,0.705032467532484));
#8953=CARTESIAN_POINT('',(11.8032467532468,-2.5,0.705032467532484));
#8954=CARTESIAN_POINT('',(11.8032467532468,-2.5,6.70503246753247));
#8955=CARTESIAN_POINT('',(7.80324675324677,0.,0.705032467532482));
#8956=CARTESIAN_POINT('',(7.80324675324677,0.,0.705032467532481));
#8957=CARTESIAN_POINT('',(7.80324675324677,-2.5,0.705032467532482));
#8958=CARTESIAN_POINT('',(7.80324675324677,-2.5,0.705032467532482));
#8959=CARTESIAN_POINT('',(7.80324675324677,-2.5,0.705032467532482));
#8960=CARTESIAN_POINT('',(7.80324675324677,-2.5,0.705032467532482));
#8961=CARTESIAN_POINT('',(7.80324675324677,0.,6.70503246753247));
#8962=CARTESIAN_POINT('',(7.80324675324677,-2.5,6.70503246753247));
#8963=CARTESIAN_POINT('',(7.80324675324677,-2.5,6.70503246753247));
#8964=CARTESIAN_POINT('',(-19.1967532467532,0.,7.70503246753247));
#8965=CARTESIAN_POINT('',(-15.1967532467532,0.,7.70503246753247));
#8966=CARTESIAN_POINT('',(-19.1967532467532,0.,7.70503246753247));
#8967=CARTESIAN_POINT('',(-19.1967532467532,-2.5,7.70503246753247));
#8968=CARTESIAN_POINT('',(-19.1967532467532,-2.5,7.70503246753247));
#8969=CARTESIAN_POINT('',(-19.1967532467532,-2.5,7.70503246753247));
#8970=CARTESIAN_POINT('',(-15.1967532467532,-2.5,7.70503246753247));
#8971=CARTESIAN_POINT('',(-15.1967532467532,-2.5,7.70503246753247));
#8972=CARTESIAN_POINT('',(-19.1967532467532,-2.5,7.70503246753247));
#8973=CARTESIAN_POINT('',(-15.1967532467532,0.,7.70503246753247));
#8974=CARTESIAN_POINT('',(-15.1967532467532,0.,-0.294967532467529));
#8975=CARTESIAN_POINT('',(-15.1967532467532,-2.5,7.70503246753247));
#8976=CARTESIAN_POINT('',(-15.1967532467532,-2.5,-0.294967532467528));
#8977=CARTESIAN_POINT('',(-15.1967532467532,-2.5,-0.294967532467528));
#8978=CARTESIAN_POINT('',(-15.1967532467532,-2.5,7.70503246753247));
#8979=CARTESIAN_POINT('',(-19.1967532467532,0.,-0.294967532467529));
#8980=CARTESIAN_POINT('',(-19.1967532467532,0.,-0.294967532467528));
#8981=CARTESIAN_POINT('',(-19.1967532467532,-2.5,-0.294967532467529));
#8982=CARTESIAN_POINT('',(-19.1967532467532,-2.5,-0.294967532467529));
#8983=CARTESIAN_POINT('',(-19.1967532467532,-2.5,-0.294967532467529));
#8984=CARTESIAN_POINT('',(-19.1967532467532,-2.5,-0.294967532467529));
#8985=CARTESIAN_POINT('',(-19.1967532467532,0.,7.70503246753247));
#8986=CARTESIAN_POINT('',(-19.1967532467532,-2.5,7.70503246753247));
#8987=CARTESIAN_POINT('',(-19.1967532467532,-2.5,7.70503246753247));
#8988=CARTESIAN_POINT('',(1.59340961797413,2.2,10.5543400287214));
#8989=CARTESIAN_POINT('',(1.59340961797413,2.2,10.5543400287214));
#8990=CARTESIAN_POINT('',(1.59340961797413,2.2,11.9144593753502));
#8991=CARTESIAN_POINT('',(1.59340961797413,2.2,11.9144593753502));
#8992=CARTESIAN_POINT('',(3.84056332110011,2.2,11.9144593753502));
#8993=CARTESIAN_POINT('',(3.84056332110011,2.2,10.5543400287214));
#8994=CARTESIAN_POINT('',(3.84056332110011,2.2,10.5543400287214));
#8995=CARTESIAN_POINT('',(1.59340961797413,2.2,10.5543400287214));
#8996=CARTESIAN_POINT('',(0.,2.2,0.));
#8997=CARTESIAN_POINT('',(1.59340961797413,1.,10.5543400287214));
#8998=CARTESIAN_POINT('',(3.84056332110011,1.,10.5543400287214));
#8999=CARTESIAN_POINT('',(1.59340961797413,1.,10.5543400287214));
#9000=CARTESIAN_POINT('',(1.59340961797413,2.2,10.5543400287214));
#9001=CARTESIAN_POINT('',(3.84056332110011,2.2,10.5543400287214));
#9002=CARTESIAN_POINT('',(1.59340961797413,2.2,10.5543400287214));
#9003=CARTESIAN_POINT('',(3.84056332110011,1.,10.5543400287214));
#9004=CARTESIAN_POINT('',(3.84056332110011,1.,11.9144593753502));
#9005=CARTESIAN_POINT('',(3.84056332110011,2.2,11.9144593753502));
#9006=CARTESIAN_POINT('',(3.84056332110011,2.2,10.5543400287214));
#9007=CARTESIAN_POINT('',(1.59340961797413,1.,11.9144593753502));
#9008=CARTESIAN_POINT('',(1.59340961797413,1.,11.9144593753502));
#9009=CARTESIAN_POINT('',(1.59340961797413,2.2,11.9144593753502));
#9010=CARTESIAN_POINT('',(1.59340961797413,2.2,11.9144593753502));
#9011=CARTESIAN_POINT('',(1.59340961797413,1.,10.5543400287214));
#9012=CARTESIAN_POINT('',(1.59340961797413,2.2,10.5543400287214));
#9013=CARTESIAN_POINT('',(-4.49755962997256,2.2,8.12977945429599));
#9014=CARTESIAN_POINT('',(-4.49755962997256,2.2,8.12977945429599));
#9015=CARTESIAN_POINT('',(-4.49755962997256,2.2,11.9144593753502));
#9016=CARTESIAN_POINT('',(-4.49755962997256,2.2,11.9144593753502));
#9017=CARTESIAN_POINT('',(-2.60521966944544,2.2,11.9144593753502));
#9018=CARTESIAN_POINT('',(-2.60521966944544,2.2,8.12977945429599));
#9019=CARTESIAN_POINT('',(-2.60521966944544,2.2,8.12977945429599));
#9020=CARTESIAN_POINT('',(-4.49755962997256,2.2,8.12977945429599));
#9021=CARTESIAN_POINT('',(0.,2.2,0.));
#9022=CARTESIAN_POINT('',(-4.49755962997256,1.,8.12977945429599));
#9023=CARTESIAN_POINT('',(-2.60521966944544,1.,8.12977945429599));
#9024=CARTESIAN_POINT('',(-4.49755962997256,1.,8.12977945429599));
#9025=CARTESIAN_POINT('',(-4.49755962997256,2.2,8.12977945429599));
#9026=CARTESIAN_POINT('',(-2.60521966944544,2.2,8.12977945429599));
#9027=CARTESIAN_POINT('',(-4.49755962997256,2.2,8.12977945429599));
#9028=CARTESIAN_POINT('',(-2.60521966944544,1.,8.12977945429599));
#9029=CARTESIAN_POINT('',(-2.60521966944544,1.,11.9144593753502));
#9030=CARTESIAN_POINT('',(-2.60521966944544,2.2,11.9144593753502));
#9031=CARTESIAN_POINT('',(-2.60521966944544,2.2,8.12977945429599));
#9032=CARTESIAN_POINT('',(-4.49755962997256,1.,11.9144593753502));
#9033=CARTESIAN_POINT('',(-4.49755962997256,1.,11.9144593753502));
#9034=CARTESIAN_POINT('',(-4.49755962997256,2.2,11.9144593753502));
#9035=CARTESIAN_POINT('',(-4.49755962997256,2.2,11.9144593753502));
#9036=CARTESIAN_POINT('',(-4.49755962997256,1.,8.12977945429599));
#9037=CARTESIAN_POINT('',(-4.49755962997256,2.2,8.12977945429599));
#9038=CARTESIAN_POINT('',(-12.9539538285782,2.2,5.82349012740355));
#9039=CARTESIAN_POINT('',(-12.9539538285782,2.2,5.82349012740355));
#9040=CARTESIAN_POINT('',(-12.9539538285782,2.2,11.9144593753502));
#9041=CARTESIAN_POINT('',(-12.9539538285782,2.2,11.9144593753502));
#9042=CARTESIAN_POINT('',(-9.76063014518865,2.2,11.9144593753502));
#9043=CARTESIAN_POINT('',(-9.76063014518865,2.2,5.82349012740355));
#9044=CARTESIAN_POINT('',(-9.76063014518865,2.2,5.82349012740355));
#9045=CARTESIAN_POINT('',(-12.9539538285782,2.2,5.82349012740355));
#9046=CARTESIAN_POINT('',(0.,2.2,0.));
#9047=CARTESIAN_POINT('',(-12.9539538285782,1.,5.82349012740355));
#9048=CARTESIAN_POINT('',(-9.76063014518865,1.,5.82349012740355));
#9049=CARTESIAN_POINT('',(-12.9539538285782,1.,5.82349012740355));
#9050=CARTESIAN_POINT('',(-12.9539538285782,2.2,5.82349012740355));
#9051=CARTESIAN_POINT('',(-9.76063014518865,2.2,5.82349012740355));
#9052=CARTESIAN_POINT('',(-12.9539538285782,2.2,5.82349012740355));
#9053=CARTESIAN_POINT('',(-9.76063014518865,1.,5.82349012740355));
#9054=CARTESIAN_POINT('',(-9.76063014518865,1.,11.9144593753502));
#9055=CARTESIAN_POINT('',(-9.76063014518865,2.2,11.9144593753502));
#9056=CARTESIAN_POINT('',(-9.76063014518865,2.2,5.82349012740355));
#9057=CARTESIAN_POINT('',(-12.9539538285782,1.,11.9144593753502));
#9058=CARTESIAN_POINT('',(-12.9539538285782,1.,11.9144593753502));
#9059=CARTESIAN_POINT('',(-12.9539538285782,2.2,11.9144593753502));
#9060=CARTESIAN_POINT('',(-12.9539538285782,2.2,11.9144593753502));
#9061=CARTESIAN_POINT('',(-12.9539538285782,1.,5.82349012740355));
#9062=CARTESIAN_POINT('',(-12.9539538285782,2.2,5.82349012740355));
#9063=CARTESIAN_POINT('',(11.8030854625046,1.,17.7550324675325));
#9064=CARTESIAN_POINT('',(11.8030854625046,1.,17.7550324675325));
#9065=CARTESIAN_POINT('',(11.8030854625046,0.,17.7550324675325));
#9066=CARTESIAN_POINT('',(11.8030854625046,1.,16.6550324675325));
#9067=CARTESIAN_POINT('',(11.8030854625046,1.,15.5550324675325));
#9068=CARTESIAN_POINT('',(11.8030854625046,1.,15.5550324675325));
#9069=CARTESIAN_POINT('',(11.8030854625046,0.,15.5550324675325));
#9070=CARTESIAN_POINT('',(11.8030854625046,0.,16.6550324675325));
#9071=CARTESIAN_POINT('',(11.8030854625046,1.,16.6550324675325));
#9072=CARTESIAN_POINT('',(-19.1967532467532,1.,17.8550324675325));
#9073=CARTESIAN_POINT('',(-19.1967532467532,1.,17.8550324675325));
#9074=CARTESIAN_POINT('',(-19.1967532467532,0.,17.8550324675325));
#9075=CARTESIAN_POINT('',(-19.1967532467532,1.,16.7550324675325));
#9076=CARTESIAN_POINT('',(-19.1967532467532,1.,15.6550324675325));
#9077=CARTESIAN_POINT('',(-19.1967532467532,1.,15.6550324675325));
#9078=CARTESIAN_POINT('',(-19.1967532467532,0.,15.6550324675325));
#9079=CARTESIAN_POINT('',(-19.1967532467532,0.,16.7550324675325));
#9080=CARTESIAN_POINT('',(-19.1967532467532,1.,16.7550324675325));
#9081=CARTESIAN_POINT('',(11.8030854625046,1.,-8.24496753246751));
#9082=CARTESIAN_POINT('',(11.8030854625046,1.,-8.24496753246751));
#9083=CARTESIAN_POINT('',(11.8030854625046,0.,-8.24496753246751));
#9084=CARTESIAN_POINT('',(11.8030854625046,1.,-9.34496753246751));
#9085=CARTESIAN_POINT('',(11.8030854625046,1.,-10.4449675324675));
#9086=CARTESIAN_POINT('',(11.8030854625046,1.,-10.4449675324675));
#9087=CARTESIAN_POINT('',(11.8030854625046,0.,-10.4449675324675));
#9088=CARTESIAN_POINT('',(11.8030854625046,0.,-9.34496753246751));
#9089=CARTESIAN_POINT('',(11.8030854625046,1.,-9.34496753246751));
#9090=CARTESIAN_POINT('',(-19.1967532467532,1.,-8.14496753246752));
#9091=CARTESIAN_POINT('',(-19.1967532467532,1.,-8.14496753246752));
#9092=CARTESIAN_POINT('',(-19.1967532467532,0.,-8.14496753246752));
#9093=CARTESIAN_POINT('',(-19.1967532467532,1.,-9.24496753246753));
#9094=CARTESIAN_POINT('',(-19.1967532467532,1.,-10.3449675324675));
#9095=CARTESIAN_POINT('',(-19.1967532467532,1.,-10.3449675324675));
#9096=CARTESIAN_POINT('',(-19.1967532467532,0.,-10.3449675324675));
#9097=CARTESIAN_POINT('',(-19.1967532467532,0.,-9.24496753246753));
#9098=CARTESIAN_POINT('',(-19.1967532467532,1.,-9.24496753246753));
#9099=CARTESIAN_POINT('',(-19.5967532467532,0.,-11.2949675324675));
#9100=CARTESIAN_POINT('',(12.2032467532468,0.,-11.2949675324675));
#9101=CARTESIAN_POINT('',(-19.5967532467532,0.,-11.2949675324675));
#9102=CARTESIAN_POINT('',(-19.5967532467532,1.,-11.2949675324675));
#9103=CARTESIAN_POINT('',(-19.5967532467532,1.,-11.2949675324675));
#9104=CARTESIAN_POINT('',(-19.5967532467532,1.,-11.2949675324675));
#9105=CARTESIAN_POINT('',(12.2032467532468,1.,-11.2949675324675));
#9106=CARTESIAN_POINT('',(12.2032467532468,1.,-11.2949675324675));
#9107=CARTESIAN_POINT('',(-19.5967532467532,1.,-11.2949675324675));
#9108=CARTESIAN_POINT('',(12.2032467532468,0.,-9.69496753246753));
#9109=CARTESIAN_POINT('',(13.8032467532468,0.,-9.69496753246753));
#9110=CARTESIAN_POINT('',(12.2032467532468,1.,-9.69496753246753));
#9111=CARTESIAN_POINT('',(13.8032467532468,1.,-9.69496753246753));
#9112=CARTESIAN_POINT('',(13.8032467532468,1.,-9.69496753246753));
#9113=CARTESIAN_POINT('',(12.2032467532468,1.,-9.69496753246753));
#9114=CARTESIAN_POINT('',(13.8032467532468,0.,-9.69496753246753));
#9115=CARTESIAN_POINT('',(13.8032467532468,0.,17.1050324675325));
#9116=CARTESIAN_POINT('',(13.8032467532468,1.,-9.69496753246753));
#9117=CARTESIAN_POINT('',(13.8032467532468,1.,17.1050324675325));
#9118=CARTESIAN_POINT('',(13.8032467532468,1.,17.1050324675325));
#9119=CARTESIAN_POINT('',(13.8032467532468,1.,-9.69496753246753));
#9120=CARTESIAN_POINT('',(12.2032467532468,0.,17.1050324675325));
#9121=CARTESIAN_POINT('',(12.2032467532468,0.,18.7050324675325));
#9122=CARTESIAN_POINT('',(12.2032467532468,1.,17.1050324675325));
#9123=CARTESIAN_POINT('',(12.2032467532468,1.,18.7050324675325));
#9124=CARTESIAN_POINT('',(12.2032467532468,1.,18.7050324675325));
#9125=CARTESIAN_POINT('',(12.2032467532468,1.,17.1050324675325));
#9126=CARTESIAN_POINT('',(-19.5967532467532,0.,18.7050324675325));
#9127=CARTESIAN_POINT('',(-19.5967532467532,0.,18.7050324675325));
#9128=CARTESIAN_POINT('',(-19.5967532467532,1.,18.7050324675325));
#9129=CARTESIAN_POINT('',(-19.5967532467532,1.,18.7050324675325));
#9130=CARTESIAN_POINT('',(-19.5967532467532,1.,18.7050324675325));
#9131=CARTESIAN_POINT('',(-19.5967532467532,1.,18.7050324675325));
#9132=CARTESIAN_POINT('',(-19.5967532467532,0.,17.1050324675325));
#9133=CARTESIAN_POINT('',(-21.1967532467532,0.,17.1050324675325));
#9134=CARTESIAN_POINT('',(-19.5967532467532,1.,17.1050324675325));
#9135=CARTESIAN_POINT('',(-21.1967532467532,1.,17.1050324675325));
#9136=CARTESIAN_POINT('',(-21.1967532467532,1.,17.1050324675325));
#9137=CARTESIAN_POINT('',(-19.5967532467532,1.,17.1050324675325));
#9138=CARTESIAN_POINT('',(-21.1967532467532,0.,-9.69496753246753));
#9139=CARTESIAN_POINT('',(-21.1967532467532,0.,-9.69496753246753));
#9140=CARTESIAN_POINT('',(-21.1967532467532,1.,-9.69496753246753));
#9141=CARTESIAN_POINT('',(-21.1967532467532,1.,-9.69496753246753));
#9142=CARTESIAN_POINT('',(-21.1967532467532,1.,-9.69496753246753));
#9143=CARTESIAN_POINT('',(-21.1967532467532,1.,-9.69496753246753));
#9144=CARTESIAN_POINT('',(-19.5967532467532,0.,-9.69496753246753));
#9145=CARTESIAN_POINT('',(-19.5967532467532,1.,-9.69496753246753));
#9146=CARTESIAN_POINT('',(-19.5967532467532,1.,-9.69496753246753));
#9147=CARTESIAN_POINT('',(11.8030854625046,0.,16.6550324675325));
#9148=CARTESIAN_POINT('',(-19.1967532467532,0.,16.7550324675325));
#9149=CARTESIAN_POINT('',(11.8030854625046,0.,-9.34496753246751));
#9150=CARTESIAN_POINT('',(-19.1967532467532,0.,-9.24496753246753));
#9151=CARTESIAN_POINT('',(-19.5967532467532,0.,-9.69496753246753));
#9152=CARTESIAN_POINT('',(-16.4467532467532,-2.5,2.95503246753247));
#9153=CARTESIAN_POINT('',(-16.4467532467532,-2.5,2.95503246753247));
#9154=CARTESIAN_POINT('',(-16.4467532467532,-2.5,2.45503246753247));
#9155=CARTESIAN_POINT('',(-16.4467532467532,-6.3,2.45503246753247));
#9156=CARTESIAN_POINT('',(-16.4467532467532,-6.3,2.45503246753247));
#9157=CARTESIAN_POINT('',(-16.4467532467532,-6.3,2.95503246753247));
#9158=CARTESIAN_POINT('',(-16.4467532467532,-6.3,2.95503246753247));
#9159=CARTESIAN_POINT('',(-16.4467532467532,-6.3,2.95503246753247));
#9160=CARTESIAN_POINT('',(-16.4467532467532,-6.3,2.95503246753247));
#9161=CARTESIAN_POINT('',(-16.4467532467532,-2.5,2.45503246753247));
#9162=CARTESIAN_POINT('',(-15.9467532467532,-2.5,2.45503246753247));
#9163=CARTESIAN_POINT('',(-15.9467532467532,-6.3,2.45503246753247));
#9164=CARTESIAN_POINT('',(-15.9467532467532,-6.3,2.45503246753247));
#9165=CARTESIAN_POINT('',(-16.4467532467532,-6.3,2.45503246753247));
#9166=CARTESIAN_POINT('',(-16.4467532467532,-6.3,2.45503246753247));
#9167=CARTESIAN_POINT('',(-15.9467532467532,-2.5,2.95503246753247));
#9168=CARTESIAN_POINT('',(-15.9467532467532,-2.5,2.95503246753247));
#9169=CARTESIAN_POINT('',(-15.9467532467532,-6.3,2.95503246753247));
#9170=CARTESIAN_POINT('',(-15.9467532467532,-6.3,2.95503246753247));
#9171=CARTESIAN_POINT('',(-15.9467532467532,-6.3,2.95503246753247));
#9172=CARTESIAN_POINT('',(-15.9467532467532,-6.3,2.95503246753247));
#9173=CARTESIAN_POINT('',(-16.4467532467532,-2.5,2.95503246753247));
#9174=CARTESIAN_POINT('',(-16.4467532467532,-6.3,2.95503246753247));
#9175=CARTESIAN_POINT('',(-16.4467532467532,-6.3,2.95503246753247));
#9176=CARTESIAN_POINT('',(0.,-6.3,-4.));
#9177=CARTESIAN_POINT('',(-16.4467532467532,-2.5,0.955032467532472));
#9178=CARTESIAN_POINT('',(-16.4467532467532,-2.5,0.955032467532472));
#9179=CARTESIAN_POINT('',(-16.4467532467532,-2.5,0.455032467532472));
#9180=CARTESIAN_POINT('',(-16.4467532467532,-6.3,0.455032467532472));
#9181=CARTESIAN_POINT('',(-16.4467532467532,-6.3,0.455032467532472));
#9182=CARTESIAN_POINT('',(-16.4467532467532,-6.3,0.955032467532472));
#9183=CARTESIAN_POINT('',(-16.4467532467532,-6.3,0.955032467532472));
#9184=CARTESIAN_POINT('',(-16.4467532467532,-6.3,0.955032467532472));
#9185=CARTESIAN_POINT('',(-16.4467532467532,-6.3,0.955032467532472));
#9186=CARTESIAN_POINT('',(-16.4467532467532,-2.5,0.455032467532472));
#9187=CARTESIAN_POINT('',(-15.9467532467532,-2.5,0.455032467532472));
#9188=CARTESIAN_POINT('',(-15.9467532467532,-6.3,0.455032467532472));
#9189=CARTESIAN_POINT('',(-15.9467532467532,-6.3,0.455032467532472));
#9190=CARTESIAN_POINT('',(-16.4467532467532,-6.3,0.455032467532472));
#9191=CARTESIAN_POINT('',(-16.4467532467532,-6.3,0.455032467532472));
#9192=CARTESIAN_POINT('',(-15.9467532467532,-2.5,0.955032467532473));
#9193=CARTESIAN_POINT('',(-15.9467532467532,-2.5,0.955032467532473));
#9194=CARTESIAN_POINT('',(-15.9467532467532,-6.3,0.955032467532473));
#9195=CARTESIAN_POINT('',(-15.9467532467532,-6.3,0.955032467532473));
#9196=CARTESIAN_POINT('',(-15.9467532467532,-6.3,0.955032467532473));
#9197=CARTESIAN_POINT('',(-15.9467532467532,-6.3,0.955032467532473));
#9198=CARTESIAN_POINT('',(-16.4467532467532,-2.5,0.955032467532472));
#9199=CARTESIAN_POINT('',(-16.4467532467532,-6.3,0.955032467532472));
#9200=CARTESIAN_POINT('',(-16.4467532467532,-6.3,0.955032467532472));
#9201=CARTESIAN_POINT('',(0.,-6.3,-6.));
#9202=CARTESIAN_POINT('',(-18.4467532467532,-2.5,0.955032467532471));
#9203=CARTESIAN_POINT('',(-18.4467532467532,-2.5,0.955032467532471));
#9204=CARTESIAN_POINT('',(-18.4467532467532,-2.5,0.45503246753247));
#9205=CARTESIAN_POINT('',(-18.4467532467532,-2.5,0.955032467532471));
#9206=CARTESIAN_POINT('',(-17.9467532467532,-2.5,0.955032467532472));
#9207=CARTESIAN_POINT('',(-17.9467532467532,-2.5,0.955032467532472));
#9208=CARTESIAN_POINT('',(-17.9467532467532,-2.5,0.45503246753247));
#9209=CARTESIAN_POINT('',(-18.4467532467532,-2.5,0.45503246753247));
#9210=CARTESIAN_POINT('',(-18.4467532467532,-2.5,2.95503246753247));
#9211=CARTESIAN_POINT('',(-18.4467532467532,-2.5,2.95503246753247));
#9212=CARTESIAN_POINT('',(-18.4467532467532,-2.5,2.45503246753247));
#9213=CARTESIAN_POINT('',(-18.4467532467532,-2.5,2.95503246753247));
#9214=CARTESIAN_POINT('',(-17.9467532467532,-2.5,2.95503246753247));
#9215=CARTESIAN_POINT('',(-17.9467532467532,-2.5,2.95503246753247));
#9216=CARTESIAN_POINT('',(-17.9467532467532,-2.5,2.45503246753247));
#9217=CARTESIAN_POINT('',(-18.4467532467532,-2.5,2.45503246753247));
#9218=CARTESIAN_POINT('',(0.,-2.5,0.));
#9219=CARTESIAN_POINT('',(-18.4467532467532,-6.3,2.45503246753247));
#9220=CARTESIAN_POINT('',(-18.4467532467532,-6.3,2.45503246753247));
#9221=CARTESIAN_POINT('',(-18.4467532467532,-6.3,2.95503246753247));
#9222=CARTESIAN_POINT('',(-18.4467532467532,-6.3,2.95503246753247));
#9223=CARTESIAN_POINT('',(-18.4467532467532,-6.3,2.95503246753247));
#9224=CARTESIAN_POINT('',(-18.4467532467532,-6.3,2.95503246753247));
#9225=CARTESIAN_POINT('',(-17.9467532467532,-6.3,2.45503246753247));
#9226=CARTESIAN_POINT('',(-17.9467532467532,-6.3,2.45503246753247));
#9227=CARTESIAN_POINT('',(-18.4467532467532,-6.3,2.45503246753247));
#9228=CARTESIAN_POINT('',(-18.4467532467532,-6.3,2.45503246753247));
#9229=CARTESIAN_POINT('',(-17.9467532467532,-6.3,2.95503246753247));
#9230=CARTESIAN_POINT('',(-17.9467532467532,-6.3,2.95503246753247));
#9231=CARTESIAN_POINT('',(-17.9467532467532,-6.3,2.95503246753247));
#9232=CARTESIAN_POINT('',(-17.9467532467532,-6.3,2.95503246753247));
#9233=CARTESIAN_POINT('',(-18.4467532467532,-6.3,2.95503246753247));
#9234=CARTESIAN_POINT('',(-18.4467532467532,-6.3,2.95503246753247));
#9235=CARTESIAN_POINT('',(0.,-6.3,-4.));
#9236=CARTESIAN_POINT('',(-18.4467532467532,-6.3,0.45503246753247));
#9237=CARTESIAN_POINT('',(-18.4467532467532,-6.3,0.45503246753247));
#9238=CARTESIAN_POINT('',(-18.4467532467532,-6.3,0.955032467532471));
#9239=CARTESIAN_POINT('',(-18.4467532467532,-6.3,0.955032467532471));
#9240=CARTESIAN_POINT('',(-18.4467532467532,-6.3,0.955032467532471));
#9241=CARTESIAN_POINT('',(-18.4467532467532,-6.3,0.955032467532471));
#9242=CARTESIAN_POINT('',(-17.9467532467532,-6.3,0.45503246753247));
#9243=CARTESIAN_POINT('',(-17.9467532467532,-6.3,0.45503246753247));
#9244=CARTESIAN_POINT('',(-18.4467532467532,-6.3,0.45503246753247));
#9245=CARTESIAN_POINT('',(-18.4467532467532,-6.3,0.45503246753247));
#9246=CARTESIAN_POINT('',(-17.9467532467532,-6.3,0.955032467532472));
#9247=CARTESIAN_POINT('',(-17.9467532467532,-6.3,0.955032467532472));
#9248=CARTESIAN_POINT('',(-17.9467532467532,-6.3,0.955032467532472));
#9249=CARTESIAN_POINT('',(-17.9467532467532,-6.3,0.955032467532472));
#9250=CARTESIAN_POINT('',(-18.4467532467532,-6.3,0.955032467532471));
#9251=CARTESIAN_POINT('',(-18.4467532467532,-6.3,0.955032467532471));
#9252=CARTESIAN_POINT('',(0.,-6.3,-6.));
#9253=CARTESIAN_POINT('',(10.5532467532468,-2.5,1.95503246753247));
#9254=CARTESIAN_POINT('',(10.5532467532468,-2.5,1.95503246753247));
#9255=CARTESIAN_POINT('',(10.5532467532468,-2.5,1.45503246753247));
#9256=CARTESIAN_POINT('',(10.5532467532468,-6.3,1.45503246753247));
#9257=CARTESIAN_POINT('',(10.5532467532468,-6.3,1.45503246753247));
#9258=CARTESIAN_POINT('',(10.5532467532468,-6.3,1.95503246753247));
#9259=CARTESIAN_POINT('',(10.5532467532468,-6.3,1.95503246753247));
#9260=CARTESIAN_POINT('',(10.5532467532468,-6.3,1.95503246753247));
#9261=CARTESIAN_POINT('',(10.5532467532468,-6.3,1.95503246753247));
#9262=CARTESIAN_POINT('',(10.5532467532468,-2.5,1.45503246753247));
#9263=CARTESIAN_POINT('',(11.0532467532468,-2.5,1.45503246753247));
#9264=CARTESIAN_POINT('',(11.0532467532468,-6.3,1.45503246753247));
#9265=CARTESIAN_POINT('',(11.0532467532468,-6.3,1.45503246753247));
#9266=CARTESIAN_POINT('',(10.5532467532468,-6.3,1.45503246753247));
#9267=CARTESIAN_POINT('',(10.5532467532468,-6.3,1.45503246753247));
#9268=CARTESIAN_POINT('',(11.0532467532468,-2.5,1.95503246753247));
#9269=CARTESIAN_POINT('',(11.0532467532468,-2.5,1.95503246753247));
#9270=CARTESIAN_POINT('',(11.0532467532468,-6.3,1.95503246753247));
#9271=CARTESIAN_POINT('',(11.0532467532468,-6.3,1.95503246753247));
#9272=CARTESIAN_POINT('',(11.0532467532468,-6.3,1.95503246753247));
#9273=CARTESIAN_POINT('',(11.0532467532468,-6.3,1.95503246753247));
#9274=CARTESIAN_POINT('',(10.5532467532468,-2.5,1.95503246753247));
#9275=CARTESIAN_POINT('',(10.5532467532468,-6.3,1.95503246753247));
#9276=CARTESIAN_POINT('',(10.5532467532468,-6.3,1.95503246753247));
#9277=CARTESIAN_POINT('',(1.73472347597681E-15,-6.3,-4.));
#9278=CARTESIAN_POINT('',(8.55324675324677,-2.5,1.95503246753247));
#9279=CARTESIAN_POINT('',(8.55324675324677,-2.5,1.95503246753247));
#9280=CARTESIAN_POINT('',(8.55324675324678,-2.5,1.45503246753247));
#9281=CARTESIAN_POINT('',(8.55324675324677,-2.5,1.95503246753247));
#9282=CARTESIAN_POINT('',(9.05324675324677,-2.5,1.95503246753247));
#9283=CARTESIAN_POINT('',(9.05324675324677,-2.5,1.95503246753247));
#9284=CARTESIAN_POINT('',(9.05324675324677,-2.5,1.45503246753247));
#9285=CARTESIAN_POINT('',(8.55324675324678,-2.5,1.45503246753247));
#9286=CARTESIAN_POINT('',(0.,-2.5,0.));
#9287=CARTESIAN_POINT('',(8.55324675324678,-6.3,1.45503246753247));
#9288=CARTESIAN_POINT('',(8.55324675324678,-6.3,1.45503246753247));
#9289=CARTESIAN_POINT('',(8.55324675324677,-6.3,1.95503246753247));
#9290=CARTESIAN_POINT('',(8.55324675324677,-6.3,1.95503246753247));
#9291=CARTESIAN_POINT('',(8.55324675324677,-6.3,1.95503246753247));
#9292=CARTESIAN_POINT('',(8.55324675324677,-6.3,1.95503246753247));
#9293=CARTESIAN_POINT('',(9.05324675324677,-6.3,1.45503246753247));
#9294=CARTESIAN_POINT('',(9.05324675324677,-6.3,1.45503246753247));
#9295=CARTESIAN_POINT('',(8.55324675324678,-6.3,1.45503246753247));
#9296=CARTESIAN_POINT('',(8.55324675324678,-6.3,1.45503246753247));
#9297=CARTESIAN_POINT('',(9.05324675324677,-6.3,1.95503246753247));
#9298=CARTESIAN_POINT('',(9.05324675324677,-6.3,1.95503246753247));
#9299=CARTESIAN_POINT('',(9.05324675324677,-6.3,1.95503246753247));
#9300=CARTESIAN_POINT('',(9.05324675324677,-6.3,1.95503246753247));
#9301=CARTESIAN_POINT('',(8.55324675324677,-6.3,1.95503246753247));
#9302=CARTESIAN_POINT('',(8.55324675324677,-6.3,1.95503246753247));
#9303=CARTESIAN_POINT('',(1.73472347597681E-15,-6.3,-4.));
#9304=CARTESIAN_POINT('',(-19.1967532467532,1.,16.7550324675325));
#9305=CARTESIAN_POINT('',(-19.1967532467532,1.,-9.24496753246753));
#9306=CARTESIAN_POINT('',(11.8030854625046,1.,-9.34496753246751));
#9307=CARTESIAN_POINT('',(11.8030854625046,1.,16.6550324675325));
#9308=CARTESIAN_POINT('',(-19.5967532467532,1.,-9.69496753246753));
#9309=CARTESIAN_POINT('',(-19.1967532467532,1.,-9.24496753246753));
#9310=CARTESIAN_POINT('',(11.8030854625046,1.,-9.34496753246751));
#9311=CARTESIAN_POINT('',(-19.1967532467532,1.,16.7550324675325));
#9312=CARTESIAN_POINT('',(11.8030854625046,1.,16.6550324675325));
#9313=CARTESIAN_POINT('',(-4.29691453749539,1.79999999999999,-1.42496753246751));
#9314=CARTESIAN_POINT('',(-4.29691453749539,1.79999999999999,-1.42496753246751));
#9315=CARTESIAN_POINT('',(-4.29691453749539,1.79999999999999,-1.42496753246751));
#9316=CARTESIAN_POINT('',(-4.29691453749539,1.79999999999999,-1.90795550893208));
#9317=CARTESIAN_POINT('',(-4.29691453749539,1.79999999999999,-2.39094348539665));
#9318=CARTESIAN_POINT('',(-4.29691453749539,1.79999999999999,-2.87393146186122));
#9319=CARTESIAN_POINT('',(-4.29691453749539,1.79999999999999,-2.87393146186122));
#9320=CARTESIAN_POINT('',(-4.29691453749539,1.79999999999999,-2.87393146186122));
#9321=CARTESIAN_POINT('',(-4.29691453749539,1.79999999999999,-2.87393146186122));
#9322=CARTESIAN_POINT('',(-4.17545192520574,1.79999999999999,-1.42496753246751));
#9323=CARTESIAN_POINT('',(-4.17545192520574,1.79999999999999,-1.42496753246751));
#9324=CARTESIAN_POINT('',(-4.17545192520574,1.79999999999999,-1.42496753246751));
#9325=CARTESIAN_POINT('',(-4.21593946263563,1.79999999999999,-1.42496753246751));
#9326=CARTESIAN_POINT('',(-4.25642700006551,1.79999999999999,-1.42496753246751));
#9327=CARTESIAN_POINT('',(-4.29691453749539,1.79999999999999,-1.42496753246751));
#9328=CARTESIAN_POINT('',(-4.29691453749539,1.79999999999999,-1.42496753246751));
#9329=CARTESIAN_POINT('',(-3.9494808569252,1.79999999999999,-2.59969252607202));
#9330=CARTESIAN_POINT('',(-3.9494808569252,1.79999999999999,-2.59969252607202));
#9331=CARTESIAN_POINT('',(-3.9494808569252,1.79999999999999,-2.59969252607202));
#9332=CARTESIAN_POINT('',(-3.9790873686708,1.79999999999999,-2.63499567265682));
#9333=CARTESIAN_POINT('',(-4.00894692752534,1.79999999999999,-2.65290306585201));
#9334=CARTESIAN_POINT('',(-4.0651233857093,1.79999999999999,-2.65290306585201));
#9335=CARTESIAN_POINT('',(-4.08908712671039,1.79999999999999,-2.63664682208829));
#9336=CARTESIAN_POINT('',(-4.1311686811418,1.79999999999999,-2.57206397657087));
#9337=CARTESIAN_POINT('',(-4.14620911928085,1.79999999999999,-2.52701748543846));
#9338=CARTESIAN_POINT('',(-4.16887270037338,1.79999999999999,-2.38275724850742));
#9339=CARTESIAN_POINT('',(-4.17545192520574,1.79999999999999,-2.28708060486455));
#9340=CARTESIAN_POINT('',(-4.17545192520574,1.79999999999999,-1.93080875358118));
#9341=CARTESIAN_POINT('',(-4.17545192520574,1.79999999999999,-1.67788814302435));
#9342=CARTESIAN_POINT('',(-4.17545192520574,1.79999999999999,-1.42496753246751));
#9343=CARTESIAN_POINT('',(-4.17545192520574,1.79999999999999,-1.42496753246751));
#9344=CARTESIAN_POINT('',(-4.17545192520574,1.79999999999999,-1.67788814302435));
#9345=CARTESIAN_POINT('',(-4.17545192520574,1.79999999999999,-1.93080875358118));
#9346=CARTESIAN_POINT('',(-4.17545192520574,1.79999999999999,-2.28708060486455));
#9347=CARTESIAN_POINT('',(-4.16887270037338,1.79999999999999,-2.38275724850742));
#9348=CARTESIAN_POINT('',(-4.14620911928085,1.79999999999999,-2.52701748543846));
#9349=CARTESIAN_POINT('',(-4.1311686811418,1.79999999999999,-2.57206397657087));
#9350=CARTESIAN_POINT('',(-4.08908712671039,1.79999999999999,-2.63664682208829));
#9351=CARTESIAN_POINT('',(-4.0651233857093,1.79999999999999,-2.65290306585201));
#9352=CARTESIAN_POINT('',(-4.00894692752534,1.79999999999999,-2.65290306585201));
#9353=CARTESIAN_POINT('',(-3.9790873686708,1.79999999999999,-2.63499567265682));
#9354=CARTESIAN_POINT('',(-3.9494808569252,1.79999999999999,-2.59969252607202));
#9355=CARTESIAN_POINT('',(-3.90772808395063,1.79999999999999,-2.82737223955373));
#9356=CARTESIAN_POINT('',(-3.90772808395063,1.79999999999999,-2.82737223955373));
#9357=CARTESIAN_POINT('',(-3.90772808395063,1.79999999999999,-2.82737223955373));
#9358=CARTESIAN_POINT('',(-3.92164567494215,1.79999999999999,-2.75147900172649));
#9359=CARTESIAN_POINT('',(-3.93556326593367,1.79999999999999,-2.67558576389925));
#9360=CARTESIAN_POINT('',(-3.9494808569252,1.79999999999999,-2.59969252607202));
#9361=CARTESIAN_POINT('',(-3.9494808569252,1.79999999999999,-2.59969252607202));
#9362=CARTESIAN_POINT('',(-4.18759818643471,1.79999999999999,-2.65392634546317));
#9363=CARTESIAN_POINT('',(-4.18759818643471,1.79999999999999,-2.65392634546317));
#9364=CARTESIAN_POINT('',(-4.18759818643471,1.79999999999999,-2.65392634546317));
#9365=CARTESIAN_POINT('',(-4.15976300445166,1.79999999999999,-2.75676594638412));
#9366=CARTESIAN_POINT('',(-4.13395219934011,1.79999999999999,-2.82481404052584));
#9367=CARTESIAN_POINT('',(-4.08688543707787,1.79999999999999,-2.89030393563968));
#9368=CARTESIAN_POINT('',(-4.06082158485738,1.79999999999999,-2.90667640941814));
#9369=CARTESIAN_POINT('',(-3.9914866770087,1.79999999999999,-2.90667640941814));
#9370=CARTESIAN_POINT('',(-3.94998695114307,1.79999999999999,-2.88007113952814));
#9371=CARTESIAN_POINT('',(-3.90772808395063,1.79999999999999,-2.82737223955373));
#9372=CARTESIAN_POINT('',(-3.90772808395063,1.79999999999999,-2.82737223955373));
#9373=CARTESIAN_POINT('',(-3.94998695114307,1.79999999999999,-2.88007113952814));
#9374=CARTESIAN_POINT('',(-3.9914866770087,1.79999999999999,-2.90667640941814));
#9375=CARTESIAN_POINT('',(-4.06082158485738,1.79999999999999,-2.90667640941814));
#9376=CARTESIAN_POINT('',(-4.08688543707787,1.79999999999999,-2.89030393563968));
#9377=CARTESIAN_POINT('',(-4.13395219934011,1.79999999999999,-2.82481404052584));
#9378=CARTESIAN_POINT('',(-4.15976300445166,1.79999999999999,-2.75676594638412));
#9379=CARTESIAN_POINT('',(-4.18759818643471,1.79999999999999,-2.65392634546317));
#9380=CARTESIAN_POINT('',(-4.18759818643471,1.79999999999999,-2.87393146186122));
#9381=CARTESIAN_POINT('',(-4.18759818643471,1.79999999999999,-2.87393146186122));
#9382=CARTESIAN_POINT('',(-4.18759818643471,1.79999999999999,-2.87393146186122));
#9383=CARTESIAN_POINT('',(-4.18759818643471,1.79999999999999,-2.80059642306187));
#9384=CARTESIAN_POINT('',(-4.18759818643471,1.79999999999999,-2.72726138426252));
#9385=CARTESIAN_POINT('',(-4.18759818643471,1.79999999999999,-2.65392634546317));
#9386=CARTESIAN_POINT('',(-4.18759818643471,1.79999999999999,-2.65392634546317));
#9387=CARTESIAN_POINT('',(-4.29691453749539,1.79999999999999,-2.87393146186122));
#9388=CARTESIAN_POINT('',(-4.2604757538085,1.79999999999999,-2.87393146186122));
#9389=CARTESIAN_POINT('',(-4.2240369701216,1.79999999999999,-2.87393146186122));
#9390=CARTESIAN_POINT('',(-4.18759818643471,1.79999999999999,-2.87393146186122));
#9391=CARTESIAN_POINT('',(-4.18759818643471,1.79999999999999,-2.87393146186122));
#9392=CARTESIAN_POINT('',(-4.17360879220287,1.79999999999999,-2.27594695179865));
#9393=CARTESIAN_POINT('',(-3.57623637124344,1.99999999999999,-2.05940089138284));
#9394=CARTESIAN_POINT('',(-3.48817597733345,1.99999999999999,-2.08498288166168));
#9395=CARTESIAN_POINT('',(-3.42187763479201,1.99999999999999,-2.11568126999629));
#9396=CARTESIAN_POINT('',(-3.37784743783701,1.99999999999999,-2.15200769619225));
#9397=CARTESIAN_POINT('',(-3.57623637124344,1.99999999999999,-2.05940089138284));
#9398=CARTESIAN_POINT('',(-3.37784743783701,1.99999999999999,-2.15200769619225));
#9399=CARTESIAN_POINT('',(-3.37784743783701,1.79999999999999,-2.15200769619225));
#9400=CARTESIAN_POINT('',(-3.37784743783701,1.79999999999999,-2.15200769619225));
#9401=CARTESIAN_POINT('',(-3.37784743783701,1.79999999999999,-2.15200769619225));
#9402=CARTESIAN_POINT('',(-3.42187763479201,1.79999999999999,-2.11568126999629));
#9403=CARTESIAN_POINT('',(-3.48817597733345,1.79999999999999,-2.08498288166168));
#9404=CARTESIAN_POINT('',(-3.57623637124344,1.79999999999999,-2.05940089138284));
#9405=CARTESIAN_POINT('',(-3.57623637124344,1.79999999999999,-2.05940089138284));
#9406=CARTESIAN_POINT('',(-3.57623637124344,1.79999999999999,-2.05940089138284));
#9407=CARTESIAN_POINT('',(-3.57623637124344,1.79999999999999,-2.05940089138284));
#9408=CARTESIAN_POINT('',(-3.48817597733345,1.79999999999999,-2.08498288166168));
#9409=CARTESIAN_POINT('',(-3.42187763479201,1.79999999999999,-2.11568126999629));
#9410=CARTESIAN_POINT('',(-3.37784743783701,1.79999999999999,-2.15200769619225));
#9411=CARTESIAN_POINT('',(-3.37784743783701,1.99999999999999,-2.15200769619225));
#9412=CARTESIAN_POINT('',(-3.37784743783701,1.99999999999999,-2.12199149426508));
#9413=CARTESIAN_POINT('',(-3.37784743783701,1.99999999999999,-2.0919752923379));
#9414=CARTESIAN_POINT('',(-3.37784743783701,1.99999999999999,-1.954003091434));
#9415=CARTESIAN_POINT('',(-3.38442666266937,1.99999999999999,-1.8721407225417));
#9416=CARTESIAN_POINT('',(-3.41394048670521,1.99999999999999,-1.74460121056111));
#9417=CARTESIAN_POINT('',(-3.44136226218014,1.99999999999999,-1.68795039253403));
#9418=CARTESIAN_POINT('',(-3.51423982955393,1.99999999999999,-1.60506474403057));
#9419=CARTESIAN_POINT('',(-3.55573955541956,1.99999999999999,-1.5845991518075));
#9420=CARTESIAN_POINT('',(-3.64987307994405,1.99999999999999,-1.5845991518075));
#9421=CARTESIAN_POINT('',(-3.68555272230413,1.99999999999999,-1.60608802364173));
#9422=CARTESIAN_POINT('',(-3.73442648864963,1.99999999999999,-1.69370040211484));
#9423=CARTESIAN_POINT('',(-3.74704316977577,1.99999999999999,-1.7483238895921));
#9424=CARTESIAN_POINT('',(-3.74704316977577,1.99999999999999,-1.85627988856882));
#9425=CARTESIAN_POINT('',(-3.74122308627023,1.99999999999999,-1.89516451379266));
#9426=CARTESIAN_POINT('',(-3.71910160820553,1.99999999999999,-1.96530576374625));
#9427=CARTESIAN_POINT('',(-3.70275992571183,1.99999999999999,-1.99186443704669));
#9428=CARTESIAN_POINT('',(-3.68226310988796,1.99999999999999,-2.01028347004746));
#9429=CARTESIAN_POINT('',(-3.68226310988796,2.,-2.01028347004746));
#9430=CARTESIAN_POINT('',(-3.68226310988796,1.79999999999999,-2.01028347004746));
#9431=CARTESIAN_POINT('',(-3.68226310988796,1.79999999999999,-2.01028347004746));
#9432=CARTESIAN_POINT('',(-3.68226310988796,1.79999999999999,-2.01028347004746));
#9433=CARTESIAN_POINT('',(-3.70275992571183,1.79999999999999,-1.99186443704669));
#9434=CARTESIAN_POINT('',(-3.71910160820553,1.79999999999999,-1.96530576374625));
#9435=CARTESIAN_POINT('',(-3.74122308627023,1.79999999999999,-1.89516451379266));
#9436=CARTESIAN_POINT('',(-3.74704316977577,1.79999999999999,-1.85627988856882));
#9437=CARTESIAN_POINT('',(-3.74704316977577,1.79999999999999,-1.7483238895921));
#9438=CARTESIAN_POINT('',(-3.73442648864963,1.79999999999999,-1.69370040211484));
#9439=CARTESIAN_POINT('',(-3.68555272230413,1.79999999999999,-1.60608802364173));
#9440=CARTESIAN_POINT('',(-3.64987307994405,1.79999999999999,-1.5845991518075));
#9441=CARTESIAN_POINT('',(-3.55573955541956,1.79999999999999,-1.5845991518075));
#9442=CARTESIAN_POINT('',(-3.51423982955393,1.79999999999999,-1.60506474403057));
#9443=CARTESIAN_POINT('',(-3.44136226218014,1.79999999999999,-1.68795039253403));
#9444=CARTESIAN_POINT('',(-3.41394048670521,1.79999999999999,-1.74460121056111));
#9445=CARTESIAN_POINT('',(-3.38442666266937,1.79999999999999,-1.8721407225417));
#9446=CARTESIAN_POINT('',(-3.37784743783701,1.79999999999999,-1.954003091434));
#9447=CARTESIAN_POINT('',(-3.37784743783701,1.79999999999999,-2.0919752923379));
#9448=CARTESIAN_POINT('',(-3.37784743783701,1.79999999999999,-2.12199149426508));
#9449=CARTESIAN_POINT('',(-3.37784743783701,1.79999999999999,-2.15200769619225));
#9450=CARTESIAN_POINT('',(-3.37784743783701,1.79999999999999,-2.15200769619225));
#9451=CARTESIAN_POINT('',(-3.37784743783701,1.79999999999999,-2.12199149426508));
#9452=CARTESIAN_POINT('',(-3.37784743783701,1.79999999999999,-2.0919752923379));
#9453=CARTESIAN_POINT('',(-3.37784743783701,1.79999999999999,-1.954003091434));
#9454=CARTESIAN_POINT('',(-3.38442666266937,1.79999999999999,-1.8721407225417));
#9455=CARTESIAN_POINT('',(-3.41394048670521,1.79999999999999,-1.74460121056111));
#9456=CARTESIAN_POINT('',(-3.44136226218014,1.79999999999999,-1.68795039253403));
#9457=CARTESIAN_POINT('',(-3.51423982955393,1.79999999999999,-1.60506474403057));
#9458=CARTESIAN_POINT('',(-3.55573955541956,1.79999999999999,-1.5845991518075));
#9459=CARTESIAN_POINT('',(-3.64987307994405,1.79999999999999,-1.5845991518075));
#9460=CARTESIAN_POINT('',(-3.68555272230413,1.79999999999999,-1.60608802364173));
#9461=CARTESIAN_POINT('',(-3.73442648864963,1.79999999999999,-1.69370040211484));
#9462=CARTESIAN_POINT('',(-3.74704316977577,1.79999999999999,-1.7483238895921));
#9463=CARTESIAN_POINT('',(-3.74704316977577,1.79999999999999,-1.85627988856882));
#9464=CARTESIAN_POINT('',(-3.74122308627023,1.79999999999999,-1.89516451379266));
#9465=CARTESIAN_POINT('',(-3.71910160820553,1.79999999999999,-1.96530576374625));
#9466=CARTESIAN_POINT('',(-3.70275992571183,1.79999999999999,-1.99186443704669));
#9467=CARTESIAN_POINT('',(-3.68226310988796,1.79999999999999,-2.01028347004746));
#9468=CARTESIAN_POINT('',(-3.36772555347954,1.79999999999999,-1.60352982461384));
#9469=CARTESIAN_POINT('',(-3.36772555347954,1.79999999999999,-1.60352982461384));
#9470=CARTESIAN_POINT('',(-3.36772555347954,1.79999999999999,-1.60352982461384));
#9471=CARTESIAN_POINT('',(-3.41276793887028,1.79999999999999,-1.52627221397174));
#9472=CARTESIAN_POINT('',(-3.45603899449847,1.79999999999999,-1.47152675477501));
#9473=CARTESIAN_POINT('',(-3.49753872036411,1.79999999999999,-1.43980508682924));
#9474=CARTESIAN_POINT('',(-3.49753872036411,1.79999999999999,-1.43980508682924));
#9475=CARTESIAN_POINT('',(-3.49753872036411,1.79999999999999,-1.43980508682924));
#9476=CARTESIAN_POINT('',(-3.49753872036411,1.79999999999999,-1.43980508682924));
#9477=CARTESIAN_POINT('',(-3.45603899449847,1.79999999999999,-1.47152675477501));
#9478=CARTESIAN_POINT('',(-3.41276793887028,1.79999999999999,-1.52627221397174));
#9479=CARTESIAN_POINT('',(-3.36772555347954,1.79999999999999,-1.60352982461384));
#9480=CARTESIAN_POINT('',(-3.34343303102161,1.79999999999999,-1.42496753246751));
#9481=CARTESIAN_POINT('',(-3.34343303102161,1.79999999999999,-1.42496753246751));
#9482=CARTESIAN_POINT('',(-3.34343303102161,1.79999999999999,-1.42496753246751));
#9483=CARTESIAN_POINT('',(-3.35608538646845,1.79999999999999,-1.47561987321963));
#9484=CARTESIAN_POINT('',(-3.36418289395442,1.79999999999999,-1.53548173047212));
#9485=CARTESIAN_POINT('',(-3.36772555347954,1.79999999999999,-1.60352982461384));
#9486=CARTESIAN_POINT('',(-3.36772555347954,1.79999999999999,-1.60352982461384));
#9487=CARTESIAN_POINT('',(-3.36418289395442,1.79999999999999,-1.53548173047212));
#9488=CARTESIAN_POINT('',(-3.35608538646845,1.79999999999999,-1.47561987321963));
#9489=CARTESIAN_POINT('',(-3.34343303102161,1.79999999999999,-1.42496753246751));
#9490=CARTESIAN_POINT('',(-3.21665642944428,1.79999999999999,-1.42496753246751));
#9491=CARTESIAN_POINT('',(-3.21665642944428,1.79999999999999,-1.42496753246751));
#9492=CARTESIAN_POINT('',(-3.21665642944428,1.79999999999999,-1.42496753246751));
#9493=CARTESIAN_POINT('',(-3.25891529663672,1.79999999999999,-1.42496753246751));
#9494=CARTESIAN_POINT('',(-3.30117416382916,1.79999999999999,-1.42496753246751));
#9495=CARTESIAN_POINT('',(-3.34343303102161,1.79999999999999,-1.42496753246751));
#9496=CARTESIAN_POINT('',(-3.34343303102161,1.79999999999999,-1.42496753246751));
#9497=CARTESIAN_POINT('',(-3.85560037950965,1.79999999999999,-2.46052649895511));
#9498=CARTESIAN_POINT('',(-3.85560037950965,1.79999999999999,-2.46052649895511));
#9499=CARTESIAN_POINT('',(-3.85560037950965,1.79999999999999,-2.46052649895511));
#9500=CARTESIAN_POINT('',(-3.84471935382537,1.79999999999999,-2.56336609987606));
#9501=CARTESIAN_POINT('',(-3.82661425036015,1.79999999999999,-2.64609876053905));
#9502=CARTESIAN_POINT('',(-3.77766186995712,1.79999999999999,-2.772626780357));
#9503=CARTESIAN_POINT('',(-3.74188561556538,1.79999999999999,-2.82144722383389));
#9504=CARTESIAN_POINT('',(-3.64835479729043,1.79999999999999,-2.88928065602853));
#9505=CARTESIAN_POINT('',(-3.59394966886902,1.79999999999999,-2.90667640941814));
#9506=CARTESIAN_POINT('',(-3.47122182103468,1.79999999999999,-2.90667640941814));
#9507=CARTESIAN_POINT('',(-3.42153163455325,1.79999999999999,-2.89196104510932));
#9508=CARTESIAN_POINT('',(-3.34495131367523,1.79999999999999,-2.83351191722065));
#9509=CARTESIAN_POINT('',(-3.31668564911214,1.79999999999999,-2.79725752414001));
#9510=CARTESIAN_POINT('',(-3.28093039511422,1.79999999999999,-2.70867180465989));
#9511=CARTESIAN_POINT('',(-3.26771569178523,1.79999999999999,-2.65347133719184));
#9512=CARTESIAN_POINT('',(-3.25714396687416,1.79999999999999,-2.54392378726414));
#9513=CARTESIAN_POINT('',(-3.25511959000267,1.79999999999999,-2.46871273584434));
#9514=CARTESIAN_POINT('',(-3.25511959000267,1.79999999999999,-2.25058363206673));
#9515=CARTESIAN_POINT('',(-3.25511959000267,1.79999999999999,-2.141433806877));
#9516=CARTESIAN_POINT('',(-3.25511959000267,1.79999999999999,-1.8035809885944));
#9517=CARTESIAN_POINT('',(-3.25233788137933,1.79999999999999,-1.65932015038421));
#9518=CARTESIAN_POINT('',(-3.24221418744689,1.79999999999999,-1.53855156930558));
#9519=CARTESIAN_POINT('',(-3.23183925598049,1.79999999999999,-1.48022463146982));
#9520=CARTESIAN_POINT('',(-3.21665642944428,1.79999999999999,-1.42496753246751));
#9521=CARTESIAN_POINT('',(-3.21665642944428,1.79999999999999,-1.42496753246751));
#9522=CARTESIAN_POINT('',(-3.23183925598049,1.79999999999999,-1.48022463146982));
#9523=CARTESIAN_POINT('',(-3.24221418744689,1.79999999999999,-1.53855156930558));
#9524=CARTESIAN_POINT('',(-3.25233788137933,1.79999999999999,-1.65932015038421));
#9525=CARTESIAN_POINT('',(-3.25511959000267,1.79999999999999,-1.8035809885944));
#9526=CARTESIAN_POINT('',(-3.25511959000267,1.79999999999999,-2.141433806877));
#9527=CARTESIAN_POINT('',(-3.25511959000267,1.79999999999999,-2.25058363206673));
#9528=CARTESIAN_POINT('',(-3.25511959000267,1.79999999999999,-2.46871273584434));
#9529=CARTESIAN_POINT('',(-3.25714396687416,1.79999999999999,-2.54392378726414));
#9530=CARTESIAN_POINT('',(-3.26771569178523,1.79999999999999,-2.65347133719184));
#9531=CARTESIAN_POINT('',(-3.28093039511422,1.79999999999999,-2.70867180465989));
#9532=CARTESIAN_POINT('',(-3.31668564911214,1.79999999999999,-2.79725752414001));
#9533=CARTESIAN_POINT('',(-3.34495131367523,1.79999999999999,-2.83351191722065));
#9534=CARTESIAN_POINT('',(-3.42153163455325,1.79999999999999,-2.89196104510932));
#9535=CARTESIAN_POINT('',(-3.47122182103468,1.79999999999999,-2.90667640941814));
#9536=CARTESIAN_POINT('',(-3.59394966886902,1.79999999999999,-2.90667640941814));
#9537=CARTESIAN_POINT('',(-3.64835479729043,1.79999999999999,-2.88928065602853));
#9538=CARTESIAN_POINT('',(-3.74188561556538,1.79999999999999,-2.82144722383389));
#9539=CARTESIAN_POINT('',(-3.77766186995712,1.79999999999999,-2.772626780357));
#9540=CARTESIAN_POINT('',(-3.82661425036015,1.79999999999999,-2.64609876053905));
#9541=CARTESIAN_POINT('',(-3.84471935382537,1.79999999999999,-2.56336609987606));
#9542=CARTESIAN_POINT('',(-3.85560037950965,1.79999999999999,-2.46052649895511));
#9543=CARTESIAN_POINT('',(-3.7369212854183,1.79999999999999,-2.42778155139819));
#9544=CARTESIAN_POINT('',(-3.7369212854183,1.79999999999999,-2.42778155139819));
#9545=CARTESIAN_POINT('',(-3.7369212854183,1.79999999999999,-2.42778155139819));
#9546=CARTESIAN_POINT('',(-3.77648098344875,1.79999999999999,-2.43869653391716));
#9547=CARTESIAN_POINT('',(-3.8160406814792,1.79999999999999,-2.44961151643613));
#9548=CARTESIAN_POINT('',(-3.85560037950965,1.79999999999999,-2.46052649895511));
#9549=CARTESIAN_POINT('',(-3.85560037950965,1.79999999999999,-2.46052649895511));
#9550=CARTESIAN_POINT('',(-3.37784743783701,1.79999999999999,-2.34438426308916));
#9551=CARTESIAN_POINT('',(-3.37784743783701,1.79999999999999,-2.34438426308916));
#9552=CARTESIAN_POINT('',(-3.37784743783701,1.79999999999999,-2.34438426308916));
#9553=CARTESIAN_POINT('',(-3.37734134361913,1.79999999999999,-2.37815249025723));
#9554=CARTESIAN_POINT('',(-3.3770882965102,1.79999999999999,-2.39964136209146));
#9555=CARTESIAN_POINT('',(-3.3770882965102,1.79999999999999,-2.50862064067933));
#9556=CARTESIAN_POINT('',(-3.3885147059949,1.79999999999999,-2.57934660230324));
#9557=CARTESIAN_POINT('',(-3.44262749772482,1.79999999999999,-2.67541521729739));
#9558=CARTESIAN_POINT('',(-3.48868207155132,1.79999999999999,-2.70304376679855));
#9559=CARTESIAN_POINT('',(-3.60710811853373,1.79999999999999,-2.70304376679855));
#9560=CARTESIAN_POINT('',(-3.64911393861724,1.79999999999999,-2.68308981438105));
#9561=CARTESIAN_POINT('',(-3.70377211414758,1.79999999999999,-2.6022507250999));
#9562=CARTESIAN_POINT('',(-3.72376283575359,1.79999999999999,-2.53062115231914));
#9563=CARTESIAN_POINT('',(-3.7369212854183,1.79999999999999,-2.42778155139819));
#9564=CARTESIAN_POINT('',(-3.7369212854183,1.79999999999999,-2.42778155139819));
#9565=CARTESIAN_POINT('',(-3.72376283575359,1.79999999999999,-2.53062115231914));
#9566=CARTESIAN_POINT('',(-3.70377211414758,1.79999999999999,-2.6022507250999));
#9567=CARTESIAN_POINT('',(-3.64911393861724,1.79999999999999,-2.68308981438105));
#9568=CARTESIAN_POINT('',(-3.60710811853373,1.79999999999999,-2.70304376679855));
#9569=CARTESIAN_POINT('',(-3.48868207155132,1.79999999999999,-2.70304376679855));
#9570=CARTESIAN_POINT('',(-3.44262749772482,1.79999999999999,-2.67541521729739));
#9571=CARTESIAN_POINT('',(-3.3885147059949,1.79999999999999,-2.57934660230324));
#9572=CARTESIAN_POINT('',(-3.3770882965102,1.79999999999999,-2.50862064067933));
#9573=CARTESIAN_POINT('',(-3.3770882965102,1.79999999999999,-2.39964136209146));
#9574=CARTESIAN_POINT('',(-3.37734134361913,1.79999999999999,-2.37815249025723));
#9575=CARTESIAN_POINT('',(-3.37784743783701,1.79999999999999,-2.34438426308916));
#9576=CARTESIAN_POINT('',(-3.7025068786029,1.79999999999999,-2.22312562916744));
#9577=CARTESIAN_POINT('',(-3.7025068786029,1.79999999999999,-2.22312562916744));
#9578=CARTESIAN_POINT('',(-3.7025068786029,1.79999999999999,-2.22312562916744));
#9579=CARTESIAN_POINT('',(-3.6784674032539,1.79999999999999,-2.23591662430686));
#9580=CARTESIAN_POINT('',(-3.64258349625915,1.79999999999999,-2.24839710843503));
#9581=CARTESIAN_POINT('',(-3.49652653192836,1.79999999999999,-2.28349912622551));
#9582=CARTESIAN_POINT('',(-3.42415505877244,1.79999999999999,-2.31163931553224));
#9583=CARTESIAN_POINT('',(-3.37784743783701,1.79999999999999,-2.34438426308916));
#9584=CARTESIAN_POINT('',(-3.37784743783701,1.79999999999999,-2.34438426308916));
#9585=CARTESIAN_POINT('',(-3.42415505877244,1.79999999999999,-2.31163931553224));
#9586=CARTESIAN_POINT('',(-3.49652653192836,1.79999999999999,-2.28349912622551));
#9587=CARTESIAN_POINT('',(-3.64258349625915,1.79999999999999,-2.24839710843503));
#9588=CARTESIAN_POINT('',(-3.6784674032539,1.79999999999999,-2.23591662430686));
#9589=CARTESIAN_POINT('',(-3.7025068786029,1.79999999999999,-2.22312562916744));
#9590=CARTESIAN_POINT('',(-3.49753872036411,1.79999999999999,-1.43980508682924));
#9591=CARTESIAN_POINT('',(-3.53929149333867,1.79999999999999,-1.40808341888348));
#9592=CARTESIAN_POINT('',(-3.58382778451155,1.79999999999999,-1.3922225849106));
#9593=CARTESIAN_POINT('',(-3.71035133897994,1.79999999999999,-1.3922225849106));
#9594=CARTESIAN_POINT('',(-3.77082959801583,1.79999999999999,-1.43110721013444));
#9595=CARTESIAN_POINT('',(-3.85534733240071,1.79999999999999,-1.58664571102981));
#9596=CARTESIAN_POINT('',(-3.8766032895514,1.79999999999999,-1.68590383331172));
#9597=CARTESIAN_POINT('',(-3.8766032895514,1.79999999999999,-1.87776876040305));
#9598=CARTESIAN_POINT('',(-3.86837667561326,1.79999999999999,-1.94271188169691));
#9599=CARTESIAN_POINT('',(-3.83662184633939,1.79999999999999,-2.05991253118842));
#9600=CARTESIAN_POINT('',(-3.81537685141415,1.79999999999999,-2.10680766779044));
#9601=CARTESIAN_POINT('',(-3.76399732607454,1.79999999999999,-2.17810132627667));
#9602=CARTESIAN_POINT('',(-3.73489690854681,1.79999999999999,-2.20470659616667));
#9603=CARTESIAN_POINT('',(-3.7025068786029,1.79999999999999,-2.22312562916744));
#9604=CARTESIAN_POINT('',(-3.7025068786029,1.79999999999999,-2.22312562916744));
#9605=CARTESIAN_POINT('',(-3.73489690854681,1.79999999999999,-2.20470659616667));
#9606=CARTESIAN_POINT('',(-3.76399732607454,1.79999999999999,-2.17810132627667));
#9607=CARTESIAN_POINT('',(-3.81537685141415,1.79999999999999,-2.10680766779044));
#9608=CARTESIAN_POINT('',(-3.83662184633939,1.79999999999999,-2.05991253118842));
#9609=CARTESIAN_POINT('',(-3.86837667561326,1.79999999999999,-1.94271188169691));
#9610=CARTESIAN_POINT('',(-3.8766032895514,1.79999999999999,-1.87776876040305));
#9611=CARTESIAN_POINT('',(-3.8766032895514,1.79999999999999,-1.68590383331172));
#9612=CARTESIAN_POINT('',(-3.85534733240071,1.79999999999999,-1.58664571102981));
#9613=CARTESIAN_POINT('',(-3.77082959801583,1.79999999999999,-1.43110721013444));
#9614=CARTESIAN_POINT('',(-3.71035133897994,1.79999999999999,-1.3922225849106));
#9615=CARTESIAN_POINT('',(-3.58382778451155,1.79999999999999,-1.3922225849106));
#9616=CARTESIAN_POINT('',(-3.53929149333867,1.79999999999999,-1.40808341888348));
#9617=CARTESIAN_POINT('',(-3.49753872036411,1.79999999999999,-1.43980508682924));
#9618=CARTESIAN_POINT('',(-3.68226310988796,1.99999999999999,-2.01028347004746));
#9619=CARTESIAN_POINT('',(-3.66151324695514,1.99999999999999,-2.02819086324265));
#9620=CARTESIAN_POINT('',(-3.62608665170399,1.99999999999999,-2.04456333702111));
#9621=CARTESIAN_POINT('',(-3.57623637124344,1.99999999999999,-2.05940089138284));
#9622=CARTESIAN_POINT('',(-3.57623637124344,1.79999999999999,-2.05940089138284));
#9623=CARTESIAN_POINT('',(-3.62608665170399,1.79999999999999,-2.04456333702111));
#9624=CARTESIAN_POINT('',(-3.66151324695514,1.79999999999999,-2.02819086324265));
#9625=CARTESIAN_POINT('',(-3.68226310988796,1.79999999999999,-2.01028347004746));
#9626=CARTESIAN_POINT('',(-3.68226310988796,1.79999999999999,-2.01028347004746));
#9627=CARTESIAN_POINT('',(-3.66151324695514,1.79999999999999,-2.02819086324265));
#9628=CARTESIAN_POINT('',(-3.62608665170399,1.79999999999999,-2.04456333702111));
#9629=CARTESIAN_POINT('',(-3.57623637124344,1.79999999999999,-2.05940089138284));
#9630=CARTESIAN_POINT('',(-3.43396063424374,1.79999999999999,-1.50459147721042));
#9631=CARTESIAN_POINT('',(-2.92792967814741,1.99999999999999,-1.73195141581364));
#9632=CARTESIAN_POINT('',(-2.96664588581474,1.99999999999999,-1.8235349410119));
#9633=CARTESIAN_POINT('',(-2.98587746609394,1.99999999999999,-1.96218932832323));
#9634=CARTESIAN_POINT('',(-2.98587746609394,1.99999999999999,-2.33977950483897));
#9635=CARTESIAN_POINT('',(-2.96765807425049,1.99999999999999,-2.48048045137261));
#9636=CARTESIAN_POINT('',(-2.89528660109457,1.99999999999999,-2.65853110371336));
#9637=CARTESIAN_POINT('',(-2.85024421570382,1.99999999999999,-2.70304376679855));
#9638=CARTESIAN_POINT('',(-2.74092786464313,1.99999999999999,-2.70304376679855));
#9639=CARTESIAN_POINT('',(-2.69436719659876,1.99999999999999,-2.65699618429663));
#9640=CARTESIAN_POINT('',(-2.65666317736718,1.99999999999999,-2.56387773968164));
#9641=CARTESIAN_POINT('',(-2.92792967814741,1.99999999999999,-1.73195141581364));
#9642=CARTESIAN_POINT('',(-2.65666317736718,2.,-2.56387773968164));
#9643=CARTESIAN_POINT('',(-2.65666317736718,1.79999999999999,-2.56387773968164));
#9644=CARTESIAN_POINT('',(-2.65666317736718,1.79999999999999,-2.56387773968164));
#9645=CARTESIAN_POINT('',(-2.65666317736718,1.79999999999999,-2.56387773968164));
#9646=CARTESIAN_POINT('',(-2.69436719659876,1.79999999999999,-2.65699618429663));
#9647=CARTESIAN_POINT('',(-2.74092786464313,1.79999999999999,-2.70304376679855));
#9648=CARTESIAN_POINT('',(-2.85024421570382,1.79999999999999,-2.70304376679855));
#9649=CARTESIAN_POINT('',(-2.89528660109457,1.79999999999999,-2.65853110371336));
#9650=CARTESIAN_POINT('',(-2.96765807425049,1.79999999999999,-2.48048045137261));
#9651=CARTESIAN_POINT('',(-2.98587746609394,1.79999999999999,-2.33977950483897));
#9652=CARTESIAN_POINT('',(-2.98587746609394,1.79999999999999,-1.96218932832323));
#9653=CARTESIAN_POINT('',(-2.96664588581474,1.79999999999999,-1.8235349410119));
#9654=CARTESIAN_POINT('',(-2.92792967814741,1.79999999999999,-1.73195141581364));
#9655=CARTESIAN_POINT('',(-2.92792967814741,1.79999999999999,-1.73195141581364));
#9656=CARTESIAN_POINT('',(-2.92792967814741,1.79999999999999,-1.73195141581364));
#9657=CARTESIAN_POINT('',(-2.92792967814741,1.79999999999999,-1.73195141581364));
#9658=CARTESIAN_POINT('',(-2.96664588581474,1.79999999999999,-1.8235349410119));
#9659=CARTESIAN_POINT('',(-2.98587746609394,1.79999999999999,-1.96218932832323));
#9660=CARTESIAN_POINT('',(-2.98587746609394,1.79999999999999,-2.33977950483897));
#9661=CARTESIAN_POINT('',(-2.96765807425049,1.79999999999999,-2.48048045137261));
#9662=CARTESIAN_POINT('',(-2.89528660109457,1.79999999999999,-2.65853110371336));
#9663=CARTESIAN_POINT('',(-2.85024421570382,1.79999999999999,-2.70304376679855));
#9664=CARTESIAN_POINT('',(-2.74092786464313,1.79999999999999,-2.70304376679855));
#9665=CARTESIAN_POINT('',(-2.69436719659876,1.79999999999999,-2.65699618429663));
#9666=CARTESIAN_POINT('',(-2.65666317736718,1.79999999999999,-2.56387773968164));
#9667=CARTESIAN_POINT('',(-2.60200500183684,1.79999999999999,-1.42496753246751));
#9668=CARTESIAN_POINT('',(-2.60200500183684,1.79999999999999,-1.42496753246751));
#9669=CARTESIAN_POINT('',(-2.60200500183684,1.79999999999999,-1.42496753246751));
#9670=CARTESIAN_POINT('',(-2.60200500183684,1.79999999999999,-1.48585266933116));
#9671=CARTESIAN_POINT('',(-2.60200500183684,1.79999999999999,-1.54673780619481));
#9672=CARTESIAN_POINT('',(-2.60200500183684,1.79999999999999,-1.60762294305846));
#9673=CARTESIAN_POINT('',(-2.60200500183684,1.79999999999999,-1.60762294305846));
#9674=CARTESIAN_POINT('',(-2.60200500183684,1.79999999999999,-1.60762294305846));
#9675=CARTESIAN_POINT('',(-2.60200500183684,1.79999999999999,-1.60762294305846));
#9676=CARTESIAN_POINT('',(-2.48914599125104,1.79999999999999,-1.42496753246751));
#9677=CARTESIAN_POINT('',(-2.48914599125104,1.79999999999999,-1.42496753246751));
#9678=CARTESIAN_POINT('',(-2.48914599125104,1.79999999999999,-1.42496753246751));
#9679=CARTESIAN_POINT('',(-2.5267656614463,1.79999999999999,-1.42496753246751));
#9680=CARTESIAN_POINT('',(-2.56438533164157,1.79999999999999,-1.42496753246751));
#9681=CARTESIAN_POINT('',(-2.60200500183684,1.79999999999999,-1.42496753246751));
#9682=CARTESIAN_POINT('',(-2.60200500183684,1.79999999999999,-1.42496753246751));
#9683=CARTESIAN_POINT('',(-2.48914599125104,1.79999999999999,-3.42496753246751));
#9684=CARTESIAN_POINT('',(-2.48914599125104,1.79999999999999,-3.42496753246751));
#9685=CARTESIAN_POINT('',(-2.48914599125104,1.79999999999999,-3.42496753246751));
#9686=CARTESIAN_POINT('',(-2.48914599125104,1.79999999999999,-2.75830086580085));
#9687=CARTESIAN_POINT('',(-2.48914599125104,1.79999999999999,-2.09163419913418));
#9688=CARTESIAN_POINT('',(-2.48914599125104,1.79999999999999,-1.42496753246751));
#9689=CARTESIAN_POINT('',(-2.48914599125104,1.79999999999999,-1.42496753246751));
#9690=CARTESIAN_POINT('',(-2.61010250932282,1.79999999999999,-3.42496753246751));
#9691=CARTESIAN_POINT('',(-2.61010250932282,1.79999999999999,-3.42496753246751));
#9692=CARTESIAN_POINT('',(-2.61010250932282,1.79999999999999,-3.42496753246751));
#9693=CARTESIAN_POINT('',(-2.56978366996556,1.79999999999999,-3.42496753246751));
#9694=CARTESIAN_POINT('',(-2.5294648306083,1.79999999999999,-3.42496753246751));
#9695=CARTESIAN_POINT('',(-2.48914599125104,1.79999999999999,-3.42496753246751));
#9696=CARTESIAN_POINT('',(-2.48914599125104,1.79999999999999,-3.42496753246751));
#9697=CARTESIAN_POINT('',(-2.61010250932282,1.79999999999999,-2.70713688524316));
#9698=CARTESIAN_POINT('',(-2.61010250932282,1.79999999999999,-2.70713688524316));
#9699=CARTESIAN_POINT('',(-2.61010250932282,1.79999999999999,-2.70713688524316));
#9700=CARTESIAN_POINT('',(-2.61010250932282,1.79999999999999,-2.94641376765128));
#9701=CARTESIAN_POINT('',(-2.61010250932282,1.79999999999999,-3.1856906500594));
#9702=CARTESIAN_POINT('',(-2.61010250932282,1.79999999999999,-3.42496753246751));
#9703=CARTESIAN_POINT('',(-2.61010250932282,1.79999999999999,-3.42496753246751));
#9704=CARTESIAN_POINT('',(-2.60200500183684,1.79999999999999,-1.60762294305846));
#9705=CARTESIAN_POINT('',(-2.64730043433652,1.79999999999999,-1.46385215769136));
#9706=CARTESIAN_POINT('',(-2.71410487109583,1.79999999999999,-1.3922225849106));
#9707=CARTESIAN_POINT('',(-2.85935391162555,1.79999999999999,-1.3922225849106));
#9708=CARTESIAN_POINT('',(-2.91157969798159,1.79999999999999,-1.42425140590207));
#9709=CARTESIAN_POINT('',(-3.00789256457144,1.79999999999999,-1.551342564445));
#9710=CARTESIAN_POINT('',(-3.04483744247621,1.79999999999999,-1.64036789061538));
#9711=CARTESIAN_POINT('',(-3.09747124113506,1.79999999999999,-1.86855924390266));
#9712=CARTESIAN_POINT('',(-3.11062969079977,1.79999999999999,-1.99953903413034));
#9713=CARTESIAN_POINT('',(-3.11062969079977,1.79999999999999,-2.29270864272589));
#9714=CARTESIAN_POINT('',(-3.09863752197613,1.79999999999999,-2.42366847424741));
#9715=CARTESIAN_POINT('',(-3.05116362019962,1.79999999999999,-2.65955438332451));
#9716=CARTESIAN_POINT('',(-3.01547796465762,1.79999999999999,-2.74979049719516));
#9717=CARTESIAN_POINT('',(-2.92008521777037,1.79999999999999,-2.87495474147238));
#9718=CARTESIAN_POINT('',(-2.86669227778471,1.79999999999999,-2.90667640941814));
#9719=CARTESIAN_POINT('',(-2.76446124577425,1.79999999999999,-2.90667640941814));
#9720=CARTESIAN_POINT('',(-2.72599808521586,1.79999999999999,-2.88825737641737));
#9721=CARTESIAN_POINT('',(-2.65868755423868,1.79999999999999,-2.8145812444143));
#9722=CARTESIAN_POINT('',(-2.63110541936457,1.79999999999999,-2.76648710269008));
#9723=CARTESIAN_POINT('',(-2.61010250932282,1.79999999999999,-2.70713688524316));
#9724=CARTESIAN_POINT('',(-2.61010250932282,1.79999999999999,-2.70713688524316));
#9725=CARTESIAN_POINT('',(-2.63110541936457,1.79999999999999,-2.76648710269008));
#9726=CARTESIAN_POINT('',(-2.65868755423868,1.79999999999999,-2.8145812444143));
#9727=CARTESIAN_POINT('',(-2.72599808521586,1.79999999999999,-2.88825737641737));
#9728=CARTESIAN_POINT('',(-2.76446124577425,1.79999999999999,-2.90667640941814));
#9729=CARTESIAN_POINT('',(-2.86669227778471,1.79999999999999,-2.90667640941814));
#9730=CARTESIAN_POINT('',(-2.92008521777037,1.79999999999999,-2.87495474147238));
#9731=CARTESIAN_POINT('',(-3.01547796465762,1.79999999999999,-2.74979049719516));
#9732=CARTESIAN_POINT('',(-3.05116362019962,1.79999999999999,-2.65955438332451));
#9733=CARTESIAN_POINT('',(-3.09863752197613,1.79999999999999,-2.42366847424741));
#9734=CARTESIAN_POINT('',(-3.11062969079977,1.79999999999999,-2.29270864272589));
#9735=CARTESIAN_POINT('',(-3.11062969079977,1.79999999999999,-1.99953903413034));
#9736=CARTESIAN_POINT('',(-3.09747124113506,1.79999999999999,-1.86855924390266));
#9737=CARTESIAN_POINT('',(-3.04483744247621,1.79999999999999,-1.64036789061538));
#9738=CARTESIAN_POINT('',(-3.00789256457144,1.79999999999999,-1.551342564445));
#9739=CARTESIAN_POINT('',(-2.91157969798159,1.79999999999999,-1.42425140590207));
#9740=CARTESIAN_POINT('',(-2.85935391162555,1.79999999999999,-1.3922225849106));
#9741=CARTESIAN_POINT('',(-2.71410487109583,1.79999999999999,-1.3922225849106));
#9742=CARTESIAN_POINT('',(-2.64730043433652,1.79999999999999,-1.46385215769136));
#9743=CARTESIAN_POINT('',(-2.60200500183684,1.79999999999999,-1.60762294305846));
#9744=CARTESIAN_POINT('',(-2.65666317736718,1.99999999999999,-2.56387773968164));
#9745=CARTESIAN_POINT('',(-2.61910115898143,1.99999999999999,-2.47110999767519));
#9746=CARTESIAN_POINT('',(-2.59998062496535,1.99999999999999,-2.32596523008839));
#9747=CARTESIAN_POINT('',(-2.59998062496535,1.99999999999999,-1.9473517739615));
#9748=CARTESIAN_POINT('',(-2.61845306391773,1.99999999999999,-1.81330214490036));
#9749=CARTESIAN_POINT('',(-2.69299478819515,1.99999999999999,-1.63797823167816));
#9750=CARTESIAN_POINT('',(-2.73789129933589,1.99999999999999,-1.59432030811346));
#9751=CARTESIAN_POINT('',(-2.84341194376253,1.99999999999999,-1.59432030811346));
#9752=CARTESIAN_POINT('',(-2.88921347048009,1.99999999999999,-1.6398562508098));
#9753=CARTESIAN_POINT('',(-2.92792967814741,1.99999999999999,-1.73195141581364));
#9754=CARTESIAN_POINT('',(-2.92792967814741,1.79999999999999,-1.73195141581364));
#9755=CARTESIAN_POINT('',(-2.88921347048009,1.79999999999999,-1.6398562508098));
#9756=CARTESIAN_POINT('',(-2.84341194376253,1.79999999999999,-1.59432030811346));
#9757=CARTESIAN_POINT('',(-2.73789129933589,1.79999999999999,-1.59432030811346));
#9758=CARTESIAN_POINT('',(-2.69299478819515,1.79999999999999,-1.63797823167816));
#9759=CARTESIAN_POINT('',(-2.61845306391773,1.79999999999999,-1.81330214490036));
#9760=CARTESIAN_POINT('',(-2.59998062496535,1.79999999999999,-1.9473517739615));
#9761=CARTESIAN_POINT('',(-2.59998062496535,1.79999999999999,-2.32596523008839));
#9762=CARTESIAN_POINT('',(-2.61910115898143,1.79999999999999,-2.47110999767519));
#9763=CARTESIAN_POINT('',(-2.65666317736718,1.79999999999999,-2.56387773968164));
#9764=CARTESIAN_POINT('',(-2.65666317736718,1.79999999999999,-2.56387773968164));
#9765=CARTESIAN_POINT('',(-2.61910115898143,1.79999999999999,-2.47110999767519));
#9766=CARTESIAN_POINT('',(-2.59998062496535,1.79999999999999,-2.32596523008839));
#9767=CARTESIAN_POINT('',(-2.59998062496535,1.79999999999999,-1.9473517739615));
#9768=CARTESIAN_POINT('',(-2.61845306391773,1.79999999999999,-1.81330214490036));
#9769=CARTESIAN_POINT('',(-2.69299478819515,1.79999999999999,-1.63797823167816));
#9770=CARTESIAN_POINT('',(-2.73789129933589,1.79999999999999,-1.59432030811346));
#9771=CARTESIAN_POINT('',(-2.84341194376253,1.79999999999999,-1.59432030811346));
#9772=CARTESIAN_POINT('',(-2.88921347048009,1.79999999999999,-1.6398562508098));
#9773=CARTESIAN_POINT('',(-2.92792967814741,1.79999999999999,-1.73195141581364));
#9774=CARTESIAN_POINT('',(-3.11024387900478,1.79999999999999,-2.10441849513257));
#9775=CARTESIAN_POINT('',(-2.03922823156144,1.99999999999999,-2.05940089138284));
#9776=CARTESIAN_POINT('',(-1.95116783765144,1.99999999999999,-2.08498288166168));
#9777=CARTESIAN_POINT('',(-1.88486949511,1.99999999999999,-2.11568126999629));
#9778=CARTESIAN_POINT('',(-1.840839298155,1.99999999999999,-2.15200769619225));
#9779=CARTESIAN_POINT('',(-2.03922823156144,1.99999999999999,-2.05940089138284));
#9780=CARTESIAN_POINT('',(-1.840839298155,1.99999999999999,-2.15200769619225));
#9781=CARTESIAN_POINT('',(-1.840839298155,1.79999999999999,-2.15200769619225));
#9782=CARTESIAN_POINT('',(-1.840839298155,1.79999999999999,-2.15200769619225));
#9783=CARTESIAN_POINT('',(-1.840839298155,1.79999999999999,-2.15200769619225));
#9784=CARTESIAN_POINT('',(-1.88486949511,1.79999999999999,-2.11568126999629));
#9785=CARTESIAN_POINT('',(-1.95116783765144,1.79999999999999,-2.08498288166168));
#9786=CARTESIAN_POINT('',(-2.03922823156144,1.79999999999999,-2.05940089138284));
#9787=CARTESIAN_POINT('',(-2.03922823156144,1.79999999999999,-2.05940089138284));
#9788=CARTESIAN_POINT('',(-2.03922823156144,1.79999999999999,-2.05940089138284));
#9789=CARTESIAN_POINT('',(-2.03922823156144,1.79999999999999,-2.05940089138284));
#9790=CARTESIAN_POINT('',(-1.95116783765144,1.79999999999999,-2.08498288166168));
#9791=CARTESIAN_POINT('',(-1.88486949511,1.79999999999999,-2.11568126999629));
#9792=CARTESIAN_POINT('',(-1.840839298155,1.79999999999999,-2.15200769619225));
#9793=CARTESIAN_POINT('',(-1.840839298155,1.99999999999999,-2.15200769619225));
#9794=CARTESIAN_POINT('',(-1.840839298155,1.99999999999999,-2.12199149426508));
#9795=CARTESIAN_POINT('',(-1.840839298155,1.99999999999999,-2.0919752923379));
#9796=CARTESIAN_POINT('',(-1.840839298155,1.99999999999999,-1.954003091434));
#9797=CARTESIAN_POINT('',(-1.84741852298736,1.99999999999999,-1.8721407225417));
#9798=CARTESIAN_POINT('',(-1.87693234702321,1.99999999999999,-1.74460121056111));
#9799=CARTESIAN_POINT('',(-1.90435412249814,1.99999999999999,-1.68795039253403));
#9800=CARTESIAN_POINT('',(-1.97723168987193,1.99999999999999,-1.60506474403057));
#9801=CARTESIAN_POINT('',(-2.01873141573756,1.99999999999999,-1.5845991518075));
#9802=CARTESIAN_POINT('',(-2.11286494026204,1.99999999999999,-1.5845991518075));
#9803=CARTESIAN_POINT('',(-2.14854458262213,1.99999999999999,-1.60608802364173));
#9804=CARTESIAN_POINT('',(-2.19741834896763,1.99999999999999,-1.69370040211484));
#9805=CARTESIAN_POINT('',(-2.21003503009377,1.99999999999999,-1.7483238895921));
#9806=CARTESIAN_POINT('',(-2.21003503009377,1.99999999999999,-1.85627988856882));
#9807=CARTESIAN_POINT('',(-2.20421494658822,1.99999999999999,-1.89516451379266));
#9808=CARTESIAN_POINT('',(-2.18209346852352,1.99999999999999,-1.96530576374625));
#9809=CARTESIAN_POINT('',(-2.16575178602983,1.99999999999999,-1.99186443704669));
#9810=CARTESIAN_POINT('',(-2.14525497020595,1.99999999999999,-2.01028347004746));
#9811=CARTESIAN_POINT('',(-2.14525497020595,2.,-2.01028347004746));
#9812=CARTESIAN_POINT('',(-2.14525497020595,1.79999999999999,-2.01028347004746));
#9813=CARTESIAN_POINT('',(-2.14525497020595,1.79999999999999,-2.01028347004746));
#9814=CARTESIAN_POINT('',(-2.14525497020595,1.79999999999999,-2.01028347004746));
#9815=CARTESIAN_POINT('',(-2.16575178602983,1.79999999999999,-1.99186443704669));
#9816=CARTESIAN_POINT('',(-2.18209346852352,1.79999999999999,-1.96530576374625));
#9817=CARTESIAN_POINT('',(-2.20421494658822,1.79999999999999,-1.89516451379266));
#9818=CARTESIAN_POINT('',(-2.21003503009377,1.79999999999999,-1.85627988856882));
#9819=CARTESIAN_POINT('',(-2.21003503009377,1.79999999999999,-1.7483238895921));
#9820=CARTESIAN_POINT('',(-2.19741834896763,1.79999999999999,-1.69370040211484));
#9821=CARTESIAN_POINT('',(-2.14854458262213,1.79999999999999,-1.60608802364173));
#9822=CARTESIAN_POINT('',(-2.11286494026204,1.79999999999999,-1.5845991518075));
#9823=CARTESIAN_POINT('',(-2.01873141573756,1.79999999999999,-1.5845991518075));
#9824=CARTESIAN_POINT('',(-1.97723168987193,1.79999999999999,-1.60506474403057));
#9825=CARTESIAN_POINT('',(-1.90435412249814,1.79999999999999,-1.68795039253403));
#9826=CARTESIAN_POINT('',(-1.87693234702321,1.79999999999999,-1.74460121056111));
#9827=CARTESIAN_POINT('',(-1.84741852298736,1.79999999999999,-1.8721407225417));
#9828=CARTESIAN_POINT('',(-1.840839298155,1.79999999999999,-1.954003091434));
#9829=CARTESIAN_POINT('',(-1.840839298155,1.79999999999999,-2.0919752923379));
#9830=CARTESIAN_POINT('',(-1.840839298155,1.79999999999999,-2.12199149426508));
#9831=CARTESIAN_POINT('',(-1.840839298155,1.79999999999999,-2.15200769619225));
#9832=CARTESIAN_POINT('',(-1.840839298155,1.79999999999999,-2.15200769619225));
#9833=CARTESIAN_POINT('',(-1.840839298155,1.79999999999999,-2.12199149426508));
#9834=CARTESIAN_POINT('',(-1.840839298155,1.79999999999999,-2.0919752923379));
#9835=CARTESIAN_POINT('',(-1.840839298155,1.79999999999999,-1.954003091434));
#9836=CARTESIAN_POINT('',(-1.84741852298736,1.79999999999999,-1.8721407225417));
#9837=CARTESIAN_POINT('',(-1.87693234702321,1.79999999999999,-1.74460121056111));
#9838=CARTESIAN_POINT('',(-1.90435412249814,1.79999999999999,-1.68795039253403));
#9839=CARTESIAN_POINT('',(-1.97723168987193,1.79999999999999,-1.60506474403057));
#9840=CARTESIAN_POINT('',(-2.01873141573756,1.79999999999999,-1.5845991518075));
#9841=CARTESIAN_POINT('',(-2.11286494026204,1.79999999999999,-1.5845991518075));
#9842=CARTESIAN_POINT('',(-2.14854458262213,1.79999999999999,-1.60608802364173));
#9843=CARTESIAN_POINT('',(-2.19741834896763,1.79999999999999,-1.69370040211484));
#9844=CARTESIAN_POINT('',(-2.21003503009377,1.79999999999999,-1.7483238895921));
#9845=CARTESIAN_POINT('',(-2.21003503009377,1.79999999999999,-1.85627988856882));
#9846=CARTESIAN_POINT('',(-2.20421494658822,1.79999999999999,-1.89516451379266));
#9847=CARTESIAN_POINT('',(-2.18209346852352,1.79999999999999,-1.96530576374625));
#9848=CARTESIAN_POINT('',(-2.16575178602983,1.79999999999999,-1.99186443704669));
#9849=CARTESIAN_POINT('',(-2.14525497020595,1.79999999999999,-2.01028347004746));
#9850=CARTESIAN_POINT('',(-1.83071741379753,1.79999999999999,-1.60352982461384));
#9851=CARTESIAN_POINT('',(-1.83071741379753,1.79999999999999,-1.60352982461384));
#9852=CARTESIAN_POINT('',(-1.83071741379753,1.79999999999999,-1.60352982461384));
#9853=CARTESIAN_POINT('',(-1.87575979918828,1.79999999999999,-1.52627221397174));
#9854=CARTESIAN_POINT('',(-1.91903085481647,1.79999999999999,-1.47152675477501));
#9855=CARTESIAN_POINT('',(-1.9605305806821,1.79999999999999,-1.43980508682924));
#9856=CARTESIAN_POINT('',(-1.9605305806821,1.79999999999999,-1.43980508682924));
#9857=CARTESIAN_POINT('',(-1.9605305806821,1.79999999999999,-1.43980508682924));
#9858=CARTESIAN_POINT('',(-1.9605305806821,1.79999999999999,-1.43980508682924));
#9859=CARTESIAN_POINT('',(-1.91903085481647,1.79999999999999,-1.47152675477501));
#9860=CARTESIAN_POINT('',(-1.87575979918828,1.79999999999999,-1.52627221397174));
#9861=CARTESIAN_POINT('',(-1.83071741379753,1.79999999999999,-1.60352982461384));
#9862=CARTESIAN_POINT('',(-1.8064248913396,1.79999999999999,-1.42496753246751));
#9863=CARTESIAN_POINT('',(-1.8064248913396,1.79999999999999,-1.42496753246751));
#9864=CARTESIAN_POINT('',(-1.8064248913396,1.79999999999999,-1.42496753246751));
#9865=CARTESIAN_POINT('',(-1.81907724678644,1.79999999999999,-1.47561987321963));
#9866=CARTESIAN_POINT('',(-1.82717475427242,1.79999999999999,-1.53548173047212));
#9867=CARTESIAN_POINT('',(-1.83071741379753,1.79999999999999,-1.60352982461384));
#9868=CARTESIAN_POINT('',(-1.83071741379753,1.79999999999999,-1.60352982461384));
#9869=CARTESIAN_POINT('',(-1.82717475427242,1.79999999999999,-1.53548173047212));
#9870=CARTESIAN_POINT('',(-1.81907724678644,1.79999999999999,-1.47561987321963));
#9871=CARTESIAN_POINT('',(-1.8064248913396,1.79999999999999,-1.42496753246751));
#9872=CARTESIAN_POINT('',(-1.67964828976228,1.79999999999999,-1.42496753246751));
#9873=CARTESIAN_POINT('',(-1.67964828976228,1.79999999999999,-1.42496753246751));
#9874=CARTESIAN_POINT('',(-1.67964828976228,1.79999999999999,-1.42496753246751));
#9875=CARTESIAN_POINT('',(-1.72190715695472,1.79999999999999,-1.42496753246751));
#9876=CARTESIAN_POINT('',(-1.76416602414716,1.79999999999999,-1.42496753246751));
#9877=CARTESIAN_POINT('',(-1.8064248913396,1.79999999999999,-1.42496753246751));
#9878=CARTESIAN_POINT('',(-1.8064248913396,1.79999999999999,-1.42496753246751));
#9879=CARTESIAN_POINT('',(-2.31859223982765,1.79999999999999,-2.46052649895511));
#9880=CARTESIAN_POINT('',(-2.31859223982765,1.79999999999999,-2.46052649895511));
#9881=CARTESIAN_POINT('',(-2.31859223982765,1.79999999999999,-2.46052649895511));
#9882=CARTESIAN_POINT('',(-2.30771121414336,1.79999999999999,-2.56336609987606));
#9883=CARTESIAN_POINT('',(-2.28960611067815,1.79999999999999,-2.64609876053905));
#9884=CARTESIAN_POINT('',(-2.24065373027512,1.79999999999999,-2.772626780357));
#9885=CARTESIAN_POINT('',(-2.20487747588338,1.79999999999999,-2.82144722383389));
#9886=CARTESIAN_POINT('',(-2.11134665760842,1.79999999999999,-2.88928065602853));
#9887=CARTESIAN_POINT('',(-2.05694152918702,1.79999999999999,-2.90667640941814));
#9888=CARTESIAN_POINT('',(-1.93421368135268,1.79999999999999,-2.90667640941814));
#9889=CARTESIAN_POINT('',(-1.88452349487125,1.79999999999999,-2.89196104510932));
#9890=CARTESIAN_POINT('',(-1.80794317399322,1.79999999999999,-2.83351191722065));
#9891=CARTESIAN_POINT('',(-1.77967750943013,1.79999999999999,-2.79725752414001));
#9892=CARTESIAN_POINT('',(-1.74392225543222,1.79999999999999,-2.70867180465989));
#9893=CARTESIAN_POINT('',(-1.73070755210322,1.79999999999999,-2.65347133719184));
#9894=CARTESIAN_POINT('',(-1.72013582719216,1.79999999999999,-2.54392378726414));
#9895=CARTESIAN_POINT('',(-1.71811145032067,1.79999999999999,-2.46871273584434));
#9896=CARTESIAN_POINT('',(-1.71811145032067,1.79999999999999,-2.25058363206673));
#9897=CARTESIAN_POINT('',(-1.71811145032067,1.79999999999999,-2.141433806877));
#9898=CARTESIAN_POINT('',(-1.71811145032067,1.79999999999999,-1.8035809885944));
#9899=CARTESIAN_POINT('',(-1.71532974169733,1.79999999999999,-1.65932015038421));
#9900=CARTESIAN_POINT('',(-1.70520604776489,1.79999999999999,-1.53855156930558));
#9901=CARTESIAN_POINT('',(-1.69483111629848,1.79999999999999,-1.48022463146982));
#9902=CARTESIAN_POINT('',(-1.67964828976228,1.79999999999999,-1.42496753246751));
#9903=CARTESIAN_POINT('',(-1.67964828976228,1.79999999999999,-1.42496753246751));
#9904=CARTESIAN_POINT('',(-1.69483111629848,1.79999999999999,-1.48022463146982));
#9905=CARTESIAN_POINT('',(-1.70520604776489,1.79999999999999,-1.53855156930558));
#9906=CARTESIAN_POINT('',(-1.71532974169733,1.79999999999999,-1.65932015038421));
#9907=CARTESIAN_POINT('',(-1.71811145032067,1.79999999999999,-1.8035809885944));
#9908=CARTESIAN_POINT('',(-1.71811145032067,1.79999999999999,-2.141433806877));
#9909=CARTESIAN_POINT('',(-1.71811145032067,1.79999999999999,-2.25058363206673));
#9910=CARTESIAN_POINT('',(-1.71811145032067,1.79999999999999,-2.46871273584434));
#9911=CARTESIAN_POINT('',(-1.72013582719216,1.79999999999999,-2.54392378726414));
#9912=CARTESIAN_POINT('',(-1.73070755210322,1.79999999999999,-2.65347133719184));
#9913=CARTESIAN_POINT('',(-1.74392225543222,1.79999999999999,-2.70867180465989));
#9914=CARTESIAN_POINT('',(-1.77967750943013,1.79999999999999,-2.79725752414001));
#9915=CARTESIAN_POINT('',(-1.80794317399322,1.79999999999999,-2.83351191722065));
#9916=CARTESIAN_POINT('',(-1.88452349487125,1.79999999999999,-2.89196104510932));
#9917=CARTESIAN_POINT('',(-1.93421368135268,1.79999999999999,-2.90667640941814));
#9918=CARTESIAN_POINT('',(-2.05694152918702,1.79999999999999,-2.90667640941814));
#9919=CARTESIAN_POINT('',(-2.11134665760842,1.79999999999999,-2.88928065602853));
#9920=CARTESIAN_POINT('',(-2.20487747588338,1.79999999999999,-2.82144722383389));
#9921=CARTESIAN_POINT('',(-2.24065373027512,1.79999999999999,-2.772626780357));
#9922=CARTESIAN_POINT('',(-2.28960611067815,1.79999999999999,-2.64609876053905));
#9923=CARTESIAN_POINT('',(-2.30771121414336,1.79999999999999,-2.56336609987606));
#9924=CARTESIAN_POINT('',(-2.31859223982765,1.79999999999999,-2.46052649895511));
#9925=CARTESIAN_POINT('',(-2.1999131457363,1.79999999999999,-2.42778155139819));
#9926=CARTESIAN_POINT('',(-2.1999131457363,1.79999999999999,-2.42778155139819));
#9927=CARTESIAN_POINT('',(-2.1999131457363,1.79999999999999,-2.42778155139819));
#9928=CARTESIAN_POINT('',(-2.23947284376675,1.79999999999999,-2.43869653391716));
#9929=CARTESIAN_POINT('',(-2.2790325417972,1.79999999999999,-2.44961151643613));
#9930=CARTESIAN_POINT('',(-2.31859223982765,1.79999999999999,-2.46052649895511));
#9931=CARTESIAN_POINT('',(-2.31859223982765,1.79999999999999,-2.46052649895511));
#9932=CARTESIAN_POINT('',(-1.840839298155,1.79999999999999,-2.34438426308916));
#9933=CARTESIAN_POINT('',(-1.840839298155,1.79999999999999,-2.34438426308916));
#9934=CARTESIAN_POINT('',(-1.840839298155,1.79999999999999,-2.34438426308916));
#9935=CARTESIAN_POINT('',(-1.84033320393713,1.79999999999999,-2.37815249025723));
#9936=CARTESIAN_POINT('',(-1.84008015682819,1.79999999999999,-2.39964136209146));
#9937=CARTESIAN_POINT('',(-1.84008015682819,1.79999999999999,-2.50862064067933));
#9938=CARTESIAN_POINT('',(-1.8515065663129,1.79999999999999,-2.57934660230324));
#9939=CARTESIAN_POINT('',(-1.90561935804282,1.79999999999999,-2.67541521729739));
#9940=CARTESIAN_POINT('',(-1.95167393186931,1.79999999999999,-2.70304376679855));
#9941=CARTESIAN_POINT('',(-2.07009997885173,1.79999999999999,-2.70304376679855));
#9942=CARTESIAN_POINT('',(-2.11210579893523,1.79999999999999,-2.68308981438105));
#9943=CARTESIAN_POINT('',(-2.16676397446558,1.79999999999999,-2.6022507250999));
#9944=CARTESIAN_POINT('',(-2.18675469607158,1.79999999999999,-2.53062115231914));
#9945=CARTESIAN_POINT('',(-2.1999131457363,1.79999999999999,-2.42778155139819));
#9946=CARTESIAN_POINT('',(-2.1999131457363,1.79999999999999,-2.42778155139819));
#9947=CARTESIAN_POINT('',(-2.18675469607158,1.79999999999999,-2.53062115231914));
#9948=CARTESIAN_POINT('',(-2.16676397446558,1.79999999999999,-2.6022507250999));
#9949=CARTESIAN_POINT('',(-2.11210579893523,1.79999999999999,-2.68308981438105));
#9950=CARTESIAN_POINT('',(-2.07009997885173,1.79999999999999,-2.70304376679855));
#9951=CARTESIAN_POINT('',(-1.95167393186931,1.79999999999999,-2.70304376679855));
#9952=CARTESIAN_POINT('',(-1.90561935804282,1.79999999999999,-2.67541521729739));
#9953=CARTESIAN_POINT('',(-1.8515065663129,1.79999999999999,-2.57934660230324));
#9954=CARTESIAN_POINT('',(-1.84008015682819,1.79999999999999,-2.50862064067933));
#9955=CARTESIAN_POINT('',(-1.84008015682819,1.79999999999999,-2.39964136209146));
#9956=CARTESIAN_POINT('',(-1.84033320393713,1.79999999999999,-2.37815249025723));
#9957=CARTESIAN_POINT('',(-1.840839298155,1.79999999999999,-2.34438426308916));
#9958=CARTESIAN_POINT('',(-2.16549873892089,1.79999999999999,-2.22312562916744));
#9959=CARTESIAN_POINT('',(-2.16549873892089,1.79999999999999,-2.22312562916744));
#9960=CARTESIAN_POINT('',(-2.16549873892089,1.79999999999999,-2.22312562916744));
#9961=CARTESIAN_POINT('',(-2.1414592635719,1.79999999999999,-2.23591662430686));
#9962=CARTESIAN_POINT('',(-2.10557535657715,1.79999999999999,-2.24839710843503));
#9963=CARTESIAN_POINT('',(-1.95951839224635,1.79999999999999,-2.28349912622551));
#9964=CARTESIAN_POINT('',(-1.88714691909044,1.79999999999999,-2.31163931553224));
#9965=CARTESIAN_POINT('',(-1.840839298155,1.79999999999999,-2.34438426308916));
#9966=CARTESIAN_POINT('',(-1.840839298155,1.79999999999999,-2.34438426308916));
#9967=CARTESIAN_POINT('',(-1.88714691909044,1.79999999999999,-2.31163931553224));
#9968=CARTESIAN_POINT('',(-1.95951839224635,1.79999999999999,-2.28349912622551));
#9969=CARTESIAN_POINT('',(-2.10557535657715,1.79999999999999,-2.24839710843503));
#9970=CARTESIAN_POINT('',(-2.1414592635719,1.79999999999999,-2.23591662430686));
#9971=CARTESIAN_POINT('',(-2.16549873892089,1.79999999999999,-2.22312562916744));
#9972=CARTESIAN_POINT('',(-1.9605305806821,1.79999999999999,-1.43980508682924));
#9973=CARTESIAN_POINT('',(-2.00228335365667,1.79999999999999,-1.40808341888348));
#9974=CARTESIAN_POINT('',(-2.04681964482954,1.79999999999999,-1.3922225849106));
#9975=CARTESIAN_POINT('',(-2.17334319929793,1.79999999999999,-1.3922225849106));
#9976=CARTESIAN_POINT('',(-2.23382145833382,1.79999999999999,-1.43110721013444));
#9977=CARTESIAN_POINT('',(-2.31833919271871,1.79999999999999,-1.58664571102981));
#9978=CARTESIAN_POINT('',(-2.3395951498694,1.79999999999999,-1.68590383331172));
#9979=CARTESIAN_POINT('',(-2.3395951498694,1.79999999999999,-1.87776876040305));
#9980=CARTESIAN_POINT('',(-2.33136853593126,1.79999999999999,-1.94271188169691));
#9981=CARTESIAN_POINT('',(-2.29961370665739,1.79999999999999,-2.05991253118842));
#9982=CARTESIAN_POINT('',(-2.27836871173215,1.79999999999999,-2.10680766779044));
#9983=CARTESIAN_POINT('',(-2.22698918639253,1.79999999999999,-2.17810132627667));
#9984=CARTESIAN_POINT('',(-2.1978887688648,1.79999999999999,-2.20470659616667));
#9985=CARTESIAN_POINT('',(-2.16549873892089,1.79999999999999,-2.22312562916744));
#9986=CARTESIAN_POINT('',(-2.16549873892089,1.79999999999999,-2.22312562916744));
#9987=CARTESIAN_POINT('',(-2.1978887688648,1.79999999999999,-2.20470659616667));
#9988=CARTESIAN_POINT('',(-2.22698918639253,1.79999999999999,-2.17810132627667));
#9989=CARTESIAN_POINT('',(-2.27836871173215,1.79999999999999,-2.10680766779044));
#9990=CARTESIAN_POINT('',(-2.29961370665739,1.79999999999999,-2.05991253118842));
#9991=CARTESIAN_POINT('',(-2.33136853593126,1.79999999999999,-1.94271188169691));
#9992=CARTESIAN_POINT('',(-2.3395951498694,1.79999999999999,-1.87776876040305));
#9993=CARTESIAN_POINT('',(-2.3395951498694,1.79999999999999,-1.68590383331172));
#9994=CARTESIAN_POINT('',(-2.31833919271871,1.79999999999999,-1.58664571102981));
#9995=CARTESIAN_POINT('',(-2.23382145833382,1.79999999999999,-1.43110721013444));
#9996=CARTESIAN_POINT('',(-2.17334319929793,1.79999999999999,-1.3922225849106));
#9997=CARTESIAN_POINT('',(-2.04681964482954,1.79999999999999,-1.3922225849106));
#9998=CARTESIAN_POINT('',(-2.00228335365667,1.79999999999999,-1.40808341888348));
#9999=CARTESIAN_POINT('',(-1.9605305806821,1.79999999999999,-1.43980508682924));
#10000=CARTESIAN_POINT('',(-2.14525497020595,1.99999999999999,-2.01028347004746));
#10001=CARTESIAN_POINT('',(-2.12450510727314,1.99999999999999,-2.02819086324265));
#10002=CARTESIAN_POINT('',(-2.08907851202199,1.99999999999999,-2.04456333702111));
#10003=CARTESIAN_POINT('',(-2.03922823156144,1.99999999999999,-2.05940089138284));
#10004=CARTESIAN_POINT('',(-2.03922823156144,1.79999999999999,-2.05940089138284));
#10005=CARTESIAN_POINT('',(-2.08907851202199,1.79999999999999,-2.04456333702111));
#10006=CARTESIAN_POINT('',(-2.12450510727314,1.79999999999999,-2.02819086324265));
#10007=CARTESIAN_POINT('',(-2.14525497020595,1.79999999999999,-2.01028347004746));
#10008=CARTESIAN_POINT('',(-2.14525497020595,1.79999999999999,-2.01028347004746));
#10009=CARTESIAN_POINT('',(-2.12450510727314,1.79999999999999,-2.02819086324265));
#10010=CARTESIAN_POINT('',(-2.08907851202199,1.79999999999999,-2.04456333702111));
#10011=CARTESIAN_POINT('',(-2.03922823156144,1.79999999999999,-2.05940089138284));
#10012=CARTESIAN_POINT('',(-1.89695249456174,1.79999999999999,-1.50459147721042));
#10013=CARTESIAN_POINT('',(-1.53110963681639,1.79999999999999,-1.42496753246751));
#10014=CARTESIAN_POINT('',(-1.53110963681639,1.79999999999999,-1.42496753246751));
#10015=CARTESIAN_POINT('',(-1.53110963681639,1.79999999999999,-1.42496753246751));
#10016=CARTESIAN_POINT('',(-1.53110963681639,1.79999999999999,-1.90795550893208));
#10017=CARTESIAN_POINT('',(-1.53110963681639,1.79999999999999,-2.39094348539665));
#10018=CARTESIAN_POINT('',(-1.53110963681639,1.79999999999999,-2.87393146186122));
#10019=CARTESIAN_POINT('',(-1.53110963681639,1.79999999999999,-2.87393146186122));
#10020=CARTESIAN_POINT('',(-1.53110963681639,1.79999999999999,-2.87393146186122));
#10021=CARTESIAN_POINT('',(-1.53110963681639,1.79999999999999,-2.87393146186122));
#10022=CARTESIAN_POINT('',(-1.40964702452673,1.79999999999999,-1.42496753246751));
#10023=CARTESIAN_POINT('',(-1.40964702452673,1.79999999999999,-1.42496753246751));
#10024=CARTESIAN_POINT('',(-1.40964702452673,1.79999999999999,-1.42496753246751));
#10025=CARTESIAN_POINT('',(-1.45013456195662,1.79999999999999,-1.42496753246751));
#10026=CARTESIAN_POINT('',(-1.4906220993865,1.79999999999999,-1.42496753246751));
#10027=CARTESIAN_POINT('',(-1.53110963681639,1.79999999999999,-1.42496753246751));
#10028=CARTESIAN_POINT('',(-1.53110963681639,1.79999999999999,-1.42496753246751));
#10029=CARTESIAN_POINT('',(-1.18367595624619,1.79999999999999,-2.59969252607202));
#10030=CARTESIAN_POINT('',(-1.18367595624619,1.79999999999999,-2.59969252607202));
#10031=CARTESIAN_POINT('',(-1.18367595624619,1.79999999999999,-2.59969252607202));
#10032=CARTESIAN_POINT('',(-1.21328246799179,1.79999999999999,-2.63499567265682));
#10033=CARTESIAN_POINT('',(-1.24314202684633,1.79999999999999,-2.65290306585201));
#10034=CARTESIAN_POINT('',(-1.29931848503029,1.79999999999999,-2.65290306585201));
#10035=CARTESIAN_POINT('',(-1.32328222603138,1.79999999999999,-2.63664682208829));
#10036=CARTESIAN_POINT('',(-1.36536378046279,1.79999999999999,-2.57206397657087));
#10037=CARTESIAN_POINT('',(-1.38040421860184,1.79999999999999,-2.52701748543846));
#10038=CARTESIAN_POINT('',(-1.40306779969437,1.79999999999999,-2.38275724850742));
#10039=CARTESIAN_POINT('',(-1.40964702452673,1.79999999999999,-2.28708060486455));
#10040=CARTESIAN_POINT('',(-1.40964702452673,1.79999999999999,-1.93080875358118));
#10041=CARTESIAN_POINT('',(-1.40964702452673,1.79999999999999,-1.67788814302435));
#10042=CARTESIAN_POINT('',(-1.40964702452673,1.79999999999999,-1.42496753246751));
#10043=CARTESIAN_POINT('',(-1.40964702452673,1.79999999999999,-1.42496753246751));
#10044=CARTESIAN_POINT('',(-1.40964702452673,1.79999999999999,-1.67788814302435));
#10045=CARTESIAN_POINT('',(-1.40964702452673,1.79999999999999,-1.93080875358118));
#10046=CARTESIAN_POINT('',(-1.40964702452673,1.79999999999999,-2.28708060486455));
#10047=CARTESIAN_POINT('',(-1.40306779969437,1.79999999999999,-2.38275724850742));
#10048=CARTESIAN_POINT('',(-1.38040421860184,1.79999999999999,-2.52701748543846));
#10049=CARTESIAN_POINT('',(-1.36536378046279,1.79999999999999,-2.57206397657087));
#10050=CARTESIAN_POINT('',(-1.32328222603138,1.79999999999999,-2.63664682208829));
#10051=CARTESIAN_POINT('',(-1.29931848503029,1.79999999999999,-2.65290306585201));
#10052=CARTESIAN_POINT('',(-1.24314202684633,1.79999999999999,-2.65290306585201));
#10053=CARTESIAN_POINT('',(-1.21328246799179,1.79999999999999,-2.63499567265682));
#10054=CARTESIAN_POINT('',(-1.18367595624619,1.79999999999999,-2.59969252607202));
#10055=CARTESIAN_POINT('',(-1.14192318327162,1.79999999999999,-2.82737223955373));
#10056=CARTESIAN_POINT('',(-1.14192318327162,1.79999999999999,-2.82737223955373));
#10057=CARTESIAN_POINT('',(-1.14192318327162,1.79999999999999,-2.82737223955373));
#10058=CARTESIAN_POINT('',(-1.15584077426314,1.79999999999999,-2.75147900172649));
#10059=CARTESIAN_POINT('',(-1.16975836525466,1.79999999999999,-2.67558576389925));
#10060=CARTESIAN_POINT('',(-1.18367595624619,1.79999999999999,-2.59969252607202));
#10061=CARTESIAN_POINT('',(-1.18367595624619,1.79999999999999,-2.59969252607202));
#10062=CARTESIAN_POINT('',(-1.4217932857557,1.79999999999999,-2.65392634546317));
#10063=CARTESIAN_POINT('',(-1.4217932857557,1.79999999999999,-2.65392634546317));
#10064=CARTESIAN_POINT('',(-1.4217932857557,1.79999999999999,-2.65392634546317));
#10065=CARTESIAN_POINT('',(-1.39395810377265,1.79999999999999,-2.75676594638412));
#10066=CARTESIAN_POINT('',(-1.3681472986611,1.79999999999999,-2.82481404052584));
#10067=CARTESIAN_POINT('',(-1.32108053639886,1.79999999999999,-2.89030393563968));
#10068=CARTESIAN_POINT('',(-1.29501668417837,1.79999999999999,-2.90667640941814));
#10069=CARTESIAN_POINT('',(-1.22568177632969,1.79999999999999,-2.90667640941814));
#10070=CARTESIAN_POINT('',(-1.18418205046406,1.79999999999999,-2.88007113952814));
#10071=CARTESIAN_POINT('',(-1.14192318327162,1.79999999999999,-2.82737223955373));
#10072=CARTESIAN_POINT('',(-1.14192318327162,1.79999999999999,-2.82737223955373));
#10073=CARTESIAN_POINT('',(-1.18418205046406,1.79999999999999,-2.88007113952814));
#10074=CARTESIAN_POINT('',(-1.22568177632969,1.79999999999999,-2.90667640941814));
#10075=CARTESIAN_POINT('',(-1.29501668417837,1.79999999999999,-2.90667640941814));
#10076=CARTESIAN_POINT('',(-1.32108053639886,1.79999999999999,-2.89030393563968));
#10077=CARTESIAN_POINT('',(-1.3681472986611,1.79999999999999,-2.82481404052584));
#10078=CARTESIAN_POINT('',(-1.39395810377265,1.79999999999999,-2.75676594638412));
#10079=CARTESIAN_POINT('',(-1.4217932857557,1.79999999999999,-2.65392634546317));
#10080=CARTESIAN_POINT('',(-1.4217932857557,1.79999999999999,-2.87393146186122));
#10081=CARTESIAN_POINT('',(-1.4217932857557,1.79999999999999,-2.87393146186122));
#10082=CARTESIAN_POINT('',(-1.4217932857557,1.79999999999999,-2.87393146186122));
#10083=CARTESIAN_POINT('',(-1.4217932857557,1.79999999999999,-2.80059642306187));
#10084=CARTESIAN_POINT('',(-1.4217932857557,1.79999999999999,-2.72726138426252));
#10085=CARTESIAN_POINT('',(-1.4217932857557,1.79999999999999,-2.65392634546317));
#10086=CARTESIAN_POINT('',(-1.4217932857557,1.79999999999999,-2.65392634546317));
#10087=CARTESIAN_POINT('',(-1.53110963681639,1.79999999999999,-2.87393146186122));
#10088=CARTESIAN_POINT('',(-1.49467085312949,1.79999999999999,-2.87393146186122));
#10089=CARTESIAN_POINT('',(-1.45823206944259,1.79999999999999,-2.87393146186122));
#10090=CARTESIAN_POINT('',(-1.4217932857557,1.79999999999999,-2.87393146186122));
#10091=CARTESIAN_POINT('',(-1.4217932857557,1.79999999999999,-2.87393146186122));
#10092=CARTESIAN_POINT('',(-1.40780389152386,1.79999999999999,-2.27594695179865));
#10093=CARTESIAN_POINT('',(-0.218048188543431,1.79999999999999,-1.95553801085073));
#10094=CARTESIAN_POINT('',(-0.218048188543431,1.79999999999999,-1.95553801085073));
#10095=CARTESIAN_POINT('',(-0.218048188543431,1.79999999999999,-1.95553801085073));
#10096=CARTESIAN_POINT('',(-0.178235443404045,1.79999999999999,-1.94513466813734));
#10097=CARTESIAN_POINT('',(-0.138422698264658,1.79999999999999,-1.93473132542394));
#10098=CARTESIAN_POINT('',(-0.0986099531252718,1.79999999999999,-1.92432798271054));
#10099=CARTESIAN_POINT('',(-0.0986099531252718,1.79999999999999,-1.92432798271054));
#10100=CARTESIAN_POINT('',(-0.0986099531252718,1.79999999999999,-1.92432798271054));
#10101=CARTESIAN_POINT('',(-0.0986099531252718,1.79999999999999,-1.92432798271054));
#10102=CARTESIAN_POINT('',(-0.228170072900903,1.79999999999999,-2.41140907761973));
#10103=CARTESIAN_POINT('',(-0.228170072900903,1.79999999999999,-2.41140907761973));
#10104=CARTESIAN_POINT('',(-0.228170072900903,1.79999999999999,-2.41140907761973));
#10105=CARTESIAN_POINT('',(-0.239557192803058,1.79999999999999,-2.50862064067933));
#10106=CARTESIAN_POINT('',(-0.259294867300128,1.79999999999999,-2.58178513287683));
#10107=CARTESIAN_POINT('',(-0.316483513919839,1.79999999999999,-2.68001997554759));
#10108=CARTESIAN_POINT('',(-0.350897920735242,1.79999999999999,-2.70457868621528));
#10109=CARTESIAN_POINT('',(-0.452622858527827,1.79999999999999,-2.70457868621528));
#10110=CARTESIAN_POINT('',(-0.502473138988373,1.79999999999999,-2.66006602313009));
#10111=CARTESIAN_POINT('',(-0.57889336588728,1.79999999999999,-2.48303865040049));
#10112=CARTESIAN_POINT('',(-0.597871899057539,1.79999999999999,-2.34284934367243));
#10113=CARTESIAN_POINT('',(-0.597871899057539,1.79999999999999,-1.95604965065631));
#10114=CARTESIAN_POINT('',(-0.579797577879733,1.79999999999999,-1.81467098027449));
#10115=CARTESIAN_POINT('',(-0.505762751404551,1.79999999999999,-1.63832133139307));
#10116=CARTESIAN_POINT('',(-0.457683800706563,1.79999999999999,-1.59432030811346));
#10117=CARTESIAN_POINT('',(-0.350644873626305,1.79999999999999,-1.59432030811346));
#10118=CARTESIAN_POINT('',(-0.310877959019753,1.79999999999999,-1.62359952599969));
#10119=CARTESIAN_POINT('',(-0.246895558962224,1.79999999999999,-1.7416725721196));
#10120=CARTESIAN_POINT('',(-0.226651790247282,1.79999999999999,-1.83274445751228));
#10121=CARTESIAN_POINT('',(-0.218048188543431,1.79999999999999,-1.95553801085073));
#10122=CARTESIAN_POINT('',(-0.218048188543431,1.79999999999999,-1.95553801085073));
#10123=CARTESIAN_POINT('',(-0.226651790247282,1.79999999999999,-1.83274445751228));
#10124=CARTESIAN_POINT('',(-0.246895558962224,1.79999999999999,-1.7416725721196));
#10125=CARTESIAN_POINT('',(-0.310877959019753,1.79999999999999,-1.62359952599969));
#10126=CARTESIAN_POINT('',(-0.350644873626305,1.79999999999999,-1.59432030811346));
#10127=CARTESIAN_POINT('',(-0.457683800706563,1.79999999999999,-1.59432030811346));
#10128=CARTESIAN_POINT('',(-0.505762751404551,1.79999999999999,-1.63832133139307));
#10129=CARTESIAN_POINT('',(-0.579797577879733,1.79999999999999,-1.81467098027449));
#10130=CARTESIAN_POINT('',(-0.597871899057539,1.79999999999999,-1.95604965065631));
#10131=CARTESIAN_POINT('',(-0.597871899057539,1.79999999999999,-2.34284934367243));
#10132=CARTESIAN_POINT('',(-0.57889336588728,1.79999999999999,-2.48303865040049));
#10133=CARTESIAN_POINT('',(-0.502473138988373,1.79999999999999,-2.66006602313009));
#10134=CARTESIAN_POINT('',(-0.452622858527827,1.79999999999999,-2.70457868621528));
#10135=CARTESIAN_POINT('',(-0.350897920735242,1.79999999999999,-2.70457868621528));
#10136=CARTESIAN_POINT('',(-0.316483513919839,1.79999999999999,-2.68001997554759));
#10137=CARTESIAN_POINT('',(-0.259294867300128,1.79999999999999,-2.58178513287683));
#10138=CARTESIAN_POINT('',(-0.239557192803058,1.79999999999999,-2.50862064067933));
#10139=CARTESIAN_POINT('',(-0.228170072900903,1.79999999999999,-2.41140907761973));
#10140=CARTESIAN_POINT('',(-0.109997073027427,1.79999999999999,-2.44824714362126));
#10141=CARTESIAN_POINT('',(-0.109997073027427,1.79999999999999,-2.44824714362126));
#10142=CARTESIAN_POINT('',(-0.109997073027427,1.79999999999999,-2.44824714362126));
#10143=CARTESIAN_POINT('',(-0.149388072985252,1.79999999999999,-2.43596778828742));
#10144=CARTESIAN_POINT('',(-0.188779072943077,1.79999999999999,-2.42368843295357));
#10145=CARTESIAN_POINT('',(-0.228170072900903,1.79999999999999,-2.41140907761973));
#10146=CARTESIAN_POINT('',(-0.228170072900903,1.79999999999999,-2.41140907761973));
#10147=CARTESIAN_POINT('',(-0.0986099531252718,1.79999999999999,-1.92432798271054));
#10148=CARTESIAN_POINT('',(-0.111768402789984,1.79999999999999,-1.75804504589806));
#10149=CARTESIAN_POINT('',(-0.144979933155843,1.79999999999999,-1.627467977147));
#10150=CARTESIAN_POINT('',(-0.252715642467771,1.79999999999999,-1.43929344702367));
#10151=CARTESIAN_POINT('',(-0.318507890791334,1.79999999999999,-1.3922225849106));
#10152=CARTESIAN_POINT('',(-0.49488172572027,1.79999999999999,-1.3922225849106));
#10153=CARTESIAN_POINT('',(-0.573623706259319,1.79999999999999,-1.45729692749031));
#10154=CARTESIAN_POINT('',(-0.693017612017768,1.79999999999999,-1.71609058184076));
#10155=CARTESIAN_POINT('',(-0.722877170872309,1.79999999999999,-1.90181583126516));
#10156=CARTESIAN_POINT('',(-0.722877170872309,1.79999999999999,-2.30038323980955));
#10157=CARTESIAN_POINT('',(-0.710320711898516,1.79999999999999,-2.43706739545223));
#10158=CARTESIAN_POINT('',(-0.658603205202366,1.79999999999999,-2.67183373865836));
#10159=CARTESIAN_POINT('',(-0.619888794203433,1.79999999999999,-2.76006365175304));
#10160=CARTESIAN_POINT('',(-0.514872447326275,1.79999999999999,-2.87700130069468));
#10161=CARTESIAN_POINT('',(-0.457936847815499,1.79999999999999,-2.90667640941814));
#10162=CARTESIAN_POINT('',(-0.318507890791334,1.79999999999999,-2.90667640941814));
#10163=CARTESIAN_POINT('',(-0.254787104685963,1.79999999999999,-2.86673922667379));
#10164=CARTESIAN_POINT('',(-0.155798599744984,1.79999999999999,-2.70764852504874));
#10165=CARTESIAN_POINT('',(-0.124167711127886,1.79999999999999,-2.59457612801625));
#10166=CARTESIAN_POINT('',(-0.109997073027427,1.79999999999999,-2.44824714362126));
#10167=CARTESIAN_POINT('',(-0.109997073027427,1.79999999999999,-2.44824714362126));
#10168=CARTESIAN_POINT('',(-0.124167711127886,1.79999999999999,-2.59457612801625));
#10169=CARTESIAN_POINT('',(-0.155798599744984,1.79999999999999,-2.70764852504874));
#10170=CARTESIAN_POINT('',(-0.254787104685963,1.79999999999999,-2.86673922667379));
#10171=CARTESIAN_POINT('',(-0.318507890791334,1.79999999999999,-2.90667640941814));
#10172=CARTESIAN_POINT('',(-0.457936847815499,1.79999999999999,-2.90667640941814));
#10173=CARTESIAN_POINT('',(-0.514872447326275,1.79999999999999,-2.87700130069468));
#10174=CARTESIAN_POINT('',(-0.619888794203433,1.79999999999999,-2.76006365175304));
#10175=CARTESIAN_POINT('',(-0.658603205202366,1.79999999999999,-2.67183373865836));
#10176=CARTESIAN_POINT('',(-0.710320711898516,1.79999999999999,-2.43706739545223));
#10177=CARTESIAN_POINT('',(-0.722877170872309,1.79999999999999,-2.30038323980955));
#10178=CARTESIAN_POINT('',(-0.722877170872309,1.79999999999999,-1.90181583126516));
#10179=CARTESIAN_POINT('',(-0.693017612017768,1.79999999999999,-1.71609058184076));
#10180=CARTESIAN_POINT('',(-0.573623706259319,1.79999999999999,-1.45729692749031));
#10181=CARTESIAN_POINT('',(-0.49488172572027,1.79999999999999,-1.3922225849106));
#10182=CARTESIAN_POINT('',(-0.318507890791334,1.79999999999999,-1.3922225849106));
#10183=CARTESIAN_POINT('',(-0.252715642467771,1.79999999999999,-1.43929344702367));
#10184=CARTESIAN_POINT('',(-0.144979933155843,1.79999999999999,-1.627467977147));
#10185=CARTESIAN_POINT('',(-0.111768402789984,1.79999999999999,-1.75804504589806));
#10186=CARTESIAN_POINT('',(-0.0986099531252718,1.79999999999999,-1.92432798271054));
#10187=CARTESIAN_POINT('',(-0.596527346623886,1.79999999999999,-2.06299200943663));
#10188=CARTESIAN_POINT('',(0.00539240864774548,1.79999999999999,-1.42496753246751));
#10189=CARTESIAN_POINT('',(0.00539240864774548,1.79999999999999,-1.42496753246751));
#10190=CARTESIAN_POINT('',(0.00539240864774548,1.79999999999999,-1.42496753246751));
#10191=CARTESIAN_POINT('',(0.00539240864774548,1.79999999999999,-2.09163419913418));
#10192=CARTESIAN_POINT('',(0.00539240864774548,1.79999999999999,-2.75830086580085));
#10193=CARTESIAN_POINT('',(0.00539240864774548,1.79999999999999,-3.42496753246751));
#10194=CARTESIAN_POINT('',(0.00539240864774548,1.79999999999999,-3.42496753246751));
#10195=CARTESIAN_POINT('',(0.00539240864774548,1.79999999999999,-3.42496753246751));
#10196=CARTESIAN_POINT('',(0.00539240864774548,1.79999999999999,-3.42496753246751));
#10197=CARTESIAN_POINT('',(0.126855020937399,1.79999999999999,-1.42496753246751));
#10198=CARTESIAN_POINT('',(0.126855020937399,1.79999999999999,-1.42496753246751));
#10199=CARTESIAN_POINT('',(0.126855020937399,1.79999999999999,-1.42496753246751));
#10200=CARTESIAN_POINT('',(0.0863674835075147,1.79999999999999,-1.42496753246751));
#10201=CARTESIAN_POINT('',(0.0458799460776301,1.79999999999999,-1.42496753246751));
#10202=CARTESIAN_POINT('',(0.00539240864774548,1.79999999999999,-1.42496753246751));
#10203=CARTESIAN_POINT('',(0.00539240864774548,1.79999999999999,-1.42496753246751));
#10204=CARTESIAN_POINT('',(0.467709476675243,1.79999999999999,-1.42496753246751));
#10205=CARTESIAN_POINT('',(0.467709476675243,1.79999999999999,-1.42496753246751));
#10206=CARTESIAN_POINT('',(0.467709476675243,1.79999999999999,-1.42496753246751));
#10207=CARTESIAN_POINT('',(0.467709476675243,1.79999999999999,-1.73109868280434));
#10208=CARTESIAN_POINT('',(0.467709476675243,1.79999999999999,-2.03722983314117));
#10209=CARTESIAN_POINT('',(0.467709476675243,1.79999999999999,-2.46564289701088));
#10210=CARTESIAN_POINT('',(0.454354869483384,1.79999999999999,-2.55508771864527));
#10211=CARTESIAN_POINT('',(0.401917228351681,1.79999999999999,-2.66722898040816));
#10212=CARTESIAN_POINT('',(0.364466256229036,1.79999999999999,-2.69485752990932));
#10213=CARTESIAN_POINT('',(0.280454616062025,1.79999999999999,-2.69485752990932));
#10214=CARTESIAN_POINT('',(0.246546303464497,1.79999999999999,-2.67643849690855));
#10215=CARTESIAN_POINT('',(0.183284526230302,1.79999999999999,-2.60071580568317));
#10216=CARTESIAN_POINT('',(0.160510286425992,1.79999999999999,-2.54955182512548));
#10217=CARTESIAN_POINT('',(0.133687292878693,1.79999999999999,-2.42061859412011));
#10218=CARTESIAN_POINT('',(0.126855020937399,1.79999999999999,-2.33108162814416));
#10219=CARTESIAN_POINT('',(0.126855020937399,1.79999999999999,-1.95332090502657));
#10220=CARTESIAN_POINT('',(0.126855020937399,1.79999999999999,-1.68914421874704));
#10221=CARTESIAN_POINT('',(0.126855020937399,1.79999999999999,-1.42496753246751));
#10222=CARTESIAN_POINT('',(0.126855020937399,1.79999999999999,-1.42496753246751));
#10223=CARTESIAN_POINT('',(0.126855020937399,1.79999999999999,-1.68914421874704));
#10224=CARTESIAN_POINT('',(0.126855020937399,1.79999999999999,-1.95332090502657));
#10225=CARTESIAN_POINT('',(0.126855020937399,1.79999999999999,-2.33108162814416));
#10226=CARTESIAN_POINT('',(0.133687292878693,1.79999999999999,-2.42061859412011));
#10227=CARTESIAN_POINT('',(0.160510286425992,1.79999999999999,-2.54955182512548));
#10228=CARTESIAN_POINT('',(0.183284526230302,1.79999999999999,-2.60071580568317));
#10229=CARTESIAN_POINT('',(0.246546303464497,1.79999999999999,-2.67643849690855));
#10230=CARTESIAN_POINT('',(0.280454616062025,1.79999999999999,-2.69485752990932));
#10231=CARTESIAN_POINT('',(0.364466256229036,1.79999999999999,-2.69485752990932));
#10232=CARTESIAN_POINT('',(0.401917228351681,1.79999999999999,-2.66722898040816));
#10233=CARTESIAN_POINT('',(0.454354869483384,1.79999999999999,-2.55508771864527));
#10234=CARTESIAN_POINT('',(0.467709476675243,1.79999999999999,-2.46564289701088));
#10235=CARTESIAN_POINT('',(0.467709476675243,1.79999999999999,-2.03722983314117));
#10236=CARTESIAN_POINT('',(0.467709476675243,1.79999999999999,-1.73109868280434));
#10237=CARTESIAN_POINT('',(0.467709476675243,1.79999999999999,-1.42496753246751));
#10238=CARTESIAN_POINT('',(0.589172088964898,1.79999999999999,-1.42496753246751));
#10239=CARTESIAN_POINT('',(0.589172088964898,1.79999999999999,-1.42496753246751));
#10240=CARTESIAN_POINT('',(0.589172088964898,1.79999999999999,-1.42496753246751));
#10241=CARTESIAN_POINT('',(0.548684551535013,1.79999999999999,-1.42496753246751));
#10242=CARTESIAN_POINT('',(0.508197014105128,1.79999999999999,-1.42496753246751));
#10243=CARTESIAN_POINT('',(0.467709476675243,1.79999999999999,-1.42496753246751));
#10244=CARTESIAN_POINT('',(0.467709476675243,1.79999999999999,-1.42496753246751));
#10245=CARTESIAN_POINT('',(0.479855737904209,1.79999999999999,-2.84323307352661));
#10246=CARTESIAN_POINT('',(0.479855737904209,1.79999999999999,-2.84323307352661));
#10247=CARTESIAN_POINT('',(0.479855737904209,1.79999999999999,-2.84323307352661));
#10248=CARTESIAN_POINT('',(0.518824992680472,1.79999999999999,-2.80076696966373));
#10249=CARTESIAN_POINT('',(0.547154135167755,1.79999999999999,-2.74249430255089));
#10250=CARTESIAN_POINT('',(0.580568487261047,1.79999999999999,-2.59304120859952));
#10251=CARTESIAN_POINT('',(0.589172088964898,1.79999999999999,-2.4850852096228));
#10252=CARTESIAN_POINT('',(0.589172088964898,1.79999999999999,-2.03722983314117));
#10253=CARTESIAN_POINT('',(0.589172088964898,1.79999999999999,-1.73109868280434));
#10254=CARTESIAN_POINT('',(0.589172088964898,1.79999999999999,-1.42496753246751));
#10255=CARTESIAN_POINT('',(0.589172088964898,1.79999999999999,-1.42496753246751));
#10256=CARTESIAN_POINT('',(0.589172088964898,1.79999999999999,-1.73109868280434));
#10257=CARTESIAN_POINT('',(0.589172088964898,1.79999999999999,-2.03722983314117));
#10258=CARTESIAN_POINT('',(0.589172088964898,1.79999999999999,-2.4850852096228));
#10259=CARTESIAN_POINT('',(0.580568487261047,1.79999999999999,-2.59304120859952));
#10260=CARTESIAN_POINT('',(0.547154135167755,1.79999999999999,-2.74249430255089));
#10261=CARTESIAN_POINT('',(0.518824992680472,1.79999999999999,-2.80076696966373));
#10262=CARTESIAN_POINT('',(0.479855737904209,1.79999999999999,-2.84323307352661));
#10263=CARTESIAN_POINT('',(0.126855020937399,1.79999999999999,-2.70713688524316));
#10264=CARTESIAN_POINT('',(0.126855020937399,1.79999999999999,-2.70713688524316));
#10265=CARTESIAN_POINT('',(0.126855020937399,1.79999999999999,-2.70713688524316));
#10266=CARTESIAN_POINT('',(0.183537573339239,1.79999999999999,-2.84016323469315));
#10267=CARTESIAN_POINT('',(0.255149905168347,1.79999999999999,-2.90667640941814));
#10268=CARTESIAN_POINT('',(0.394578862192514,1.79999999999999,-2.90667640941814));
#10269=CARTESIAN_POINT('',(0.440633436019008,1.79999999999999,-2.88518753758391));
#10270=CARTESIAN_POINT('',(0.479855737904209,1.79999999999999,-2.84323307352661));
#10271=CARTESIAN_POINT('',(0.479855737904209,1.79999999999999,-2.84323307352661));
#10272=CARTESIAN_POINT('',(0.440633436019008,1.79999999999999,-2.88518753758391));
#10273=CARTESIAN_POINT('',(0.394578862192514,1.79999999999999,-2.90667640941814));
#10274=CARTESIAN_POINT('',(0.255149905168347,1.79999999999999,-2.90667640941814));
#10275=CARTESIAN_POINT('',(0.183537573339239,1.79999999999999,-2.84016323469315));
#10276=CARTESIAN_POINT('',(0.126855020937399,1.79999999999999,-2.70713688524316));
#10277=CARTESIAN_POINT('',(0.126855020937399,1.79999999999999,-3.42496753246751));
#10278=CARTESIAN_POINT('',(0.126855020937399,1.79999999999999,-3.42496753246751));
#10279=CARTESIAN_POINT('',(0.126855020937399,1.79999999999999,-3.42496753246751));
#10280=CARTESIAN_POINT('',(0.126855020937399,1.79999999999999,-3.1856906500594));
#10281=CARTESIAN_POINT('',(0.126855020937399,1.79999999999999,-2.94641376765128));
#10282=CARTESIAN_POINT('',(0.126855020937399,1.79999999999999,-2.70713688524316));
#10283=CARTESIAN_POINT('',(0.126855020937399,1.79999999999999,-2.70713688524316));
#10284=CARTESIAN_POINT('',(0.00539240864774548,1.79999999999999,-3.42496753246751));
#10285=CARTESIAN_POINT('',(0.0458799460776301,1.79999999999999,-3.42496753246751));
#10286=CARTESIAN_POINT('',(0.0863674835075147,1.79999999999999,-3.42496753246751));
#10287=CARTESIAN_POINT('',(0.126855020937399,1.79999999999999,-3.42496753246751));
#10288=CARTESIAN_POINT('',(0.126855020937399,1.79999999999999,-3.42496753246751));
#10289=CARTESIAN_POINT('',(0.350254702885465,1.79999999999999,-2.68972306144438));
#10290=CARTESIAN_POINT('',(0.774655619815558,1.79999999999999,-3.14254235978908));
#10291=CARTESIAN_POINT('',(0.774655619815558,1.79999999999999,-3.14254235978908));
#10292=CARTESIAN_POINT('',(0.774655619815558,1.79999999999999,-3.14254235978908));
#10293=CARTESIAN_POINT('',(0.774655619815558,1.79999999999999,-3.23668408401523));
#10294=CARTESIAN_POINT('',(0.774655619815558,1.79999999999999,-3.33082580824137));
#10295=CARTESIAN_POINT('',(0.774655619815558,1.79999999999999,-3.42496753246751));
#10296=CARTESIAN_POINT('',(0.774655619815558,1.79999999999999,-3.42496753246751));
#10297=CARTESIAN_POINT('',(0.774655619815558,1.79999999999999,-3.42496753246751));
#10298=CARTESIAN_POINT('',(0.774655619815558,1.79999999999999,-3.42496753246751));
#10299=CARTESIAN_POINT('',(0.896118232105213,1.79999999999999,-3.14254235978908));
#10300=CARTESIAN_POINT('',(0.896118232105213,1.79999999999999,-3.14254235978908));
#10301=CARTESIAN_POINT('',(0.896118232105213,1.79999999999999,-3.14254235978908));
#10302=CARTESIAN_POINT('',(0.855630694675328,1.79999999999999,-3.14254235978908));
#10303=CARTESIAN_POINT('',(0.815143157245443,1.79999999999999,-3.14254235978908));
#10304=CARTESIAN_POINT('',(0.774655619815558,1.79999999999999,-3.14254235978908));
#10305=CARTESIAN_POINT('',(0.774655619815558,1.79999999999999,-3.14254235978908));
#10306=CARTESIAN_POINT('',(0.896118232105213,1.79999999999999,-3.42496753246751));
#10307=CARTESIAN_POINT('',(0.896118232105213,1.79999999999999,-3.42496753246751));
#10308=CARTESIAN_POINT('',(0.896118232105213,1.79999999999999,-3.42496753246751));
#10309=CARTESIAN_POINT('',(0.896118232105213,1.79999999999999,-3.33082580824137));
#10310=CARTESIAN_POINT('',(0.896118232105213,1.79999999999999,-3.23668408401523));
#10311=CARTESIAN_POINT('',(0.896118232105213,1.79999999999999,-3.14254235978908));
#10312=CARTESIAN_POINT('',(0.896118232105213,1.79999999999999,-3.14254235978908));
#10313=CARTESIAN_POINT('',(0.774655619815558,1.79999999999999,-3.42496753246751));
#10314=CARTESIAN_POINT('',(0.815143157245443,1.79999999999999,-3.42496753246751));
#10315=CARTESIAN_POINT('',(0.855630694675328,1.79999999999999,-3.42496753246751));
#10316=CARTESIAN_POINT('',(0.896118232105213,1.79999999999999,-3.42496753246751));
#10317=CARTESIAN_POINT('',(0.896118232105213,1.79999999999999,-3.42496753246751));
#10318=CARTESIAN_POINT('',(0.774655619815558,1.79999999999999,-3.2837549461283));
#10319=CARTESIAN_POINT('',(0.774655619815558,1.79999999999999,-1.42496753246751));
#10320=CARTESIAN_POINT('',(0.774655619815558,1.79999999999999,-1.42496753246751));
#10321=CARTESIAN_POINT('',(0.774655619815558,1.79999999999999,-1.42496753246751));
#10322=CARTESIAN_POINT('',(0.774655619815558,1.79999999999999,-1.90795550893208));
#10323=CARTESIAN_POINT('',(0.774655619815558,1.79999999999999,-2.39094348539665));
#10324=CARTESIAN_POINT('',(0.774655619815558,1.79999999999999,-2.87393146186122));
#10325=CARTESIAN_POINT('',(0.774655619815558,1.79999999999999,-2.87393146186122));
#10326=CARTESIAN_POINT('',(0.774655619815558,1.79999999999999,-2.87393146186122));
#10327=CARTESIAN_POINT('',(0.774655619815558,1.79999999999999,-2.87393146186122));
#10328=CARTESIAN_POINT('',(0.896118232105213,1.79999999999999,-1.42496753246751));
#10329=CARTESIAN_POINT('',(0.896118232105213,1.79999999999999,-1.42496753246751));
#10330=CARTESIAN_POINT('',(0.896118232105213,1.79999999999999,-1.42496753246751));
#10331=CARTESIAN_POINT('',(0.855630694675328,1.79999999999999,-1.42496753246751));
#10332=CARTESIAN_POINT('',(0.815143157245443,1.79999999999999,-1.42496753246751));
#10333=CARTESIAN_POINT('',(0.774655619815558,1.79999999999999,-1.42496753246751));
#10334=CARTESIAN_POINT('',(0.774655619815558,1.79999999999999,-1.42496753246751));
#10335=CARTESIAN_POINT('',(0.896118232105213,1.79999999999999,-2.87393146186122));
#10336=CARTESIAN_POINT('',(0.896118232105213,1.79999999999999,-2.87393146186122));
#10337=CARTESIAN_POINT('',(0.896118232105213,1.79999999999999,-2.87393146186122));
#10338=CARTESIAN_POINT('',(0.896118232105213,1.79999999999999,-2.39094348539665));
#10339=CARTESIAN_POINT('',(0.896118232105213,1.79999999999999,-1.90795550893208));
#10340=CARTESIAN_POINT('',(0.896118232105213,1.79999999999999,-1.42496753246751));
#10341=CARTESIAN_POINT('',(0.896118232105213,1.79999999999999,-1.42496753246751));
#10342=CARTESIAN_POINT('',(0.774655619815558,1.79999999999999,-2.87393146186122));
#10343=CARTESIAN_POINT('',(0.815143157245443,1.79999999999999,-2.87393146186122));
#10344=CARTESIAN_POINT('',(0.855630694675328,1.79999999999999,-2.87393146186122));
#10345=CARTESIAN_POINT('',(0.896118232105213,1.79999999999999,-2.87393146186122));
#10346=CARTESIAN_POINT('',(0.896118232105213,1.79999999999999,-2.87393146186122));
#10347=CARTESIAN_POINT('',(0.774655619815558,1.79999999999999,-2.14944949716437));
#10348=CARTESIAN_POINT('',(1.08084262162906,1.79999999999999,-0.869838343416606));
#10349=CARTESIAN_POINT('',(1.08084262162906,1.79999999999999,-0.869838343416606));
#10350=CARTESIAN_POINT('',(1.08084262162906,1.79999999999999,-0.869838343416606));
#10351=CARTESIAN_POINT('',(1.08084262162906,1.79999999999999,-1.53786938289815));
#10352=CARTESIAN_POINT('',(1.08084262162906,1.79999999999999,-2.20590042237968));
#10353=CARTESIAN_POINT('',(1.08084262162906,1.79999999999999,-2.87393146186122));
#10354=CARTESIAN_POINT('',(1.08084262162906,1.79999999999999,-2.87393146186122));
#10355=CARTESIAN_POINT('',(1.08084262162906,1.79999999999999,-2.87393146186122));
#10356=CARTESIAN_POINT('',(1.08084262162906,1.79999999999999,-2.87393146186122));
#10357=CARTESIAN_POINT('',(1.20230523391872,1.79999999999999,-0.869838343416606));
#10358=CARTESIAN_POINT('',(1.20230523391872,1.79999999999999,-0.869838343416606));
#10359=CARTESIAN_POINT('',(1.20230523391872,1.79999999999999,-0.869838343416606));
#10360=CARTESIAN_POINT('',(1.16181769648883,1.79999999999999,-0.869838343416606));
#10361=CARTESIAN_POINT('',(1.12133015905895,1.79999999999999,-0.869838343416606));
#10362=CARTESIAN_POINT('',(1.08084262162906,1.79999999999999,-0.869838343416606));
#10363=CARTESIAN_POINT('',(1.08084262162906,1.79999999999999,-0.869838343416606));
#10364=CARTESIAN_POINT('',(1.20230523391872,1.79999999999999,-1.57487799550154));
#10365=CARTESIAN_POINT('',(1.20230523391872,1.79999999999999,-1.57487799550154));
#10366=CARTESIAN_POINT('',(1.20230523391872,1.79999999999999,-1.57487799550154));
#10367=CARTESIAN_POINT('',(1.20230523391872,1.79999999999999,-1.3398647781399));
#10368=CARTESIAN_POINT('',(1.20230523391872,1.79999999999999,-1.10485156077825));
#10369=CARTESIAN_POINT('',(1.20230523391872,1.79999999999999,-0.869838343416606));
#10370=CARTESIAN_POINT('',(1.20230523391872,1.79999999999999,-0.869838343416606));
#10371=CARTESIAN_POINT('',(1.19142420823444,1.79999999999999,-2.68564801340893));
#10372=CARTESIAN_POINT('',(1.19142420823444,1.79999999999999,-2.68564801340893));
#10373=CARTESIAN_POINT('',(1.19142420823444,1.79999999999999,-2.68564801340893));
#10374=CARTESIAN_POINT('',(1.21748806045492,1.79999999999999,-2.759324145412));
#10375=CARTESIAN_POINT('',(1.24723607739164,1.79999999999999,-2.81445536815196));
#10376=CARTESIAN_POINT('',(1.31263377341515,1.79999999999999,-2.88825737641737));
#10377=CARTESIAN_POINT('',(1.35261521662716,1.79999999999999,-2.90667640941814));
#10378=CARTESIAN_POINT('',(1.46041328503423,1.79999999999999,-2.90667640941814));
#10379=CARTESIAN_POINT('',(1.51472967601073,1.79999999999999,-2.87456401487016));
#10380=CARTESIAN_POINT('',(1.60793974954438,1.79999999999999,-2.74755642988373));
#10381=CARTESIAN_POINT('',(1.64326535909242,1.79999999999999,-2.65748709604368));
#10382=CARTESIAN_POINT('',(1.69093920127564,1.79999999999999,-2.42573499217588));
#10383=CARTESIAN_POINT('',(1.70308546250461,1.79999999999999,-2.29833668058724));
#10384=CARTESIAN_POINT('',(1.70308546250461,1.79999999999999,-2.01181838946419));
#10385=CARTESIAN_POINT('',(1.68981890350905,1.79999999999999,-1.87830442084497));
#10386=CARTESIAN_POINT('',(1.63729321418104,1.79999999999999,-1.64139117022653));
#10387=CARTESIAN_POINT('',(1.59907975862043,1.79999999999999,-1.55012128405773));
#10388=CARTESIAN_POINT('',(1.49862339848369,1.79999999999999,-1.42394425285636));
#10389=CARTESIAN_POINT('',(1.44598959982484,1.79999999999999,-1.3922225849106));
#10390=CARTESIAN_POINT('',(1.3500847455378,1.79999999999999,-1.3922225849106));
#10391=CARTESIAN_POINT('',(1.31339181573427,1.79999999999999,-1.40938183715295));
#10392=CARTESIAN_POINT('',(1.24937199618096,1.79999999999999,-1.47868971205309));
#10393=CARTESIAN_POINT('',(1.22305509685153,1.79999999999999,-1.52217909552712));
#10394=CARTESIAN_POINT('',(1.20230523391872,1.79999999999999,-1.57487799550154));
#10395=CARTESIAN_POINT('',(1.20230523391872,1.79999999999999,-1.57487799550154));
#10396=CARTESIAN_POINT('',(1.22305509685153,1.79999999999999,-1.52217909552712));
#10397=CARTESIAN_POINT('',(1.24937199618096,1.79999999999999,-1.47868971205309));
#10398=CARTESIAN_POINT('',(1.31339181573427,1.79999999999999,-1.40938183715295));
#10399=CARTESIAN_POINT('',(1.3500847455378,1.79999999999999,-1.3922225849106));
#10400=CARTESIAN_POINT('',(1.44598959982484,1.79999999999999,-1.3922225849106));
#10401=CARTESIAN_POINT('',(1.49862339848369,1.79999999999999,-1.42394425285636));
#10402=CARTESIAN_POINT('',(1.59907975862043,1.79999999999999,-1.55012128405773));
#10403=CARTESIAN_POINT('',(1.63729321418104,1.79999999999999,-1.64139117022653));
#10404=CARTESIAN_POINT('',(1.68981890350905,1.79999999999999,-1.87830442084497));
#10405=CARTESIAN_POINT('',(1.70308546250461,1.79999999999999,-2.01181838946419));
#10406=CARTESIAN_POINT('',(1.70308546250461,1.79999999999999,-2.29833668058724));
#10407=CARTESIAN_POINT('',(1.69093920127564,1.79999999999999,-2.42573499217588));
#10408=CARTESIAN_POINT('',(1.64326535909242,1.79999999999999,-2.65748709604368));
#10409=CARTESIAN_POINT('',(1.60793974954438,1.79999999999999,-2.74755642988373));
#10410=CARTESIAN_POINT('',(1.51472967601073,1.79999999999999,-2.87456401487016));
#10411=CARTESIAN_POINT('',(1.46041328503423,1.79999999999999,-2.90667640941814));
#10412=CARTESIAN_POINT('',(1.35261521662716,1.79999999999999,-2.90667640941814));
#10413=CARTESIAN_POINT('',(1.31263377341515,1.79999999999999,-2.88825737641737));
#10414=CARTESIAN_POINT('',(1.24723607739164,1.79999999999999,-2.81445536815196));
#10415=CARTESIAN_POINT('',(1.21748806045492,1.79999999999999,-2.759324145412));
#10416=CARTESIAN_POINT('',(1.19142420823444,1.79999999999999,-2.68564801340893));
#10417=CARTESIAN_POINT('',(1.19142420823444,1.79999999999999,-2.87393146186122));
#10418=CARTESIAN_POINT('',(1.19142420823444,1.79999999999999,-2.87393146186122));
#10419=CARTESIAN_POINT('',(1.19142420823444,1.79999999999999,-2.87393146186122));
#10420=CARTESIAN_POINT('',(1.19142420823444,1.79999999999999,-2.81117031237713));
#10421=CARTESIAN_POINT('',(1.19142420823444,1.79999999999999,-2.74840916289303));
#10422=CARTESIAN_POINT('',(1.19142420823444,1.79999999999999,-2.68564801340893));
#10423=CARTESIAN_POINT('',(1.19142420823444,1.79999999999999,-2.68564801340893));
#10424=CARTESIAN_POINT('',(1.08084262162906,1.79999999999999,-2.87393146186122));
#10425=CARTESIAN_POINT('',(1.11770315049752,1.79999999999999,-2.87393146186122));
#10426=CARTESIAN_POINT('',(1.15456367936598,1.79999999999999,-2.87393146186122));
#10427=CARTESIAN_POINT('',(1.19142420823444,1.79999999999999,-2.87393146186122));
#10428=CARTESIAN_POINT('',(1.19142420823444,1.79999999999999,-2.87393146186122));
#10429=CARTESIAN_POINT('',(1.24684152509159,1.79999999999999,-1.72785829736902));
#10430=CARTESIAN_POINT('',(1.28429249721423,1.79999999999999,-1.63883297119865));
#10431=CARTESIAN_POINT('',(1.32933488260498,1.79999999999999,-1.59432030811346));
#10432=CARTESIAN_POINT('',(1.43637380968524,1.79999999999999,-1.59432030811346));
#10433=CARTESIAN_POINT('',(1.48286259547517,1.79999999999999,-1.64029243697015));
#10434=CARTESIAN_POINT('',(1.55960775173745,1.79999999999999,-1.82506986042863));
#10435=CARTESIAN_POINT('',(1.57883933201665,1.79999999999999,-1.96781736618458));
#10436=CARTESIAN_POINT('',(1.57883933201665,1.79999999999999,-2.34643082231146));
#10437=CARTESIAN_POINT('',(1.55971851713483,1.79999999999999,-2.48441181299092));
#10438=CARTESIAN_POINT('',(1.4849588546011,1.79999999999999,-2.66825226001932));
#10439=CARTESIAN_POINT('',(1.43991646921035,1.79999999999999,-2.71429984252124));
#10440=CARTESIAN_POINT('',(1.33616715454627,1.79999999999999,-2.71429984252124));
#10441=CARTESIAN_POINT('',(1.29058248997367,1.79999999999999,-2.66509397739064));
#10442=CARTESIAN_POINT('',(1.21065578851363,1.79999999999999,-2.46973601545549));
#10443=CARTESIAN_POINT('',(1.19091811401656,1.79999999999999,-2.32750014950512));
#10444=CARTESIAN_POINT('',(1.19091811401656,1.79999999999999,-1.95451473123958));
#10445=CARTESIAN_POINT('',(1.20939055296895,1.79999999999999,-1.8168836235394));
#10446=CARTESIAN_POINT('',(1.24684152509159,1.79999999999999,-1.72785829736902));
#10447=CARTESIAN_POINT('',(1.24684152509159,1.79999999999999,-1.72785829736902));
#10448=CARTESIAN_POINT('',(1.24684152509159,1.99999999999999,-1.72785829736902));
#10449=CARTESIAN_POINT('',(1.20939055296895,1.99999999999999,-1.8168836235394));
#10450=CARTESIAN_POINT('',(1.19091811401656,1.99999999999999,-1.95451473123958));
#10451=CARTESIAN_POINT('',(1.19091811401656,1.99999999999999,-2.32750014950512));
#10452=CARTESIAN_POINT('',(1.21065578851363,1.99999999999999,-2.46973601545549));
#10453=CARTESIAN_POINT('',(1.29058248997367,1.99999999999999,-2.66509397739064));
#10454=CARTESIAN_POINT('',(1.33616715454627,1.99999999999999,-2.71429984252124));
#10455=CARTESIAN_POINT('',(1.43991646921035,1.99999999999999,-2.71429984252124));
#10456=CARTESIAN_POINT('',(1.4849588546011,1.99999999999999,-2.66825226001932));
#10457=CARTESIAN_POINT('',(1.55971851713483,1.99999999999999,-2.48441181299092));
#10458=CARTESIAN_POINT('',(1.57883933201665,1.99999999999999,-2.34643082231146));
#10459=CARTESIAN_POINT('',(1.57883933201665,1.99999999999999,-1.96781736618458));
#10460=CARTESIAN_POINT('',(1.55960775173745,1.99999999999999,-1.82506986042863));
#10461=CARTESIAN_POINT('',(1.48286259547517,1.99999999999999,-1.64029243697015));
#10462=CARTESIAN_POINT('',(1.43637380968524,1.99999999999999,-1.59432030811346));
#10463=CARTESIAN_POINT('',(1.32933488260498,1.99999999999999,-1.59432030811346));
#10464=CARTESIAN_POINT('',(1.28429249721423,1.99999999999999,-1.63883297119865));
#10465=CARTESIAN_POINT('',(1.24684152509159,1.99999999999999,-1.72785829736902));
#10466=CARTESIAN_POINT('',(1.24684152509159,1.99999999999999,-1.72785829736902));
#10467=CARTESIAN_POINT('',(1.24684152509159,1.79999999999999,-1.72785829736902));
#10468=CARTESIAN_POINT('',(1.20939055296895,1.79999999999999,-1.8168836235394));
#10469=CARTESIAN_POINT('',(1.19091811401656,1.79999999999999,-1.95451473123958));
#10470=CARTESIAN_POINT('',(1.19091811401656,1.79999999999999,-2.32750014950512));
#10471=CARTESIAN_POINT('',(1.21065578851363,1.79999999999999,-2.46973601545549));
#10472=CARTESIAN_POINT('',(1.29058248997367,1.79999999999999,-2.66509397739064));
#10473=CARTESIAN_POINT('',(1.33616715454627,1.79999999999999,-2.71429984252124));
#10474=CARTESIAN_POINT('',(1.43991646921035,1.79999999999999,-2.71429984252124));
#10475=CARTESIAN_POINT('',(1.4849588546011,1.79999999999999,-2.66825226001932));
#10476=CARTESIAN_POINT('',(1.55971851713483,1.79999999999999,-2.48441181299092));
#10477=CARTESIAN_POINT('',(1.57883933201665,1.79999999999999,-2.34643082231146));
#10478=CARTESIAN_POINT('',(1.57883933201665,1.79999999999999,-1.96781736618458));
#10479=CARTESIAN_POINT('',(1.55960775173745,1.79999999999999,-1.82506986042863));
#10480=CARTESIAN_POINT('',(1.48286259547517,1.79999999999999,-1.64029243697015));
#10481=CARTESIAN_POINT('',(1.43637380968524,1.79999999999999,-1.59432030811346));
#10482=CARTESIAN_POINT('',(1.32933488260498,1.79999999999999,-1.59432030811346));
#10483=CARTESIAN_POINT('',(1.28429249721423,1.79999999999999,-1.63883297119865));
#10484=CARTESIAN_POINT('',(1.24684152509159,1.79999999999999,-1.72785829736902));
#10485=CARTESIAN_POINT('',(1.70257958494342,1.79999999999999,-2.11055456122678));
#10486=CARTESIAN_POINT('',(0.,2.,0.));
#10487=CARTESIAN_POINT('',(0.,2.,0.));
#10488=CARTESIAN_POINT('',(0.,2.,0.));
#10489=CARTESIAN_POINT('',(0.,2.,0.));
#10490=MECHANICAL_DESIGN_GEOMETRIC_PRESENTATION_REPRESENTATION('',(#78),
#10491);
#10491=(
GEOMETRIC_REPRESENTATION_CONTEXT(3)
GLOBAL_UNCERTAINTY_ASSIGNED_CONTEXT((#10492))
GLOBAL_UNIT_ASSIGNED_CONTEXT((#10498,#10494,#10493))
REPRESENTATION_CONTEXT('60G\X2\96F78FBE6A217EC4FF08\X0\3D\X2\6A21578BFF09\X0\-
0308','TOP_LEVEL_ASSEMBLY_PART')
);
#10492=UNCERTAINTY_MEASURE_WITH_UNIT(LENGTH_MEASURE(0.001),#10498,
'DISTANCE_ACCURACY_VALUE','Maximum Tolerance applied to model');
#10493=(
NAMED_UNIT(*)
SI_UNIT($,.STERADIAN.)
SOLID_ANGLE_UNIT()
);
#10494=(
CONVERSION_BASED_UNIT('DEGREE',#10496)
NAMED_UNIT(#10495)
PLANE_ANGLE_UNIT()
);
#10495=DIMENSIONAL_EXPONENTS(0.,0.,0.,0.,0.,0.,0.);
#10496=PLANE_ANGLE_MEASURE_WITH_UNIT(PLANE_ANGLE_MEASURE(0.0174532925),
#10497);
#10497=(
NAMED_UNIT(*)
PLANE_ANGLE_UNIT()
SI_UNIT($,.RADIAN.)
);
#10498=(
LENGTH_UNIT()
NAMED_UNIT(*)
SI_UNIT(.MILLI.,.METRE.)
);
ENDSEC;
END-ISO-10303-21;
